date,inflow,storage,elevation,precip,tmax,tmin
2010-01-01,240.0,21600.0,2625.22,0.0,-3.81,-15.11
2010-01-02,297.87,21538.7,2625.2,14.57,-5.76,-14.99
2010-01-03,257.58,21453.3,2625.16,0.0,-8.74,-16.29
2010-01-04,240.97,21357.9,2625.12,0.0,-1.02,-13.64
2010-01-05,218.86,21249.3,2625.07,0.0,-2.54,-14.95
2010-01-06,202.67,21130.9,2625.01,0.0,-3.56,-14.66
2010-01-07,214.78,21019.8,2624.96,1.48,-4.0,-17.09
2010-01-08,195.98,20897.4,2624.91,0.0,-10.89,-19.01
2010-01-09,173.36,20761.5,2624.85,0.0,-6.12,-18.19
2010-01-10,158.33,20616.5,2624.78,0.0,-5.29,-18.02
2010-01-11,138.25,20459.5,2624.71,0.0,-6.49,-16.8
2010-01-12,148.52,20308.6,2624.65,0.81,-8.07,-18.44
2010-01-13,168.44,20169.7,2624.59,0.0,-6.41,-16.92
2010-01-14,161.32,20026.5,2624.52,0.0,-3.67,-14.24
2010-01-15,180.98,19895.1,2624.46,0.0,-1.12,-15.43
2010-01-16,233.87,19795.5,2624.42,0.0,-3.67,-15.33
2010-01-17,223.02,19689.3,2624.37,0.0,-3.38,-13.49
2010-01-18,210.14,19575.4,2624.32,0.0,-1.56,-13.47
2010-01-19,224.54,19470.2,2624.27,0.0,0.43,-10.45
2010-01-20,228.76,19367.5,2624.23,0.0,-1.86,-13.36
2010-01-21,255.51,19280.8,2624.19,0.0,-3.73,-15.82
2010-01-22,251.03,19191.5,2624.15,0.0,-7.53,-16.13
2010-01-23,269.64,19113.3,2624.11,6.57,-11.4,-20.76
2010-01-24,247.49,19021.8,2624.07,0.0,-6.88,-18.4
2010-01-25,212.73,18909.5,2624.02,0.0,-7.95,-17.97
2010-01-26,204.77,18792.3,2623.97,0.0,-9.12,-23.79
2010-01-27,186.89,18664.5,2623.91,0.0,-10.73,-19.56
2010-01-28,185.16,18535.6,2623.86,0.0,-10.68,-21.71
2010-01-29,201.63,18416.6,2623.8,0.0,-10.93,-22.12
2010-01-30,232.49,18316.2,2623.76,0.0,-7.21,-18.14
2010-01-31,240.55,18220.5,2623.72,0.0,-10.21,-22.37
2010-02-01,215.16,18109.6,2623.67,0.0,-11.91,-21.85
2010-02-02,216.79,17999.7,2623.62,0.0,-12.33,-21.94
2010-02-03,232.14,17899.1,2623.57,0.0,-7.5,-16.47
2010-02-04,243.15,17805.0,2623.53,0.0,-9.32,-19.4
2010-02-05,247.43,17713.5,2623.49,0.0,-0.88,-13.86
2010-02-06,218.71,17604.7,2623.44,0.0,-1.32,-14.15
2010-02-07,212.8,17492.4,2623.39,0.0,0.57,-10.21
2010-02-08,196.56,17370.4,2623.34,0.0,1.22,-9.89
2010-02-09,174.32,17235.0,2623.28,0.0,-1.57,-12.9
2010-02-10,154.97,17088.0,2623.21,0.0,0.47,-11.54
2010-02-11,171.15,16950.7,2623.15,0.0,2.98,-8.27
2010-02-12,175.41,16816.0,2623.09,0.0,5.79,-6.72
2010-02-13,183.08,16685.9,2623.03,0.0,0.72,-9.5
2010-02-14,194.29,16562.5,2622.98,0.08,5.47,-5.88
2010-02-15,204.33,16445.1,2622.92,0.0,5.81,-6.54
2010-02-16,186.01,16316.8,2622.87,0.0,0.22,-9.82
2010-02-17,189.54,16190.5,2622.81,0.0,-1.07,-12.0
2010-02-18,174.5,16055.2,2622.75,0.0,0.6,-9.58
2010-02-19,182.68,15924.9,2622.69,0.0,1.92,-8.6
2010-02-20,206.33,15808.7,2622.64,0.0,-1.81,-11.03
2010-02-21,204.37,15691.3,2622.59,0.0,1.28,-10.05
2010-02-22,204.17,15573.9,2622.53,0.0,-0.49,-12.48
2010-02-23,217.82,15464.6,2622.49,3.29,0.01,-10.76
2010-02-24,244.11,15371.1,2622.44,0.0,-3.18,-14.51
2010-02-25,298.2,15310.0,2622.42,0.45,-3.01,-14.3
2010-02-26,307.07,15254.3,2622.39,0.0,-3.96,-16.4
2010-02-27,331.27,15213.1,2622.37,1.23,-0.52,-12.98
2010-02-28,375.79,15198.6,2622.37,0.0,2.12,-12.8
2010-03-01,366.36,15178.4,2622.36,0.0,-1.54,-13.05
2010-03-02,412.97,15186.2,2622.36,0.0,-4.1,-16.41
2010-03-03,368.12,15167.1,2622.35,0.0,-5.98,-16.77
2010-03-04,343.91,15133.5,2622.34,0.0,-3.91,-14.47
2010-03-05,319.17,15085.0,2622.32,0.0,-2.87,-14.03
2010-03-06,315.53,15034.4,2622.29,1.96,-3.83,-15.36
2010-03-07,326.91,14990.6,2622.27,0.0,0.76,-10.67
2010-03-08,310.22,14936.7,2622.25,0.0,-0.37,-11.23
2010-03-09,317.63,14887.3,2622.23,0.0,-0.61,-11.76
2010-03-10,319.77,14839.2,2622.21,0.0,-4.58,-13.02
2010-03-11,277.22,14765.6,2622.17,0.0,3.8,-6.56
2010-03-12,277.92,14692.4,2622.14,0.0,2.86,-10.76
2010-03-13,276.62,14618.4,2622.11,0.0,3.79,-6.92
2010-03-14,291.18,14553.1,2622.08,1.98,3.09,-7.27
2010-03-15,291.66,14488.1,2622.05,0.0,3.08,-9.98
2010-03-16,283.78,14418.4,2622.02,0.0,0.25,-12.43
2010-03-17,275.29,14343.6,2621.99,0.0,6.55,-3.59
2010-03-18,296.35,14281.5,2621.96,0.0,8.42,-1.6
2010-03-19,326.53,14237.4,2621.94,0.0,3.42,-8.06
2010-03-20,327.3,14193.8,2621.92,0.0,1.73,-11.87
2010-03-21,289.52,14127.6,2621.89,0.0,1.19,-11.99
2010-03-22,277.59,14054.1,2621.86,0.0,-3.83,-14.0
2010-03-23,281.19,13982.9,2621.82,0.0,-0.81,-11.32
2010-03-24,344.32,13949.5,2621.81,6.76,0.49,-10.68
2010-03-25,316.11,13899.2,2621.79,0.0,4.37,-6.01
2010-03-26,293.11,13835.1,2621.76,0.0,4.59,-7.14
2010-03-27,282.56,13764.7,2621.73,0.0,3.54,-8.86
2010-03-28,260.2,13680.8,2621.69,0.0,1.44,-9.77
2010-03-29,255.71,13594.3,2621.65,0.0,4.86,-3.97
2010-03-30,250.91,13504.8,2621.61,0.0,6.3,-4.49
2010-03-31,252.95,13416.6,2621.57,0.0,12.19,-0.8
2010-04-01,251.67,13327.7,2621.53,0.0,7.55,-2.85
2010-04-02,271.32,13250.5,2621.5,1.6,3.18,-8.52
2010-04-03,250.51,13160.8,2621.46,0.0,2.93,-7.62
2010-04-04,261.67,13077.8,2621.42,0.29,4.47,-5.48
2010-04-05,335.74,13039.3,2621.4,11.84,5.49,-7.92
2010-04-06,349.05,13008.8,2621.39,0.0,6.17,-4.49
2010-04-07,340.9,12973.3,2621.37,1.01,7.53,-4.56
2010-04-08,335.14,12934.5,2621.36,0.0,5.13,-6.56
2010-04-09,280.12,12862.6,2621.32,0.0,9.24,-4.32
2010-04-10,244.18,12769.1,2621.28,0.65,9.37,-2.53
2010-04-11,248.11,12678.0,2621.24,3.87,9.85,-1.02
2010-04-12,253.14,12589.9,2621.2,0.0,11.0,-1.17
2010-04-13,236.38,12491.8,2621.16,0.0,12.83,4.41
2010-04-14,227.93,12388.6,2621.11,0.0,10.78,0.46
2010-04-15,251.97,12299.8,2621.07,0.0,11.06,1.33
2010-04-16,260.52,12216.1,2621.04,7.13,11.76,0.35
2010-04-17,295.96,12153.7,2621.01,0.0,13.64,-0.6
2010-04-18,295.18,12090.8,2620.98,0.0,12.42,-0.01
2010-04-19,301.48,12031.8,2620.95,0.0,7.73,-1.89
2010-04-20,304.36,11974.4,2620.93,0.0,10.18,0.83
2010-04-21,292.94,11910.2,2620.9,0.0,8.7,-3.0
2010-04-22,286.51,11842.1,2620.87,0.84,5.64,-5.8
2010-04-23,301.07,11782.8,2620.84,0.0,9.86,-1.11
2010-04-24,290.91,11717.4,2620.81,0.0,11.96,1.54
2010-04-25,298.82,11656.7,2620.79,0.0,4.81,-5.32
2010-04-26,300.37,11597.0,2620.76,0.0,8.08,-1.75
2010-04-27,289.74,11530.8,2620.73,0.0,3.59,-5.89
2010-04-28,298.32,11469.8,2620.7,0.0,8.0,-3.85
2010-04-29,397.98,11468.7,2620.7,0.0,7.13,-2.61
2010-04-30,416.44,11478.6,2620.71,0.0,9.8,1.68
2010-05-01,391.1,11473.2,2620.7,0.0,16.61,5.3
2010-05-02,427.18,11489.6,2620.71,0.0,10.35,0.99
2010-05-03,462.99,11527.4,2620.73,0.27,15.94,4.95
2010-05-04,423.95,11541.8,2620.74,0.0,13.22,1.14
2010-05-05,467.84,11582.5,2620.75,0.0,10.59,-0.03
2010-05-06,494.35,11639.2,2620.78,0.0,17.94,5.46
2010-05-07,524.71,11714.0,2620.81,0.0,14.24,1.95
2010-05-08,577.46,11820.5,2620.86,11.27,8.43,-2.04
2010-05-09,523.48,11894.6,2620.89,0.0,8.18,-3.56
2010-05-10,456.05,11928.3,2620.91,0.0,10.9,1.47
2010-05-11,437.32,11950.7,2620.92,0.0,11.44,0.3
2010-05-12,424.42,11965.4,2620.92,1.2,17.57,4.73
2010-05-13,507.48,12029.9,2620.95,1.93,19.22,5.85
2010-05-14,548.03,12118.8,2620.99,0.0,15.4,6.15
2010-05-15,559.44,12214.5,2621.04,0.0,16.47,5.01
2010-05-16,838.45,12477.5,2621.15,14.2,17.44,7.32
2010-05-17,884.29,12768.2,2621.28,0.0,13.4,2.78
2010-05-18,903.62,13070.4,2621.42,0.0,14.83,4.29
2010-05-19,969.37,13412.0,2621.57,0.0,13.3,2.24
2010-05-20,932.03,13731.2,2621.71,0.0,14.34,2.31
2010-05-21,982.14,14080.6,2621.87,0.0,14.64,2.26
2010-05-22,1122.33,14514.0,2622.06,11.75,17.77,5.13
2010-05-23,1170.12,14976.1,2622.27,0.0,15.74,3.62
2010-05-24,943.01,15301.9,2622.41,0.0,15.9,5.08
2010-05-25,955.38,15635.2,2622.56,0.0,15.97,5.28
2010-05-26,936.91,15957.3,2622.71,0.0,17.85,6.79
2010-05-27,813.23,16205.3,2622.82,0.0,20.62,10.48
2010-05-28,822.86,16459.1,2622.93,0.0,21.97,9.59
2010-05-29,832.27,16718.5,2623.05,1.2,21.03,10.38
2010-05-30,930.12,17036.6,2623.19,2.81,22.54,12.49
2010-05-31,890.41,17330.8,2623.32,0.0,19.09,9.45
2010-06-01,1239.94,17834.8,2623.54,28.07,18.91,10.51
2010-06-02,1230.78,18333.3,2623.77,0.0,20.01,9.29
2010-06-03,1236.04,18835.0,2623.99,0.0,17.7,7.97
2010-06-04,1061.55,19231.9,2624.17,0.0,19.45,7.42
2010-06-05,885.62,19523.3,2624.3,0.0,22.99,11.84
2010-06-06,888.22,19816.3,2624.43,0.0,16.31,8.01
2010-06-07,945.4,20143.6,2624.57,0.0,19.14,8.57
2010-06-08,977.05,20489.8,2624.73,7.46,21.85,9.1
2010-06-09,1031.72,20868.9,2624.9,0.0,21.08,9.05
2010-06-10,1323.18,21422.8,2625.14,14.69,19.56,7.53
2010-06-11,1141.07,21867.5,2625.34,0.0,15.84,3.48
2010-06-12,1381.68,22456.5,2625.61,13.03,12.48,3.07
2010-06-13,1206.7,22940.6,2625.82,0.0,9.49,-0.8
2010-06-14,1480.88,23589.1,2626.11,11.27,10.03,-1.27
2010-06-15,1352.61,24160.7,2626.37,0.0,8.69,-3.65
2010-06-16,1288.92,24694.1,2626.6,0.0,9.54,-1.24
2010-06-17,1359.92,25270.1,2626.86,5.73,8.58,-0.18
2010-06-18,1151.06,25720.7,2627.06,0.0,17.71,8.1
2010-06-19,1295.17,26257.9,2627.3,1.75,13.34,5.31
2010-06-20,1182.77,26727.6,2627.51,0.0,17.18,7.21
2010-06-21,985.46,27078.9,2627.67,0.0,20.42,5.0
2010-06-22,994.81,27435.8,2627.83,0.0,19.71,7.02
2010-06-23,937.37,27758.2,2627.97,0.0,19.66,8.77
2010-06-24,1102.44,28179.7,2628.16,5.32,21.75,13.89
2010-06-25,1030.19,28557.9,2628.33,0.0,21.05,8.26
2010-06-26,1013.98,28926.3,2628.49,0.0,20.07,10.06
2010-06-27,907.33,29230.7,2628.63,0.0,20.63,8.62
2010-06-28,894.86,29527.7,2628.76,0.0,19.85,9.48
2010-06-29,808.16,29772.6,2628.87,0.0,21.06,8.43
2010-06-30,756.92,29986.8,2628.97,0.0,28.58,17.57
2010-07-01,678.01,30153.6,2629.04,0.0,17.4,6.55
2010-07-02,651.57,30304.6,2629.11,0.0,16.72,3.82
2010-07-03,706.21,30488.3,2629.19,0.0,19.65,9.05
2010-07-04,737.85,30691.1,2629.28,0.0,16.55,6.29
2010-07-05,737.66,30893.7,2629.37,0.0,18.54,7.29
2010-07-06,761.32,31110.5,2629.47,1.2,18.36,6.98
2010-07-07,762.65,31328.1,2629.56,0.0,16.6,5.46
2010-07-08,680.68,31496.6,2629.64,0.0,19.47,9.7
2010-07-09,713.95,31684.9,2629.72,0.0,22.08,12.41
2010-07-10,852.68,31956.6,2629.84,0.0,16.99,7.4
2010-07-11,1217.76,32447.3,2630.06,24.19,25.54,16.72
2010-07-12,1435.81,33068.8,2630.34,7.06,21.53,11.45
2010-07-13,1293.67,33605.0,2630.58,0.0,20.07,8.69
2010-07-14,1273.75,34129.3,2630.81,5.53,23.37,11.72
2010-07-15,1273.12,34653.2,2631.05,0.0,23.65,11.79
2010-07-16,1188.69,35126.4,2631.26,3.58,25.33,13.25
2010-07-17,1208.55,35611.6,2631.48,0.0,23.13,11.54
2010-07-18,1150.54,36061.9,2631.68,0.0,23.02,13.04
2010-07-19,1042.65,36447.6,2631.85,0.0,21.53,11.0
2010-07-20,1054.75,36840.4,2632.02,0.0,24.21,11.52
2010-07-21,1130.75,37278.9,2632.22,0.0,28.85,19.39
2010-07-22,1053.9,37671.3,2632.39,0.0,20.64,11.99
2010-07-23,1026.52,38047.2,2632.56,0.0,17.3,3.85
2010-07-24,910.98,38353.8,2632.7,0.0,14.29,5.64
2010-07-25,1030.31,38732.1,2632.87,14.33,14.2,3.77
2010-07-26,1060.87,39128.6,2633.04,2.31,12.94,4.27
2010-07-27,923.6,39442.8,2633.18,0.0,21.18,8.61
2010-07-28,874.67,39727.6,2633.31,0.0,24.42,12.26
2010-07-29,916.73,40037.7,2633.45,0.0,30.15,18.51
2010-07-30,731.92,40236.9,2633.54,1.39,26.32,13.92
2010-07-31,674.09,40401.4,2633.61,0.0,25.87,17.72
2010-08-01,717.92,40592.1,2633.7,18.38,25.59,14.67
2010-08-02,648.4,40741.2,2633.76,0.0,24.76,12.7
2010-08-03,613.37,40869.3,2633.82,0.0,24.73,14.4
2010-08-04,543.76,40955.5,2633.86,4.3,23.55,15.07
2010-08-05,460.09,40991.6,2633.88,0.0,18.78,7.55
2010-08-06,490.15,41045.7,2633.9,4.74,20.23,8.98
2010-08-07,530.0,41123.8,2633.93,0.0,18.41,9.11
2010-08-08,502.1,41185.1,2633.96,0.97,18.27,6.74
2010-08-09,505.34,41248.3,2633.99,0.0,19.03,9.01
2010-08-10,475.04,41293.3,2634.01,0.0,17.52,6.18
2010-08-11,522.19,41366.7,2634.04,4.89,17.59,8.42
2010-08-12,493.75,41423.0,2634.07,0.0,15.13,6.57
2010-08-13,472.91,41466.7,2634.09,0.0,18.48,6.72
2010-08-14,409.39,41472.4,2634.09,0.0,17.32,6.57
2010-08-15,463.17,41510.3,2634.11,0.0,19.58,9.28
2010-08-16,451.33,41541.2,2634.12,0.0,19.8,11.38
2010-08-17,439.72,41565.0,2634.13,0.0,18.82,8.34
2010-08-18,395.92,41562.6,2634.13,0.0,23.09,13.38
2010-08-19,396.86,41560.7,2634.13,0.0,26.29,14.59
2010-08-20,381.49,41549.7,2634.13,0.0,24.28,11.13
2010-08-21,389.84,41543.6,2634.12,0.0,18.39,7.37
2010-08-22,377.45,41530.1,2634.12,0.0,23.32,13.45
2010-08-23,427.12,41546.4,2634.12,0.0,17.88,7.57
2010-08-24,491.57,41601.4,2634.15,14.09,13.85,1.5
2010-08-25,462.42,41638.8,2634.16,0.0,7.61,-4.03
2010-08-26,452.28,41670.2,2634.18,0.0,13.08,4.09
2010-08-27,429.67,41688.1,2634.19,0.0,15.55,3.14
2010-08-28,393.44,41684.2,2634.19,0.0,12.62,1.19
2010-08-29,397.64,41682.8,2634.18,0.0,17.32,5.05
2010-08-30,368.73,41664.0,2634.18,0.0,19.11,5.42
2010-08-31,362.85,41641.8,2634.17,0.0,13.66,4.95
2010-09-01,342.17,41607.1,2634.15,0.0,17.04,6.97
2010-09-02,291.77,41542.2,2634.12,0.0,17.21,3.39
2010-09-03,304.74,41485.1,2634.1,0.0,15.6,3.71
2010-09-04,279.3,41412.7,2634.06,0.0,19.92,8.12
2010-09-05,316.37,41362.5,2634.04,2.38,17.85,6.07
2010-09-06,320.41,41314.8,2634.02,0.0,16.89,4.23
2010-09-07,314.86,41263.8,2634.0,0.0,19.75,8.98
2010-09-08,324.61,41218.5,2633.98,0.0,15.68,2.32
2010-09-09,325.33,41173.8,2633.96,4.51,16.07,2.31
2010-09-10,295.96,41111.4,2633.93,0.0,17.31,6.8
2010-09-11,301.38,41052.2,2633.9,0.0,15.89,4.81
2010-09-12,279.57,40980.0,2633.87,0.0,17.81,4.18
2010-09-13,296.93,40918.2,2633.84,6.88,12.21,4.81
2010-09-14,310.39,40864.4,2633.82,0.0,21.51,10.17
2010-09-15,272.87,40788.2,2633.79,0.0,15.78,5.31
2010-09-16,299.75,40728.1,2633.76,0.0,12.92,-1.47
2010-09-17,274.44,40652.8,2633.72,0.0,14.19,1.27
2010-09-18,250.87,40563.3,2633.68,0.0,10.35,-1.8
2010-09-19,242.78,40469.0,2633.64,0.23,11.93,0.27
2010-09-20,225.25,40364.2,2633.6,0.0,10.94,-1.02
2010-09-21,264.9,40283.2,2633.56,0.82,3.96,-3.5
2010-09-22,303.18,40225.1,2633.53,0.0,10.69,-4.01
2010-09-23,280.79,40153.6,2633.5,0.0,9.67,-1.64
2010-09-24,270.38,40075.8,2633.47,0.0,10.59,-2.96
2010-09-25,286.01,40007.5,2633.44,0.0,15.96,6.0
2010-09-26,305.5,39950.8,2633.41,0.0,6.63,-6.57
2010-09-27,295.28,39888.0,2633.38,0.0,11.05,0.75
2010-09-28,312.63,39835.6,2633.36,0.0,15.42,0.91
2010-09-29,326.86,39791.7,2633.34,0.0,13.46,3.31
2010-09-30,383.98,39782.2,2633.34,0.0,12.57,4.48
2010-10-01,389.07,39775.6,2633.33,0.0,10.02,-1.03
2010-10-02,358.28,39750.6,2633.32,0.0,13.56,1.06
2010-10-03,368.53,39731.8,2633.31,0.0,15.38,2.79
2010-10-04,346.38,39699.6,2633.3,0.0,14.99,4.82
2010-10-05,323.56,39653.8,2633.28,0.0,15.71,5.04
2010-10-06,338.88,39617.2,2633.26,0.0,8.44,-1.57
2010-10-07,342.22,39582.5,2633.25,0.0,2.48,-6.96
2010-10-08,318.6,39533.7,2633.23,0.0,7.63,-3.44
2010-10-09,443.9,39560.1,2633.24,19.19,4.95,-4.85
2010-10-10,385.92,39551.7,2633.23,0.0,6.92,-2.76
2010-10-11,353.98,39524.1,2633.22,0.0,6.84,-5.33
2010-10-12,349.91,39494.1,2633.21,0.0,4.85,-6.3
2010-10-13,295.55,39431.4,2633.18,0.0,12.16,-0.25
2010-10-14,257.59,39346.0,2633.14,0.0,12.18,0.63
2010-10-15,265.08,39265.1,2633.11,0.0,7.14,-2.59
2010-10-16,283.74,39195.3,2633.07,0.0,5.45,-7.21
2010-10-17,256.13,39109.0,2633.04,0.0,6.05,-1.99
2010-10-18,297.8,39047.7,2633.01,0.0,7.63,0.47
2010-10-19,282.14,38977.1,2632.98,0.0,11.53,2.27
2010-10-20,281.95,38906.3,2632.95,0.0,11.21,-0.19
2010-10-21,307.65,38850.9,2632.92,0.0,6.37,-4.87
2010-10-22,331.41,38809.7,2632.9,0.0,3.05,-6.12
2010-10-23,284.72,38740.6,2632.87,0.0,1.94,-7.95
2010-10-24,318.26,38691.6,2632.85,0.0,2.32,-9.82
2010-10-25,295.94,38629.2,2632.82,0.0,1.77,-9.73
2010-10-26,287.61,38561.8,2632.79,0.0,0.42,-10.58
2010-10-27,229.71,38459.6,2632.75,0.0,3.4,-8.71
2010-10-28,216.97,38349.8,2632.7,1.81,1.99,-8.89
2010-10-29,211.88,38237.0,2632.65,0.0,-1.77,-12.91
2010-10-30,214.08,38125.5,2632.6,0.0,0.94,-7.79
2010-10-31,199.45,38005.2,2632.54,0.0,-1.77,-10.48
2010-11-01,203.76,37887.5,2632.49,0.0,-2.69,-13.8
2010-11-02,209.44,37773.2,2632.44,0.0,-5.67,-13.27
2010-11-03,196.68,37651.2,2632.39,0.0,-4.71,-14.03
2010-11-04,207.06,37535.5,2632.33,0.0,-1.78,-13.18
2010-11-05,189.15,37409.0,2632.28,0.0,-0.47,-11.97
2010-11-06,211.42,37295.9,2632.23,0.0,2.1,-9.27
2010-11-07,218.4,37186.9,2632.18,0.0,3.68,-8.25
2010-11-08,194.36,37063.6,2632.12,0.0,3.9,-9.3
2010-11-09,181.32,36932.4,2632.06,0.0,1.44,-8.68
2010-11-10,171.82,36795.5,2632.0,0.0,2.44,-8.53
2010-11-11,180.08,36663.6,2631.94,0.0,2.93,-8.83
2010-11-12,181.6,36532.6,2631.89,0.0,-1.04,-11.59
2010-11-13,189.12,36406.1,2631.83,0.0,-5.54,-14.49
2010-11-14,173.46,36270.2,2631.77,0.0,-2.33,-11.35
2010-11-15,163.6,36128.4,2631.71,0.0,1.55,-11.49
2010-11-16,176.68,35994.4,2631.65,0.0,-1.96,-12.17
2010-11-17,161.18,35851.1,2631.58,0.0,-1.15,-12.41
2010-11-18,138.45,35694.2,2631.51,0.0,-0.6,-11.2
2010-11-19,127.75,35530.9,2631.44,0.0,1.1,-8.47
2010-11-20,137.67,35373.6,2631.37,0.0,4.6,-7.28
2010-11-21,144.92,35220.5,2631.3,0.0,5.27,-4.96
2010-11-22,215.25,35109.7,2631.25,19.58,-1.34,-12.15
2010-11-23,217.24,35000.1,2631.2,3.91,-0.31,-10.55
2010-11-24,233.95,34900.5,2631.16,0.0,-0.46,-13.89
2010-11-25,212.55,34788.0,2631.11,0.0,2.87,-8.84
2010-11-26,211.98,34675.3,2631.06,0.0,3.06,-5.73
2010-11-27,223.03,34569.1,2631.01,0.0,1.86,-8.37
2010-11-28,231.32,34467.9,2630.97,0.0,9.28,-4.86
2010-11-29,231.71,34367.0,2630.92,0.0,2.98,-6.01
2010-11-30,244.55,34273.7,2630.88,0.0,3.5,-6.0
2010-12-01,251.0,34184.4,2630.84,0.0,2.45,-8.07
2010-12-02,201.67,34065.4,2630.79,2.25,4.3,-8.37
2010-12-03,199.61,33945.2,2630.73,0.0,5.83,-9.4
2010-12-04,195.23,33822.3,2630.68,0.0,-1.63,-13.36
2010-12-05,175.24,33687.5,2630.62,0.0,-1.26,-14.87
2010-12-06,172.36,33551.0,2630.56,0.0,1.39,-8.36
2010-12-07,191.46,33425.9,2630.5,0.0,-5.51,-14.69
2010-12-08,197.27,33304.3,2630.45,0.0,-4.45,-13.64
2010-12-09,213.86,33192.6,2630.4,0.0,-3.99,-15.24
2010-12-10,181.65,33061.6,2630.34,0.0,-3.18,-14.86
2010-12-11,184.96,32932.6,2630.28,0.0,-1.48,-13.79
2010-12-12,187.61,32805.2,2630.22,0.0,-3.97,-15.47
2010-12-13,184.66,32676.1,2630.17,0.0,-0.15,-12.15
2010-12-14,171.88,32539.2,2630.1,0.0,-0.31,-11.49
2010-12-15,170.07,32401.3,2630.04,0.0,1.02,-12.34
2010-12-16,169.63,32263.1,2629.98,0.0,2.18,-7.38
2010-12-17,182.52,32132.6,2629.92,0.0,-2.4,-12.31
2010-12-18,167.1,31992.9,2629.86,0.0,-9.48,-19.63
2010-12-19,202.41,31874.4,2629.81,0.0,-12.41,-21.88
2010-12-20,215.77,31763.9,2629.76,0.0,-7.11,-19.62
2010-12-21,206.07,31647.5,2629.71,0.0,-1.86,-14.26
2010-12-22,244.55,31554.3,2629.67,0.0,-4.49,-16.3
2010-12-23,261.02,31470.9,2629.63,0.0,-6.71,-15.61
2010-12-24,273.5,31395.1,2629.59,0.0,-5.55,-14.67
2010-12-25,237.91,31297.8,2629.55,0.0,-3.83,-14.37
2010-12-26,242.66,31203.5,2629.51,0.0,-5.03,-16.85
2010-12-27,258.51,31118.6,2629.47,0.0,-2.48,-14.74
2010-12-28,268.45,31039.7,2629.44,0.0,-7.83,-18.73
2010-12-29,271.5,30962.6,2629.4,0.0,-11.44,-20.74
2010-12-30,259.72,30878.5,2629.36,0.0,-2.27,-15.26
2010-12-31,275.15,30803.6,2629.33,3.46,-0.81,-13.47
2011-01-01,264.67,30722.4,2629.29,0.0,-1.55,-11.59
2011-01-02,217.77,30613.1,2629.25,0.0,-3.93,-14.47
2011-01-03,241.93,30518.3,2629.2,0.0,-6.9,-19.12
2011-01-04,256.77,30432.4,2629.16,0.0,-13.89,-23.68
2011-01-05,252.08,30343.7,2629.12,0.0,-6.27,-16.86
2011-01-06,262.25,30261.1,2629.09,0.0,-8.7,-19.28
2011-01-07,301.42,30201.9,2629.06,0.0,-11.85,-21.57
2011-01-08,254.25,30114.5,2629.02,0.0,-10.3,-18.74
2011-01-09,260.83,30031.0,2628.99,0.0,-10.33,-22.57
2011-01-10,255.28,29944.2,2628.95,0.0,-7.97,-19.76
2011-01-11,249.22,29853.8,2628.91,0.0,-4.02,-15.96
2011-01-12,234.75,29754.7,2628.86,0.0,-8.46,-19.08
2011-01-13,220.39,29646.9,2628.81,0.0,-6.71,-17.68
2011-01-14,237.97,29549.7,2628.77,0.0,-5.37,-17.56
2011-01-15,266.84,29469.9,2628.73,0.0,-3.16,-12.57
2011-01-16,287.8,29402.6,2628.7,0.0,-0.98,-12.75
2011-01-17,298.31,29341.6,2628.68,0.0,-4.65,-13.81
2011-01-18,306.8,29285.7,2628.65,0.0,-2.37,-12.36
2011-01-19,303.75,29228.0,2628.63,0.0,-1.03,-10.5
2011-01-20,288.5,29161.1,2628.6,0.0,0.21,-13.94
2011-01-21,273.96,29085.5,2628.56,0.0,0.26,-11.54
2011-01-22,288.56,29018.7,2628.53,0.0,-1.68,-13.66
2011-01-23,331.39,28977.5,2628.52,1.37,-0.87,-11.17
2011-01-24,357.45,28952.0,2628.5,0.0,-8.11,-19.77
2011-01-25,419.13,28963.6,2628.51,9.1,-8.9,-20.56
2011-01-26,371.53,28946.5,2628.5,0.0,-4.19,-14.19
2011-01-27,381.07,28935.2,2628.5,0.0,-2.87,-14.88
2011-01-28,326.76,28891.3,2628.48,0.0,-3.27,-16.56
2011-01-29,322.38,28844.7,2628.46,0.0,-3.71,-14.9
2011-01-30,360.32,28820.9,2628.45,0.0,-1.74,-13.84
2011-01-31,368.8,28802.2,2628.44,0.0,-2.9,-12.67
2011-02-01,320.77,28754.7,2628.42,0.0,-3.17,-13.77
2011-02-02,317.22,28705.1,2628.39,3.93,-3.15,-14.21
2011-02-03,295.71,28642.5,2628.37,0.0,-4.53,-14.95
2011-02-04,285.59,28573.9,2628.34,0.0,-9.44,-20.14
2011-02-05,295.01,28511.0,2628.31,0.0,-5.14,-16.28
2011-02-06,328.54,28468.1,2628.29,0.0,-7.91,-17.46
2011-02-07,327.19,28424.5,2628.27,0.0,-6.56,-18.68
2011-02-08,315.22,28373.6,2628.25,0.0,-4.76,-15.7
2011-02-09,302.1,28314.9,2628.22,0.0,-6.66,-20.1
2011-02-10,305.25,28258.1,2628.19,0.0,-5.91,-17.33
2011-02-11,292.35,28193.5,2628.17,0.0,-5.96,-16.91
2011-02-12,297.25,28131.9,2628.14,0.0,-5.95,-20.54
2011-02-13,276.84,28058.0,2628.1,0.0,-8.1,-17.96
2011-02-14,231.2,27956.8,2628.06,0.0,-1.47,-12.72
2011-02-15,218.86,27848.1,2628.01,0.0,0.35,-10.19
2011-02-16,236.38,27750.0,2627.97,3.76,5.89,-4.92
2011-02-17,246.54,27657.9,2627.93,0.0,1.5,-6.45
2011-02-18,266.78,27578.0,2627.89,0.0,1.81,-8.02
2011-02-19,291.15,27512.8,2627.86,8.01,3.41,-5.83
2011-02-20,285.82,27444.3,2627.83,3.01,5.99,-4.61
2011-02-21,247.6,27352.9,2627.79,0.0,-0.49,-12.83
2011-02-22,215.14,27242.0,2627.74,0.0,-3.4,-12.99
2011-02-23,210.39,27128.2,2627.69,0.0,-9.13,-20.53
2011-02-24,232.4,27027.7,2627.65,0.94,-9.1,-19.01
2011-02-25,211.62,26914.7,2627.59,0.16,-5.49,-15.23
2011-02-26,218.78,26806.0,2627.55,2.45,-4.39,-13.56
2011-02-27,227.81,26702.7,2627.5,0.0,-0.66,-10.57
2011-02-28,216.24,26592.5,2627.45,0.0,1.45,-9.41
2011-03-01,224.22,26487.0,2627.4,0.0,3.3,-7.56
2011-03-02,238.88,26390.4,2627.36,1.29,-1.06,-12.3
2011-03-03,226.54,26286.3,2627.31,0.0,-6.99,-16.21
2011-03-04,225.17,26181.5,2627.27,0.0,-3.86,-15.57
2011-03-05,236.59,26083.5,2627.22,0.0,-5.27,-17.98
2011-03-06,254.52,25996.2,2627.18,0.0,-3.54,-15.54
2011-03-07,260.07,25912.3,2627.15,0.24,-6.37,-19.61
2011-03-08,269.01,25833.7,2627.11,0.0,-8.03,-15.83
2011-03-09,270.95,25756.3,2627.08,0.0,-5.97,-14.61
2011-03-10,286.36,25688.2,2627.05,0.0,-2.38,-13.24
2011-03-11,321.08,25640.8,2627.03,0.0,-2.6,-10.67
2011-03-12,289.23,25574.4,2627.0,0.0,-1.7,-11.66
2011-03-13,341.58,25539.4,2626.98,0.0,-1.89,-11.89
2011-03-14,335.58,25500.7,2626.96,0.0,2.18,-5.81
2011-03-15,344.15,25467.3,2626.95,0.47,-1.68,-12.91
2011-03-16,347.15,25435.6,2626.93,0.0,4.86,-9.0
2011-03-17,312.68,25383.2,2626.91,0.0,7.14,-7.19
2011-03-18,281.19,25312.0,2626.88,0.0,6.11,-7.54
2011-03-19,360.47,25288.3,2626.87,12.97,2.76,-9.36
2011-03-20,315.72,25237.7,2626.85,0.0,5.35,-7.73
2011-03-21,299.3,25177.3,2626.82,0.18,0.21,-4.86
2011-03-22,301.52,25118.3,2626.79,0.0,1.51,-9.67
2011-03-23,275.59,25043.7,2626.76,0.79,0.79,-10.3
2011-03-24,248.81,24953.0,2626.72,0.0,-0.06,-11.35
2011-03-25,226.78,24849.1,2626.67,0.0,-5.02,-15.22
2011-03-26,227.99,24745.9,2626.63,0.0,-6.09,-18.02
2011-03-27,217.24,24636.3,2626.58,0.0,-4.17,-17.33
2011-03-28,239.2,24539.8,2626.54,0.0,-5.04,-15.29
2011-03-29,247.0,24448.1,2626.49,0.0,2.49,-10.05
2011-03-30,237.87,24350.8,2626.45,0.0,-0.29,-15.04
2011-03-31,246.62,24258.8,2626.41,0.0,-1.38,-13.78
2011-04-01,267.1,24179.1,2626.37,0.0,0.85,-11.12
2011-04-02,281.44,24108.0,2626.34,0.99,5.28,-8.89
2011-04-03,323.63,24062.2,2626.32,0.0,3.46,-5.63
2011-04-04,369.86,24044.1,2626.31,8.42,9.07,-4.68
2011-04-05,338.37,24007.2,2626.3,0.0,6.66,-4.31
2011-04-06,325.02,23962.2,2626.28,0.0,10.55,-1.04
2011-04-07,337.75,23924.9,2626.26,1.15,7.8,-4.45
2011-04-08,316.12,23874.6,2626.24,0.0,4.36,-5.88
2011-04-09,276.9,23800.8,2626.21,0.0,4.38,-5.55
2011-04-10,282.59,23730.3,2626.17,0.0,6.4,-2.83
2011-04-11,262.82,23648.1,2626.14,0.0,7.47,-1.89
2011-04-12,283.31,23578.1,2626.11,0.0,10.45,0.62
2011-04-13,290.18,23512.2,2626.08,0.0,9.02,1.5
2011-04-14,298.98,23451.6,2626.05,0.0,9.44,-1.7
2011-04-15,265.16,23370.8,2626.01,0.0,6.98,-6.34
2011-04-16,280.31,23299.0,2625.98,0.0,0.39,-10.36
2011-04-17,247.47,23207.5,2625.94,0.0,0.97,-11.07
2011-04-18,226.76,23103.6,2625.89,0.0,-1.43,-13.15
2011-04-19,235.03,23004.6,2625.85,2.07,2.51,-7.11
2011-04-20,247.87,22913.4,2625.81,0.0,0.74,-8.91
2011-04-21,270.2,22835.5,2625.77,1.32,5.63,-4.16
2011-04-22,311.01,22782.1,2625.75,0.0,5.0,-8.31
2011-04-23,302.41,22723.6,2625.72,0.0,5.35,-5.83
2011-04-24,331.08,22682.3,2625.71,0.0,6.05,-5.65
2011-04-25,344.99,22649.3,2625.69,0.0,9.55,-0.09
2011-04-26,368.5,22630.5,2625.68,0.0,12.47,-0.12
2011-04-27,408.71,22635.7,2625.69,5.77,11.66,1.29
2011-04-28,416.1,22645.4,2625.69,0.39,14.86,0.11
2011-04-29,450.91,22676.0,2625.7,2.89,7.42,-4.35
2011-04-30,424.85,22690.9,2625.71,0.0,9.68,0.58
2011-05-01,406.05,22694.6,2625.71,0.0,9.95,-2.93
2011-05-02,464.22,22733.1,2625.73,0.0,8.52,-2.51
2011-05-03,534.7,22814.0,2625.77,0.0,5.81,-3.84
2011-05-04,465.09,22853.1,2625.78,0.0,5.18,-6.38
2011-05-05,523.19,22927.0,2625.82,0.0,10.19,0.2
2011-05-06,532.59,23006.6,2625.85,0.0,9.55,-2.49
2011-05-07,582.41,23116.1,2625.9,0.0,8.69,0.79
2011-05-08,631.07,23254.7,2625.96,0.0,10.89,1.3
2011-05-09,653.4,23406.8,2626.03,4.83,18.34,8.59
2011-05-10,630.99,23545.4,2626.09,0.0,12.45,5.99
2011-05-11,610.63,23671.8,2626.15,0.87,10.11,-0.37
2011-05-12,640.13,23815.9,2626.21,0.02,11.19,-0.42
2011-05-13,625.59,23951.3,2626.27,0.0,11.73,0.36
2011-05-14,690.02,24125.4,2626.35,0.0,12.26,2.51
2011-05-15,732.65,24325.0,2626.44,0.0,13.8,2.49
2011-05-16,723.18,24518.9,2626.53,3.03,15.41,5.55
2011-05-17,700.34,24699.1,2626.61,0.0,12.99,3.82
2011-05-18,715.99,24888.8,2626.69,0.0,17.1,6.08
2011-05-19,695.28,25066.0,2626.77,0.0,16.07,6.13
2011-05-20,701.74,25247.0,2626.85,0.0,12.54,2.13
2011-05-21,614.66,25375.9,2626.91,0.0,17.08,7.31
2011-05-22,737.03,25578.1,2627.0,0.0,14.34,4.88
2011-05-23,805.79,25821.6,2627.11,1.99,15.16,4.06
2011-05-24,840.9,26086.2,2627.23,5.12,17.95,5.72
2011-05-25,854.67,26359.0,2627.35,3.6,15.46,4.25
2011-05-26,868.12,26639.9,2627.47,0.0,17.76,8.32
2011-05-27,801.73,26881.0,2627.58,0.0,12.54,4.79
2011-05-28,713.61,27069.2,2627.66,0.0,17.58,5.22
2011-05-29,688.89,27242.5,2627.74,0.0,18.02,8.44
2011-05-30,705.53,27425.9,2627.82,0.0,19.99,6.66
2011-05-31,684.68,27596.7,2627.9,1.93,17.95,7.78
2011-06-01,665.49,27756.0,2627.97,0.0,19.18,3.79
2011-06-02,769.92,27978.0,2628.07,11.39,17.15,5.24
2011-06-03,666.88,28138.2,2628.14,0.0,19.01,7.45
2011-06-04,836.89,28400.3,2628.26,20.0,19.72,4.05
2011-06-05,773.78,28624.6,2628.36,0.0,19.86,7.88
2011-06-06,701.6,28805.6,2628.44,0.0,19.61,7.53
2011-06-07,747.38,29014.1,2628.53,0.0,23.06,12.13
2011-06-08,713.18,29202.0,2628.62,0.0,20.47,8.27
2011-06-09,702.68,29383.7,2628.7,0.0,15.32,3.75
2011-06-10,693.27,29559.7,2628.77,0.0,18.41,6.7
2011-06-11,766.53,29779.6,2628.87,0.0,17.63,6.56
2011-06-12,707.62,29964.2,2628.96,0.0,14.01,5.12
2011-06-13,725.22,30159.4,2629.04,0.0,17.92,4.24
2011-06-14,826.33,30415.2,2629.16,4.22,17.36,5.47
2011-06-15,849.58,30685.0,2629.28,0.0,16.14,4.11
2011-06-16,993.88,31041.3,2629.44,17.04,16.75,3.84
2011-06-17,945.13,31368.4,2629.58,0.0,17.24,4.59
2011-06-18,813.66,31616.7,2629.69,0.0,13.26,6.31
2011-06-19,817.46,31867.2,2629.8,3.73,13.02,2.39
2011-06-20,886.1,32158.8,2629.93,0.73,15.36,2.25
2011-06-21,857.28,32433.2,2630.06,0.0,18.21,5.54
2011-06-22,905.98,32736.9,2630.19,0.0,16.4,6.63
2011-06-23,1009.6,33102.6,2630.36,6.72,15.91,4.04
2011-06-24,999.82,33462.6,2630.52,0.0,14.79,4.34
2011-06-25,906.99,33766.8,2630.65,0.0,15.01,3.78
2011-06-26,832.2,34026.1,2630.77,0.0,11.65,1.48
2011-06-27,874.84,34311.1,2630.9,0.0,9.92,0.52
2011-06-28,957.18,34645.4,2631.04,0.0,12.22,2.42
2011-06-29,1042.26,35030.8,2631.22,15.39,17.56,2.15
2011-06-30,1089.04,35444.2,2631.4,0.0,21.48,11.21
2011-07-01,1091.87,35859.4,2631.59,0.0,22.84,11.48
2011-07-02,1230.28,36357.6,2631.81,0.0,26.26,14.83
2011-07-03,1107.92,36782.3,2632.0,0.0,25.39,12.33
2011-07-04,1135.12,37223.5,2632.19,0.0,24.26,12.29
2011-07-05,1388.93,37816.8,2632.46,8.53,23.04,12.58
2011-07-06,1329.92,38374.8,2632.71,1.35,24.11,11.96
2011-07-07,1263.91,38893.2,2632.94,0.0,29.86,16.96
2011-07-08,1436.33,39515.0,2633.22,0.0,25.01,15.13
2011-07-09,1392.66,40110.6,2633.48,0.0,26.51,15.06
2011-07-10,1338.99,40674.1,2633.73,0.0,29.12,20.25
2011-07-11,1229.87,41172.0,2633.96,0.0,29.2,15.06
2011-07-12,1194.82,41648.9,2634.17,0.0,24.55,13.39
2011-07-13,1273.72,42173.2,2634.4,9.14,27.69,17.95
2011-07-14,1162.96,42631.0,2634.61,0.0,23.73,11.48
2011-07-15,1099.3,43050.6,2634.79,0.0,20.43,7.72
2011-07-16,1007.78,43415.3,2634.96,0.0,22.78,12.07
2011-07-17,1027.24,43791.7,2635.13,0.0,21.33,13.79
2011-07-18,1003.88,44154.0,2635.29,0.0,27.13,16.16
2011-07-19,1202.9,44635.8,2635.5,9.19,26.83,15.16
2011-07-20,1048.11,45024.7,2635.68,0.0,22.62,12.21
2011-07-21,968.5,45365.8,2635.83,3.26,23.21,13.95
2011-07-22,1164.56,45824.6,2636.03,9.61,24.02,12.66
2011-07-23,1108.23,46249.6,2636.22,0.69,21.22,8.15
2011-07-24,909.32,46555.2,2636.36,0.0,25.17,11.01
2011-07-25,842.2,46820.5,2636.48,0.0,20.34,11.45
2011-07-26,765.0,47039.5,2636.57,0.0,19.2,7.18
2011-07-27,746.66,47247.6,2636.67,0.0,22.14,7.95
2011-07-28,728.58,47444.7,2636.76,0.0,16.62,7.5
2011-07-29,726.67,47640.8,2636.84,0.0,20.18,11.76
2011-07-30,638.99,47784.2,2636.91,0.0,18.96,10.65
2011-07-31,722.7,47977.8,2636.99,0.0,22.52,10.29
2011-08-01,638.35,48120.9,2637.06,0.0,25.73,12.97
2011-08-02,666.93,48281.1,2637.13,0.0,28.54,14.83
2011-08-03,705.45,48464.4,2637.21,2.0,29.2,17.66
2011-08-04,625.41,48599.7,2637.27,1.33,21.96,13.54
2011-08-05,609.65,48725.5,2637.33,0.0,19.18,10.22
2011-08-06,629.14,48863.0,2637.39,0.0,22.99,14.32
2011-08-07,701.95,49044.2,2637.47,0.0,20.34,9.16
2011-08-08,692.45,49219.7,2637.55,0.0,20.24,7.29
2011-08-09,666.56,49379.6,2637.62,1.25,21.8,11.6
2011-08-10,589.17,49493.2,2637.67,0.0,22.26,8.73
2011-08-11,610.26,49619.4,2637.73,7.41,17.24,6.03
2011-08-12,546.96,49707.6,2637.77,0.0,15.94,3.95
2011-08-13,513.31,49775.6,2637.8,0.0,21.52,9.83
2011-08-14,533.98,49856.0,2637.83,0.0,18.04,5.7
2011-08-15,517.4,49926.5,2637.86,0.0,16.0,6.95
2011-08-16,461.95,49963.7,2637.88,0.0,19.65,7.56
2011-08-17,443.54,49989.8,2637.89,0.0,15.21,2.97
2011-08-18,482.19,50039.2,2637.91,0.0,16.44,3.54
2011-08-19,487.53,50091.7,2637.94,0.0,15.47,5.02
2011-08-20,486.33,50143.5,2637.96,0.0,12.18,2.84
2011-08-21,444.36,50170.2,2637.97,0.0,16.16,3.77
2011-08-22,422.08,50183.5,2637.98,2.89,17.79,5.16
2011-08-23,424.04,50197.9,2637.98,0.0,13.84,2.02
2011-08-24,401.53,50198.9,2637.98,0.0,14.87,4.37
2011-08-25,398.52,50198.0,2637.98,6.02,18.31,7.59
2011-08-26,459.89,50234.0,2638.0,12.44,17.51,6.91
2011-08-27,385.13,50225.1,2638.0,0.0,13.07,3.65
2011-08-28,336.23,50186.8,2637.98,0.0,12.57,1.16
2011-08-29,299.93,50126.8,2637.95,0.0,10.51,-0.01
2011-08-30,369.56,50108.6,2637.94,18.48,14.46,1.64
2011-08-31,392.7,50104.2,2637.94,4.06,14.07,3.9
2011-09-01,399.89,50104.2,2637.94,0.0,16.74,4.51
2011-09-02,396.89,50102.4,2637.94,0.0,16.4,4.9
2011-09-03,391.32,50097.2,2637.94,0.0,21.29,8.61
2011-09-04,444.76,50124.1,2637.95,4.4,17.99,7.56
2011-09-05,414.82,50133.0,2637.95,0.0,14.18,4.37
2011-09-06,419.17,50144.5,2637.96,0.0,9.19,-3.04
2011-09-07,404.54,50147.3,2637.96,0.0,14.89,2.67
2011-09-08,343.0,50113.1,2637.95,0.0,22.6,10.93
2011-09-09,359.43,50088.8,2637.94,8.28,20.95,6.89
2011-09-10,353.06,50060.6,2637.92,0.0,19.9,7.32
2011-09-11,302.69,50002.3,2637.9,0.0,15.11,4.55
2011-09-12,319.5,49954.0,2637.88,0.0,12.91,1.34
2011-09-13,292.37,49889.5,2637.85,0.0,15.16,5.2
2011-09-14,275.17,49814.6,2637.81,0.0,15.87,3.32
2011-09-15,249.54,49724.3,2637.77,0.0,13.56,0.88
2011-09-16,259.84,49640.3,2637.74,0.0,13.5,1.65
2011-09-17,272.2,49563.6,2637.7,11.55,14.53,3.89
2011-09-18,275.41,49488.9,2637.67,0.0,11.73,1.86
2011-09-19,235.78,49390.4,2637.62,0.0,13.2,0.58
2011-09-20,215.0,49279.4,2637.57,0.0,12.13,1.16
2011-09-21,230.65,49177.8,2637.53,0.0,14.29,0.77
2011-09-22,249.1,49087.3,2637.49,0.0,11.2,-0.78
2011-09-23,252.15,48998.6,2637.45,0.0,14.74,2.98
2011-09-24,253.97,48911.1,2637.41,0.0,18.99,5.45
2011-09-25,248.3,48820.1,2637.37,0.0,11.96,0.15
2011-09-26,263.85,48738.4,2637.33,0.0,7.32,-5.76
2011-09-27,250.39,48648.7,2637.29,0.0,6.66,-1.73
2011-09-28,261.47,48565.6,2637.26,0.0,10.14,-0.94
2011-09-29,232.22,48464.9,2637.21,0.0,8.34,-3.19
2011-09-30,256.07,48378.6,2637.17,0.0,7.47,-3.82
2011-10-01,271.28,48301.4,2637.14,0.0,11.77,-1.71
2011-10-02,256.55,48215.4,2637.1,0.0,12.19,-1.81
2011-10-03,255.17,48128.5,2637.06,0.0,13.06,0.95
2011-10-04,257.31,48042.9,2637.02,0.0,12.8,3.23
2011-10-05,269.05,47964.4,2636.99,0.0,9.55,-1.55
2011-10-06,290.29,47898.6,2636.96,0.0,10.03,-0.3
2011-10-07,316.58,47848.6,2636.94,0.0,11.66,0.69
2011-10-08,289.56,47782.3,2636.91,0.0,10.1,-2.82
2011-10-09,260.15,47698.4,2636.87,0.0,7.52,-2.55
2011-10-10,265.1,47617.5,2636.83,0.0,7.94,-1.48
2011-10-11,297.25,47555.9,2636.81,0.0,6.7,-3.18
2011-10-12,314.7,47504.8,2636.78,0.0,8.21,-1.79
2011-10-13,340.1,47468.8,2636.77,0.0,8.35,-2.45
2011-10-14,352.64,47440.5,2636.75,0.0,4.6,-6.8
2011-10-15,351.94,47411.6,2636.74,0.0,5.82,-4.48
2011-10-16,328.23,47368.6,2636.72,0.0,4.98,-3.59
2011-10-17,305.45,47311.9,2636.7,0.0,9.68,-3.29
2011-10-18,289.39,47245.6,2636.67,0.77,6.4,-4.05
2011-10-19,281.4,47174.4,2636.63,0.0,7.21,-3.92
2011-10-20,291.8,47109.5,2636.61,0.0,9.7,-2.38
2011-10-21,291.62,47044.5,2636.58,0.0,12.2,2.53
2011-10-22,285.12,46975.6,2636.55,0.0,15.15,4.59
2011-10-23,307.69,46920.3,2636.52,0.0,13.0,4.36
2011-10-24,297.02,46858.5,2636.49,0.0,10.35,0.06
2011-10-25,265.92,46778.1,2636.46,0.0,4.61,-3.71
2011-10-26,270.98,46700.7,2636.42,0.0,6.67,-6.65
2011-10-27,296.1,46638.4,2636.4,0.0,3.41,-8.06
2011-10-28,275.9,46564.0,2636.36,0.0,3.33,-9.04
2011-10-29,259.97,46480.0,2636.32,0.0,2.74,-7.18
2011-10-30,296.21,46417.7,2636.3,0.0,1.96,-9.1
2011-10-31,310.24,46363.9,2636.27,0.0,3.34,-6.05
2011-11-01,275.06,46289.0,2636.24,0.0,6.7,-7.19
2011-11-02,265.69,46208.4,2636.2,0.0,7.78,-6.76
2011-11-03,272.39,46131.9,2636.17,0.0,1.2,-9.33
2011-11-04,291.91,46067.1,2636.14,0.0,0.64,-8.0
2011-11-05,333.28,46027.1,2636.12,0.0,-1.75,-11.11
2011-11-06,306.74,45971.1,2636.1,0.0,0.25,-11.12
2011-11-07,269.31,45892.7,2636.06,0.0,-2.08,-13.41
2011-11-08,253.08,45804.6,2636.02,0.0,-2.3,-11.27
2011-11-09,219.77,45696.5,2635.98,0.0,-4.88,-15.76
2011-11-10,224.73,45591.4,2635.93,0.0,-1.56,-14.1
2011-11-11,216.76,45481.5,2635.88,0.0,-0.51,-9.77
2011-11-12,199.4,45361.1,2635.83,0.0,-4.51,-14.64
2011-11-13,216.4,45251.0,2635.78,0.0,-3.08,-11.73
2011-11-14,219.29,45142.6,2635.73,0.0,-0.49,-13.13
2011-11-15,225.73,45038.1,2635.68,0.0,-2.01,-13.24
2011-11-16,228.0,44934.9,2635.64,0.0,-2.58,-13.23
2011-11-17,205.29,44818.1,2635.58,0.0,-4.45,-16.91
2011-11-18,211.19,44704.8,2635.53,0.0,-4.36,-14.93
2011-11-19,207.65,44589.4,2635.48,0.0,-0.88,-11.68
2011-11-20,237.82,44492.2,2635.44,0.0,-2.83,-12.32
2011-11-21,237.5,44394.7,2635.39,0.0,-9.3,-20.64
2011-11-22,247.37,44303.1,2635.35,0.0,-3.28,-16.91
2011-11-23,234.66,44204.0,2635.31,0.0,-1.45,-12.41
2011-11-24,235.71,44105.4,2635.27,0.0,1.89,-9.41
2011-11-25,237.59,44008.0,2635.22,2.19,1.82,-11.76
2011-11-26,260.46,43924.3,2635.18,0.0,-4.45,-15.17
2011-11-27,263.42,43842.4,2635.15,0.0,-3.16,-16.16
2011-11-28,268.1,43763.3,2635.11,0.0,-1.84,-12.16
2011-11-29,286.67,43695.3,2635.08,0.0,-3.3,-13.74
2011-11-30,331.3,43654.1,2635.06,0.0,-3.98,-16.04
2011-12-01,361.12,43630.8,2635.05,0.0,-4.01,-15.48
2011-12-02,319.62,43582.6,2635.03,0.0,-5.42,-14.35
2011-12-03,320.88,43535.2,2635.01,0.0,-4.22,-12.71
2011-12-04,320.67,43487.6,2634.99,0.0,-5.87,-16.24
2011-12-05,304.3,43430.2,2634.96,1.89,-2.83,-13.54
2011-12-06,276.59,43356.2,2634.93,0.0,-2.94,-13.72
2011-12-07,260.18,43272.3,2634.89,0.0,-4.9,-16.84
2011-12-08,264.76,43191.2,2634.86,0.0,-1.33,-13.38
2011-12-09,244.29,43097.8,2634.82,0.0,-0.05,-8.51
2011-12-10,250.37,43008.1,2634.78,0.0,-3.98,-13.48
2011-12-11,205.1,42891.2,2634.72,0.0,-12.88,-20.97
2011-12-12,207.79,42775.9,2634.67,0.0,-11.12,-22.43
2011-12-13,205.93,42659.4,2634.62,0.0,-11.36,-23.05
2011-12-14,225.36,42554.7,2634.57,0.0,-6.97,-20.18
2011-12-15,230.16,42452.8,2634.53,0.0,-6.46,-17.43
2011-12-16,211.62,42339.8,2634.48,0.0,-9.92,-16.87
2011-12-17,230.39,42238.1,2634.43,0.0,-7.0,-18.22
2011-12-18,243.29,42144.1,2634.39,5.45,-5.47,-13.81
2011-12-19,258.96,42059.5,2634.35,0.0,-2.93,-15.23
2011-12-20,250.92,41970.1,2634.31,0.0,-8.48,-20.86
2011-12-21,284.48,41900.8,2634.28,0.0,-8.17,-18.47
2011-12-22,251.24,41811.5,2634.24,0.0,-6.23,-15.46
2011-12-23,238.2,41714.5,2634.2,0.0,-3.37,-14.35
2011-12-24,252.06,41625.8,2634.16,0.0,-3.59,-12.57
2011-12-25,222.02,41519.0,2634.11,0.0,-2.91,-14.38
2011-12-26,236.91,41421.2,2634.07,0.0,-4.09,-15.92
2011-12-27,239.71,41325.0,2634.02,0.0,-4.76,-17.57
2011-12-28,296.94,41263.2,2634.0,0.0,-1.35,-14.21
2011-12-29,392.98,41259.0,2634.0,20.09,-2.88,-13.58
2011-12-30,480.96,41307.6,2634.02,12.89,-0.73,-12.82
2011-12-31,465.76,41347.1,2634.03,0.0,-1.75,-14.38
2012-01-01,430.82,41365.6,2634.04,0.0,-0.95,-16.93
2012-01-02,416.49,41375.6,2634.05,0.0,-6.66,-18.93
2012-01-03,401.5,41376.5,2634.05,0.0,-8.89,-18.6
2012-01-04,383.99,41366.9,2634.04,0.0,-5.71,-17.23
2012-01-05,370.4,41349.2,2634.04,0.0,-4.83,-15.18
2012-01-06,367.55,41329.8,2634.03,0.0,-8.57,-18.82
2012-01-07,385.84,41321.3,2634.02,0.0,-9.1,-20.0
2012-01-08,323.97,41275.7,2634.0,0.0,-7.74,-16.64
2012-01-09,313.85,41224.0,2633.98,0.72,-7.45,-19.76
2012-01-10,310.92,41170.6,2633.96,0.0,-9.58,-19.18
2012-01-11,302.4,41112.1,2633.93,0.0,-4.79,-16.44
2012-01-12,308.13,41057.0,2633.91,0.0,-2.21,-13.02
2012-01-13,320.56,41009.4,2633.88,0.0,-1.36,-12.86
2012-01-14,311.44,40956.2,2633.86,0.0,-2.2,-12.99
2012-01-15,297.85,40895.0,2633.83,1.16,-6.47,-15.01
2012-01-16,274.28,40819.6,2633.8,0.0,-1.51,-11.08
2012-01-17,299.1,40759.1,2633.77,0.0,-2.42,-12.4
2012-01-18,293.34,40695.1,2633.74,0.0,-2.68,-10.63
2012-01-19,340.2,40659.3,2633.73,0.0,1.21,-8.12
2012-01-20,303.1,40601.1,2633.7,0.0,1.03,-10.71
2012-01-21,271.84,40524.3,2633.67,0.0,1.97,-8.07
2012-01-22,243.35,40430.3,2633.63,0.0,0.12,-12.87
2012-01-23,242.76,40336.0,2633.58,0.0,-1.63,-13.5
2012-01-24,265.59,40255.4,2633.55,0.0,-3.39,-15.9
2012-01-25,283.36,40185.4,2633.52,0.0,-2.17,-13.95
2012-01-26,283.97,40115.8,2633.49,0.0,-2.93,-12.05
2012-01-27,294.55,40052.6,2633.46,0.0,-1.55,-10.14
2012-01-28,274.43,39977.3,2633.42,0.0,-2.39,-13.21
2012-01-29,293.32,39913.3,2633.39,0.0,1.14,-11.17
2012-01-30,278.26,39840.3,2633.36,0.0,2.33,-6.72
2012-01-31,270.18,39762.4,2633.33,0.0,3.61,-6.91
2012-02-01,271.82,39685.5,2633.29,0.0,2.02,-11.44
2012-02-02,254.9,39598.5,2633.25,0.0,1.12,-9.34
2012-02-03,290.48,39532.8,2633.23,0.0,1.8,-12.5
2012-02-04,288.78,39466.1,2633.2,0.0,-2.46,-12.95
2012-02-05,260.61,39382.5,2633.16,0.0,-1.52,-12.82
2012-02-06,253.71,39294.8,2633.12,0.0,1.03,-9.91
2012-02-07,233.38,39194.8,2633.07,0.0,2.79,-8.8
2012-02-08,219.57,39086.6,2633.03,0.0,5.41,-7.1
2012-02-09,197.75,38965.3,2632.97,0.0,3.88,-5.36
2012-02-10,200.63,38845.7,2632.92,0.0,4.04,-6.42
2012-02-11,198.31,38724.7,2632.86,0.0,2.63,-11.19
2012-02-12,218.01,38615.5,2632.82,0.0,-1.8,-10.8
2012-02-13,245.96,38523.1,2632.77,0.0,-1.33,-13.25
2012-02-14,252.75,38434.8,2632.74,0.0,-3.11,-15.23
2012-02-15,249.51,38344.5,2632.69,0.0,-6.52,-17.25
2012-02-16,265.47,38263.9,2632.66,0.0,-1.87,-13.66
2012-02-17,237.54,38166.4,2632.62,0.0,0.18,-11.04
2012-02-18,274.44,38091.1,2632.58,0.0,0.43,-12.19
2012-02-19,289.68,38024.9,2632.55,0.0,-1.54,-15.77
2012-02-20,299.65,37964.8,2632.53,0.0,-2.78,-15.2
2012-02-21,371.2,37947.5,2632.52,20.12,-1.25,-13.5
2012-02-22,342.77,37913.2,2632.5,0.0,-3.8,-13.9
2012-02-23,320.12,37865.3,2632.48,0.0,-7.84,-18.55
2012-02-24,281.79,37794.4,2632.45,0.0,-4.52,-16.28
2012-02-25,303.58,37736.6,2632.42,0.0,-4.28,-14.96
2012-02-26,299.41,37676.2,2632.4,1.95,-4.5,-15.48
2012-02-27,281.18,37605.0,2632.36,0.0,2.96,-6.76
2012-02-28,277.83,37531.7,2632.33,0.0,5.73,-8.78
2012-02-29,258.67,37446.9,2632.29,0.3,2.2,-9.21
2012-03-01,296.33,37384.8,2632.27,0.0,2.05,-8.12
2012-03-02,294.92,37321.8,2632.24,0.0,2.87,-8.97
2012-03-03,291.91,37256.9,2632.21,0.0,-0.04,-13.87
2012-03-04,282.08,37186.2,2632.18,0.0,0.28,-11.02
2012-03-05,338.21,37149.2,2632.16,0.0,-2.83,-12.2
2012-03-06,372.08,37132.4,2632.15,3.22,-0.26,-14.55
2012-03-07,341.24,37097.2,2632.14,0.0,-0.01,-10.55
2012-03-08,353.02,37069.0,2632.13,0.0,-0.43,-9.99
2012-03-09,318.32,37020.1,2632.1,0.0,-1.51,-12.33
2012-03-10,268.46,36941.2,2632.07,0.0,5.07,-8.77
2012-03-11,268.01,36862.0,2632.03,0.0,2.71,-10.36
2012-03-12,286.36,36793.8,2632.0,0.0,1.13,-9.68
2012-03-13,276.35,36719.7,2631.97,0.21,7.68,-5.13
2012-03-14,275.88,36645.2,2631.94,0.0,13.02,0.61
2012-03-15,275.67,36570.7,2631.9,0.0,5.1,-5.49
2012-03-16,312.69,36518.3,2631.88,0.0,3.54,-7.64
2012-03-17,307.99,36463.1,2631.86,4.36,3.7,-7.49
2012-03-18,271.87,36386.3,2631.82,0.0,0.82,-8.24
2012-03-19,308.2,36331.2,2631.8,7.38,0.0,-9.8
2012-03-20,332.34,36290.7,2631.78,0.0,2.05,-9.47
2012-03-21,319.8,36242.6,2631.76,0.0,-1.36,-10.79
2012-03-22,302.7,36184.2,2631.73,0.0,0.73,-11.4
2012-03-23,317.88,36135.0,2631.71,1.48,5.01,-8.51
2012-03-24,349.52,36104.7,2631.7,0.0,3.71,-6.17
2012-03-25,307.89,36049.5,2631.67,1.25,1.44,-9.54
2012-03-26,307.88,35994.2,2631.65,0.0,-0.04,-11.64
2012-03-27,281.86,35923.4,2631.61,0.0,0.42,-10.67
2012-03-28,254.62,35836.2,2631.58,3.79,5.01,-6.97
2012-03-29,290.17,35770.3,2631.55,14.28,5.59,-8.45
2012-03-30,268.13,35691.2,2631.51,3.04,3.81,-5.0
2012-03-31,236.01,35592.9,2631.47,0.0,2.91,-10.03
2012-04-01,213.35,35480.9,2631.42,0.0,1.96,-11.54
2012-04-02,181.95,35350.1,2631.36,0.0,0.28,-14.02
2012-04-03,192.54,35225.6,2631.3,0.59,-1.5,-12.42
2012-04-04,185.42,35096.9,2631.25,0.0,2.77,-8.62
2012-04-05,212.7,34984.6,2631.2,0.0,3.82,-7.65
2012-04-06,210.88,34871.1,2631.15,0.92,3.43,-8.28
2012-04-07,212.27,34758.5,2631.09,0.0,4.18,-8.05
2012-04-08,234.38,34659.2,2631.05,0.0,3.93,-8.49
2012-04-09,269.37,34580.8,2631.02,4.92,3.42,-5.94
2012-04-10,250.87,34491.4,2630.98,0.0,2.04,-7.48
2012-04-11,233.89,34391.7,2630.93,0.0,9.85,-1.17
2012-04-12,262.74,34309.4,2630.89,4.38,6.83,-5.79
2012-04-13,257.82,34224.1,2630.86,0.0,6.98,-4.02
2012-04-14,245.91,34131.7,2630.82,0.0,4.02,-5.12
2012-04-15,226.19,34027.4,2630.77,0.0,3.19,-7.98
2012-04-16,249.52,33937.2,2630.73,0.0,7.76,-3.02
2012-04-17,279.1,33864.7,2630.7,0.0,7.67,-2.83
2012-04-18,309.89,33810.6,2630.67,0.0,9.77,-2.65
2012-04-19,298.36,33749.7,2630.64,0.0,12.46,-0.13
2012-04-20,341.13,33714.4,2630.63,0.0,10.91,1.32
2012-04-21,360.3,33690.6,2630.62,0.0,9.41,0.03
2012-04-22,378.59,33677.8,2630.61,0.0,9.53,-1.68
2012-04-23,346.22,33645.5,2630.6,0.0,10.85,0.64
2012-04-24,337.04,33607.8,2630.58,0.08,7.04,-2.31
2012-04-25,345.11,33574.9,2630.57,0.93,7.67,-5.49
2012-04-26,372.31,33558.3,2630.56,4.14,6.83,-4.22
2012-04-27,420.95,33570.9,2630.56,5.18,8.89,-0.88
2012-04-28,474.26,33615.5,2630.58,1.02,11.05,-1.71
2012-04-29,460.65,33651.9,2630.6,0.0,12.18,0.49
2012-04-30,484.51,33702.6,2630.62,0.0,17.62,5.95
2012-05-01,496.5,33760.6,2630.65,0.62,13.3,0.4
2012-05-02,544.12,33847.1,2630.69,0.0,14.33,2.92
2012-05-03,496.57,33905.0,2630.71,0.0,17.04,7.45
2012-05-04,519.32,33976.7,2630.75,1.64,22.04,11.2
2012-05-05,523.82,34051.0,2630.78,0.0,19.32,7.17
2012-05-06,487.68,34103.6,2630.8,0.0,16.49,6.49
2012-05-07,480.97,34152.2,2630.82,0.0,12.42,2.77
2012-05-08,544.66,34239.0,2630.86,8.44,11.27,0.49
2012-05-09,510.92,34305.6,2630.89,0.0,17.61,5.88
2012-05-10,466.34,34345.5,2630.91,0.0,17.28,7.52
2012-05-11,433.92,34365.8,2630.92,0.0,17.2,4.23
2012-05-12,460.23,34402.0,2630.94,0.0,15.56,3.01
2012-05-13,423.73,34416.3,2630.94,0.0,13.36,2.59
2012-05-14,452.49,34447.8,2630.96,3.39,19.66,5.75
2012-05-15,517.36,34518.2,2630.99,4.51,16.22,5.7
2012-05-16,472.42,34561.7,2631.01,0.0,16.12,3.95
2012-05-17,552.9,34653.5,2631.05,3.74,18.35,5.58
2012-05-18,554.27,34746.1,2631.09,0.0,17.67,6.87
2012-05-19,513.64,34814.3,2631.12,0.0,15.99,5.18
2012-05-20,514.78,34883.2,2631.15,0.0,16.61,5.55
2012-05-21,489.01,34936.6,2631.17,0.0,17.13,3.75
2012-05-22,461.92,34973.8,2631.19,0.0,17.57,6.54
2012-05-23,535.0,35054.8,2631.23,3.31,18.49,4.6
2012-05-24,640.39,35199.1,2631.29,0.0,14.7,7.01
2012-05-25,625.78,35334.6,2631.35,0.0,14.33,2.89
2012-05-26,667.24,35495.0,2631.42,0.0,12.83,0.68
2012-05-27,738.68,35698.2,2631.51,13.31,13.72,2.55
2012-05-28,744.9,35905.2,2631.61,0.0,13.85,4.22
2012-05-29,639.32,36048.8,2631.67,3.27,14.17,1.53
2012-05-30,661.14,36205.5,2631.74,0.0,14.28,5.11
2012-05-31,669.18,36367.0,2631.81,0.0,11.51,0.28
2012-06-01,630.82,36505.6,2631.87,1.87,8.73,-0.82
2012-06-02,725.76,36701.0,2631.96,6.93,12.24,2.56
2012-06-03,795.8,36938.5,2632.07,0.04,16.78,5.31
2012-06-04,717.22,37128.9,2632.15,0.0,14.78,4.95
2012-06-05,769.37,37350.6,2632.25,0.0,12.36,1.41
2012-06-06,831.73,37609.6,2632.37,3.41,14.81,2.84
2012-06-07,800.34,37849.9,2632.47,0.0,15.37,4.87
2012-06-08,795.0,38086.9,2632.58,0.0,19.66,9.56
2012-06-09,751.4,38297.7,2632.67,0.0,21.34,9.19
2012-06-10,789.03,38531.2,2632.78,0.0,28.47,15.14
2012-06-11,763.44,38749.3,2632.88,0.0,27.2,14.35
2012-06-12,784.13,38979.8,2632.98,0.0,24.68,12.78
2012-06-13,733.91,39180.2,2633.07,0.0,24.87,13.05
2012-06-14,873.15,39464.1,2633.19,0.0,23.63,14.92
2012-06-15,827.78,39720.8,2633.31,0.0,26.91,17.1
2012-06-16,871.2,40003.5,2633.44,2.24,21.81,11.48
2012-06-17,1016.04,40373.2,2633.6,0.0,18.08,6.03
2012-06-18,1026.91,40749.3,2633.77,0.0,15.03,6.21
2012-06-19,1071.05,41152.0,2633.95,0.0,15.11,5.71
2012-06-20,944.18,41478.5,2634.09,0.0,19.48,9.35
2012-06-21,868.66,41759.8,2634.22,0.0,19.98,8.24
2012-06-22,748.05,41968.6,2634.31,0.0,16.35,9.0
2012-06-23,732.11,42167.9,2634.4,0.0,20.14,10.08
2012-06-24,679.73,42335.8,2634.48,1.6,20.57,12.37
2012-06-25,610.33,42462.0,2634.53,0.0,26.48,14.7
2012-06-26,535.9,42543.6,2634.57,0.0,24.68,14.9
2012-06-27,614.2,42672.1,2634.63,0.0,26.58,14.39
2012-06-28,650.04,42822.2,2634.69,0.0,20.62,7.82
2012-06-29,589.47,42935.9,2634.74,0.0,17.24,7.94
2012-06-30,580.45,43044.2,2634.79,0.0,21.45,9.97
2012-07-01,651.51,43195.1,2634.86,10.17,26.83,16.09
2012-07-02,573.74,43299.4,2634.91,0.0,25.27,12.87
2012-07-03,601.17,43420.1,2634.96,0.0,24.52,15.63
2012-07-04,575.56,43525.5,2635.01,0.0,23.06,10.48
2012-07-05,629.63,43663.3,2635.07,5.83,27.02,15.71
2012-07-06,543.54,43749.5,2635.11,0.0,28.99,17.66
2012-07-07,471.91,43792.6,2635.13,0.0,21.23,9.46
2012-07-08,574.68,43897.5,2635.17,1.81,18.91,10.69
2012-07-09,550.88,43988.0,2635.21,0.84,18.48,8.69
2012-07-10,610.44,44114.3,2635.27,0.0,18.42,8.91
2012-07-11,577.89,44221.1,2635.32,0.0,18.72,7.89
2012-07-12,520.9,44293.6,2635.35,0.0,17.32,7.72
2012-07-13,466.31,44333.5,2635.37,0.0,20.29,11.47
2012-07-14,490.5,44387.8,2635.39,0.0,19.5,9.19
2012-07-15,533.55,44468.0,2635.43,0.0,14.75,5.75
2012-07-16,566.58,44567.9,2635.47,0.46,21.05,7.83
2012-07-17,526.36,44643.8,2635.51,0.0,21.47,10.74
2012-07-18,511.05,44710.4,2635.54,0.0,14.98,4.82
2012-07-19,481.17,44759.2,2635.56,0.13,22.63,12.36
2012-07-20,534.09,44839.6,2635.59,0.0,26.47,15.47
2012-07-21,511.7,44906.7,2635.62,0.0,22.12,12.83
2012-07-22,488.4,44959.8,2635.65,0.0,21.88,8.58
2012-07-23,467.19,45000.1,2635.66,0.0,16.34,5.17
2012-07-24,494.71,45057.0,2635.69,0.0,19.02,7.22
2012-07-25,480.03,45105.0,2635.71,0.0,20.13,8.66
2012-07-26,492.18,45160.3,2635.74,0.95,18.09,6.06
2012-07-27,560.09,45256.4,2635.78,1.48,21.18,9.47
2012-07-28,543.61,45342.6,2635.82,6.53,20.77,7.55
2012-07-29,455.49,45375.9,2635.83,1.53,20.88,7.64
2012-07-30,417.61,45386.5,2635.84,0.0,21.74,12.86
2012-07-31,382.14,45375.8,2635.83,0.0,26.93,16.56
2012-08-01,418.8,45387.2,2635.84,5.7,23.62,12.65
2012-08-02,419.74,45399.0,2635.84,0.0,21.4,8.73
2012-08-03,390.15,45393.1,2635.84,2.25,22.01,10.07
2012-08-04,363.73,45371.4,2635.83,0.0,22.81,11.16
2012-08-05,357.34,45345.9,2635.82,0.0,20.76,7.98
2012-08-06,373.31,45329.9,2635.81,0.0,17.52,7.37
2012-08-07,388.15,45322.8,2635.81,1.78,23.51,10.32
2012-08-08,426.41,45338.7,2635.82,0.61,26.63,12.88
2012-08-09,438.53,45361.8,2635.83,0.0,21.53,12.09
2012-08-10,510.17,45427.9,2635.86,15.07,19.58,8.23
2012-08-11,489.9,45481.9,2635.88,0.0,18.42,8.0
2012-08-12,600.91,45602.5,2635.93,15.03,15.88,4.14
2012-08-13,517.61,45673.1,2635.96,0.0,20.64,8.8
2012-08-14,448.52,45702.2,2635.98,0.0,17.47,5.31
2012-08-15,415.59,45711.6,2635.98,0.0,17.84,6.57
2012-08-16,396.81,45709.7,2635.98,0.37,20.27,9.79
2012-08-17,392.26,45705.1,2635.98,0.0,19.29,10.15
2012-08-18,364.21,45683.6,2635.97,0.0,20.43,10.15
2012-08-19,352.05,45654.9,2635.96,0.0,21.18,9.17
2012-08-20,382.59,45644.5,2635.95,0.41,19.32,9.67
2012-08-21,315.01,45593.5,2635.93,0.0,19.2,7.95
2012-08-22,291.72,45528.6,2635.9,0.0,15.82,3.95
2012-08-23,265.33,45447.8,2635.86,0.0,12.72,0.09
2012-08-24,262.42,45365.3,2635.83,0.0,16.63,3.18
2012-08-25,255.81,45278.8,2635.79,0.0,14.69,3.15
2012-08-26,254.98,45191.8,2635.75,0.0,12.78,2.07
2012-08-27,234.87,45092.8,2635.71,0.0,13.85,4.42
2012-08-28,249.57,45002.5,2635.67,0.0,17.18,5.76
2012-08-29,220.21,44894.7,2635.62,0.0,17.94,5.5
2012-08-30,209.7,44780.5,2635.57,0.0,20.74,8.91
2012-08-31,212.33,44668.0,2635.52,0.0,16.54,6.73
2012-09-01,189.91,44541.9,2635.46,0.0,20.55,9.58
2012-09-02,198.33,44421.0,2635.41,0.0,18.2,8.94
2012-09-03,238.59,44324.1,2635.36,0.0,17.57,8.01
2012-09-04,230.6,44222.5,2635.32,0.0,22.04,10.3
2012-09-05,224.97,44117.5,2635.27,0.0,20.7,11.4
2012-09-06,220.53,44009.9,2635.22,0.0,20.16,10.18
2012-09-07,218.15,43900.8,2635.17,0.0,20.3,8.93
2012-09-08,233.44,43800.9,2635.13,1.55,19.29,6.43
2012-09-09,224.68,43695.7,2635.08,0.0,17.31,6.67
2012-09-10,212.46,43583.2,2635.03,0.0,18.49,7.84
2012-09-11,221.86,43476.4,2634.98,0.0,16.22,3.64
2012-09-12,238.69,43379.6,2634.94,0.0,7.45,-2.02
2012-09-13,227.86,43276.4,2634.9,0.0,12.81,-0.66
2012-09-14,279.94,43204.4,2634.86,0.0,11.09,1.81
2012-09-15,278.11,43131.3,2634.83,0.0,11.29,0.72
2012-09-16,255.82,43044.8,2634.79,0.0,11.52,-3.14
2012-09-17,255.52,42958.1,2634.75,2.7,11.67,-2.4
2012-09-18,244.46,42864.8,2634.71,0.58,9.88,-2.67
2012-09-19,231.33,42763.7,2634.67,0.0,12.73,2.64
2012-09-20,244.72,42670.5,2634.63,0.0,13.91,1.6
2012-09-21,235.2,42571.7,2634.58,0.0,19.74,6.61
2012-09-22,224.0,42466.1,2634.53,0.0,14.14,4.75
2012-09-23,214.92,42355.1,2634.48,0.0,14.68,2.69
2012-09-24,200.26,42235.3,2634.43,0.0,14.64,5.42
2012-09-25,179.34,42102.9,2634.37,0.0,18.88,10.64
2012-09-26,207.21,41987.2,2634.32,0.36,18.65,7.41
2012-09-27,207.17,41871.6,2634.27,0.0,16.01,7.22
2012-09-28,235.41,41772.9,2634.22,0.0,19.36,6.05
2012-09-29,242.94,41678.6,2634.18,0.0,17.07,6.88
2012-09-30,266.78,41598.7,2634.15,0.0,14.53,0.5
2012-10-01,239.64,41502.5,2634.1,0.0,10.52,1.33
2012-10-02,235.57,41403.9,2634.06,0.0,12.89,3.45
2012-10-03,192.34,41279.3,2634.0,0.0,13.31,2.14
2012-10-04,221.82,41172.5,2633.96,3.61,12.63,0.77
2012-10-05,198.59,41051.7,2633.9,0.0,12.94,2.34
2012-10-06,151.56,40902.6,2633.84,0.0,12.52,2.46
2012-10-07,157.68,40757.3,2633.77,0.0,8.9,-2.38
2012-10-08,162.93,40615.0,2633.71,0.0,11.34,-2.53
2012-10-09,185.93,40486.6,2633.65,0.0,5.85,-4.88
2012-10-10,191.56,40361.6,2633.59,0.0,1.93,-5.66
2012-10-11,210.92,40248.2,2633.54,0.0,7.04,-3.42
2012-10-12,208.87,40133.5,2633.49,0.0,7.79,-2.82
2012-10-13,222.45,40027.0,2633.45,0.0,2.93,-5.6
2012-10-14,201.75,39908.1,2633.39,0.18,9.99,0.14
2012-10-15,213.41,39796.2,2633.34,0.0,10.48,0.43
2012-10-16,221.61,39689.2,2633.29,0.0,9.43,-2.86
2012-10-17,211.67,39576.2,2633.24,0.0,6.45,-3.85
2012-10-18,210.04,39462.2,2633.19,2.37,6.53,-7.89
2012-10-19,195.09,39339.3,2633.14,0.0,-0.59,-12.72
2012-10-20,215.07,39228.4,2633.09,0.0,2.03,-8.97
2012-10-21,230.12,39126.5,2633.04,0.0,9.73,-3.67
2012-10-22,246.34,39034.3,2633.0,0.0,10.28,-1.46
2012-10-23,259.88,38950.3,2632.97,0.0,3.14,-7.93
2012-10-24,241.42,38855.2,2632.92,0.0,0.04,-12.05
2012-10-25,261.37,38772.0,2632.89,0.0,-0.92,-13.01
2012-10-26,331.37,38730.9,2632.87,9.01,-1.53,-11.56
2012-10-27,285.54,38662.2,2632.84,0.0,4.81,-6.72
2012-10-28,301.82,38603.3,2632.81,3.56,3.29,-5.83
2012-10-29,276.06,38529.0,2632.78,0.0,4.61,-7.91
2012-10-30,269.39,38450.7,2632.74,0.0,1.49,-9.69
2012-10-31,296.77,38388.8,2632.71,0.0,5.17,-6.04
2012-11-01,257.69,38303.4,2632.68,0.0,6.99,-6.11
2012-11-02,265.55,38222.8,2632.64,0.0,3.18,-8.48
2012-11-03,263.96,38141.2,2632.6,0.0,4.89,-4.1
2012-11-04,255.04,38054.2,2632.57,0.0,4.74,-6.67
2012-11-05,250.98,37964.8,2632.53,0.0,4.49,-6.4
2012-11-06,288.34,37897.9,2632.5,0.0,5.95,-4.45
2012-11-07,312.28,37845.3,2632.47,0.0,5.47,-4.43
2012-11-08,304.56,37788.0,2632.45,0.0,7.71,-2.61
2012-11-09,335.74,37749.5,2632.43,0.0,3.26,-6.5
2012-11-10,414.15,37758.0,2632.43,3.37,3.45,-9.39
2012-11-11,419.41,37769.7,2632.44,0.0,-0.58,-12.93
2012-11-12,461.88,37806.9,2632.45,0.0,-3.52,-11.66
2012-11-13,391.75,37801.9,2632.45,0.0,-1.65,-8.49
2012-11-14,443.47,37828.0,2632.46,0.0,1.48,-9.31
2012-11-15,448.69,37857.3,2632.48,0.0,1.05,-8.9
2012-11-16,467.83,37898.0,2632.5,0.0,1.8,-10.08
2012-11-17,467.75,37938.7,2632.51,0.0,1.32,-11.0
2012-11-18,474.52,37983.4,2632.53,0.0,3.67,-9.68
2012-11-19,406.61,37987.4,2632.54,0.0,1.56,-9.18
2012-11-20,378.7,37974.7,2632.53,0.0,6.83,-2.15
2012-11-21,356.79,37948.8,2632.52,0.0,5.31,-5.08
2012-11-22,337.31,37911.2,2632.5,0.0,6.03,-5.62
2012-11-23,314.4,37859.9,2632.48,0.0,1.21,-11.39
2012-11-24,345.48,37827.2,2632.46,0.0,2.88,-6.89
2012-11-25,319.41,37778.8,2632.44,0.0,0.45,-10.34
2012-11-26,279.67,37706.7,2632.41,0.24,-2.44,-15.77
2012-11-27,252.16,37618.0,2632.37,0.0,-1.37,-12.76
2012-11-28,235.15,37519.1,2632.33,0.0,-0.84,-11.33
2012-11-29,242.35,37424.5,2632.28,0.0,1.1,-11.31
2012-11-30,199.31,37304.2,2632.23,0.0,0.68,-7.05
2012-12-01,198.97,37183.6,2632.18,0.0,-0.85,-12.13
2012-12-02,199.66,37063.4,2632.12,0.0,0.16,-11.21
2012-12-03,171.72,36926.5,2632.06,0.0,-3.7,-14.51
2012-12-04,183.78,36796.8,2632.0,0.0,-4.17,-15.51
2012-12-05,161.07,36653.4,2631.94,0.0,-1.98,-12.61
2012-12-06,172.39,36516.9,2631.88,0.0,0.37,-10.46
2012-12-07,195.98,36394.5,2631.82,0.0,0.64,-12.85
2012-12-08,193.77,36270.8,2631.77,0.0,-5.73,-17.37
2012-12-09,232.08,36170.1,2631.72,0.0,-3.8,-15.86
2012-12-10,214.93,36059.1,2631.68,0.0,-5.57,-18.67
2012-12-11,179.09,35926.5,2631.62,0.0,-6.66,-18.15
2012-12-12,180.82,35795.1,2631.56,6.99,-10.35,-20.38
2012-12-13,180.27,35663.2,2631.5,0.0,-9.07,-18.84
2012-12-14,163.48,35521.4,2631.44,0.0,-1.17,-12.92
2012-12-15,156.26,35375.1,2631.37,0.0,-6.32,-16.95
2012-12-16,159.1,35230.6,2631.31,0.0,-1.28,-11.57
2012-12-17,142.28,35076.0,2631.24,0.0,-7.1,-19.43
2012-12-18,154.33,34928.7,2631.17,0.0,-6.23,-16.68
2012-12-19,175.12,34793.8,2631.11,0.0,-9.45,-20.34
2012-12-20,174.35,34658.4,2631.05,0.0,-9.17,-17.92
2012-12-21,151.69,34509.4,2630.98,0.0,-3.62,-12.23
2012-12-22,171.34,34372.3,2630.92,0.0,-2.87,-9.35
2012-12-23,190.35,34246.5,2630.87,0.0,0.94,-13.04
2012-12-24,210.07,34132.6,2630.82,0.0,1.02,-8.87
2012-12-25,206.01,34016.2,2630.76,0.0,-0.18,-14.12
2012-12-26,212.3,33903.6,2630.71,0.0,-2.36,-13.07
2012-12-27,218.91,33795.0,2630.66,14.04,-6.58,-20.42
2012-12-28,214.92,33684.0,2630.62,0.0,-10.09,-22.9
2012-12-29,227.59,33580.5,2630.57,0.0,-11.01,-23.06
2012-12-30,248.77,33489.8,2630.53,0.0,-8.81,-22.89
2012-12-31,231.47,33388.7,2630.48,0.0,-7.06,-16.6
2013-01-01,188.41,33261.8,2630.43,0.0,-7.65,-18.0
2013-01-02,206.68,33145.9,2630.38,0.0,-3.46,-17.42
2013-01-03,210.86,33032.4,2630.32,0.0,-4.5,-16.28
2013-01-04,213.16,32920.3,2630.27,0.0,-0.46,-10.4
2013-01-05,228.37,32817.4,2630.23,14.35,-8.36,-18.82
2013-01-06,211.43,32704.3,2630.18,0.0,-8.89,-22.58
2013-01-07,181.11,32573.0,2630.12,0.0,-3.23,-13.11
2013-01-08,206.81,32457.1,2630.07,0.0,-4.16,-13.68
2013-01-09,226.47,32353.0,2630.02,0.0,-0.92,-12.22
2013-01-10,210.12,32239.1,2629.97,0.0,-2.21,-11.82
2013-01-11,222.81,32132.8,2629.92,0.0,-3.23,-13.26
2013-01-12,205.68,32016.2,2629.87,0.0,-3.99,-16.59
2013-01-13,227.76,31912.9,2629.83,0.0,-1.57,-12.47
2013-01-14,220.54,31805.3,2629.78,0.0,-5.66,-17.58
2013-01-15,180.28,31673.5,2629.72,0.0,-4.15,-14.43
2013-01-16,199.17,31553.0,2629.66,0.0,-6.12,-18.15
2013-01-17,199.6,31432.8,2629.61,0.0,-10.09,-20.3
2013-01-18,202.19,31314.1,2629.56,0.0,-7.49,-20.78
2013-01-19,242.42,31219.6,2629.52,0.0,-4.74,-14.25
2013-01-20,267.21,31140.0,2629.48,0.0,-3.32,-14.89
2013-01-21,266.31,31059.8,2629.44,0.0,-9.01,-17.71
2013-01-22,287.07,30992.0,2629.41,0.0,-10.38,-18.58
2013-01-23,292.95,30927.8,2629.39,0.0,-8.6,-20.41
2013-01-24,282.12,30857.1,2629.35,4.87,-8.38,-21.74
2013-01-25,259.8,30773.0,2629.32,0.0,-7.72,-18.38
2013-01-26,246.97,30681.2,2629.28,0.0,-4.37,-16.9
2013-01-27,264.17,30599.8,2629.24,0.0,-2.89,-15.27
2013-01-28,277.9,30526.5,2629.21,0.0,-7.04,-16.3
2013-01-29,273.53,30450.7,2629.17,0.0,-8.25,-18.08
2013-01-30,297.97,30389.5,2629.15,0.0,-1.71,-11.89
2013-01-31,271.82,30312.6,2629.11,0.0,-2.34,-14.02
2013-02-01,233.64,30212.8,2629.07,0.0,-3.47,-13.72
2013-02-02,231.15,30111.6,2629.02,0.0,-6.92,-14.94
2013-02-03,263.82,30029.9,2628.98,0.0,-8.41,-20.31
2013-02-04,286.09,29961.6,2628.95,0.0,-6.77,-19.26
2013-02-05,298.31,29900.6,2628.93,0.0,-4.28,-15.64
2013-02-06,304.68,29843.4,2628.9,0.0,-3.08,-14.42
2013-02-07,319.75,29795.3,2628.88,0.0,-3.09,-12.91
2013-02-08,287.57,29727.9,2628.85,0.0,-1.37,-12.9
2013-02-09,280.86,29656.4,2628.82,0.0,-0.99,-14.67
2013-02-10,270.88,29579.0,2628.78,0.0,-2.6,-14.86
2013-02-11,300.06,29519.0,2628.76,0.0,-7.96,-21.23
2013-02-12,311.9,29466.2,2628.73,0.0,-7.48,-21.03
2013-02-13,302.95,29408.0,2628.71,0.0,-7.89,-19.14
2013-02-14,323.77,29362.3,2628.69,14.74,-7.64,-18.12
2013-02-15,283.3,29292.3,2628.66,0.0,-10.89,-20.81
2013-02-16,296.82,29230.4,2628.63,0.0,-6.13,-14.73
2013-02-17,248.98,29139.8,2628.59,0.0,-8.86,-20.18
2013-02-18,240.85,29044.4,2628.55,2.44,-6.3,-20.43
2013-02-19,232.19,28943.7,2628.5,0.0,-9.05,-17.11
2013-02-20,214.86,28832.7,2628.45,0.0,-2.66,-11.52
2013-02-21,221.64,28725.7,2628.4,0.0,-3.22,-13.03
2013-02-22,221.99,28618.9,2628.36,0.0,-1.71,-14.87
2013-02-23,193.0,28494.7,2628.3,0.0,-3.8,-15.78
2013-02-24,214.02,28383.2,2628.25,0.0,-2.21,-9.62
2013-02-25,223.31,28277.2,2628.2,0.0,-0.29,-9.33
2013-02-26,216.59,28167.2,2628.15,0.0,3.99,-8.31
2013-02-27,243.42,28073.2,2628.11,1.85,3.98,-5.4
2013-02-28,255.53,27986.6,2628.07,0.0,9.33,-1.3
2013-03-01,285.34,27917.8,2628.04,0.0,0.07,-9.93
2013-03-02,281.23,27846.6,2628.01,0.0,4.13,-5.69
2013-03-03,288.09,27779.5,2627.98,0.0,-3.4,-12.55
2013-03-04,313.35,27727.5,2627.96,0.0,3.81,-11.31
2013-03-05,311.29,27674.3,2627.93,0.0,5.24,-5.49
2013-03-06,305.8,27617.8,2627.91,0.0,2.2,-11.28
2013-03-07,319.22,27569.4,2627.89,0.0,-3.19,-13.67
2013-03-08,308.29,27514.4,2627.86,0.0,-5.16,-12.68
2013-03-09,287.54,27446.9,2627.83,0.0,-6.4,-16.49
2013-03-10,312.44,27394.4,2627.81,0.0,-1.84,-12.75
2013-03-11,279.58,27322.2,2627.78,0.0,1.77,-7.95
2013-03-12,282.68,27251.8,2627.75,0.0,2.68,-8.79
2013-03-13,269.91,27173.8,2627.71,0.0,1.96,-7.5
2013-03-14,264.49,27092.5,2627.67,0.0,-2.53,-11.07
2013-03-15,290.94,27027.1,2627.64,0.0,5.19,-6.54
2013-03-16,303.7,26969.4,2627.62,0.0,0.91,-8.87
2013-03-17,318.53,26920.5,2627.6,3.18,-3.41,-17.97
2013-03-18,288.52,26853.7,2627.57,0.0,-5.11,-15.87
2013-03-19,317.85,26804.4,2627.55,0.04,-1.6,-12.76
2013-03-20,299.72,26744.3,2627.52,0.0,-1.99,-14.42
2013-03-21,258.1,26659.1,2627.48,0.0,3.03,-7.33
2013-03-22,254.78,26572.0,2627.44,0.0,-0.7,-11.71
2013-03-23,265.34,26491.3,2627.41,0.0,-4.16,-14.61
2013-03-24,247.72,26399.9,2627.37,0.0,0.38,-11.49
2013-03-25,259.46,26315.6,2627.33,0.0,-2.18,-14.25
2013-03-26,251.68,26226.7,2627.29,0.0,-2.82,-13.6
2013-03-27,260.59,26143.1,2627.25,0.0,4.3,-6.98
2013-03-28,243.2,26049.0,2627.21,0.0,4.2,-7.01
2013-03-29,265.9,25968.6,2627.17,0.0,-0.87,-11.53
2013-03-30,273.0,25892.4,2627.14,1.45,3.84,-7.29
2013-03-31,280.48,25820.7,2627.11,0.0,4.75,-5.3
2013-04-01,302.69,25762.4,2627.08,0.01,1.47,-7.86
2013-04-02,291.88,25697.5,2627.05,1.45,4.16,-7.41
2013-04-03,293.73,25633.8,2627.02,0.0,5.89,-3.62
2013-04-04,325.88,25589.4,2627.0,7.56,7.21,-3.01
2013-04-05,299.9,25529.3,2626.98,0.0,8.11,-3.15
2013-04-06,265.39,25448.6,2626.94,0.35,9.31,-1.44
2013-04-07,256.29,25362.4,2626.9,0.0,7.32,-3.72
2013-04-08,269.23,25283.9,2626.87,0.0,10.11,-0.77
2013-04-09,244.68,25190.8,2626.83,4.21,10.79,0.27
2013-04-10,242.34,25096.2,2626.78,1.7,8.41,-3.55
2013-04-11,231.9,24995.4,2626.74,0.0,5.58,-7.58
2013-04-12,215.38,24884.6,2626.69,0.0,2.6,-6.92
2013-04-13,204.84,24767.6,2626.64,0.0,-1.82,-9.7
2013-04-14,223.39,24661.6,2626.59,3.38,8.17,-3.15
2013-04-15,224.51,24556.4,2626.54,4.55,9.79,0.93
2013-04-16,207.46,24440.9,2626.49,0.0,5.4,-6.55
2013-04-17,232.32,24340.3,2626.45,0.0,4.81,-8.25
2013-04-18,233.7,24240.5,2626.4,0.0,8.0,-4.37
2013-04-19,270.49,24162.9,2626.37,0.0,12.21,0.86
2013-04-20,316.42,24112.7,2626.34,1.53,8.55,-3.7
2013-04-21,298.11,24051.6,2626.32,0.0,6.84,-3.41
2013-04-22,292.35,23987.1,2626.29,0.0,9.95,0.06
2013-04-23,302.85,23928.8,2626.26,3.26,12.4,0.29
2013-04-24,304.47,23871.5,2626.24,4.44,13.89,5.8
2013-04-25,308.47,23816.6,2626.21,0.0,11.57,-1.1
2013-04-26,365.73,23796.1,2626.2,1.97,6.26,-3.28
2013-04-27,353.22,23768.1,2626.19,1.7,2.52,-9.48
2013-04-28,311.82,23715.2,2626.17,0.0,6.04,-5.21
2013-04-29,316.85,23665.3,2626.14,1.12,7.08,-3.06
2013-04-30,316.57,23615.3,2626.12,0.0,8.77,-0.68
2013-05-01,355.16,23588.4,2626.11,9.38,12.6,3.0
2013-05-02,326.16,23544.1,2626.09,0.0,15.52,1.93
2013-05-03,356.79,23518.2,2626.08,0.0,12.91,-0.55
2013-05-04,325.92,23473.8,2626.06,0.0,10.14,-0.15
2013-05-05,311.22,23420.6,2626.04,2.03,12.62,-0.34
2013-05-06,320.01,23372.6,2626.01,0.0,16.31,7.79
2013-05-07,310.44,23318.9,2625.99,0.0,20.65,9.03
2013-05-08,338.64,23282.1,2625.97,0.0,14.75,3.55
2013-05-09,354.08,23254.6,2625.96,0.0,16.69,3.27
2013-05-10,363.04,23232.4,2625.95,0.83,15.94,5.98
2013-05-11,385.97,23224.1,2625.95,0.0,19.68,10.1
2013-05-12,490.76,23278.5,2625.97,0.0,22.94,11.21
2013-05-13,469.78,23320.4,2625.99,0.0,20.06,6.73
2013-05-14,567.91,23421.2,2626.04,10.88,17.42,3.87
2013-05-15,510.06,23487.3,2626.07,0.0,11.91,0.74
2013-05-16,548.08,23576.1,2626.11,0.0,8.66,-3.09
2013-05-17,561.5,23673.1,2626.15,0.0,10.71,-2.39
2013-05-18,578.62,23780.3,2626.2,0.0,11.32,1.74
2013-05-19,596.99,23898.5,2626.25,0.0,9.34,-1.72
2013-05-20,583.17,24008.4,2626.3,4.8,13.14,0.02
2013-05-21,561.41,24105.3,2626.34,0.0,11.62,1.3
2013-05-22,551.29,24196.1,2626.38,0.0,14.36,3.85
2013-05-23,570.02,24298.1,2626.43,0.0,15.1,1.93
2013-05-24,568.06,24399.0,2626.47,0.0,16.23,6.7
2013-05-25,714.65,24587.8,2626.56,14.03,20.68,8.96
2013-05-26,688.66,24761.0,2626.63,0.0,20.39,9.67
2013-05-27,599.09,24880.5,2626.69,1.41,21.44,10.74
2013-05-28,642.66,25026.1,2626.75,0.0,21.13,10.76
2013-05-29,587.67,25138.8,2626.8,0.0,20.37,9.26
2013-05-30,529.36,25216.4,2626.84,0.0,12.22,0.05
2013-05-31,468.81,25257.7,2626.86,0.0,11.44,0.18
2013-06-01,462.41,25295.2,2626.87,0.0,12.8,0.36
2013-06-02,466.43,25335.1,2626.89,0.0,13.11,-0.13
2013-06-03,431.98,25354.3,2626.9,0.0,18.86,8.71
2013-06-04,447.4,25382.8,2626.91,0.0,21.54,12.1
2013-06-05,439.11,25406.3,2626.92,0.0,22.82,12.88
2013-06-06,484.45,25457.0,2626.94,0.65,21.23,11.95
2013-06-07,529.31,25534.6,2626.98,0.0,17.73,7.74
2013-06-08,548.88,25623.9,2627.02,0.0,18.97,7.09
2013-06-09,618.29,25754.9,2627.08,0.0,17.62,6.18
2013-06-10,594.77,25871.8,2627.13,0.0,18.93,7.14
2013-06-11,666.57,26031.8,2627.2,9.78,15.69,4.35
2013-06-12,749.98,26241.8,2627.29,0.0,13.99,5.67
2013-06-13,711.71,26428.9,2627.38,0.0,11.66,-0.48
2013-06-14,583.98,26539.3,2627.43,0.0,18.13,7.73
2013-06-15,697.72,26717.9,2627.51,5.11,16.88,4.59
2013-06-16,795.2,26955.1,2627.61,3.83,18.32,4.68
2013-06-17,693.28,27131.1,2627.69,2.38,15.27,7.06
2013-06-18,627.58,27267.7,2627.75,0.0,18.93,6.95
2013-06-19,672.36,27431.1,2627.83,0.0,17.32,6.89
2013-06-20,663.08,27589.0,2627.9,0.0,21.52,9.76
2013-06-21,627.78,27725.7,2627.96,0.0,19.53,9.47
2013-06-22,613.71,27853.9,2628.01,0.0,25.04,12.64
2013-06-23,669.87,28015.9,2628.09,0.0,24.11,14.37
2013-06-24,761.89,28233.0,2628.18,10.51,29.01,16.17
2013-06-25,790.1,28467.1,2628.29,0.0,25.19,14.67
2013-06-26,821.53,28720.1,2628.4,0.0,19.82,7.94
2013-06-27,866.79,29000.2,2628.53,5.81,18.37,5.68
2013-06-28,923.14,29314.1,2628.67,0.0,18.47,7.58
2013-06-29,863.2,29592.0,2628.79,7.27,19.58,9.14
2013-06-30,943.31,29918.1,2628.93,0.0,20.17,8.49
2013-07-01,1024.5,30292.8,2629.1,5.05,17.84,6.84
2013-07-02,1047.08,30681.1,2629.28,0.0,15.14,2.76
2013-07-03,973.15,31025.0,2629.43,0.0,8.07,-1.62
2013-07-04,1163.4,31483.0,2629.63,10.19,4.95,-4.74
2013-07-05,1168.83,31944.4,2629.84,0.0,10.12,-2.32
2013-07-06,953.57,32276.5,2629.99,0.0,11.27,0.65
2013-07-07,974.05,32621.0,2630.14,0.0,12.64,3.96
2013-07-08,946.71,32949.1,2630.29,0.0,19.55,9.21
2013-07-09,825.18,33204.2,2630.4,0.0,20.51,6.6
2013-07-10,794.11,33440.7,2630.51,0.0,14.63,5.1
2013-07-11,911.65,33747.7,2630.64,6.52,19.22,5.08
2013-07-12,910.72,34054.2,2630.78,0.49,23.38,11.83
2013-07-13,778.84,34281.5,2630.88,0.89,22.52,12.35
2013-07-14,802.19,34522.8,2630.99,0.0,22.97,10.14
2013-07-15,774.84,34747.8,2631.09,4.68,18.72,7.85
2013-07-16,829.53,35005.5,2631.2,0.0,20.49,7.73
2013-07-17,837.97,35268.3,2631.32,2.79,22.12,10.44
2013-07-18,736.44,35470.2,2631.41,0.0,21.85,11.45
2013-07-19,736.64,35672.2,2631.5,0.0,20.24,6.91
2013-07-20,789.59,35906.0,2631.61,0.0,20.44,10.87
2013-07-21,748.66,36115.2,2631.7,0.0,19.15,8.35
2013-07-22,736.16,36317.0,2631.79,0.0,24.73,12.67
2013-07-23,862.04,36594.2,2631.91,0.66,24.79,12.89
2013-07-24,948.76,36923.5,2632.06,0.0,26.7,16.13
2013-07-25,988.74,37276.8,2632.22,10.16,27.41,15.0
2013-07-26,948.1,37605.6,2632.37,0.0,24.45,16.04
2013-07-27,739.92,37809.6,2632.46,0.0,21.18,8.6
2013-07-28,788.69,38042.9,2632.56,0.0,24.42,11.46
2013-07-29,837.4,38305.3,2632.68,0.0,26.6,14.18
2013-07-30,731.45,38504.2,2632.77,0.0,21.62,11.83
2013-07-31,672.62,38667.8,2632.84,0.63,25.76,14.66
2013-08-01,649.03,38817.3,2632.91,0.0,23.44,13.84
2013-08-02,638.47,38960.4,2632.97,5.81,20.35,9.99
2013-08-03,634.04,39100.9,2633.03,0.0,18.41,10.31
2013-08-04,606.4,39224.7,2633.09,0.0,21.83,10.32
2013-08-05,670.99,39387.3,2633.16,9.5,24.28,13.18
2013-08-06,586.78,39499.4,2633.21,0.0,24.26,15.0
2013-08-07,629.83,39637.4,2633.27,3.02,25.29,16.32
2013-08-08,642.89,39783.1,2633.34,0.0,20.77,10.53
2013-08-09,581.14,39891.8,2633.39,0.0,17.21,6.0
2013-08-10,528.22,39968.8,2633.42,0.0,14.96,4.76
2013-08-11,508.27,40033.8,2633.45,0.0,16.94,7.15
2013-08-12,443.27,40059.8,2633.46,0.0,17.4,5.6
2013-08-13,422.49,40073.3,2633.47,0.0,14.6,5.69
2013-08-14,454.99,40106.3,2633.48,6.36,16.58,6.48
2013-08-15,442.46,40131.8,2633.49,0.74,17.64,7.11
2013-08-16,425.56,40147.2,2633.5,0.0,18.98,9.85
2013-08-17,444.86,40174.1,2633.51,0.0,21.55,10.66
2013-08-18,402.41,40175.6,2633.51,0.0,13.14,2.62
2013-08-19,401.81,40176.7,2633.51,0.0,16.69,5.6
2013-08-20,375.48,40162.0,2633.51,0.0,11.2,0.96
2013-08-21,422.4,40175.5,2633.51,7.42,14.93,4.12
2013-08-22,413.59,40183.7,2633.52,0.0,16.39,5.48
2013-08-23,378.71,40170.9,2633.51,0.0,15.78,6.73
2013-08-24,393.21,40166.9,2633.51,0.0,18.45,6.04
2013-08-25,367.82,40147.6,2633.5,0.1,16.7,6.96
2013-08-26,314.14,40096.1,2633.48,0.0,16.15,6.25
2013-08-27,300.01,40036.2,2633.45,0.0,15.9,4.53
2013-08-28,291.56,39971.1,2633.42,0.0,19.23,9.14
2013-08-29,282.08,39900.4,2633.39,0.0,21.17,8.51
2013-08-30,258.22,39815.4,2633.35,0.0,11.73,3.01
2013-08-31,294.13,39751.9,2633.32,0.0,7.48,-4.27
2013-09-01,296.69,39689.9,2633.3,0.0,10.1,-1.73
2013-09-02,264.73,39608.8,2633.26,0.0,12.18,4.15
2013-09-03,284.77,39539.7,2633.23,0.0,20.7,9.77
2013-09-04,249.09,39449.2,2633.19,0.0,18.24,6.22
2013-09-05,239.13,39352.7,2633.14,0.0,20.87,9.84
2013-09-06,241.32,39257.5,2633.1,0.0,17.42,4.36
2013-09-07,214.88,39146.5,2633.05,0.0,18.93,7.62
2013-09-08,201.12,39027.2,2633.0,0.0,20.85,9.88
2013-09-09,195.9,38904.7,2632.94,0.0,16.45,3.53
2013-09-10,200.71,38785.2,2632.89,0.0,17.3,7.38
2013-09-11,212.43,38672.7,2632.84,0.0,20.21,10.7
2013-09-12,241.72,38577.7,2632.8,0.0,17.87,7.87
2013-09-13,224.25,38472.3,2632.75,0.0,17.05,4.17
2013-09-14,247.07,38380.6,2632.71,0.0,16.19,5.48
2013-09-15,259.99,38296.6,2632.67,0.0,16.38,5.54
2013-09-16,220.67,38189.0,2632.63,0.93,18.81,5.79
2013-09-17,214.23,38077.6,2632.58,0.0,14.59,2.12
2013-09-18,218.65,37968.8,2632.53,0.0,9.44,-2.01
2013-09-19,195.38,37846.1,2632.47,0.0,11.39,1.38
2013-09-20,208.74,37731.3,2632.42,0.0,9.34,-1.35
2013-09-21,193.9,37607.7,2632.37,0.0,10.86,3.28
2013-09-22,230.2,37505.9,2632.32,0.0,10.88,-1.31
2013-09-23,226.63,37401.9,2632.27,0.0,12.48,1.48
2013-09-24,223.96,37296.3,2632.23,0.0,15.02,2.95
2013-09-25,210.35,37182.5,2632.18,0.0,5.83,-4.9
2013-09-26,189.02,37055.9,2632.12,0.0,7.4,-6.81
2013-09-27,203.54,36938.1,2632.07,0.0,6.18,-3.33
2013-09-28,209.87,36824.0,2632.02,0.0,10.6,-0.83
2013-09-29,195.03,36701.1,2631.96,0.0,17.52,5.57
2013-09-30,203.38,36583.2,2631.91,0.0,12.92,2.0
2013-10-01,214.12,36471.7,2631.86,0.0,14.76,2.54
2013-10-02,180.63,36340.1,2631.8,0.0,11.61,0.87
2013-10-03,164.74,36198.9,2631.74,0.0,8.69,-5.9
2013-10-04,188.34,36072.0,2631.68,0.0,4.49,-6.64
2013-10-05,193.6,35948.1,2631.63,0.0,9.16,-1.75
2013-10-06,170.57,35810.5,2631.56,0.0,10.34,-0.75
2013-10-07,172.24,35673.9,2631.5,0.0,8.51,-1.78
2013-10-08,197.75,35552.6,2631.45,0.65,5.38,-5.7
2013-10-09,191.19,35427.3,2631.39,0.0,8.13,-6.48
2013-10-10,210.17,35313.4,2631.34,0.0,8.8,-0.23
2013-10-11,229.03,35210.9,2631.3,0.0,5.33,-5.49
2013-10-12,241.48,35115.8,2631.25,0.0,6.48,-5.14
2013-10-13,271.01,35038.4,2631.22,0.0,8.78,-1.13
2013-10-14,305.38,34981.7,2631.19,0.0,9.04,-3.31
2013-10-15,307.25,34926.1,2631.17,0.0,10.08,-2.91
2013-10-16,303.69,34868.3,2631.14,0.0,10.62,-1.18
2013-10-17,330.36,34826.6,2631.13,0.0,7.34,-5.45
2013-10-18,304.74,34769.4,2631.1,0.0,8.83,-2.67
2013-10-19,262.25,34686.8,2631.06,0.0,7.04,-2.5
2013-10-20,294.66,34623.6,2631.03,0.0,13.43,1.13
2013-10-21,292.61,34559.2,2631.01,0.0,8.86,-2.7
2013-10-22,271.24,34482.0,2630.97,0.0,7.98,-2.36
2013-10-23,275.41,34407.3,2630.94,0.0,2.77,-7.48
2013-10-24,275.36,34332.5,2630.9,0.0,4.7,-7.34
2013-10-25,293.93,34268.9,2630.88,0.0,4.55,-9.73
2013-10-26,299.09,34208.4,2630.85,0.0,9.01,-1.8
2013-10-27,314.82,34157.3,2630.83,0.0,4.16,-5.95
2013-10-28,332.9,34117.1,2630.81,0.0,2.88,-6.64
2013-10-29,411.21,34123.8,2630.81,0.0,1.92,-9.09
2013-10-30,370.11,34105.9,2630.8,0.0,1.38,-12.05
2013-10-31,324.11,34060.4,2630.78,0.0,1.25,-10.53
2013-11-01,317.01,34010.6,2630.76,0.0,6.03,-3.72
2013-11-02,311.56,33957.6,2630.74,0.0,12.04,4.2
2013-11-03,348.48,33926.7,2630.72,5.63,10.81,-0.42
2013-11-04,337.5,33889.3,2630.71,0.0,9.77,-0.12
2013-11-05,350.06,33859.3,2630.69,0.0,5.87,-4.26
2013-11-06,332.2,33818.7,2630.68,0.0,-1.22,-9.55
2013-11-07,336.25,33780.4,2630.66,0.0,-3.26,-11.76
2013-11-08,317.81,33731.2,2630.64,0.0,-6.83,-16.36
2013-11-09,300.02,33671.2,2630.61,0.0,-3.23,-15.5
2013-11-10,320.2,33623.3,2630.59,0.0,-1.91,-9.44
2013-11-11,285.59,33554.7,2630.56,0.0,-1.9,-13.97
2013-11-12,247.09,33463.0,2630.52,0.0,1.42,-9.67
2013-11-13,288.48,33396.1,2630.49,0.0,2.02,-11.8
2013-11-14,338.13,33359.0,2630.47,0.0,0.46,-9.56
2013-11-15,319.96,33311.0,2630.45,0.0,3.56,-10.95
2013-11-16,320.57,33263.4,2630.43,0.0,-0.99,-10.04
2013-11-17,320.5,33215.7,2630.41,0.0,6.4,-4.58
2013-11-18,334.43,33176.4,2630.39,0.0,1.37,-10.64
2013-11-19,329.15,33133.9,2630.37,0.0,1.61,-8.62
2013-11-20,303.84,33076.3,2630.34,0.0,0.69,-11.21
2013-11-21,291.49,33011.2,2630.32,0.24,0.27,-9.93
2013-11-22,254.25,32923.8,2630.28,0.0,-1.24,-13.42
2013-11-23,247.67,32832.4,2630.24,0.0,-4.27,-15.32
2013-11-24,248.15,32741.3,2630.19,0.0,-3.79,-15.22
2013-11-25,264.8,32660.2,2630.16,0.0,-4.33,-16.41
2013-11-26,245.05,32567.3,2630.12,0.0,-1.57,-14.27
2013-11-27,235.8,32468.8,2630.07,0.0,-3.95,-14.15
2013-11-28,212.92,32356.6,2630.02,0.0,-6.23,-17.53
2013-11-29,208.65,32241.8,2629.97,0.0,-7.62,-17.45
2013-11-30,220.84,32134.3,2629.92,0.0,-7.91,-20.39
2013-12-01,255.57,32047.7,2629.89,0.0,-7.35,-16.85
2013-12-02,266.69,31967.7,2629.85,0.0,-5.74,-17.77
2013-12-03,288.97,31901.1,2629.82,0.0,-1.31,-11.61
2013-12-04,266.13,31820.9,2629.78,0.0,-2.38,-12.08
2013-12-05,259.49,31736.6,2629.75,0.0,-0.03,-13.71
2013-12-06,261.4,31653.4,2629.71,0.0,0.29,-12.95
2013-12-07,286.26,31585.2,2629.68,0.0,5.33,-7.63
2013-12-08,280.73,31513.7,2629.65,0.0,2.87,-8.2
2013-12-09,280.93,31442.3,2629.62,0.0,-1.04,-8.44
2013-12-10,272.83,31366.0,2629.58,3.07,0.46,-9.09
2013-12-11,331.2,31324.8,2629.56,7.53,-4.1,-13.13
2013-12-12,302.35,31266.2,2629.54,4.74,-5.03,-13.59
2013-12-13,311.62,31213.2,2629.51,0.0,-7.98,-15.61
2013-12-14,274.34,31137.8,2629.48,0.0,-6.84,-16.59
2013-12-15,319.55,31089.6,2629.46,0.0,-5.7,-18.28
2013-12-16,295.26,31026.8,2629.43,0.0,-6.72,-16.43
2013-12-17,270.39,30949.0,2629.39,0.0,-6.51,-17.7
2013-12-18,250.08,30859.1,2629.35,0.0,-8.12,-17.33
2013-12-19,268.54,30780.3,2629.32,4.36,-4.61,-17.32
2013-12-20,255.95,30693.9,2629.28,0.0,-4.09,-16.09
2013-12-21,247.14,30602.2,2629.24,0.0,-3.78,-16.16
2013-12-22,251.31,30513.0,2629.2,0.0,-0.98,-12.82
2013-12-23,250.64,30423.4,2629.16,0.0,-4.61,-13.34
2013-12-24,256.02,30337.0,2629.12,0.0,-3.71,-13.61
2013-12-25,248.3,30246.0,2629.08,0.0,-6.5,-15.17
2013-12-26,270.82,30168.6,2629.05,0.0,-2.08,-15.0
2013-12-27,246.26,30076.4,2629.01,0.0,-3.16,-15.43
2013-12-28,252.94,29988.1,2628.97,0.0,-4.21,-14.27
2013-12-29,260.56,29904.5,2628.93,0.0,-1.58,-10.04
2013-12-30,239.46,29808.2,2628.89,0.0,-4.19,-10.47
2013-12-31,218.76,29699.5,2628.84,0.0,0.4,-11.02
2014-01-01,208.39,29584.6,2628.79,0.0,-3.28,-12.66
2014-01-02,221.88,29477.7,2628.74,0.0,-5.71,-18.13
2014-01-03,241.25,29382.5,2628.7,0.0,-8.3,-19.79
2014-01-04,212.63,29270.1,2628.65,0.0,-11.39,-19.5
2014-01-05,216.83,29160.2,2628.6,0.0,-10.62,-22.36
2014-01-06,230.2,29058.4,2628.55,0.0,-10.5,-21.44
2014-01-07,211.67,28945.4,2628.5,0.0,-9.0,-17.91
2014-01-08,236.27,28847.2,2628.46,0.0,-5.78,-18.12
2014-01-09,199.63,28727.0,2628.4,0.0,-1.96,-13.71
2014-01-10,207.21,28611.3,2628.35,0.0,-0.69,-13.01
2014-01-11,201.16,28492.1,2628.3,0.0,-3.04,-12.4
2014-01-12,191.96,28367.3,2628.24,0.0,-1.83,-14.57
2014-01-13,203.13,28249.2,2628.19,0.0,-5.87,-16.01
2014-01-14,210.81,28135.7,2628.14,0.0,-6.93,-16.39
2014-01-15,199.45,28015.4,2628.09,0.0,-4.46,-14.46
2014-01-16,194.6,27892.2,2628.03,0.0,-7.13,-18.69
2014-01-17,199.96,27772.2,2627.98,0.0,-4.24,-14.68
2014-01-18,190.82,27646.7,2627.92,0.0,-3.86,-15.97
2014-01-19,177.21,27513.1,2627.86,0.0,-8.86,-20.01
2014-01-20,185.75,27384.5,2627.8,0.0,-8.18,-17.89
2014-01-21,194.21,27261.1,2627.75,0.0,-3.46,-12.29
2014-01-22,193.77,27137.4,2627.69,0.0,-1.93,-14.77
2014-01-23,209.0,27022.8,2627.64,0.0,-2.99,-16.59
2014-01-24,221.07,26915.5,2627.6,0.0,-3.51,-15.97
2014-01-25,242.96,26821.3,2627.55,0.0,-3.08,-14.51
2014-01-26,235.13,26722.4,2627.51,0.0,-9.68,-21.65
2014-01-27,270.39,26644.7,2627.47,0.0,-7.76,-17.57
2014-01-28,272.69,26568.3,2627.44,0.0,-5.5,-19.26
2014-01-29,270.77,26490.8,2627.41,0.0,-0.12,-12.51
2014-01-30,261.02,26407.4,2627.37,0.0,1.4,-8.66
2014-01-31,265.04,26326.5,2627.33,0.0,-2.65,-12.72
2014-02-01,251.15,26237.2,2627.29,0.0,-0.49,-14.14
2014-02-02,240.5,26141.5,2627.25,0.0,-0.92,-14.64
2014-02-03,242.84,26047.3,2627.21,0.0,0.7,-11.21
2014-02-04,245.88,25954.8,2627.17,0.0,-1.5,-12.22
2014-02-05,253.26,25866.8,2627.13,0.0,-8.1,-19.67
2014-02-06,235.38,25768.1,2627.08,0.0,-4.21,-15.08
2014-02-07,264.39,25686.7,2627.05,0.0,-10.82,-20.86
2014-02-08,251.21,25597.5,2627.01,0.0,-11.93,-23.24
2014-02-09,233.71,25497.7,2626.96,0.0,-8.03,-21.19
2014-02-10,307.3,25442.2,2626.94,13.54,-13.02,-23.49
2014-02-11,266.36,25362.0,2626.9,0.0,-6.46,-18.26
2014-02-12,291.87,25297.1,2626.87,6.65,-5.12,-14.5
2014-02-13,309.81,25243.1,2626.85,7.85,-0.73,-12.91
2014-02-14,283.81,25173.4,2626.82,3.69,2.35,-9.32
2014-02-15,298.65,25112.6,2626.79,0.0,-3.67,-12.57
2014-02-16,272.6,25036.2,2626.76,0.0,-1.37,-9.54
2014-02-17,248.75,24945.5,2626.72,0.0,-0.75,-13.64
2014-02-18,261.87,24862.6,2626.68,2.63,-5.53,-15.02
2014-02-19,238.8,24765.9,2626.64,0.0,-7.65,-19.69
2014-02-20,246.19,24673.7,2626.59,0.0,-4.84,-15.44
2014-02-21,240.3,24577.9,2626.55,0.0,-0.93,-12.02
2014-02-22,278.01,24504.7,2626.52,4.03,-5.95,-16.5
2014-02-23,256.41,24418.6,2626.48,0.0,-7.32,-17.75
2014-02-24,241.26,24323.4,2626.44,0.0,-3.78,-13.45
2014-02-25,213.77,24211.7,2626.39,0.0,-1.65,-12.49
2014-02-26,212.17,24099.0,2626.34,0.0,0.13,-9.94
2014-02-27,209.98,23985.0,2626.29,0.0,-1.43,-11.99
2014-02-28,200.7,23865.5,2626.23,0.0,-1.57,-12.15
2014-03-01,191.67,23740.5,2626.18,0.0,-1.64,-9.16
2014-03-02,186.21,23612.2,2626.12,0.0,-0.95,-10.45
2014-03-03,171.47,23475.1,2626.06,0.0,1.23,-10.78
2014-03-04,167.77,23335.8,2626.0,0.0,5.8,-6.9
2014-03-05,183.81,23206.2,2625.94,0.0,2.93,-10.2
2014-03-06,203.25,23088.1,2625.89,0.0,0.77,-8.69
2014-03-07,217.17,22978.5,2625.84,0.0,1.82,-9.35
2014-03-08,220.39,22870.7,2625.79,0.0,-0.37,-11.64
2014-03-09,208.05,22755.6,2625.74,0.0,1.62,-7.35
2014-03-10,211.85,22642.7,2625.69,0.0,5.52,-6.77
2014-03-11,239.43,22546.4,2625.65,5.83,-2.93,-14.23
2014-03-12,240.25,22450.6,2625.6,0.0,-1.8,-12.51
2014-03-13,218.82,22341.9,2625.55,0.33,-2.8,-13.79
2014-03-14,210.21,22228.1,2625.5,0.0,0.79,-12.6
2014-03-15,196.97,22106.3,2625.45,2.85,1.45,-9.07
2014-03-16,178.11,21973.2,2625.39,0.0,6.44,-1.62
2014-03-17,156.02,21826.8,2625.32,0.0,5.98,-4.55
2014-03-18,157.41,21681.3,2625.26,0.0,3.01,-6.78
2014-03-19,160.58,21537.6,2625.2,0.0,1.11,-9.6
2014-03-20,168.95,21399.0,2625.13,0.0,3.9,-5.84
2014-03-21,170.34,21261.3,2625.07,0.23,0.5,-12.88
2014-03-22,157.51,21115.8,2625.01,0.0,4.92,-5.16
2014-03-23,188.1,20988.7,2624.95,0.0,6.51,-3.37
2014-03-24,187.55,20861.3,2624.89,0.0,2.96,-5.15
2014-03-25,211.76,20748.3,2624.84,0.0,7.77,-5.77
2014-03-26,189.73,20622.2,2624.79,0.0,8.19,-0.75
2014-03-27,186.01,20493.8,2624.73,0.0,8.89,-4.29
2014-03-28,184.94,20364.8,2624.67,0.0,9.93,-1.81
2014-03-29,195.42,20242.1,2624.62,0.0,7.06,-2.77
2014-03-30,191.05,20116.8,2624.56,0.14,4.06,-7.45
2014-03-31,191.16,19991.5,2624.51,0.0,6.94,-1.1
2014-04-01,214.35,19880.1,2624.46,0.0,5.17,-6.58
2014-04-02,236.41,19782.0,2624.41,2.11,8.91,-3.19
2014-04-03,243.67,19688.2,2624.37,0.03,9.73,-3.28
2014-04-04,246.41,19596.1,2624.33,0.45,6.92,-8.48
2014-04-05,230.02,19494.2,2624.28,0.09,4.33,-7.01
2014-04-06,232.36,19393.6,2624.24,0.0,1.56,-9.11
2014-04-07,268.14,19314.5,2624.2,2.11,-2.62,-14.3
2014-04-08,282.79,19244.2,2624.17,0.0,1.81,-10.43
2014-04-09,301.28,19185.0,2624.15,0.0,6.72,-4.2
2014-04-10,352.34,19156.4,2624.13,10.02,3.07,-8.22
2014-04-11,339.81,19120.4,2624.12,0.37,2.44,-11.06
2014-04-12,326.86,19076.5,2624.1,1.6,8.12,-2.41
2014-04-13,320.13,19028.6,2624.08,0.0,7.35,-1.41
2014-04-14,241.91,18933.8,2624.03,0.0,8.63,-4.2
2014-04-15,236.81,18835.9,2623.99,0.0,14.67,1.01
2014-04-16,256.08,18749.6,2623.95,0.0,11.4,0.49
2014-04-17,254.77,18662.5,2623.91,0.0,9.83,0.43
2014-04-18,273.67,18586.7,2623.88,0.0,9.63,0.07
2014-04-19,259.34,18502.3,2623.84,0.0,8.62,-3.35
2014-04-20,257.55,18416.9,2623.8,0.0,9.81,-2.25
2014-04-21,259.83,18332.8,2623.77,0.0,11.4,-0.24
2014-04-22,248.58,18242.0,2623.72,0.0,10.05,-0.72
2014-04-23,292.43,18177.5,2623.7,0.15,12.93,3.34
2014-04-24,297.56,18116.0,2623.67,0.0,16.82,2.54
2014-04-25,327.31,18072.4,2623.65,0.0,5.78,-5.88
2014-04-26,316.19,18022.2,2623.63,0.0,4.53,-6.71
2014-04-27,360.74,17998.7,2623.62,0.0,2.57,-10.75
2014-04-28,447.73,18027.3,2623.63,0.0,2.16,-5.68
2014-04-29,474.59,18072.1,2623.65,0.0,7.92,-1.67
2014-04-30,529.38,18149.8,2623.68,0.04,10.19,-0.89
2014-05-01,522.77,18223.5,2623.72,0.0,7.36,-1.58
2014-05-02,525.98,18299.1,2623.75,0.0,13.14,1.03
2014-05-03,497.76,18357.8,2623.78,0.0,13.25,3.77
2014-05-04,515.52,18427.1,2623.81,0.0,13.71,4.34
2014-05-05,535.46,18508.4,2623.84,1.05,16.68,5.04
2014-05-06,495.86,18565.9,2623.87,0.0,17.56,5.96
2014-05-07,481.93,18615.1,2623.89,0.0,15.9,6.27
2014-05-08,477.2,18661.5,2623.91,0.0,15.34,5.06
2014-05-09,507.23,18725.9,2623.94,0.0,15.32,1.36
2014-05-10,535.98,18807.5,2623.98,1.89,15.19,3.98
2014-05-11,554.8,18900.4,2624.02,0.0,12.95,0.09
2014-05-12,580.55,19008.7,2624.07,0.16,12.26,1.21
2014-05-13,642.83,19154.5,2624.13,0.04,9.43,1.6
2014-05-14,616.56,19284.4,2624.19,0.0,12.81,-1.87
2014-05-15,659.53,19440.2,2624.26,0.0,12.12,1.48
2014-05-16,664.94,19599.2,2624.33,0.0,11.97,0.36
2014-05-17,560.11,19695.3,2624.37,0.0,13.2,1.67
2014-05-18,564.41,19793.9,2624.42,0.0,16.25,3.97
2014-05-19,587.96,19906.7,2624.47,1.77,15.31,4.61
2014-05-20,544.27,19993.3,2624.51,0.59,16.85,2.83
2014-05-21,491.76,20048.4,2624.53,0.47,13.38,1.14
2014-05-22,492.53,20103.9,2624.56,0.0,10.41,1.25
2014-05-23,555.89,20197.5,2624.6,3.21,10.15,-0.19
2014-05-24,433.57,20217.7,2624.61,0.0,11.91,0.72
2014-05-25,442.75,20243.4,2624.62,0.0,16.96,5.57
2014-05-26,492.86,20299.1,2624.64,0.0,17.93,5.95
2014-05-27,514.56,20367.9,2624.67,0.0,21.34,7.03
2014-05-28,596.3,20485.7,2624.73,0.51,18.08,6.99
2014-05-29,644.83,20632.6,2624.79,0.0,17.08,6.78
2014-05-30,687.42,20805.1,2624.87,0.0,19.77,6.61
2014-05-31,649.1,20954.6,2624.94,0.0,18.63,7.28
2014-06-01,690.69,21129.0,2625.01,0.0,15.1,3.58
2014-06-02,674.34,21293.6,2625.09,0.0,18.59,5.81
2014-06-03,706.4,21477.5,2625.17,0.0,17.19,5.31
2014-06-04,709.58,21663.3,2625.25,0.0,13.71,3.98
2014-06-05,807.59,21907.9,2625.36,4.74,17.01,5.57
2014-06-06,834.38,22168.5,2625.48,0.0,18.79,5.21
2014-06-07,855.42,22441.8,2625.6,0.0,23.26,12.23
2014-06-08,818.41,22692.9,2625.71,0.0,19.69,9.4
2014-06-09,787.5,22925.4,2625.81,0.0,16.18,8.12
2014-06-10,799.89,23165.4,2625.92,0.0,21.47,8.36
2014-06-11,818.45,23416.5,2626.03,0.0,18.0,6.65
2014-06-12,950.2,23746.6,2626.18,1.61,17.52,5.7
2014-06-13,884.61,24037.4,2626.31,0.0,21.01,11.59
2014-06-14,924.86,24352.3,2626.45,0.0,17.11,7.27
2014-06-15,909.71,24658.2,2626.59,2.16,15.89,4.17
2014-06-16,915.99,24967.8,2626.73,0.0,15.57,3.51
2014-06-17,761.32,25184.6,2626.82,0.0,18.8,6.72
2014-06-18,737.36,25387.1,2626.91,0.0,18.51,7.64
2014-06-19,718.7,25578.3,2627.0,0.0,18.11,6.05
2014-06-20,638.4,25721.4,2627.06,0.06,21.1,9.49
2014-06-21,627.4,25857.9,2627.12,0.0,26.53,14.03
2014-06-22,687.2,26030.2,2627.2,0.0,22.21,10.91
2014-06-23,655.86,26183.8,2627.27,0.0,25.25,11.14
2014-06-24,722.01,26377.0,2627.35,0.0,25.58,14.24
2014-06-25,687.71,26549.6,2627.43,0.0,21.34,8.25
2014-06-26,693.99,26726.1,2627.51,2.96,21.62,8.39
2014-06-27,647.73,26874.7,2627.58,0.0,19.08,10.11
2014-06-28,688.06,27047.6,2627.65,3.21,17.0,7.96
2014-06-29,618.59,27178.8,2627.71,1.32,21.41,9.64
2014-06-30,726.34,27374.6,2627.8,5.48,24.29,12.71
2014-07-01,706.8,27558.7,2627.88,3.66,22.85,13.7
2014-07-02,749.16,27768.2,2627.98,0.0,23.28,10.96
2014-07-03,665.62,27927.6,2628.05,0.0,20.65,9.15
2014-07-04,667.97,28088.5,2628.12,0.0,20.6,10.56
2014-07-05,711.48,28275.4,2628.2,0.0,25.24,15.1
2014-07-06,667.34,28435.8,2628.27,0.0,22.12,10.94
2014-07-07,606.84,28559.9,2628.33,0.0,16.89,5.46
2014-07-08,777.04,28786.2,2628.43,0.0,26.92,15.2
2014-07-09,806.51,29030.1,2628.54,0.0,24.76,13.96
2014-07-10,910.27,29336.3,2628.68,2.91,24.06,12.1
2014-07-11,797.54,29574.9,2628.78,0.0,20.59,8.87
2014-07-12,800.74,29815.3,2628.89,0.0,20.19,8.56
2014-07-13,891.66,30110.4,2629.02,0.0,18.25,7.23
2014-07-14,994.93,30467.3,2629.18,0.56,23.22,10.55
2014-07-15,969.22,30808.9,2629.33,0.0,22.16,10.86
2014-07-16,830.12,31067.0,2629.45,0.0,17.83,7.39
2014-07-17,887.37,31359.5,2629.58,3.93,14.9,3.71
2014-07-18,906.89,31663.6,2629.71,0.0,18.4,9.32
2014-07-19,947.92,31992.4,2629.86,0.86,19.41,8.94
2014-07-20,978.35,32339.4,2630.02,0.0,19.16,8.39
2014-07-21,955.84,32673.0,2630.16,0.0,15.38,3.34
2014-07-22,998.24,33031.9,2630.32,0.01,15.21,5.91
2014-07-23,949.52,33361.7,2630.47,0.0,20.73,10.1
2014-07-24,1115.99,33791.3,2630.66,3.34,19.89,4.87
2014-07-25,1068.61,34192.5,2630.84,0.0,22.23,11.74
2014-07-26,1238.18,34695.4,2631.07,5.99,21.51,7.83
2014-07-27,1083.29,35105.4,2631.25,0.0,20.29,9.84
2014-07-28,1058.56,35500.6,2631.43,1.98,20.89,13.05
2014-07-29,1080.84,35909.1,2631.61,0.0,23.29,13.17
2014-07-30,1024.14,36283.6,2631.78,0.24,24.21,14.68
2014-07-31,1032.95,36663.4,2631.94,0.0,29.52,17.9
2014-08-01,894.53,36960.2,2632.08,0.07,24.92,16.46
2014-08-02,941.07,37284.9,2632.22,2.53,30.41,17.55
2014-08-03,891.25,37579.6,2632.35,0.0,28.87,17.27
2014-08-04,767.86,37800.4,2632.45,0.91,25.38,16.41
2014-08-05,693.11,37976.3,2632.53,0.0,20.96,10.85
2014-08-06,665.69,38135.7,2632.6,0.0,19.98,9.86
2014-08-07,672.75,38299.4,2632.67,9.42,20.78,8.98
2014-08-08,770.03,38521.4,2632.77,11.0,21.42,10.38
2014-08-09,616.37,38651.3,2632.83,2.01,18.82,10.22
2014-08-10,647.44,38799.8,2632.9,2.66,18.21,4.8
2014-08-11,561.21,38896.5,2632.94,0.0,17.8,7.07
2014-08-12,535.58,38977.9,2632.98,0.0,13.86,1.76
2014-08-13,507.8,39042.6,2633.01,0.0,11.23,0.43
2014-08-14,442.65,39068.2,2633.02,0.0,13.57,2.6
2014-08-15,449.13,39097.7,2633.03,0.0,12.0,0.48
2014-08-16,383.97,39088.2,2633.03,0.0,9.63,-2.47
2014-08-17,268.67,39009.4,2632.99,0.0,11.16,-1.55
2014-08-18,243.37,38915.4,2632.95,0.0,13.16,-0.04
2014-08-19,276.38,38841.3,2632.92,0.0,12.73,2.73
2014-08-20,293.24,38777.3,2632.89,0.0,10.96,1.38
2014-08-21,304.48,38720.0,2632.86,0.0,13.93,3.23
2014-08-22,286.28,38651.8,2632.83,0.62,17.45,6.68
2014-08-23,312.1,38599.1,2632.81,3.95,18.25,5.19
2014-08-24,300.29,38539.3,2632.78,0.0,20.58,7.56
2014-08-25,284.99,38470.3,2632.75,0.0,21.35,9.85
2014-08-26,275.05,38395.3,2632.72,0.0,19.09,9.41
2014-08-27,274.58,38320.1,2632.68,0.0,24.55,14.76
2014-08-28,244.19,38226.7,2632.64,0.0,20.38,9.83
2014-08-29,250.9,38137.2,2632.6,0.0,16.75,6.15
2014-08-30,256.38,38051.1,2632.56,0.0,15.55,2.95
2014-08-31,257.69,37965.7,2632.53,3.85,11.32,0.85
2014-09-01,280.64,37894.1,2632.49,4.03,12.61,4.42
2014-09-02,271.95,37817.3,2632.46,0.0,16.85,4.97
2014-09-03,316.06,37767.0,2632.44,0.0,12.14,0.96
2014-09-04,339.4,37730.7,2632.42,5.39,13.58,3.22
2014-09-05,324.98,37685.7,2632.4,0.0,18.45,6.58
2014-09-06,251.83,37596.8,2632.36,0.0,15.55,5.48
2014-09-07,238.59,37500.0,2632.32,0.0,13.66,2.26
2014-09-08,259.25,37415.6,2632.28,0.0,10.72,-2.4
2014-09-09,233.76,37315.9,2632.24,0.0,9.99,-1.68
2014-09-10,239.67,37219.7,2632.19,0.0,11.12,-0.53
2014-09-11,273.17,37143.6,2632.16,0.0,15.66,4.4
2014-09-12,292.56,37079.2,2632.13,0.0,14.97,4.32
2014-09-13,288.16,37012.1,2632.1,0.0,11.88,0.17
2014-09-14,265.84,36931.6,2632.06,0.0,14.63,1.69
2014-09-15,279.8,36859.5,2632.03,0.0,13.22,0.61
2014-09-16,274.41,36784.2,2632.0,0.0,6.01,-3.6
2014-09-17,271.14,36706.9,2631.96,0.0,8.14,-4.31
2014-09-18,263.4,36625.0,2631.93,0.0,5.77,-6.85
2014-09-19,286.04,36556.7,2631.9,0.0,6.03,-6.3
2014-09-20,315.91,36506.2,2631.87,0.0,4.92,-4.77
2014-09-21,285.49,36437.5,2631.84,0.0,10.23,0.12
2014-09-22,274.4,36362.2,2631.81,0.0,11.57,-2.03
2014-09-23,272.28,36285.6,2631.78,0.0,8.09,-1.49
2014-09-24,273.71,36209.9,2631.74,0.0,7.52,-1.65
2014-09-25,286.0,36141.5,2631.71,0.0,6.65,-2.79
2014-09-26,272.58,36065.1,2631.68,0.0,8.5,-2.32
2014-09-27,254.8,35978.0,2631.64,0.0,9.43,-0.06
2014-09-28,297.04,35916.2,2631.61,5.28,8.27,-3.6
2014-09-29,285.43,35847.5,2631.58,0.0,9.82,-1.1
2014-09-30,312.09,35794.8,2631.56,0.0,2.97,-9.03
2014-10-01,327.43,35751.3,2631.54,0.53,4.45,-6.11
2014-10-02,306.34,35695.1,2631.51,0.0,8.67,-2.75
2014-10-03,304.44,35637.8,2631.49,8.55,9.49,-1.04
2014-10-04,341.96,35603.0,2631.47,0.0,8.38,-0.77
2014-10-05,317.69,35553.7,2631.45,0.0,10.53,0.73
2014-10-06,298.92,35493.0,2631.42,0.0,10.23,-0.6
2014-10-07,302.73,35434.7,2631.4,0.0,12.47,2.71
2014-10-08,323.46,35388.8,2631.38,0.0,13.85,4.19
2014-10-09,385.69,35380.3,2631.37,13.3,16.01,2.69
2014-10-10,424.64,35395.1,2631.38,0.0,17.15,7.67
2014-10-11,350.36,35365.3,2631.37,0.0,16.52,2.85
2014-10-12,283.75,35295.6,2631.33,0.0,10.22,-2.02
2014-10-13,227.24,35192.0,2631.29,0.0,5.31,-4.07
2014-10-14,236.76,35094.0,2631.24,2.52,1.27,-11.43
2014-10-15,245.35,35001.3,2631.2,0.0,2.8,-7.03
2014-10-16,208.87,34886.6,2631.15,0.0,5.35,-4.33
2014-10-17,201.87,34767.8,2631.1,0.0,6.06,-6.32
2014-10-18,210.23,34654.0,2631.05,3.69,7.69,-5.39
2014-10-19,231.52,34552.9,2631.0,3.8,4.31,-5.36
2014-10-20,253.96,34465.3,2630.96,0.0,4.31,-6.82
2014-10-21,272.44,34388.8,2630.93,0.0,2.48,-10.57
2014-10-22,262.62,34306.4,2630.89,0.0,1.12,-8.32
2014-10-23,234.9,34207.4,2630.85,0.0,1.12,-11.24
2014-10-24,255.97,34121.0,2630.81,10.71,4.79,-7.39
2014-10-25,260.01,34037.0,2630.77,0.0,3.34,-8.16
2014-10-26,289.47,33970.7,2630.74,0.0,6.16,-7.02
2014-10-27,298.85,33910.0,2630.72,0.0,1.08,-9.54
2014-10-28,310.19,33856.2,2630.69,0.0,1.78,-11.17
2014-10-29,320.76,33808.7,2630.67,0.0,6.48,-3.6
2014-10-30,331.02,33767.3,2630.65,0.0,6.68,-2.03
2014-10-31,316.35,33717.2,2630.63,0.0,5.24,-2.89
2014-11-01,372.73,33700.8,2630.62,0.0,3.76,-5.01
2014-11-02,366.64,33680.8,2630.61,0.0,3.54,-8.58
2014-11-03,392.4,33676.3,2630.61,0.0,4.82,-6.26
2014-11-04,368.19,33657.2,2630.6,0.0,4.09,-8.61
2014-11-05,351.94,33628.4,2630.59,0.0,4.14,-5.95
2014-11-06,336.71,33590.5,2630.57,0.0,5.6,-4.01
2014-11-07,287.13,33522.8,2630.54,0.0,4.44,-5.28
2014-11-08,298.88,33462.2,2630.52,0.0,5.7,-7.07
2014-11-09,294.05,33398.6,2630.49,0.0,7.98,-3.83
2014-11-10,342.84,33364.3,2630.47,0.0,1.76,-9.08
2014-11-11,317.69,33315.0,2630.45,0.0,0.33,-10.18
2014-11-12,315.89,33264.5,2630.43,0.0,0.86,-12.36
2014-11-13,321.23,33217.3,2630.41,0.11,1.24,-10.24
2014-11-14,339.31,33180.9,2630.39,0.0,0.51,-12.73
2014-11-15,327.67,33137.6,2630.37,0.0,-2.42,-14.55
2014-11-16,278.86,33064.9,2630.34,0.0,-1.15,-9.77
2014-11-17,286.62,32996.9,2630.31,0.0,0.02,-10.85
2014-11-18,251.55,32907.9,2630.27,0.0,-2.22,-14.07
2014-11-19,269.76,32829.7,2630.23,0.0,-3.27,-14.39
2014-11-20,237.23,32732.1,2630.19,0.0,-2.61,-13.51
2014-11-21,240.57,32636.5,2630.15,0.0,-5.15,-15.8
2014-11-22,222.47,32530.0,2630.1,0.0,-1.91,-10.28
2014-11-23,192.59,32405.6,2630.04,0.0,-1.56,-14.37
2014-11-24,199.09,32285.1,2629.99,0.0,-6.42,-14.21
2014-11-25,185.78,32156.6,2629.93,0.0,-6.03,-13.48
2014-11-26,220.54,32048.9,2629.89,6.47,-6.06,-19.1
2014-11-27,210.86,31935.5,2629.84,0.0,-6.08,-17.04
2014-11-28,196.1,31813.1,2629.78,0.0,-0.63,-12.82
2014-11-29,182.28,31682.5,2629.72,0.0,-3.14,-14.23
2014-11-30,185.7,31554.0,2629.66,0.0,0.13,-10.28
2014-12-01,189.59,31427.8,2629.61,0.0,1.3,-10.27
2014-12-02,199.83,31307.7,2629.55,0.0,-1.42,-12.72
2014-12-03,203.03,31189.6,2629.5,0.0,0.86,-11.86
2014-12-04,205.97,31073.2,2629.45,0.0,-0.67,-11.97
2014-12-05,175.72,30938.6,2629.39,0.0,-7.55,-18.47
2014-12-06,208.39,30823.7,2629.34,0.0,-2.91,-16.41
2014-12-07,200.71,30704.1,2629.29,0.0,-5.95,-14.78
2014-12-08,200.11,30584.2,2629.23,0.0,-5.6,-16.62
2014-12-09,201.03,30464.9,2629.18,0.0,-3.01,-13.31
2014-12-10,220.55,30357.2,2629.13,0.0,-0.03,-11.36
2014-12-11,219.05,30248.7,2629.08,1.71,0.65,-11.63
2014-12-12,274.65,30173.5,2629.05,0.0,-1.83,-13.09
2014-12-13,286.75,30105.6,2629.02,0.0,-4.15,-16.19
2014-12-14,267.51,30026.1,2628.98,0.0,-3.73,-15.09
2014-12-15,242.75,29931.8,2628.94,0.0,-6.99,-17.83
2014-12-16,217.3,29822.2,2628.89,0.0,-2.19,-13.68
2014-12-17,214.49,29710.9,2628.84,0.18,1.51,-10.56
2014-12-18,196.3,29588.7,2628.79,0.0,2.18,-11.36
2014-12-19,185.23,29459.9,2628.73,0.0,-5.61,-17.89
2014-12-20,186.36,29331.7,2628.67,0.0,-6.2,-14.18
2014-12-21,200.58,29212.1,2628.62,0.0,-1.36,-12.27
2014-12-22,185.46,29083.4,2628.56,0.0,-3.28,-12.66
2014-12-23,183.96,28953.8,2628.5,0.0,0.18,-12.59
2014-12-24,222.07,28847.1,2628.46,0.0,-3.47,-17.03
2014-12-25,182.35,28716.6,2628.4,0.0,-3.99,-14.38
2014-12-26,189.2,28590.1,2628.34,0.0,-3.45,-14.94
2014-12-27,185.08,28461.2,2628.28,4.38,-9.58,-18.75
2014-12-28,182.63,28330.8,2628.23,0.0,-6.92,-16.12
2014-12-29,221.8,28223.9,2628.18,0.0,-7.14,-17.41
2014-12-30,228.56,28121.1,2628.13,0.0,-10.06,-17.83
2014-12-31,254.08,28033.5,2628.09,0.0,-5.57,-16.25
2015-01-01,244.68,27940.4,2628.05,0.0,-9.49,-17.37
2015-01-02,231.64,27839.4,2628.01,0.0,-3.63,-13.22
2015-01-03,250.6,27749.8,2627.97,0.0,-2.56,-12.48
2015-01-04,306.27,27693.6,2627.94,6.1,-5.25,-15.07
2015-01-05,295.32,27630.8,2627.91,0.0,-8.98,-18.47
2015-01-06,314.17,27579.3,2627.89,0.0,-6.82,-14.49
2015-01-07,310.53,27525.7,2627.87,0.0,-5.19,-14.71
2015-01-08,307.98,27470.5,2627.84,0.0,-2.41,-14.77
2015-01-09,298.38,27409.5,2627.82,0.0,-0.66,-11.88
2015-01-10,281.74,27338.6,2627.78,0.0,-2.14,-15.47
2015-01-11,270.44,27260.9,2627.75,0.0,-1.88,-12.05
2015-01-12,303.91,27203.3,2627.72,0.0,-3.69,-15.68
2015-01-13,343.38,27169.3,2627.71,0.0,-6.74,-17.16
2015-01-14,368.74,27150.6,2627.7,0.0,0.5,-12.78
2015-01-15,383.39,27140.7,2627.7,0.0,3.55,-8.07
2015-01-16,375.38,27125.9,2627.69,0.0,1.82,-8.45
2015-01-17,429.27,27143.5,2627.7,0.0,-1.9,-12.08
2015-01-18,439.42,27167.2,2627.71,0.0,-2.91,-13.5
2015-01-19,460.57,27203.6,2627.72,0.0,1.25,-11.07
2015-01-20,459.79,27239.5,2627.74,0.0,1.08,-10.06
2015-01-21,421.47,27252.4,2627.75,0.0,0.28,-11.17
2015-01-22,450.7,27282.8,2627.76,0.0,0.03,-13.46
2015-01-23,468.28,27323.8,2627.78,0.0,-0.8,-13.25
2015-01-24,466.66,27363.8,2627.8,0.0,1.57,-11.8
2015-01-25,473.83,27408.2,2627.81,0.0,-2.65,-14.26
2015-01-26,475.35,27453.4,2627.84,0.0,-4.54,-14.12
2015-01-27,448.12,27482.3,2627.85,0.0,-8.03,-21.22
2015-01-28,453.68,27514.5,2627.86,0.0,-9.44,-21.15
2015-01-29,437.9,27537.3,2627.87,0.0,-11.99,-21.35
2015-01-30,409.68,27543.1,2627.88,0.0,-7.4,-20.57
2015-01-31,407.2,27547.5,2627.88,2.27,-7.55,-16.81
2015-02-01,466.76,27587.6,2627.9,3.66,-5.89,-19.58
2015-02-02,404.26,27590.2,2627.9,0.0,-8.54,-19.52
2015-02-03,485.72,27641.6,2627.92,0.0,-4.88,-18.7
2015-02-04,469.57,27683.4,2627.94,0.0,-5.15,-15.29
2015-02-05,404.32,27686.0,2627.94,0.0,-6.36,-15.7
2015-02-06,473.46,27730.1,2627.96,0.0,-4.94,-14.55
2015-02-07,529.79,27808.0,2627.99,0.09,1.29,-7.97
2015-02-08,532.47,27887.5,2628.03,0.0,-3.53,-13.84
2015-02-09,521.21,27960.3,2628.06,0.0,-11.36,-22.24
2015-02-10,506.39,28024.1,2628.09,0.0,-10.29,-20.8
2015-02-11,563.18,28122.1,2628.13,9.3,-5.79,-17.74
2015-02-12,537.25,28204.5,2628.17,0.0,-0.47,-13.25
2015-02-13,494.81,28261.4,2628.2,0.52,-0.38,-14.07
2015-02-14,420.93,28274.0,2628.2,1.81,-5.35,-14.25
2015-02-15,423.5,28288.1,2628.21,0.0,-3.48,-14.67
2015-02-16,442.74,28313.8,2628.22,0.0,-1.57,-12.86
2015-02-17,427.54,28330.3,2628.23,0.0,-4.51,-17.09
2015-02-18,466.99,28370.5,2628.24,0.0,-6.68,-13.15
2015-02-19,431.88,28389.7,2628.25,0.0,-6.54,-15.04
2015-02-20,414.34,28398.3,2628.26,0.0,-5.18,-13.92
2015-02-21,403.71,28400.6,2628.26,1.41,-2.14,-12.5
2015-02-22,429.75,28418.5,2628.27,0.0,0.54,-11.33
2015-02-23,388.17,28411.4,2628.26,0.0,-4.88,-14.18
2015-02-24,419.74,28423.3,2628.27,0.0,-2.73,-13.64
2015-02-25,373.84,28407.6,2628.26,0.0,-2.89,-13.54
2015-02-26,362.24,28385.0,2628.25,0.0,-4.88,-15.22
2015-02-27,345.2,28352.1,2628.24,0.0,1.01,-10.56
2015-02-28,366.76,28332.2,2628.23,0.0,-4.16,-14.41
2015-03-01,346.16,28299.9,2628.21,0.0,-6.03,-18.19
2015-03-02,308.83,28245.2,2628.19,0.0,-7.8,-18.21
2015-03-03,296.88,28183.4,2628.16,0.55,-6.49,-15.6
2015-03-04,324.73,28138.3,2628.14,0.0,-2.04,-11.7
2015-03-05,368.5,28119.4,2628.13,0.0,-2.12,-10.75
2015-03-06,330.78,28077.9,2628.11,3.35,4.41,-7.62
2015-03-07,288.25,28010.9,2628.08,0.0,5.88,-6.35
2015-03-08,250.65,27921.3,2628.04,0.0,2.72,-5.74
2015-03-09,258.47,27836.4,2628.01,0.0,5.66,-3.72
2015-03-10,283.91,27766.8,2627.97,0.0,0.95,-9.06
2015-03-11,268.55,27687.9,2627.94,0.0,-0.46,-10.45
2015-03-12,217.69,27578.6,2627.89,0.0,-0.56,-12.64
2015-03-13,211.76,27465.6,2627.84,0.2,-2.89,-15.12
2015-03-14,210.61,27352.0,2627.79,0.0,-4.81,-17.38
2015-03-15,221.71,27245.1,2627.74,4.58,-8.18,-17.1
2015-03-16,251.53,27156.0,2627.7,4.61,-3.76,-14.08
2015-03-17,273.48,27080.2,2627.67,0.0,-2.86,-15.14
2015-03-18,220.45,26972.4,2627.62,0.0,1.26,-8.76
2015-03-19,186.02,26844.1,2627.56,0.0,-2.68,-12.8
2015-03-20,200.92,26724.7,2627.51,1.84,2.35,-8.58
2015-03-21,192.27,26600.1,2627.45,3.64,2.22,-10.79
2015-03-22,188.99,26473.5,2627.4,11.11,-3.14,-15.38
2015-03-23,226.87,26369.6,2627.35,17.23,1.8,-9.75
2015-03-24,219.67,26261.5,2627.3,0.0,7.04,-2.01
2015-03-25,225.3,26156.7,2627.26,0.0,7.48,-1.29
2015-03-26,229.55,26054.4,2627.21,0.0,5.56,-7.24
2015-03-27,240.39,25958.7,2627.17,0.0,0.56,-7.67
2015-03-28,258.09,25873.6,2627.13,5.03,0.05,-12.48
2015-03-29,230.38,25771.8,2627.08,0.0,-1.35,-13.16
2015-03-30,234.11,25672.3,2627.04,0.6,8.19,-2.99
2015-03-31,268.85,25593.7,2627.01,0.0,7.31,-3.48
2015-04-01,258.2,25508.6,2626.97,0.0,7.7,-2.61
2015-04-02,259.51,25424.3,2626.93,0.0,8.79,-3.6
2015-04-03,249.86,25334.3,2626.89,0.0,7.61,-2.51
2015-04-04,249.33,25243.9,2626.85,0.0,12.99,1.56
2015-04-05,312.55,25191.5,2626.83,8.53,5.77,-3.65
2015-04-06,278.59,25118.6,2626.79,0.0,7.69,-3.36
2015-04-07,256.41,25032.5,2626.75,0.0,7.77,-5.78
2015-04-08,262.8,24950.2,2626.72,0.0,4.4,-6.95
2015-04-09,232.07,24849.5,2626.67,0.0,11.0,2.96
2015-04-10,224.33,24744.1,2626.63,0.0,6.66,-9.29
2015-04-11,266.48,24664.0,2626.59,0.0,8.53,-2.32
2015-04-12,269.63,24585.9,2626.56,0.89,10.81,-0.66
2015-04-13,250.27,24496.0,2626.52,0.37,2.06,-5.87
2015-04-14,248.39,24405.1,2626.47,0.0,0.37,-11.35
2015-04-15,234.81,24306.0,2626.43,0.0,6.53,-5.64
2015-04-16,293.44,24242.1,2626.4,11.42,5.87,-4.5
2015-04-17,266.67,24162.1,2626.37,0.0,8.28,-3.39
2015-04-18,240.08,24066.2,2626.32,0.0,7.11,-4.0
2015-04-19,233.61,23966.4,2626.28,0.0,13.6,3.29
2015-04-20,258.91,23881.8,2626.24,0.0,9.62,-2.77
2015-04-21,295.61,23819.2,2626.21,0.96,12.45,1.89
2015-04-22,273.13,23743.1,2626.18,0.0,11.13,-2.35
2015-04-23,266.46,23663.0,2626.14,0.0,15.83,3.13
2015-04-24,297.14,23601.3,2626.12,0.0,9.63,-0.32
2015-04-25,304.9,23544.3,2626.09,0.0,9.52,-2.17
2015-04-26,337.01,23506.5,2626.07,0.0,12.27,-0.31
2015-04-27,350.17,23476.6,2626.06,0.0,12.77,2.1
2015-04-28,326.28,23432.4,2626.04,0.0,9.06,-3.17
2015-04-29,372.71,23416.1,2626.03,0.0,5.83,-3.17
2015-04-30,412.81,23423.8,2626.04,0.0,8.79,-1.48
2015-05-01,470.64,23466.2,2626.06,0.0,8.04,-3.13
2015-05-02,443.59,23492.4,2626.07,0.0,8.38,-4.05
2015-05-03,484.83,23543.3,2626.09,1.61,10.41,-2.54
2015-05-04,448.88,23572.7,2626.1,0.0,8.95,-2.96
2015-05-05,473.77,23617.0,2626.12,0.0,9.06,-4.26
2015-05-06,534.2,23697.5,2626.16,0.45,6.29,-4.43
2015-05-07,508.53,23762.7,2626.19,0.0,10.94,3.56
2015-05-08,572.56,23866.2,2626.23,0.0,9.67,-0.44
2015-05-09,638.96,24009.6,2626.3,0.0,10.94,0.96
2015-05-10,658.45,24164.7,2626.37,0.0,9.29,-1.7
2015-05-11,721.14,24357.4,2626.45,0.0,11.06,0.6
2015-05-12,644.66,24504.3,2626.52,0.0,10.55,0.69
2015-05-13,666.49,24664.2,2626.59,0.0,11.14,1.22
2015-05-14,635.68,24805.6,2626.65,0.0,13.7,1.16
2015-05-15,673.18,24969.6,2626.73,5.16,11.56,1.26
2015-05-16,698.06,25148.4,2626.81,0.0,18.59,6.3
2015-05-17,815.59,25397.8,2626.92,6.72,20.27,8.72
2015-05-18,715.83,25587.3,2627.0,0.0,19.76,8.64
2015-05-19,744.42,25794.0,2627.09,2.39,21.58,9.33
2015-05-20,712.74,25981.7,2627.18,0.0,15.84,3.97
2015-05-21,770.12,26203.8,2627.28,0.48,11.87,0.35
2015-05-22,847.9,26472.6,2627.4,5.94,15.49,4.05
2015-05-23,776.4,26698.4,2627.5,0.0,11.81,2.83
2015-05-24,767.65,26919.0,2627.6,0.0,7.98,-2.3
2015-05-25,883.32,27209.1,2627.73,7.87,13.44,4.06
2015-05-26,923.32,27523.1,2627.87,0.55,17.01,6.45
2015-05-27,867.15,27803.4,2627.99,0.0,17.98,7.79
2015-05-28,847.1,28071.7,2628.11,0.0,13.19,3.4
2015-05-29,741.12,28276.4,2628.2,0.0,13.94,2.56
2015-05-30,786.73,28508.5,2628.31,0.0,14.82,3.5
2015-05-31,910.64,28814.9,2628.44,0.0,14.27,3.95
2015-06-01,934.06,29135.3,2628.59,0.0,16.71,5.46
2015-06-02,777.51,29361.9,2628.69,0.0,17.61,6.75
2015-06-03,792.62,29597.5,2628.79,2.26,19.61,9.26
2015-06-04,942.99,29923.3,2628.94,0.0,22.23,11.07
2015-06-05,848.49,30192.4,2629.06,3.43,18.78,9.23
2015-06-06,843.29,30458.4,2629.18,8.44,20.07,8.72
2015-06-07,856.79,30732.5,2629.3,0.24,17.74,8.46
2015-06-08,816.76,30982.6,2629.41,0.0,18.51,7.61
2015-06-09,825.94,31238.2,2629.52,0.0,21.31,9.77
2015-06-10,951.43,31569.1,2629.67,1.89,20.31,9.43
2015-06-11,900.93,31869.7,2629.81,0.0,20.61,7.41
2015-06-12,837.53,32132.2,2629.92,0.0,17.44,6.85
2015-06-13,792.35,32367.7,2630.03,0.0,16.73,8.9
2015-06-14,834.64,32628.5,2630.14,1.83,19.04,6.56
2015-06-15,859.57,32904.2,2630.27,0.0,19.89,12.43
2015-06-16,929.54,33222.0,2630.41,0.0,24.08,13.47
2015-06-17,1070.84,33624.5,2630.59,0.0,25.37,12.94
2015-06-18,1036.0,34006.1,2630.76,0.0,17.67,6.3
2015-06-19,1090.56,34420.5,2630.94,5.77,16.01,5.24
2015-06-20,1108.9,34845.9,2631.13,0.0,16.62,3.58
2015-06-21,1526.3,35521.7,2631.44,17.87,18.95,4.92
2015-06-22,1389.33,36115.3,2631.7,0.0,17.91,4.51
2015-06-23,1239.46,36619.0,2631.92,0.0,17.13,6.31
2015-06-24,1162.71,37076.7,2632.13,0.0,17.31,4.39
2015-06-25,1203.62,37558.9,2632.34,0.0,18.89,5.88
2015-06-26,1197.78,38037.6,2632.56,0.0,16.3,9.01
2015-06-27,1192.66,38513.2,2632.77,0.0,18.08,9.0
2015-06-28,1113.48,38941.3,2632.96,0.0,23.85,13.16
2015-06-29,1094.03,39357.8,2633.15,0.0,23.67,13.13
2015-06-30,1002.77,39719.4,2633.31,0.0,16.35,7.13
2015-07-01,994.51,40076.2,2633.47,0.0,18.27,6.07
2015-07-02,880.95,40364.8,2633.6,0.0,20.76,9.45
2015-07-03,853.51,40636.9,2633.72,0.0,22.01,12.7
2015-07-04,782.46,40866.4,2633.82,0.0,17.64,7.39
2015-07-05,833.26,41126.4,2633.94,0.68,21.14,10.48
2015-07-06,791.66,41361.4,2634.04,0.0,26.45,14.21
2015-07-07,719.39,41553.1,2634.13,0.0,28.17,15.07
2015-07-08,626.95,41689.3,2634.19,0.0,26.99,17.07
2015-07-09,638.44,41832.4,2634.25,0.0,24.79,12.52
2015-07-10,660.36,41988.6,2634.32,0.0,21.12,10.04
2015-07-11,697.7,42167.3,2634.4,0.0,19.41,12.08
2015-07-12,761.92,42384.5,2634.5,0.25,20.43,9.7
2015-07-13,732.35,42583.9,2634.59,0.51,24.15,11.33
2015-07-14,948.3,42912.9,2634.73,14.59,20.63,8.77
2015-07-15,882.53,43202.5,2634.86,0.0,22.77,12.49
2015-07-16,882.27,43491.8,2634.99,0.0,23.52,13.5
2015-07-17,867.89,43772.6,2635.12,0.0,19.57,9.84
2015-07-18,848.86,44042.0,2635.24,0.0,20.97,7.68
2015-07-19,896.6,44339.9,2635.37,0.0,17.85,6.33
2015-07-20,885.18,44631.1,2635.5,2.36,19.46,9.88
2015-07-21,922.96,44944.9,2635.64,3.42,21.11,8.06
2015-07-22,815.18,45194.0,2635.75,0.0,19.43,8.34
2015-07-23,829.28,45451.6,2635.87,4.7,24.22,14.23
2015-07-24,835.85,45713.2,2635.98,0.0,21.94,10.99
2015-07-25,687.99,45886.0,2636.06,0.0,23.3,12.3
2015-07-26,652.82,46037.7,2636.13,0.0,27.39,15.35
2015-07-27,747.12,46246.0,2636.22,4.07,30.16,18.24
2015-07-28,590.9,46360.6,2636.27,0.2,27.15,14.49
2015-07-29,602.03,46481.8,2636.33,0.0,26.32,14.96
2015-07-30,544.25,46568.4,2636.36,0.0,22.37,11.6
2015-07-31,468.98,46609.8,2636.38,0.0,19.57,10.49
2015-08-01,436.61,46631.8,2636.39,0.0,25.28,14.51
2015-08-02,496.03,46689.4,2636.42,0.0,25.28,12.65
2015-08-03,533.62,46769.6,2636.45,4.54,18.08,10.56
2015-08-04,462.73,46807.3,2636.47,1.18,15.5,3.97
2015-08-05,410.99,46813.9,2636.47,0.0,10.55,1.69
2015-08-06,378.6,46801.1,2636.47,0.0,12.48,5.56
2015-08-07,360.32,46777.3,2636.46,0.0,15.06,6.19
2015-08-08,382.16,46766.7,2636.45,0.0,12.83,3.9
2015-08-09,359.04,46742.1,2636.44,0.0,20.18,10.5
2015-08-10,311.85,46689.3,2636.42,0.0,21.13,9.7
2015-08-11,316.9,46639.4,2636.4,0.0,19.65,7.38
2015-08-12,343.05,46605.3,2636.38,0.0,17.22,6.61
2015-08-13,332.03,46564.5,2636.36,0.16,19.91,7.12
2015-08-14,350.4,46534.8,2636.35,0.0,21.75,10.26
2015-08-15,301.95,46476.0,2636.32,0.0,23.34,14.14
2015-08-16,301.84,46417.1,2636.3,0.0,19.63,9.24
2015-08-17,287.94,46349.9,2636.27,2.16,20.5,10.69
2015-08-18,287.86,46282.7,2636.24,0.0,22.32,9.84
2015-08-19,301.38,46223.5,2636.21,0.0,21.58,11.29
2015-08-20,292.72,46159.2,2636.18,0.0,20.6,10.15
2015-08-21,297.58,46097.8,2636.15,0.0,18.35,6.78
2015-08-22,330.45,46056.1,2636.14,0.17,18.3,5.94
2015-08-23,370.03,46038.1,2636.13,0.0,17.72,4.22
2015-08-24,425.65,46053.5,2636.13,0.0,20.27,8.74
2015-08-25,370.82,46036.0,2636.13,0.0,21.19,8.99
2015-08-26,368.45,46017.1,2636.12,0.0,22.73,11.79
2015-08-27,344.73,45984.0,2636.1,0.0,22.74,12.62
2015-08-28,320.84,45936.5,2636.08,0.0,22.12,11.56
2015-08-29,352.82,45908.3,2636.07,0.0,24.26,12.87
2015-08-30,331.32,45867.1,2636.05,0.0,23.86,11.68
2015-08-31,312.19,45814.4,2636.03,0.0,19.91,7.52
2015-09-01,299.74,45754.3,2636.0,0.0,15.86,7.57
2015-09-02,255.94,45667.9,2635.96,0.0,15.46,6.39
2015-09-03,277.14,45594.2,2635.93,0.0,17.45,7.77
2015-09-04,256.97,45508.4,2635.89,0.0,15.04,4.12
2015-09-05,280.3,45436.6,2635.86,0.0,14.57,3.37
2015-09-06,309.24,45382.2,2635.84,10.82,14.03,2.63
2015-09-07,249.19,45291.7,2635.79,0.0,11.13,0.45
2015-09-08,244.24,45198.3,2635.75,0.0,15.24,3.95
2015-09-09,237.3,45100.7,2635.71,0.0,15.57,5.45
2015-09-10,229.76,44998.6,2635.66,0.0,16.69,7.61
2015-09-11,264.63,44917.4,2635.63,6.05,12.72,1.85
2015-09-12,250.08,44827.5,2635.59,0.0,16.54,6.08
2015-09-13,259.54,44743.2,2635.55,0.0,15.19,3.77
2015-09-14,282.47,44672.8,2635.52,0.0,15.6,6.71
2015-09-15,310.25,44618.9,2635.49,0.0,14.04,4.52
2015-09-16,307.35,44563.4,2635.47,0.0,18.06,3.54
2015-09-17,304.08,44505.8,2635.44,0.0,19.36,6.72
2015-09-18,306.04,44449.5,2635.42,4.53,18.81,7.36
2015-09-19,276.74,44375.6,2635.39,0.0,17.62,5.97
2015-09-20,244.34,44282.2,2635.34,0.0,20.14,11.18
2015-09-21,249.23,44191.8,2635.3,2.0,20.23,9.59
2015-09-22,218.14,44082.7,2635.26,0.0,17.03,6.51
2015-09-23,237.29,43985.1,2635.21,0.0,11.94,2.64
2015-09-24,214.18,43873.6,2635.16,0.0,12.02,0.33
2015-09-25,232.0,43772.8,2635.12,0.0,9.04,-3.73
2015-09-26,230.75,43671.3,2635.07,0.01,4.5,-6.64
2015-09-27,194.59,43548.1,2635.02,0.0,7.8,-4.86
2015-09-28,192.34,43423.5,2634.96,0.0,9.87,-2.76
2015-09-29,197.92,43302.3,2634.91,7.11,3.36,-4.74
2015-09-30,185.7,43173.8,2634.85,0.0,5.57,-4.59
2015-10-01,190.69,43048.2,2634.79,0.0,4.19,-6.61
2015-10-02,183.97,42918.6,2634.74,0.0,6.12,-4.55
2015-10-03,165.46,42777.9,2634.67,0.0,10.61,-0.05
2015-10-04,152.84,42629.7,2634.61,0.48,10.93,-2.39
2015-10-05,184.15,42500.2,2634.55,0.0,6.86,-4.44
2015-10-06,182.22,42369.5,2634.49,0.0,12.31,-0.39
2015-10-07,176.44,42235.4,2634.43,0.0,11.29,0.09
2015-10-08,182.58,42105.0,2634.37,0.0,11.4,-1.05
2015-10-09,212.38,41992.5,2634.32,0.0,8.68,-0.75
2015-10-10,216.62,41882.5,2634.27,0.0,8.66,-2.37
2015-10-11,221.18,41775.2,2634.23,0.0,10.96,-0.57
2015-10-12,242.36,41680.6,2634.18,0.0,8.42,-1.79
2015-10-13,231.8,41579.8,2634.14,0.0,8.14,-0.1
2015-10-14,243.7,41486.0,2634.1,0.39,13.29,0.17
2015-10-15,242.78,41391.7,2634.05,0.0,8.3,-1.88
2015-10-16,217.73,41282.4,2634.01,0.0,9.71,-0.52
2015-10-17,198.07,41161.2,2633.95,0.0,5.18,-5.48
2015-10-18,194.42,41037.9,2633.9,0.0,6.01,-4.47
2015-10-19,205.69,40921.4,2633.84,0.0,5.88,-3.94
2015-10-20,195.69,40798.8,2633.79,0.0,1.91,-8.81
2015-10-21,219.97,40690.8,2633.74,0.0,-2.66,-11.92
2015-10-22,221.4,40583.7,2633.69,0.0,1.48,-8.96
2015-10-23,233.18,40483.6,2633.65,0.37,-4.18,-10.63
2015-10-24,233.31,40383.6,2633.6,0.0,3.85,-7.24
2015-10-25,214.56,40272.4,2633.56,0.0,3.0,-6.96
2015-10-26,199.66,40152.2,2633.5,0.0,4.53,-5.75
2015-10-27,194.39,40028.9,2633.45,0.0,3.01,-7.46
2015-10-28,238.57,39932.1,2633.4,14.91,-3.15,-13.0
2015-10-29,278.42,39859.1,2633.37,9.22,-4.85,-15.09
2015-10-30,238.28,39762.1,2633.33,0.0,-5.07,-14.2
2015-10-31,236.22,39663.9,2633.28,0.0,3.57,-6.63
2015-11-01,243.98,39570.3,2633.24,0.0,7.49,-4.31
2015-11-02,228.66,39467.5,2633.2,0.0,11.81,-0.83
2015-11-03,229.41,39365.2,2633.15,0.0,5.27,-4.57
2015-11-04,270.95,39287.8,2633.12,0.0,2.83,-5.92
2015-11-05,284.29,39218.4,2633.08,4.98,2.36,-9.38
2015-11-06,271.28,39141.2,2633.05,0.0,1.76,-8.97
2015-11-07,270.98,39063.8,2633.02,0.0,4.61,-5.07
2015-11-08,321.05,39016.5,2632.99,8.22,6.54,-5.97
2015-11-09,298.75,38955.8,2632.97,0.0,6.17,-5.69
2015-11-10,259.16,38871.3,2632.93,0.0,1.66,-8.5
2015-11-11,287.62,38803.9,2632.9,6.2,6.07,-7.19
2015-11-12,267.54,38724.4,2632.86,0.0,2.65,-7.23
2015-11-13,242.71,38630.1,2632.82,0.0,-1.3,-11.19
2015-11-14,254.89,38543.1,2632.78,7.83,1.19,-10.3
2015-11-15,224.02,38437.5,2632.74,0.0,2.35,-10.15
2015-11-16,196.27,38315.3,2632.68,0.0,-0.4,-9.73
2015-11-17,223.66,38209.5,2632.63,0.0,-1.41,-10.62
2015-11-18,195.04,38086.6,2632.58,0.0,-0.93,-8.96
2015-11-19,215.54,37975.9,2632.53,0.0,-3.13,-9.78
2015-11-20,238.74,37879.2,2632.49,0.0,1.97,-9.72
2015-11-21,229.2,37776.7,2632.44,0.0,-0.37,-11.06
2015-11-22,229.03,37674.2,2632.4,0.0,-3.43,-14.21
2015-11-23,221.19,37566.9,2632.35,0.0,-9.37,-19.2
2015-11-24,225.07,37462.0,2632.3,0.0,-10.0,-21.64
2015-11-25,264.15,37380.5,2632.26,0.0,-3.72,-14.19
2015-11-26,263.51,37298.6,2632.23,0.0,-5.7,-14.1
2015-11-27,267.96,37219.5,2632.19,0.0,-0.5,-10.8
2015-11-28,260.16,37135.6,2632.16,0.0,-3.08,-17.45
2015-11-29,288.2,37068.5,2632.13,0.0,-2.82,-14.46
2015-11-30,285.08,36999.6,2632.09,0.26,-3.89,-15.15
2015-12-01,275.04,36924.7,2632.06,1.77,-3.19,-14.83
2015-12-02,312.44,36872.1,2632.04,0.0,-4.02,-15.54
2015-12-03,356.47,36846.1,2632.03,0.0,-2.69,-13.52
2015-12-04,346.75,36814.1,2632.01,0.0,-2.95,-13.44
2015-12-05,325.81,36769.6,2631.99,0.0,-1.91,-11.5
2015-12-06,302.25,36711.0,2631.97,0.0,-1.45,-12.54
2015-12-07,315.61,36660.4,2631.94,0.0,-4.83,-12.64
2015-12-08,330.14,36618.5,2631.92,0.0,-1.42,-12.18
2015-12-09,313.51,36566.7,2631.9,0.0,2.09,-6.81
2015-12-10,320.82,36519.2,2631.88,11.52,1.62,-9.84
2015-12-11,341.29,36484.0,2631.86,0.0,1.47,-11.12
2015-12-12,350.91,36454.6,2631.85,0.0,1.15,-9.39
2015-12-13,402.53,36456.1,2631.85,0.0,-7.69,-17.43
2015-12-14,386.25,36447.9,2631.85,0.0,-7.2,-18.65
2015-12-15,391.7,36442.9,2631.85,0.0,-9.35,-22.53
2015-12-16,444.51,36469.7,2631.86,0.0,-7.88,-16.83
2015-12-17,445.77,36497.2,2631.87,0.0,-4.34,-17.44
2015-12-18,391.93,36492.4,2631.87,0.0,-6.76,-16.99
2015-12-19,384.31,36483.0,2631.86,0.0,-8.18,-21.0
2015-12-20,357.18,36457.3,2631.85,0.0,-7.31,-17.95
2015-12-21,317.59,36407.9,2631.83,0.0,-4.77,-15.82
2015-12-22,300.57,36348.3,2631.8,0.0,-6.58,-20.1
2015-12-23,301.73,36289.3,2631.78,5.48,-4.51,-14.37
2015-12-24,314.08,36237.8,2631.75,0.0,-0.5,-10.85
2015-12-25,275.09,36162.9,2631.72,0.0,-4.06,-14.42
2015-12-26,264.52,36081.6,2631.69,0.0,-5.35,-15.43
2015-12-27,263.42,35999.7,2631.65,0.0,-6.57,-17.77
2015-12-28,253.44,35911.8,2631.61,0.0,-6.12,-19.56
2015-12-29,278.05,35838.7,2631.58,0.0,-12.63,-23.18
2015-12-30,302.83,35780.4,2631.55,0.0,-10.32,-22.51
2015-12-31,277.59,35707.0,2631.52,1.84,-9.09,-22.64
2016-01-01,286.61,35639.0,2631.49,1.19,-14.04,-24.41
2016-01-02,300.93,35579.5,2631.46,0.0,-9.74,-20.55
2016-01-03,308.7,35524.8,2631.44,0.0,-17.88,-28.67
2016-01-04,279.83,35452.7,2631.4,0.0,-6.22,-19.63
2016-01-05,284.08,35383.2,2631.37,0.0,-9.56,-20.03
2016-01-06,301.86,35324.3,2631.35,0.43,-9.87,-22.32
2016-01-07,328.35,35281.4,2631.33,0.0,-11.54,-22.45
2016-01-08,302.84,35223.1,2631.3,0.0,-11.76,-22.08
2016-01-09,324.63,35177.9,2631.28,2.31,-12.02,-26.33
2016-01-10,318.56,35129.1,2631.26,0.0,-9.21,-18.41
2016-01-11,305.95,35072.7,2631.23,5.73,0.7,-12.02
2016-01-12,274.19,34997.2,2631.2,0.0,-2.05,-16.25
2016-01-13,267.94,34918.0,2631.17,0.0,-8.89,-19.44
2016-01-14,259.66,34833.9,2631.13,0.0,-9.71,-20.6
2016-01-15,243.89,34740.2,2631.09,0.0,-5.39,-14.41
2016-01-16,240.38,34644.5,2631.04,0.0,-6.25,-16.67
2016-01-17,237.17,34546.8,2631.0,0.0,-9.71,-20.38
2016-01-18,235.15,34447.9,2630.96,0.0,-8.98,-19.21
2016-01-19,249.84,34357.8,2630.92,1.05,-7.01,-18.34
2016-01-20,234.62,34258.6,2630.87,0.0,-8.44,-19.53
2016-01-21,229.55,34156.4,2630.83,0.0,-8.11,-19.03
2016-01-22,222.85,34050.1,2630.78,0.0,-4.36,-19.45
2016-01-23,229.43,33947.8,2630.73,0.0,-3.98,-16.45
2016-01-24,192.72,33823.5,2630.68,0.0,3.75,-8.13
2016-01-25,217.56,33714.1,2630.63,0.0,-1.42,-14.8
2016-01-26,232.99,33613.9,2630.58,0.0,-1.55,-14.51
2016-01-27,219.43,33505.6,2630.54,0.0,-3.33,-16.46
2016-01-28,225.21,33400.7,2630.49,0.0,-6.73,-17.0
2016-01-29,239.86,33304.7,2630.45,0.0,-1.91,-12.11
2016-01-30,240.98,33209.3,2630.4,0.0,-2.46,-12.14
2016-01-31,255.56,33122.6,2630.36,0.0,-4.95,-15.69
2016-02-01,270.41,33044.9,2630.33,0.0,-9.12,-19.35
2016-02-02,232.42,32944.4,2630.29,0.0,-9.48,-19.77
2016-02-03,273.85,32868.7,2630.25,12.97,-9.51,-16.04
2016-02-04,257.38,32783.2,2630.21,0.0,-6.25,-18.87
2016-02-05,338.43,32746.3,2630.2,15.71,-4.16,-13.17
2016-02-06,302.16,32687.6,2630.17,0.0,-4.55,-17.29
2016-02-07,272.58,32611.2,2630.14,0.0,-4.91,-14.02
2016-02-08,315.56,32560.5,2630.11,0.0,0.33,-7.47
2016-02-09,315.59,32509.9,2630.09,0.0,0.39,-10.91
2016-02-10,319.32,32461.5,2630.07,0.0,-5.0,-14.51
2016-02-11,295.82,32399.1,2630.04,0.0,-5.3,-17.6
2016-02-12,299.95,32339.1,2630.02,0.0,-6.44,-16.95
2016-02-13,287.44,32271.5,2629.99,0.0,-5.19,-15.43
2016-02-14,291.44,32206.4,2629.96,0.0,-4.63,-13.02
2016-02-15,273.65,32130.7,2629.92,0.0,-5.66,-14.03
2016-02-16,297.56,32069.2,2629.89,0.0,3.4,-8.9
2016-02-17,274.08,31993.7,2629.86,0.0,6.16,-7.09
2016-02-18,307.77,31938.4,2629.84,2.26,0.07,-11.11
2016-02-19,351.53,31909.3,2629.82,11.74,3.38,-6.84
2016-02-20,319.9,31861.3,2629.8,0.0,3.47,-8.38
2016-02-21,272.94,31785.1,2629.77,2.27,-1.73,-12.64
2016-02-22,264.59,31703.9,2629.73,0.0,-0.6,-12.69
2016-02-23,252.69,31615.5,2629.69,0.0,-1.55,-11.07
2016-02-24,258.47,31530.6,2629.65,0.0,2.76,-7.98
2016-02-25,245.22,31437.8,2629.61,0.0,4.97,-7.63
2016-02-26,277.32,31364.2,2629.58,0.0,1.84,-11.47
2016-02-27,254.11,31276.7,2629.54,0.0,1.24,-8.63
2016-02-28,264.78,31195.6,2629.5,1.54,3.31,-8.49
2016-02-29,269.1,31117.1,2629.47,0.0,-0.37,-11.27
2016-03-01,361.6,31094.1,2629.46,27.67,1.5,-7.8
2016-03-02,325.06,31049.1,2629.44,0.0,3.86,-8.89
2016-03-03,288.54,30982.3,2629.41,0.0,-0.77,-10.87
2016-03-04,304.51,30925.0,2629.38,0.0,-5.35,-18.73
2016-03-05,281.26,30853.8,2629.35,0.0,-1.55,-11.25
2016-03-06,280.85,30782.4,2629.32,0.0,-1.21,-7.75
2016-03-07,270.82,30704.9,2629.29,0.0,-0.01,-11.3
2016-03-08,224.21,30599.4,2629.24,0.0,-5.03,-14.19
2016-03-09,234.34,30500.1,2629.19,0.0,-0.14,-14.33
2016-03-10,218.14,30391.0,2629.15,0.0,-3.4,-16.0
2016-03-11,191.94,30266.2,2629.09,0.0,-7.27,-18.08
2016-03-12,212.08,30153.4,2629.04,0.0,-6.43,-18.9
2016-03-13,232.92,30053.2,2629.0,0.0,-9.4,-21.34
2016-03-14,190.62,29927.6,2628.94,0.0,-9.0,-19.79
2016-03-15,202.76,29809.3,2628.89,5.61,-3.14,-14.22
2016-03-16,193.7,29685.6,2628.83,0.0,-3.56,-14.27
2016-03-17,195.34,29562.8,2628.78,1.68,-0.38,-11.18
2016-03-18,186.91,29435.0,2628.72,0.0,1.36,-11.68
2016-03-19,198.86,29314.3,2628.67,0.0,4.01,-8.98
2016-03-20,198.92,29193.7,2628.61,0.0,0.12,-11.2
2016-03-21,181.33,29062.5,2628.55,0.0,0.25,-12.3
2016-03-22,187.53,28935.1,2628.5,0.0,-2.51,-10.62
2016-03-23,189.06,28808.5,2628.44,0.0,5.09,-8.07
2016-03-24,170.79,28671.0,2628.38,0.0,5.0,-5.78
2016-03-25,178.13,28537.9,2628.32,0.0,6.53,-6.72
2016-03-26,203.09,28419.8,2628.27,4.97,8.32,-2.97
2016-03-27,208.11,28304.7,2628.22,0.0,6.92,-3.53
2016-03-28,193.28,28180.7,2628.16,0.0,8.49,-2.14
2016-03-29,171.8,28043.8,2628.1,0.0,8.74,-2.78
2016-03-30,167.31,27904.2,2628.04,0.81,9.52,-1.36
2016-03-31,184.02,27774.7,2627.98,0.0,7.02,-4.84
2016-04-01,194.18,27651.2,2627.92,0.06,4.35,-6.99
2016-04-02,222.17,27544.5,2627.88,0.0,2.26,-8.95
2016-04-03,223.49,27438.6,2627.83,0.0,3.32,-7.27
2016-04-04,238.15,27341.6,2627.79,0.0,8.65,-2.55
2016-04-05,320.23,27293.7,2627.76,17.53,12.32,1.92
2016-04-06,303.87,27236.1,2627.74,0.0,14.38,3.08
2016-04-07,305.11,27179.2,2627.71,0.0,6.84,-4.97
2016-04-08,316.83,27129.3,2627.69,0.0,10.88,0.48
2016-04-09,310.77,27075.8,2627.67,0.0,2.91,-5.64
2016-04-10,299.32,27015.4,2627.64,1.13,-0.88,-13.71
2016-04-11,271.48,26938.3,2627.61,0.0,2.34,-10.1
2016-04-12,281.62,26867.3,2627.57,0.08,3.51,-7.49
2016-04-13,251.93,26778.5,2627.53,0.0,3.7,-6.84
2016-04-14,271.9,26701.7,2627.5,0.0,3.63,-4.82
2016-04-15,285.16,26632.8,2627.47,0.0,5.16,-6.17
2016-04-16,293.9,26569.2,2627.44,0.0,5.39,-3.23
2016-04-17,294.03,26505.6,2627.41,0.0,10.46,-0.25
2016-04-18,307.88,26450.4,2627.39,0.0,11.73,-2.23
2016-04-19,349.55,26420.1,2627.37,0.0,9.99,0.54
2016-04-20,319.18,26371.7,2627.35,0.0,13.17,0.45
2016-04-21,453.14,26403.6,2627.37,14.75,12.47,1.58
2016-04-22,452.43,26435.1,2627.38,3.25,11.15,1.32
2016-04-23,407.02,26439.3,2627.38,0.0,11.39,-1.53
2016-04-24,390.47,26433.6,2627.38,0.0,7.02,-2.76
2016-04-25,427.91,26450.4,2627.39,0.0,5.76,-5.24
2016-04-26,443.33,26476.4,2627.4,0.0,5.5,-6.15
2016-04-27,508.92,26541.8,2627.43,6.31,4.76,-6.67
2016-04-28,542.45,26627.3,2627.47,0.0,9.0,-2.57
2016-04-29,458.98,26662.7,2627.48,0.0,10.02,1.97
2016-04-30,719.87,26854.7,2627.57,28.66,12.26,3.28
2016-05-01,669.23,27016.2,2627.64,0.0,13.43,7.1
2016-05-02,594.25,27132.8,2627.69,0.0,15.65,5.0
2016-05-03,518.03,27203.7,2627.72,0.0,18.8,7.0
2016-05-04,527.59,27280.2,2627.76,4.5,14.0,2.66
2016-05-05,566.06,27379.9,2627.8,0.0,15.04,6.81
2016-05-06,800.77,27620.4,2627.91,23.95,14.9,5.01
2016-05-07,703.16,27802.3,2627.99,0.0,16.93,3.66
2016-05-08,612.39,27929.8,2628.05,0.0,18.33,5.69
2016-05-09,624.13,28064.3,2628.11,0.0,17.47,5.67
2016-05-10,671.69,28227.3,2628.18,0.0,15.23,5.39
2016-05-11,612.13,28354.6,2628.24,0.0,11.5,1.67
2016-05-12,604.05,28477.1,2628.29,2.53,12.42,1.52
2016-05-13,595.13,28594.2,2628.34,0.0,13.35,2.08
2016-05-14,579.08,28701.7,2628.39,3.04,13.94,1.7
2016-05-15,474.3,28746.3,2628.41,0.0,14.98,4.88
2016-05-16,538.95,28829.7,2628.45,0.0,18.63,9.21
2016-05-17,548.81,28919.0,2628.49,0.0,18.21,7.2
2016-05-18,548.27,29008.0,2628.53,0.0,18.85,7.02
2016-05-19,704.06,29190.4,2628.61,3.7,14.95,5.51
2016-05-20,708.29,29375.5,2628.69,0.0,13.09,2.36
2016-05-21,923.72,29689.7,2628.83,14.12,9.89,-1.53
2016-05-22,927.4,30006.2,2628.97,0.0,11.34,-0.44
2016-05-23,968.11,30347.1,2629.13,9.95,13.11,1.0
2016-05-24,896.71,30645.1,2629.26,1.67,15.84,7.49
2016-05-25,843.93,30911.5,2629.38,0.0,20.27,7.69
2016-05-26,844.36,31178.2,2629.5,0.0,12.95,3.93
2016-05-27,848.48,31447.3,2629.62,4.66,15.43,3.78
2016-05-28,854.37,31719.9,2629.74,0.0,15.23,6.09
2016-05-29,814.97,31968.9,2629.85,0.0,16.03,3.38
2016-05-30,758.16,32183.9,2629.95,0.11,15.26,1.26
2016-05-31,769.22,32405.4,2630.04,1.85,16.24,4.3
2016-06-01,722.81,32599.1,2630.13,0.0,13.95,1.98
2016-06-02,738.83,32802.5,2630.22,0.0,26.4,14.57
2016-06-03,673.53,32966.6,2630.3,0.0,16.3,9.69
2016-06-04,830.33,33224.8,2630.41,19.1,23.52,7.95
2016-06-05,737.14,33427.1,2630.5,0.0,27.28,12.85
2016-06-06,731.33,33626.0,2630.59,0.0,20.03,8.68
2016-06-07,757.27,33840.4,2630.69,0.13,18.41,6.67
2016-06-08,723.99,34034.8,2630.77,0.0,20.82,9.67
2016-06-09,742.81,34240.5,2630.86,0.94,21.7,9.94
2016-06-10,704.86,34423.4,2630.95,0.0,23.83,12.49
2016-06-11,756.95,34637.6,2631.04,0.0,22.37,12.59
2016-06-12,761.82,34854.8,2631.14,0.81,23.71,12.53
2016-06-13,865.17,35133.9,2631.26,4.25,21.2,10.23
2016-06-14,864.09,35412.4,2631.39,0.0,21.97,10.41
2016-06-15,903.37,35714.4,2631.52,0.0,19.95,9.82
2016-06-16,962.22,36051.8,2631.67,0.0,20.53,10.08
2016-06-17,924.47,36366.5,2631.81,1.41,21.06,13.68
2016-06-18,925.89,36682.1,2631.95,0.0,19.79,10.1
2016-06-19,962.06,37019.3,2632.1,0.0,18.11,6.4
2016-06-20,1085.26,37430.5,2632.29,9.65,16.88,6.9
2016-06-21,1057.11,37824.8,2632.46,0.0,19.46,6.74
2016-06-22,1192.36,38300.3,2632.68,0.0,20.76,8.69
2016-06-23,1327.85,38857.0,2632.92,6.7,20.66,9.24
2016-06-24,1330.1,39415.1,2633.17,0.0,20.64,8.96
2016-06-25,1303.52,39957.2,2633.41,5.86,23.07,12.24
2016-06-26,1215.17,40446.3,2633.63,0.0,21.06,10.98
2016-06-27,1111.47,40873.3,2633.82,5.13,22.85,9.48
2016-06-28,1171.25,41336.0,2634.03,0.0,20.13,8.88
2016-06-29,1081.16,41744.8,2634.21,0.0,24.85,9.33
2016-06-30,967.07,42085.0,2634.36,0.0,26.89,16.22
2016-07-01,923.23,42399.0,2634.5,0.0,26.09,16.24
2016-07-02,809.92,42645.0,2634.61,0.0,29.91,15.89
2016-07-03,827.2,42901.3,2634.73,0.0,32.65,20.11
2016-07-04,954.25,43233.9,2634.88,5.05,28.41,17.21
2016-07-05,881.92,43523.1,2635.01,0.0,28.58,16.33
2016-07-06,978.24,43870.1,2635.16,0.0,21.46,11.16
2016-07-07,843.27,44136.0,2635.28,0.0,18.81,10.48
2016-07-08,798.16,44375.0,2635.39,0.0,23.41,10.86
2016-07-09,743.78,44581.3,2635.48,0.0,21.8,13.52
2016-07-10,716.72,44771.3,2635.56,0.0,15.89,5.19
2016-07-11,790.1,45005.4,2635.67,0.0,19.3,8.62
2016-07-12,768.2,45226.4,2635.77,0.0,23.69,11.87
2016-07-13,714.52,45415.1,2635.85,0.0,21.66,12.93
2016-07-14,688.29,45588.1,2635.93,0.0,20.7,10.04
2016-07-15,687.26,45760.5,2636.0,0.0,25.37,12.33
2016-07-16,693.99,45936.9,2636.08,0.0,21.35,8.2
2016-07-17,740.06,46141.0,2636.17,0.0,19.49,7.38
2016-07-18,723.63,46335.2,2636.26,2.32,17.38,8.18
2016-07-19,725.92,46530.8,2636.35,0.0,21.45,8.59
2016-07-20,630.28,46669.0,2636.41,0.0,19.98,7.21
2016-07-21,609.2,46794.5,2636.47,0.0,21.6,12.88
2016-07-22,775.69,47020.0,2636.57,8.96,24.67,13.64
2016-07-23,869.61,47301.7,2636.69,0.0,23.57,12.81
2016-07-24,947.42,47630.2,2636.84,9.07,23.29,11.49
2016-07-25,795.17,47867.4,2636.94,0.86,21.51,11.73
2016-07-26,836.69,48129.4,2637.06,0.0,23.06,12.57
2016-07-27,830.5,48387.7,2637.18,0.0,22.37,8.91
2016-07-28,726.59,48583.7,2637.26,0.0,23.83,11.35
2016-07-29,694.19,48760.2,2637.34,0.0,22.26,9.84
2016-07-30,633.96,48900.6,2637.41,0.0,24.16,13.56
2016-07-31,555.45,48993.9,2637.45,0.0,27.11,17.16
2016-08-01,623.15,49127.9,2637.51,12.8,28.15,13.97
2016-08-02,586.09,49239.5,2637.56,0.0,24.93,13.58
2016-08-03,627.77,49376.2,2637.62,0.0,19.79,8.52
2016-08-04,503.28,49438.2,2637.64,0.0,23.72,12.12
2016-08-05,464.22,49476.8,2637.66,0.0,23.08,11.32
2016-08-06,445.18,49503.9,2637.67,0.0,18.12,6.99
2016-08-07,407.85,49508.7,2637.68,0.24,24.18,14.01
2016-08-08,411.0,49515.3,2637.68,0.0,25.78,13.74
2016-08-09,461.68,49552.3,2637.7,0.0,21.97,8.38
2016-08-10,491.31,49607.1,2637.72,0.0,17.69,9.49
2016-08-11,562.35,49704.6,2637.76,3.72,18.93,8.71
2016-08-12,514.31,49773.2,2637.79,0.0,21.71,12.49
2016-08-13,497.59,49831.8,2637.82,0.0,22.48,11.6
2016-08-14,410.63,49838.2,2637.82,0.0,26.32,12.56
2016-08-15,353.9,49810.6,2637.81,0.0,18.93,9.71
2016-08-16,402.25,49811.9,2637.81,1.44,25.22,14.78
2016-08-17,402.71,49813.6,2637.81,0.0,23.06,12.42
2016-08-18,436.04,49835.2,2637.82,0.0,20.88,10.08
2016-08-19,436.45,49857.1,2637.83,0.0,22.38,10.08
2016-08-20,422.97,49870.9,2637.84,0.0,22.04,11.48
2016-08-21,431.6,49889.9,2637.85,0.0,18.1,7.72
2016-08-22,420.14,49902.0,2637.85,2.67,19.08,9.85
2016-08-23,388.41,49895.1,2637.85,0.0,14.56,4.61
2016-08-24,386.68,49887.2,2637.85,0.0,20.37,6.78
2016-08-25,347.97,49856.0,2637.83,0.0,19.29,7.93
2016-08-26,334.32,49816.6,2637.81,0.0,19.91,8.15
2016-08-27,311.05,49763.2,2637.79,0.0,23.68,11.98
2016-08-28,321.35,49716.1,2637.77,0.0,16.21,5.66
2016-08-29,319.64,49667.9,2637.75,0.0,17.57,6.06
2016-08-30,316.67,49617.9,2637.73,0.02,15.13,2.39
2016-08-31,322.12,49571.2,2637.7,6.81,15.14,3.54
2016-09-01,304.46,49513.9,2637.68,0.0,13.41,4.59
2016-09-02,302.2,49455.3,2637.65,0.0,11.58,2.53
2016-09-03,267.18,49375.6,2637.62,0.0,14.99,2.99
2016-09-04,265.21,49294.8,2637.58,0.0,7.42,-1.72
2016-09-05,252.56,49206.3,2637.54,0.0,10.24,-2.98
2016-09-06,244.43,49113.0,2637.5,0.0,14.44,3.13
2016-09-07,229.7,49010.9,2637.45,1.09,10.64,1.28
2016-09-08,227.54,48907.4,2637.41,0.0,15.23,8.32
2016-09-09,248.99,48816.8,2637.37,0.0,16.74,5.19
2016-09-10,233.55,48717.0,2637.32,0.0,21.41,8.58
2016-09-11,231.59,48616.0,2637.28,0.0,18.87,8.8
2016-09-12,251.1,48526.7,2637.24,0.0,16.42,4.99
2016-09-13,224.31,48421.3,2637.19,0.0,9.0,-2.04
2016-09-14,270.83,48343.8,2637.16,0.0,5.96,-5.81
2016-09-15,276.9,48270.0,2637.12,0.0,5.69,-6.22
2016-09-16,274.93,48195.0,2637.09,0.0,7.42,-3.44
2016-09-17,247.26,48103.3,2637.05,0.0,6.82,-4.01
2016-09-18,309.26,48048.9,2637.03,20.82,9.59,-0.17
2016-09-19,306.99,47993.2,2637.0,0.0,10.23,-0.35
2016-09-20,278.23,47920.1,2636.97,0.0,9.37,-0.09
2016-09-21,276.98,47846.3,2636.93,0.0,6.88,-3.3
2016-09-22,304.34,47789.0,2636.91,13.0,4.06,-5.51
2016-09-23,295.61,47726.4,2636.88,0.0,6.42,-6.65
2016-09-24,252.1,47637.6,2636.84,0.0,11.42,-0.01
2016-09-25,216.31,47527.5,2636.79,0.0,13.21,0.43
2016-09-26,216.59,47417.4,2636.74,0.0,11.71,-1.82
2016-09-27,221.86,47310.6,2636.7,4.31,10.46,1.8
2016-09-28,171.94,47173.8,2636.63,0.0,12.04,0.67
2016-09-29,167.66,47034.4,2636.57,0.0,14.05,3.03
2016-09-30,160.66,46890.8,2636.51,0.0,16.44,4.93
2016-10-01,165.74,46750.3,2636.45,0.0,12.79,2.34
2016-10-02,178.76,46617.6,2636.39,0.0,9.95,-0.85
2016-10-03,173.65,46481.8,2636.33,0.0,10.84,-1.89
2016-10-04,192.4,46357.3,2636.27,8.96,14.29,4.28
2016-10-05,259.35,46272.9,2636.23,29.76,11.85,-0.92
2016-10-06,263.18,46190.9,2636.2,0.0,8.97,-2.91
2016-10-07,209.16,46076.4,2636.14,0.0,8.87,0.38
2016-10-08,212.85,45964.1,2636.09,0.0,12.16,2.49
2016-10-09,234.19,45864.7,2636.05,11.22,16.04,3.5
2016-10-10,204.86,45747.6,2636.0,0.0,17.41,4.74
2016-10-11,184.5,45618.3,2635.94,0.0,11.2,1.13
2016-10-12,194.02,45494.8,2635.89,4.08,11.39,0.68
2016-10-13,176.32,45360.6,2635.83,0.0,10.57,-0.73
2016-10-14,172.53,45224.1,2635.76,0.0,11.9,1.47
2016-10-15,151.74,45075.2,2635.7,0.0,12.34,2.47
2016-10-16,152.65,44926.8,2635.63,0.0,6.62,-2.74
2016-10-17,145.0,44773.9,2635.56,0.0,0.67,-6.05
2016-10-18,152.26,44625.2,2635.5,0.0,6.66,-2.48
2016-10-19,158.55,44480.4,2635.43,0.0,11.54,-2.26
2016-10-20,139.97,44324.4,2635.36,0.0,10.82,-0.47
2016-10-21,143.16,44170.3,2635.29,0.0,5.78,-3.86
2016-10-22,148.59,44019.5,2635.23,0.0,7.54,-4.73
2016-10-23,122.16,43852.8,2635.15,0.2,5.46,-7.31
2016-10-24,134.87,43693.8,2635.08,0.0,0.74,-10.6
2016-10-25,140.21,43537.9,2635.01,0.0,7.42,-3.77
2016-10-26,134.1,43378.4,2634.94,0.0,5.79,-4.16
2016-10-27,134.3,43219.0,2634.87,0.0,6.01,-4.43
2016-10-28,181.38,43087.9,2634.81,11.08,7.06,-4.72
2016-10-29,190.31,42962.1,2634.76,0.0,10.02,-1.13
2016-10-30,206.58,42846.1,2634.7,0.0,11.16,-0.06
2016-10-31,204.11,42728.6,2634.65,0.0,11.24,-0.08
2016-11-01,208.84,42613.9,2634.6,0.0,6.42,-3.73
2016-11-02,197.5,42492.5,2634.55,0.0,6.2,-5.45
2016-11-03,200.51,42372.8,2634.49,0.0,7.63,-1.87
2016-11-04,234.1,42273.3,2634.45,0.0,4.57,-8.52
2016-11-05,265.61,42192.7,2634.41,0.0,4.19,-5.99
2016-11-06,274.8,42117.6,2634.38,0.0,1.93,-10.87
2016-11-07,243.95,42024.0,2634.34,0.0,2.82,-9.37
2016-11-08,207.54,41908.5,2634.29,0.0,2.61,-7.13
2016-11-09,208.35,41793.6,2634.23,0.0,3.67,-7.79
2016-11-10,210.95,41680.2,2634.18,0.0,-5.48,-17.24
2016-11-11,216.7,41570.2,2634.13,0.0,0.01,-14.11
2016-11-12,229.6,41468.0,2634.09,3.29,4.9,-7.15
2016-11-13,195.8,41345.5,2634.03,0.0,10.87,-2.94
2016-11-14,218.46,41236.6,2633.99,0.0,12.0,-0.75
2016-11-15,236.83,41138.7,2633.94,0.0,9.49,-1.3
2016-11-16,228.88,41036.1,2633.9,0.0,2.82,-6.87
2016-11-17,186.14,40907.8,2633.84,0.0,1.61,-10.96
2016-11-18,164.27,40766.4,2633.78,0.0,-0.56,-13.13
2016-11-19,177.51,40632.9,2633.72,0.0,-4.69,-16.47
2016-11-20,195.41,40510.2,2633.66,0.0,-5.47,-19.22
2016-11-21,195.32,40387.4,2633.61,0.0,-5.68,-17.49
2016-11-22,190.15,40261.6,2633.55,0.0,-5.37,-17.07
2016-11-23,233.47,40161.7,2633.51,0.0,-2.28,-15.07
2016-11-24,230.81,40060.2,2633.46,0.0,-4.16,-15.73
2016-11-25,223.94,39954.6,2633.41,0.0,-10.11,-19.59
2016-11-26,243.77,39860.9,2633.37,0.0,-6.16,-19.0
2016-11-27,236.05,39762.5,2633.33,0.0,-10.59,-20.18
2016-11-28,242.65,39668.1,2633.29,0.0,-4.09,-14.6
2016-11-29,239.25,39571.7,2633.24,0.0,-4.8,-15.51
2016-11-30,283.53,39501.9,2633.21,0.0,-8.72,-21.43
2016-12-01,319.98,39453.9,2633.19,0.0,-4.24,-14.23
2016-12-02,291.0,39388.5,2633.16,0.0,0.75,-12.84
2016-12-03,287.19,39320.9,2633.13,0.0,-3.65,-16.34
2016-12-04,259.74,39236.7,2633.09,0.0,-1.36,-10.81
2016-12-05,256.12,39150.4,2633.05,1.21,-0.89,-12.78
2016-12-06,249.37,39060.1,2633.01,0.0,-3.2,-13.97
2016-12-07,227.76,38956.8,2632.97,0.0,-1.43,-13.9
2016-12-08,209.79,38842.7,2632.92,0.0,-5.78,-17.77
2016-12-09,205.97,38726.3,2632.87,0.0,-7.94,-19.4
2016-12-10,185.64,38597.7,2632.81,0.0,-4.96,-18.9
2016-12-11,206.73,38481.8,2632.76,0.0,-3.77,-14.5
2016-12-12,213.74,38370.0,2632.71,0.0,-6.83,-17.72
2016-12-13,222.26,38263.4,2632.66,0.0,-5.3,-15.89
2016-12-14,206.56,38147.4,2632.61,0.0,-5.66,-18.64
2016-12-15,169.34,38009.0,2632.55,0.0,-9.34,-21.89
2016-12-16,189.44,37882.7,2632.49,0.0,-11.5,-20.54
2016-12-17,174.73,37747.6,2632.43,0.0,-8.72,-23.45
2016-12-18,201.88,37628.7,2632.38,0.25,-7.54,-17.8
2016-12-19,200.54,37509.1,2632.32,0.0,-10.06,-22.13
2016-12-20,200.54,37389.4,2632.27,0.0,-7.27,-18.12
2016-12-21,178.14,37256.3,2632.21,0.0,-8.65,-17.73
2016-12-22,200.62,37136.7,2632.16,12.39,-4.07,-13.56
2016-12-23,240.34,37041.0,2632.11,0.0,-4.08,-15.31
2016-12-24,245.18,36948.1,2632.07,0.0,-3.48,-14.56
2016-12-25,241.04,36852.8,2632.03,0.0,-5.37,-16.56
2016-12-26,228.09,36749.6,2631.98,0.19,-5.4,-15.53
2016-12-27,201.4,36630.5,2631.93,0.0,-4.28,-13.97
2016-12-28,213.83,36518.8,2631.88,0.0,-9.59,-17.98
2016-12-29,214.56,36407.6,2631.83,0.0,-11.51,-20.9
2016-12-30,192.01,36282.8,2631.77,0.0,-2.66,-14.22
2016-12-31,188.14,36155.7,2631.72,0.0,-3.88,-17.16
2017-01-01,187.4,36028.2,2631.66,0.0,-2.89,-15.33
2017-01-02,206.26,35912.0,2631.61,0.0,-6.52,-17.73
2017-01-03,187.91,35784.8,2631.55,0.0,-4.99,-15.33
2017-01-04,216.2,35674.5,2631.5,0.0,-6.87,-16.81
2017-01-05,205.59,35557.9,2631.45,0.0,-7.26,-19.12
2017-01-06,204.01,35440.3,2631.4,0.0,-2.62,-11.84
2017-01-07,206.36,35324.2,2631.35,0.0,-6.09,-17.47
2017-01-08,214.85,35213.1,2631.3,0.0,-7.21,-17.5
2017-01-09,233.94,35113.5,2631.25,0.0,-9.84,-18.98
2017-01-10,223.32,35007.5,2631.21,0.0,-11.73,-20.28
2017-01-11,235.73,34909.0,2631.16,0.0,-8.2,-18.49
2017-01-12,207.81,34793.7,2631.11,0.0,-4.91,-17.36
2017-01-13,220.17,34685.8,2631.06,0.0,-6.24,-18.67
2017-01-14,198.26,34564.8,2631.01,0.0,-6.47,-18.08
2017-01-15,166.21,34424.6,2630.95,0.0,-8.51,-19.02
2017-01-16,175.83,34290.1,2630.89,0.0,-10.53,-24.4
2017-01-17,160.24,34146.3,2630.82,0.0,-10.35,-21.17
2017-01-18,148.11,33995.2,2630.75,0.0,-7.78,-20.46
2017-01-19,158.13,33850.1,2630.69,0.0,-7.67,-19.27
2017-01-20,166.1,33709.8,2630.63,8.08,-10.19,-22.95
2017-01-21,174.39,33574.4,2630.57,0.0,-11.41,-21.4
2017-01-22,175.53,33439.8,2630.51,0.0,-15.94,-27.76
2017-01-23,172.8,33303.5,2630.45,0.0,-18.14,-28.96
2017-01-24,175.14,33168.6,2630.39,0.93,-19.13,-28.75
2017-01-25,174.31,33033.2,2630.32,2.95,-11.79,-24.26
2017-01-26,169.72,32895.1,2630.26,0.0,-12.64,-23.48
2017-01-27,162.25,32752.5,2630.2,0.0,-10.67,-21.36
2017-01-28,181.1,32621.1,2630.14,0.0,-14.45,-22.97
2017-01-29,171.93,32484.3,2630.08,0.0,-11.31,-22.54
2017-01-30,206.85,32368.5,2630.03,0.0,-6.95,-17.03
2017-01-31,179.79,32236.4,2629.97,0.0,-2.99,-13.06
2017-02-01,174.93,32101.4,2629.91,0.0,-10.02,-20.65
2017-02-02,152.14,31952.7,2629.84,0.0,-12.43,-22.93
2017-02-03,145.92,31800.2,2629.77,0.39,-9.28,-20.63
2017-02-04,149.71,31650.1,2629.71,0.0,-9.93,-21.16
2017-02-05,148.97,31499.5,2629.64,0.0,-3.5,-15.09
2017-02-06,162.04,31356.8,2629.58,0.0,-1.95,-12.62
2017-02-07,154.78,31209.7,2629.51,0.0,-5.09,-17.32
2017-02-08,150.19,31059.8,2629.44,0.0,-4.54,-15.73
2017-02-09,157.21,30914.2,2629.38,0.0,-1.73,-10.92
2017-02-10,150.38,30764.4,2629.31,0.0,1.06,-9.22
2017-02-11,148.24,30613.4,2629.25,0.0,-0.92,-12.0
2017-02-12,149.66,30463.2,2629.18,0.0,-1.92,-12.29
2017-02-13,139.25,30306.8,2629.11,0.0,2.72,-8.96
2017-02-14,151.52,30157.7,2629.04,0.0,0.62,-14.39
2017-02-15,179.05,30025.2,2628.98,0.0,-0.68,-13.7
2017-02-16,164.84,29884.1,2628.92,0.0,-1.63,-11.81
2017-02-17,159.38,29739.8,2628.86,0.0,-0.17,-9.92
2017-02-18,142.48,29585.3,2628.79,0.0,-3.11,-13.89
2017-02-19,131.31,29424.1,2628.71,0.0,-2.31,-14.81
2017-02-20,129.17,29261.6,2628.64,0.02,-2.23,-13.73
2017-02-21,117.63,29092.2,2628.57,0.0,-4.52,-15.99
2017-02-22,107.89,28917.0,2628.49,0.0,-2.05,-11.86
2017-02-23,119.88,28749.0,2628.41,0.0,-5.78,-13.38
2017-02-24,112.96,28576.8,2628.34,0.0,-2.32,-13.42
2017-02-25,112.53,28404.3,2628.26,0.0,-2.78,-10.74
2017-02-26,123.14,28238.2,2628.19,0.0,-2.61,-15.37
2017-02-27,132.8,28077.9,2628.11,0.0,-1.53,-12.59
2017-02-28,129.4,27915.6,2628.04,0.0,-0.48,-9.75
2017-03-01,148.24,27764.6,2627.97,0.0,-2.19,-13.16
2017-03-02,145.13,27611.7,2627.91,0.0,-0.06,-12.19
2017-03-03,171.15,27474.4,2627.84,0.0,-1.52,-12.06
2017-03-04,179.68,27342.2,2627.79,0.0,-2.58,-13.36
2017-03-05,185.82,27213.8,2627.73,0.0,-1.75,-8.55
2017-03-06,171.53,27076.7,2627.67,2.34,-2.36,-12.32
2017-03-07,170.43,26939.0,2627.61,0.0,-2.49,-12.59
2017-03-08,163.87,26797.3,2627.54,0.23,-4.94,-16.53
2017-03-09,176.61,26663.3,2627.48,3.22,-0.15,-11.44
2017-03-10,176.1,26529.0,2627.42,0.0,0.45,-9.87
2017-03-11,210.34,26415.3,2627.37,0.0,-1.19,-13.44
2017-03-12,248.3,26324.3,2627.33,14.6,-0.69,-13.49
2017-03-13,245.81,26231.8,2627.29,0.09,0.72,-8.68
2017-03-14,243.49,26137.9,2627.25,6.97,4.64,-5.6
2017-03-15,250.89,26048.5,2627.21,5.82,1.28,-9.91
2017-03-16,233.1,25948.4,2627.16,0.0,1.57,-12.19
2017-03-17,228.23,25845.3,2627.12,0.0,-0.31,-11.77
2017-03-18,239.75,25749.2,2627.07,0.0,0.91,-9.17
2017-03-19,266.16,25668.9,2627.04,0.0,0.73,-9.8
2017-03-20,266.11,25588.6,2627.0,0.0,4.33,-7.47
2017-03-21,251.7,25499.7,2626.96,0.0,4.89,-2.71
2017-03-22,244.26,25406.2,2626.92,0.0,2.26,-6.27
2017-03-23,242.71,25311.9,2626.88,0.0,4.1,-7.04
2017-03-24,268.02,25232.7,2626.84,11.5,5.16,-6.8
2017-03-25,272.29,25156.1,2626.81,6.92,-0.61,-11.84
2017-03-26,290.69,25090.6,2626.78,0.0,2.47,-7.98
2017-03-27,252.07,25001.9,2626.74,0.0,6.7,-4.17
2017-03-28,266.84,24922.0,2626.71,0.0,3.62,-7.97
2017-03-29,276.38,24847.8,2626.67,0.0,2.13,-4.9
2017-03-30,278.52,24775.0,2626.64,0.0,4.57,-2.96
2017-03-31,265.47,24694.3,2626.6,0.0,1.84,-5.97
2017-04-01,251.66,24605.3,2626.56,0.0,4.12,-5.84
2017-04-02,279.39,24533.0,2626.53,0.0,9.05,-2.82
2017-04-03,304.23,24475.6,2626.51,0.0,7.77,-3.48
2017-04-04,313.65,24423.8,2626.48,0.0,4.74,-5.82
2017-04-05,317.81,24374.5,2626.46,1.78,6.65,-4.92
2017-04-06,287.97,24307.3,2626.43,0.0,4.97,-5.93
2017-04-07,257.28,24221.7,2626.39,2.4,4.86,-7.25
2017-04-08,240.21,24125.9,2626.35,0.0,3.6,-5.95
2017-04-09,246.14,24033.6,2626.31,0.0,7.36,-4.37
2017-04-10,237.67,23936.2,2626.27,0.0,4.66,-5.82
2017-04-11,242.13,23841.5,2626.22,0.0,2.34,-9.11
2017-04-12,217.03,23731.7,2626.17,0.61,2.06,-7.34
2017-04-13,223.1,23625.6,2626.13,0.0,5.62,-7.14
2017-04-14,266.05,23545.3,2626.09,0.0,4.63,-6.04
2017-04-15,265.98,23464.9,2626.06,0.0,9.65,-1.38
2017-04-16,264.05,23383.4,2626.02,0.0,6.97,-3.72
2017-04-17,238.87,23286.7,2625.98,0.0,5.5,-6.82
2017-04-18,264.72,23205.6,2625.94,0.0,8.97,-3.7
2017-04-19,290.36,23139.8,2625.91,0.0,12.36,0.95
2017-04-20,294.95,23076.8,2625.88,0.0,17.53,5.01
2017-04-21,324.84,23031.8,2625.86,0.0,12.26,1.32
2017-04-22,298.47,22970.9,2625.84,0.0,14.78,2.27
2017-04-23,305.87,22914.4,2625.81,0.0,12.6,2.85
2017-04-24,319.38,22866.1,2625.79,0.0,11.49,4.79
2017-04-25,318.8,22817.4,2625.77,0.0,11.61,-0.4
2017-04-26,367.98,22798.2,2625.76,8.56,9.22,-0.86
2017-04-27,395.15,22795.3,2625.76,0.0,12.11,0.98
2017-04-28,395.64,22792.7,2625.76,0.0,8.28,-3.5
2017-04-29,357.71,22767.4,2625.74,0.47,9.78,-3.59
2017-04-30,404.06,22769.9,2625.75,0.0,13.26,2.85
2017-05-01,411.14,22776.6,2625.75,0.0,12.64,0.69
2017-05-02,411.8,22783.7,2625.75,0.0,17.52,4.8
2017-05-03,445.3,22810.9,2625.76,0.0,8.92,0.16
2017-05-04,429.68,22828.7,2625.77,0.0,21.24,8.7
2017-05-05,383.17,22818.6,2625.77,0.0,14.72,2.94
2017-05-06,373.22,22802.6,2625.76,0.0,13.73,1.51
2017-05-07,385.38,22793.9,2625.76,0.0,9.95,-1.1
2017-05-08,442.95,22819.7,2625.77,11.56,15.73,5.52
2017-05-09,448.88,22849.0,2625.78,0.0,18.26,7.67
2017-05-10,479.34,22896.7,2625.8,0.0,15.21,3.85
2017-05-11,512.11,22963.9,2625.83,0.0,19.67,7.79
2017-05-12,518.51,23035.1,2625.86,0.0,19.27,7.62
2017-05-13,424.96,23050.1,2625.87,0.0,13.46,2.15
2017-05-14,461.08,23086.8,2625.89,0.0,16.33,5.38
2017-05-15,432.58,23106.3,2625.9,0.0,16.02,6.37
2017-05-16,471.31,23149.1,2625.91,2.36,14.49,1.49
2017-05-17,464.18,23187.7,2625.93,1.58,12.46,0.64
2017-05-18,503.62,23249.9,2625.96,0.05,13.85,3.52
2017-05-19,535.5,23331.2,2626.0,0.0,16.69,3.41
2017-05-20,506.4,23395.1,2626.02,0.0,14.85,4.58
2017-05-21,515.93,23464.7,2626.06,8.3,13.73,2.12
2017-05-22,531.66,23543.7,2626.09,0.27,15.04,3.13
2017-05-23,568.03,23644.5,2626.14,0.0,14.09,3.53
2017-05-24,607.38,23769.0,2626.19,0.75,11.25,1.83
2017-05-25,605.25,23892.2,2626.25,0.0,11.93,3.43
2017-05-26,552.43,23983.7,2626.29,0.0,12.39,0.41
2017-05-27,548.4,24072.7,2626.33,0.0,12.83,3.88
2017-05-28,576.24,24178.5,2626.37,2.13,12.18,0.84
2017-05-29,575.09,24283.6,2626.42,0.0,17.32,5.77
2017-05-30,658.22,24438.5,2626.49,8.85,13.98,3.27
2017-05-31,619.19,24570.1,2626.55,0.39,18.8,8.23
2017-06-01,610.21,24696.2,2626.6,0.0,21.9,9.45
2017-06-02,620.21,24828.4,2626.66,0.0,23.34,13.39
2017-06-03,717.1,25018.7,2626.75,0.0,16.85,5.64
2017-06-04,594.28,25135.3,2626.8,0.0,19.06,8.55
2017-06-05,547.21,25223.6,2626.84,0.0,12.72,3.08
2017-06-06,613.44,25351.7,2626.9,0.0,14.86,0.15
2017-06-07,622.94,25485.5,2626.96,0.0,17.22,7.41
2017-06-08,636.14,25627.2,2627.02,0.0,19.95,9.52
2017-06-09,639.07,25770.7,2627.08,0.0,19.19,8.7
2017-06-10,723.05,25964.6,2627.17,14.07,16.28,7.2
2017-06-11,672.04,26127.8,2627.24,0.0,18.09,6.18
2017-06-12,651.53,26278.8,2627.31,0.24,20.32,5.65
2017-06-13,826.91,26534.9,2627.43,15.26,18.88,8.03
2017-06-14,739.38,26738.6,2627.52,0.0,15.46,5.93
2017-06-15,700.79,26919.1,2627.6,0.0,16.79,4.45
2017-06-16,836.01,27180.7,2627.71,6.37,15.93,5.38
2017-06-17,684.91,27351.7,2627.79,0.0,17.34,4.92
2017-06-18,652.23,27503.1,2627.86,0.0,17.81,7.53
2017-06-19,647.52,27651.6,2627.92,0.0,23.4,11.43
2017-06-20,636.04,27793.3,2627.99,0.0,20.05,13.9
2017-06-21,662.24,27950.6,2628.06,3.46,23.67,8.38
2017-06-22,714.34,28139.3,2628.14,0.0,20.74,10.66
2017-06-23,678.07,28306.1,2628.22,2.34,19.68,6.52
2017-06-24,759.56,28521.9,2628.31,0.42,15.11,4.74
2017-06-25,662.31,28679.3,2628.38,0.0,18.69,6.85
2017-06-26,654.82,28832.2,2628.45,0.0,22.32,11.97
2017-06-27,625.03,28967.3,2628.51,0.0,18.46,7.14
2017-06-28,656.55,29121.2,2628.58,0.0,24.73,12.08
2017-06-29,664.96,29280.2,2628.65,0.0,26.83,13.26
2017-06-30,647.24,29428.6,2628.72,0.0,21.45,10.47
2017-07-01,544.43,29515.3,2628.76,0.0,18.34,9.66
2017-07-02,513.93,29583.7,2628.79,0.0,18.91,5.95
2017-07-03,562.87,29681.4,2628.83,0.0,16.73,7.29
2017-07-04,607.3,29805.8,2628.88,0.0,19.82,7.12
2017-07-05,1061.71,30202.9,2629.06,37.09,17.42,5.22
2017-07-06,1056.76,30597.0,2629.24,1.93,14.94,5.08
2017-07-07,976.18,30942.7,2629.39,0.0,16.82,5.25
2017-07-08,827.68,31199.4,2629.51,0.0,18.35,7.11
2017-07-09,832.26,31458.7,2629.62,0.0,17.65,5.27
2017-07-10,890.2,31752.9,2629.75,0.0,9.15,-1.95
2017-07-11,842.3,32018.3,2629.87,0.0,7.79,-3.9
2017-07-12,850.04,32288.4,2629.99,0.0,9.77,-1.36
2017-07-13,700.1,32468.4,2630.07,0.0,11.0,0.02
2017-07-14,655.38,32621.7,2630.14,0.0,11.45,1.9
2017-07-15,567.73,32722.4,2630.19,0.0,9.02,-2.37
2017-07-16,669.17,32883.9,2630.26,1.46,13.22,3.2
2017-07-17,541.5,32968.8,2630.3,0.0,16.9,7.26
2017-07-18,563.44,33066.9,2630.34,0.12,10.68,4.0
2017-07-19,626.42,33202.8,2630.4,0.0,14.53,3.92
2017-07-20,616.75,33332.9,2630.46,0.0,19.64,8.0
2017-07-21,663.44,33491.0,2630.53,0.0,23.9,14.51
2017-07-22,695.68,33668.4,2630.61,0.0,23.48,10.39
2017-07-23,711.67,33855.4,2630.69,2.69,23.03,11.2
2017-07-24,668.12,34016.3,2630.76,1.73,24.8,12.31
2017-07-25,808.03,34261.2,2630.87,14.86,25.83,13.19
2017-07-26,808.21,34506.1,2630.98,0.0,22.66,12.08
2017-07-27,740.12,34710.2,2631.07,0.0,23.08,15.0
2017-07-28,784.27,34940.8,2631.18,0.0,21.12,10.44
2017-07-29,768.6,35162.0,2631.27,0.0,19.9,7.92
2017-07-30,897.65,35460.6,2631.41,3.43,22.85,11.24
2017-07-31,843.27,35726.6,2631.53,0.0,19.94,12.37
2017-08-01,917.35,36037.1,2631.67,0.0,19.52,10.19
2017-08-02,1110.05,36463.1,2631.86,3.09,20.44,8.39
2017-08-03,1047.54,36851.7,2632.03,0.76,16.87,7.07
2017-08-04,1023.26,37225.6,2632.2,0.0,18.24,5.34
2017-08-05,930.08,37543.7,2632.34,0.0,16.91,7.3
2017-08-06,764.36,37762.4,2632.44,0.0,18.32,4.75
2017-08-07,798.07,38001.2,2632.54,0.0,18.13,7.45
2017-08-08,824.86,38256.2,2632.66,0.0,21.99,12.84
2017-08-09,669.69,38418.0,2632.73,0.0,21.83,9.1
2017-08-10,603.71,38540.3,2632.78,0.0,21.27,8.59
2017-08-11,560.48,38636.6,2632.83,0.0,16.34,5.77
2017-08-12,712.39,38824.0,2632.91,10.64,13.11,1.89
2017-08-13,726.47,39020.0,2633.0,0.0,12.14,-0.33
2017-08-14,675.94,39185.5,2633.07,0.0,14.6,2.93
2017-08-15,727.29,39381.9,2633.16,1.23,14.45,1.53
2017-08-16,661.12,39538.6,2633.23,2.01,19.67,8.18
2017-08-17,611.87,39665.8,2633.28,0.0,22.42,10.73
2017-08-18,529.2,39743.3,2633.32,0.0,18.92,7.36
2017-08-19,396.29,39741.1,2633.32,0.0,20.12,9.8
2017-08-20,358.15,39716.1,2633.31,0.0,20.4,5.52
2017-08-21,392.67,39711.7,2633.3,0.0,16.44,4.57
2017-08-22,538.63,39794.9,2633.34,25.34,10.03,0.28
2017-08-23,481.32,39843.7,2633.36,0.0,12.42,0.07
2017-08-24,401.78,39844.8,2633.36,0.0,11.97,2.39
2017-08-25,380.68,39833.2,2633.36,0.0,9.83,0.18
2017-08-26,342.46,39798.8,2633.34,0.0,13.28,0.12
2017-08-27,332.34,39758.2,2633.33,3.01,13.8,3.41
2017-08-28,333.38,39718.2,2633.31,0.15,16.53,2.79
2017-08-29,391.15,39713.0,2633.31,2.33,16.22,7.08
2017-08-30,334.16,39673.5,2633.29,0.0,18.2,6.62
2017-08-31,318.21,39624.4,2633.27,0.0,18.87,7.84
2017-09-01,271.81,39547.6,2633.23,0.0,17.65,7.83
2017-09-02,283.44,39477.6,2633.2,0.0,15.13,4.88
2017-09-03,257.83,39392.4,2633.16,0.0,12.52,1.78
2017-09-04,217.32,39282.8,2633.11,0.0,13.34,1.46
2017-09-05,195.8,39160.3,2633.06,0.0,8.24,-1.1
2017-09-06,146.55,39008.3,2632.99,0.0,10.19,-1.72
2017-09-07,153.63,38860.5,2632.93,0.0,14.41,3.69
2017-09-08,162.31,38717.9,2632.86,0.0,16.85,3.41
2017-09-09,172.82,38581.6,2632.8,0.0,17.36,7.3
2017-09-10,186.27,38453.4,2632.74,0.0,16.55,4.21
2017-09-11,219.29,38345.0,2632.7,14.97,18.79,8.73
2017-09-12,206.97,38229.2,2632.64,0.0,21.55,9.56
2017-09-13,205.34,38112.4,2632.59,2.11,23.73,10.4
2017-09-14,220.93,38005.0,2632.54,0.0,21.15,10.7
2017-09-15,253.01,37916.9,2632.5,0.0,17.49,7.09
2017-09-16,222.05,37810.1,2632.46,0.0,19.22,6.96
2017-09-17,212.81,37697.8,2632.41,0.0,14.98,4.03
2017-09-18,210.99,37584.5,2632.36,0.0,13.55,4.24
2017-09-19,225.25,37479.6,2632.31,0.0,16.07,6.5
2017-09-20,243.97,37386.0,2632.27,3.48,15.13,5.05
2017-09-21,233.95,37286.4,2632.22,0.0,15.57,5.69
2017-09-22,251.54,37197.4,2632.18,0.0,18.32,5.45
2017-09-23,252.08,37108.7,2632.14,0.0,11.5,4.31
2017-09-24,218.38,36999.7,2632.09,0.0,10.11,-1.64
2017-09-25,223.89,36894.1,2632.05,0.0,10.55,2.04
2017-09-26,267.49,36814.6,2632.01,0.0,15.32,3.69
2017-09-27,283.02,36744.4,2631.98,0.0,11.18,-2.29
2017-09-28,288.88,36677.8,2631.95,0.0,6.9,-3.44
2017-09-29,270.49,36600.1,2631.92,0.0,8.52,-0.6
2017-09-30,216.09,36489.8,2631.87,0.0,12.79,0.0
2017-10-01,195.84,36367.3,2631.81,0.0,13.96,5.64
2017-10-02,183.25,36237.3,2631.75,0.0,15.47,6.79
2017-10-03,174.39,36102.0,2631.69,0.0,11.84,-0.03
2017-10-04,182.75,35971.7,2631.64,0.0,10.77,-3.29
2017-10-05,205.85,35855.2,2631.58,0.0,9.15,-1.79
2017-10-06,197.55,35733.8,2631.53,0.0,9.88,0.35
2017-10-07,214.79,35622.7,2631.48,0.0,11.2,2.98
2017-10-08,242.62,35528.3,2631.44,0.0,9.98,-1.87
2017-10-09,227.64,35424.9,2631.39,0.0,4.9,-4.19
2017-10-10,220.38,35317.1,2631.34,0.0,11.26,-3.7
2017-10-11,243.38,35223.2,2631.3,0.0,11.27,-0.67
2017-10-12,245.03,35130.2,2631.26,0.0,6.95,-1.95
2017-10-13,227.52,35026.8,2631.21,0.0,7.28,-2.75
2017-10-14,231.12,34925.5,2631.17,0.0,7.35,-6.84
2017-10-15,242.34,34830.9,2631.13,0.0,8.31,-2.99
2017-10-16,274.36,34755.5,2631.09,0.0,8.78,-1.89
2017-10-17,248.09,34664.4,2631.05,0.0,11.37,2.23
2017-10-18,252.68,34576.1,2631.01,0.47,9.95,-0.66
2017-10-19,219.11,34467.6,2630.96,0.0,4.26,-4.91
2017-10-20,208.15,34352.5,2630.91,0.0,9.87,-2.13
2017-10-21,217.42,34243.0,2630.86,0.0,8.14,-3.82
2017-10-22,227.34,34139.4,2630.82,7.32,6.28,-5.37
2017-10-23,247.13,34047.7,2630.78,0.0,2.74,-7.79
2017-10-24,244.56,33954.5,2630.74,0.0,3.81,-6.67
2017-10-25,263.53,33872.6,2630.7,0.0,7.18,-5.27
2017-10-26,252.51,33784.1,2630.66,0.0,3.32,-5.42
2017-10-27,262.33,33701.6,2630.62,0.0,5.22,-2.66
2017-10-28,269.44,33623.3,2630.59,0.0,7.24,-3.34
2017-10-29,277.78,33549.9,2630.56,0.0,3.33,-5.9
2017-10-30,288.02,33482.8,2630.53,0.0,4.22,-4.84
2017-10-31,283.15,33412.7,2630.49,0.0,1.04,-10.83
2017-11-01,270.55,33335.1,2630.46,0.0,6.57,-6.3
2017-11-02,282.21,33264.4,2630.43,0.0,3.47,-9.59
2017-11-03,252.94,33176.2,2630.39,0.0,5.16,-8.65
2017-11-04,270.07,33098.3,2630.35,2.28,0.86,-10.28
2017-11-05,266.13,33018.0,2630.32,0.0,7.57,-4.61
2017-11-06,250.68,32928.4,2630.28,0.0,7.06,-4.57
2017-11-07,254.55,32841.2,2630.24,0.0,3.72,-6.88
2017-11-08,259.25,32756.8,2630.2,0.0,4.63,-7.48
2017-11-09,289.1,32690.2,2630.17,0.0,3.35,-6.97
2017-11-10,247.38,32598.7,2630.13,0.0,-0.4,-13.82
2017-11-11,227.47,32495.2,2630.08,0.0,-3.76,-15.88
2017-11-12,230.86,32393.8,2630.04,0.0,-4.9,-17.05
2017-11-13,236.34,32295.6,2630.0,0.0,-6.41,-17.79
2017-11-14,226.3,32191.4,2629.95,0.0,-7.79,-18.48
2017-11-15,265.02,32110.4,2629.91,0.0,-11.67,-21.76
2017-11-16,263.57,32028.6,2629.88,0.0,-11.39,-22.4
2017-11-17,267.71,31949.3,2629.84,0.0,-3.54,-14.29
2017-11-18,253.72,31861.5,2629.8,0.0,-5.23,-14.94
2017-11-19,250.9,31772.1,2629.76,0.86,-7.5,-17.11
2017-11-20,264.16,31690.6,2629.73,0.0,-5.17,-14.49
2017-11-21,249.08,31600.1,2629.69,0.0,-3.93,-16.55
2017-11-22,257.27,31514.5,2629.65,0.0,0.74,-12.29
2017-11-23,251.74,31425.6,2629.61,0.0,-2.96,-11.01
2017-11-24,268.23,31346.5,2629.57,4.55,-0.65,-11.14
2017-11-25,261.12,31263.2,2629.54,2.5,-3.48,-13.64
2017-11-26,279.3,31190.8,2629.5,0.0,-0.34,-9.43
2017-11-27,271.79,31113.9,2629.47,0.0,0.72,-12.23
2017-11-28,262.21,31031.3,2629.43,0.0,0.01,-13.02
2017-11-29,259.53,30947.1,2629.39,0.0,-0.27,-12.77
2017-11-30,245.91,30854.6,2629.35,0.0,-1.07,-11.32
2017-12-01,274.44,30779.3,2629.32,0.0,-3.73,-12.73
2017-12-02,332.64,30738.9,2629.3,0.88,1.05,-11.48
2017-12-03,307.51,30683.5,2629.28,0.0,2.84,-6.39
2017-12-04,316.82,30633.6,2629.25,0.0,-1.93,-11.88
2017-12-05,321.65,30586.6,2629.23,0.0,-3.29,-17.07
2017-12-06,319.04,30538.1,2629.21,0.0,2.25,-8.04
2017-12-07,323.19,30492.0,2629.19,0.0,0.53,-11.65
2017-12-08,304.47,30434.7,2629.17,0.0,0.65,-10.4
2017-12-09,294.02,30371.2,2629.14,0.0,-2.56,-13.58
2017-12-10,243.23,30277.1,2629.1,0.0,-4.14,-15.01
2017-12-11,223.28,30171.1,2629.05,0.0,-2.71,-14.02
2017-12-12,231.26,30069.9,2629.0,0.0,-3.4,-15.15
2017-12-13,222.96,29963.7,2628.96,0.0,-1.11,-13.14
2017-12-14,205.78,29847.2,2628.9,0.0,-6.78,-17.76
2017-12-15,189.95,29721.2,2628.85,0.0,-12.14,-21.35
2017-12-16,195.07,29598.3,2628.79,0.0,-8.23,-17.41
2017-12-17,165.04,29457.3,2628.73,0.0,-5.44,-17.78
2017-12-18,167.2,29317.7,2628.67,0.0,-0.69,-12.79
2017-12-19,170.34,29179.9,2628.61,0.0,-4.25,-16.27
2017-12-20,176.08,29045.6,2628.55,0.0,-0.87,-12.13
2017-12-21,178.67,28912.8,2628.49,0.0,-0.84,-11.13
2017-12-22,172.52,28776.4,2628.43,0.0,-2.57,-12.91
2017-12-23,180.46,28644.7,2628.37,0.0,-6.75,-18.22
2017-12-24,204.12,28527.2,2628.31,0.0,-7.91,-20.83
2017-12-25,177.78,28393.9,2628.25,0.0,-6.34,-15.41
2017-12-26,154.68,28246.7,2628.19,0.0,-3.69,-14.7
2017-12-27,168.11,28107.6,2628.13,0.0,-5.2,-15.96
2017-12-28,182.96,27977.4,2628.07,0.0,-7.37,-20.48
2017-12-29,205.58,27860.8,2628.02,0.0,-8.96,-18.65
2017-12-30,200.65,27741.2,2627.96,0.0,-6.35,-18.46
2017-12-31,182.12,27610.5,2627.91,0.0,-5.97,-18.13
2018-01-01,194.87,27487.4,2627.85,0.22,-3.61,-13.74
2018-01-02,198.07,27366.3,2627.8,0.0,-7.07,-18.82
2018-01-03,204.04,27248.8,2627.74,0.0,-2.86,-13.4
2018-01-04,201.32,27129.6,2627.69,0.0,2.61,-9.75
2018-01-05,220.28,27021.8,2627.64,0.0,0.82,-10.31
2018-01-06,193.83,26898.1,2627.59,0.0,2.12,-13.14
2018-01-07,195.7,26775.6,2627.53,0.0,-3.42,-13.06
2018-01-08,229.66,26673.4,2627.49,0.0,-3.06,-16.17
2018-01-09,202.1,26554.7,2627.43,0.0,-6.17,-15.99
2018-01-10,210.91,26441.2,2627.38,0.92,-6.76,-18.56
2018-01-11,207.97,26326.1,2627.33,0.0,-7.54,-18.9
2018-01-12,208.61,26211.2,2627.28,0.0,-3.31,-14.8
2018-01-13,212.91,26099.0,2627.23,0.0,-4.29,-13.6
2018-01-14,226.84,25995.2,2627.18,0.0,-5.19,-15.67
2018-01-15,214.33,25883.8,2627.13,0.0,-4.84,-14.21
2018-01-16,219.28,25775.4,2627.09,0.0,-0.92,-15.5
2018-01-17,211.33,25662.2,2627.04,0.0,-4.26,-15.55
2018-01-18,189.33,25535.8,2626.98,0.0,-7.95,-21.8
2018-01-19,223.04,25429.7,2626.93,0.0,-5.96,-16.26
2018-01-20,214.08,25318.2,2626.88,0.0,-3.46,-15.01
2018-01-21,214.63,25207.0,2626.83,0.0,-4.6,-18.54
2018-01-22,224.86,25101.9,2626.79,0.0,-6.18,-18.36
2018-01-23,217.04,24992.2,2626.74,0.0,-2.83,-12.47
2018-01-24,222.58,24885.7,2626.69,0.0,-1.49,-13.33
2018-01-25,179.48,24753.5,2626.63,0.0,-3.08,-14.99
2018-01-26,173.86,24617.8,2626.57,0.0,2.44,-10.59
2018-01-27,169.97,24479.8,2626.51,0.0,-4.73,-15.62
2018-01-28,154.75,24332.7,2626.44,0.0,-0.88,-13.5
2018-01-29,137.26,24175.1,2626.37,0.0,-1.78,-12.13
2018-01-30,141.9,24020.2,2626.3,0.0,0.78,-11.46
2018-01-31,157.87,23875.0,2626.24,0.0,-0.96,-11.12
2018-02-01,162.59,23732.6,2626.17,0.0,1.81,-8.78
2018-02-02,171.52,23595.5,2626.11,0.0,-0.7,-13.78
2018-02-03,169.3,23457.1,2626.05,0.0,0.18,-8.59
2018-02-04,175.32,23322.4,2625.99,0.0,-3.32,-13.76
2018-02-05,166.93,23182.5,2625.93,0.0,-2.31,-14.86
2018-02-06,164.03,23041.0,2625.87,0.0,-6.5,-16.38
2018-02-07,160.71,22897.4,2625.8,0.0,-1.7,-15.08
2018-02-08,150.84,22748.0,2625.74,0.0,1.3,-11.03
2018-02-09,159.37,22603.6,2625.67,0.0,-1.31,-14.3
2018-02-10,158.41,22458.7,2625.61,0.0,-5.88,-16.68
2018-02-11,171.13,22321.4,2625.55,0.0,-3.88,-17.08
2018-02-12,218.67,22212.6,2625.5,15.15,-10.67,-21.97
2018-02-13,196.68,22090.7,2625.44,0.0,-9.48,-19.68
2018-02-14,173.49,21954.8,2625.38,0.0,-10.26,-21.23
2018-02-15,185.98,21826.4,2625.32,0.23,-11.64,-21.62
2018-02-16,216.74,21716.5,2625.28,0.0,-12.42,-23.63
2018-02-17,224.52,21611.2,2625.23,0.0,-11.52,-18.94
2018-02-18,212.9,21499.0,2625.18,0.0,-12.8,-23.03
2018-02-19,206.35,21382.8,2625.13,0.0,-10.92,-20.25
2018-02-20,211.3,21269.6,2625.08,0.0,-5.73,-14.71
2018-02-21,262.94,21187.4,2625.04,9.2,-1.56,-10.95
2018-02-22,264.84,21106.3,2625.0,0.25,-4.62,-11.76
2018-02-23,258.85,21021.7,2624.97,0.0,-4.38,-14.57
2018-02-24,231.07,20920.4,2624.92,0.0,-6.87,-16.71
2018-02-25,207.08,20804.6,2624.87,0.0,-3.14,-14.82
2018-02-26,188.97,20678.0,2624.81,0.0,-4.62,-18.58
2018-02-27,179.87,20546.0,2624.75,0.37,-2.82,-14.32
2018-02-28,184.71,20416.8,2624.7,0.0,-1.04,-12.92
2018-03-01,196.54,20294.8,2624.64,0.0,-0.35,-12.6
2018-03-02,178.87,20162.1,2624.58,0.3,2.78,-5.6
2018-03-03,164.77,20021.0,2624.52,0.0,1.35,-8.21
2018-03-04,148.14,19870.0,2624.45,0.0,-1.53,-12.67
2018-03-05,147.67,19718.6,2624.38,0.0,1.62,-9.1
2018-03-06,192.39,19594.0,2624.33,9.73,-3.28,-12.01
2018-03-07,186.35,19465.9,2624.27,0.0,-0.75,-13.05
2018-03-08,175.83,19331.4,2624.21,0.0,-1.0,-12.85
2018-03-09,189.0,19204.8,2624.15,3.2,1.06,-10.46
2018-03-10,187.25,19077.2,2624.1,0.0,0.93,-8.45
2018-03-11,180.31,18945.4,2624.04,0.0,6.78,-5.86
2018-03-12,195.06,18822.5,2623.98,0.23,3.33,-8.66
2018-03-13,197.77,18701.2,2623.93,2.57,1.32,-10.81
2018-03-14,172.78,18564.9,2623.87,0.0,7.73,-4.33
2018-03-15,193.38,18440.9,2623.81,1.75,4.76,-4.66
2018-03-16,169.79,18302.8,2623.75,0.0,7.64,-3.55
2018-03-17,195.84,18180.4,2623.7,0.0,4.07,-5.04
2018-03-18,168.96,18041.8,2623.64,0.0,6.15,-5.43
2018-03-19,176.2,17907.5,2623.58,0.0,5.11,-6.24
2018-03-20,174.61,17772.3,2623.52,0.0,7.66,-5.4
2018-03-21,176.25,17638.1,2623.46,0.0,3.72,-5.86
2018-03-22,194.77,17515.0,2623.4,0.0,3.25,-9.99
2018-03-23,182.77,17384.7,2623.34,0.0,8.18,-5.81
2018-03-24,175.69,17250.1,2623.28,0.0,3.27,-8.27
2018-03-25,173.25,17114.1,2623.22,0.0,1.58,-9.02
2018-03-26,176.58,16980.1,2623.16,0.0,4.78,-7.43
2018-03-27,181.83,16849.2,2623.1,0.0,5.53,-4.43
2018-03-28,195.83,16726.7,2623.05,0.0,3.36,-4.0
2018-03-29,205.34,16610.0,2623.0,0.0,1.63,-8.25
2018-03-30,234.22,16510.5,2622.95,6.81,-3.72,-13.07
2018-03-31,216.4,16400.4,2622.9,0.0,-1.42,-12.98
2018-04-01,217.82,16291.1,2622.85,0.0,-0.86,-9.58
2018-04-02,236.52,16193.0,2622.81,0.0,-1.42,-12.89
2018-04-03,260.75,16109.5,2622.77,11.46,6.17,-5.87
2018-04-04,258.44,16024.6,2622.74,0.48,9.18,-2.13
2018-04-05,249.51,15934.3,2622.7,0.0,6.04,-3.8
2018-04-06,256.25,15848.1,2622.66,0.0,5.26,-2.73
2018-04-07,239.36,15751.8,2622.61,0.0,8.43,-5.99
2018-04-08,230.77,15650.3,2622.57,0.0,3.24,-9.62
2018-04-09,211.46,15537.2,2622.52,0.35,5.84,-3.36
2018-04-10,222.5,15430.7,2622.47,0.0,2.69,-4.78
2018-04-11,267.05,15350.9,2622.43,0.0,3.53,-8.21
2018-04-12,294.09,15287.4,2622.41,11.31,9.89,-1.12
2018-04-13,256.04,15201.1,2622.37,0.0,7.27,-2.03
2018-04-14,227.66,15097.7,2622.32,0.0,9.05,-0.5
2018-04-15,201.58,14978.7,2622.27,0.0,8.43,-1.61
2018-04-16,196.39,14856.5,2622.21,0.0,9.82,-2.66
2018-04-17,201.5,14737.5,2622.16,0.8,7.88,0.11
2018-04-18,263.18,14655.4,2622.12,6.99,11.06,-1.79
2018-04-19,296.23,14593.2,2622.1,0.0,9.32,-1.3
2018-04-20,294.05,14529.6,2622.07,0.0,8.09,-1.29
2018-04-21,313.3,14477.6,2622.05,0.0,8.33,-2.91
2018-04-22,323.97,14432.0,2622.02,0.0,4.65,-4.32
2018-04-23,351.99,14403.3,2622.01,0.0,8.54,-5.39
2018-04-24,308.33,14348.3,2621.99,0.0,7.66,-2.7
2018-04-25,291.22,14283.1,2621.96,0.0,7.38,-3.3
2018-04-26,325.89,14238.6,2621.94,0.0,8.42,-2.76
2018-04-27,361.09,14215.3,2621.93,0.0,7.71,-4.66
2018-04-28,429.88,14233.3,2621.94,3.63,1.06,-7.59
2018-04-29,400.37,14233.5,2621.94,0.0,6.57,-6.48
2018-04-30,360.44,14209.8,2621.93,0.0,10.39,-1.54
2018-05-01,403.35,14211.8,2621.93,0.53,11.02,1.82
2018-05-02,481.21,14260.6,2621.95,6.37,9.11,-3.64
2018-05-03,430.11,14278.7,2621.96,0.0,11.42,1.87
2018-05-04,493.12,14334.6,2621.98,6.57,15.08,2.89
2018-05-05,476.61,14380.6,2622.0,0.0,8.13,0.14
2018-05-06,504.68,14443.4,2622.03,0.0,12.8,1.34
2018-05-07,607.63,14568.0,2622.09,0.0,9.45,-1.22
2018-05-08,761.45,14784.9,2622.18,20.81,17.06,4.33
2018-05-09,680.07,14953.0,2622.26,0.0,21.09,6.99
2018-05-10,638.17,15095.9,2622.32,0.0,16.36,7.58
2018-05-11,549.99,15185.9,2622.36,0.0,14.29,4.13
2018-05-12,550.28,15276.1,2622.4,0.0,14.99,3.44
2018-05-13,541.71,15361.2,2622.44,0.0,21.19,8.9
2018-05-14,702.53,15542.7,2622.52,4.78,19.67,8.42
2018-05-15,763.54,15760.9,2622.62,0.0,15.2,5.56
2018-05-16,780.33,15989.1,2622.72,0.0,15.38,4.45
2018-05-17,770.01,16211.2,2622.82,0.0,17.28,6.72
2018-05-18,753.18,16423.1,2622.91,0.0,17.05,5.62
2018-05-19,714.96,16612.1,2623.0,0.0,18.97,5.79
2018-05-20,690.68,16786.5,2623.08,0.0,15.76,4.1
2018-05-21,682.15,16955.8,2623.15,0.0,10.85,-1.81
2018-05-22,697.07,17134.1,2623.23,0.0,12.34,-2.08
2018-05-23,717.75,17324.8,2623.32,0.8,11.66,2.86
2018-05-24,827.73,17581.5,2623.43,18.4,11.07,-0.51
2018-05-25,771.33,17804.3,2623.53,0.0,13.35,1.1
2018-05-26,683.6,17974.5,2623.61,0.0,14.55,3.36
2018-05-27,697.97,18153.3,2623.69,0.0,17.58,5.1
2018-05-28,680.69,18321.7,2623.76,0.0,15.36,4.74
2018-05-29,668.79,18483.0,2623.83,0.0,9.99,-1.34
2018-05-30,758.63,18698.2,2623.93,0.0,6.59,-3.93
2018-05-31,726.65,18894.3,2624.02,2.56,12.49,2.04
2018-06-01,618.79,19025.6,2624.07,0.0,16.08,5.72
2018-06-02,740.83,19230.1,2624.17,7.28,15.93,3.7
2018-06-03,815.77,19479.6,2624.28,0.0,19.62,6.09
2018-06-04,683.39,19649.6,2624.35,0.0,15.74,3.39
2018-06-05,640.95,19794.2,2624.42,0.0,16.88,5.96
2018-06-06,681.26,19963.0,2624.49,6.13,16.82,4.38
2018-06-07,698.0,20141.8,2624.57,0.0,18.73,6.53
2018-06-08,702.88,20323.6,2624.65,0.0,17.27,3.89
2018-06-09,781.77,20552.7,2624.76,1.53,12.54,0.38
2018-06-10,833.03,20812.5,2624.87,0.0,16.11,4.94
2018-06-11,870.82,21095.1,2625.0,0.0,18.41,7.23
2018-06-12,898.34,21394.1,2625.13,0.0,16.22,6.36
2018-06-13,801.17,21634.8,2625.24,0.0,17.06,5.97
2018-06-14,975.0,21979.9,2625.39,1.05,13.41,1.32
2018-06-15,882.62,22269.5,2625.52,0.0,18.82,8.08
2018-06-16,933.52,22589.6,2625.66,0.0,17.65,7.38
2018-06-17,979.85,22937.5,2625.82,0.0,17.75,6.17
2018-06-18,972.59,23281.1,2625.97,0.83,21.8,10.31
2018-06-19,987.13,23633.4,2626.13,6.91,23.22,13.21
2018-06-20,1028.65,24010.6,2626.3,0.69,22.29,13.49
2018-06-21,1061.59,24407.6,2626.48,0.0,19.95,9.49
2018-06-22,970.52,24750.0,2626.63,2.01,21.01,9.41
2018-06-23,1052.79,25141.7,2626.8,0.0,21.55,9.98
2018-06-24,1050.68,25532.1,2626.98,0.0,17.14,4.9
2018-06-25,917.87,25842.8,2627.12,0.0,18.53,6.53
2018-06-26,1008.55,26208.0,2627.28,0.0,20.98,9.8
2018-06-27,1067.56,26608.6,2627.46,0.0,20.09,10.0
2018-06-28,1078.62,27015.8,2627.64,0.0,23.5,11.64
2018-06-29,1172.56,27479.3,2627.85,1.73,24.4,12.53
2018-06-30,1115.76,27908.8,2628.04,0.0,20.93,10.56
2018-07-01,1073.48,28312.9,2628.22,0.0,22.41,15.27
2018-07-02,1065.33,28712.2,2628.4,0.0,20.81,10.47
2018-07-03,1267.89,29232.9,2628.63,0.74,20.93,8.78
2018-07-04,1324.83,29787.9,2628.88,0.0,13.6,3.48
2018-07-05,1243.35,30293.9,2629.1,1.06,17.27,6.32
2018-07-06,1138.69,30737.1,2629.3,0.0,20.23,6.52
2018-07-07,1157.9,31191.9,2629.5,2.88,19.8,8.69
2018-07-08,1107.03,31616.1,2629.69,0.0,19.66,5.6
2018-07-09,1400.57,32216.5,2629.96,12.08,17.41,5.92
2018-07-10,1308.54,32761.7,2630.2,0.0,15.35,3.73
2018-07-11,1225.4,33256.9,2630.42,0.0,19.91,9.02
2018-07-12,1246.97,33765.1,2630.65,0.0,22.64,10.5
2018-07-13,1272.57,34288.7,2630.89,0.0,23.43,12.72
2018-07-14,1178.12,34755.6,2631.09,0.0,23.01,12.4
2018-07-15,1348.43,35324.7,2631.35,0.0,32.31,19.35
2018-07-16,1329.08,35882.2,2631.6,0.0,31.69,21.23
2018-07-17,1182.15,36351.5,2631.81,0.0,28.61,18.04
2018-07-18,1146.45,36799.4,2632.01,0.0,23.27,11.81
2018-07-19,1033.72,37179.7,2632.18,0.0,22.65,11.14
2018-07-20,859.14,37455.2,2632.3,0.0,24.04,13.77
2018-07-21,953.76,37787.5,2632.45,0.74,27.61,19.43
2018-07-22,1016.75,38157.5,2632.61,0.0,27.07,16.39
2018-07-23,1012.04,38524.8,2632.78,0.0,26.17,14.01
2018-07-24,923.82,38839.1,2632.92,0.0,25.33,13.59
2018-07-25,827.06,39095.4,2633.03,0.0,33.12,23.36
2018-07-26,779.92,39323.3,2633.13,0.0,34.08,22.85
2018-07-27,777.73,39550.0,2633.23,0.0,26.59,18.01
2018-07-28,642.07,39695.3,2633.3,0.0,23.76,10.53
2018-07-29,585.14,39806.4,2633.35,0.0,26.48,16.52
2018-07-30,574.02,39910.8,2633.39,0.68,24.73,15.76
2018-07-31,538.75,39994.1,2633.43,0.0,24.23,12.82
2018-08-01,519.62,40065.9,2633.46,0.0,21.05,12.78
2018-08-02,494.09,40122.4,2633.49,0.0,24.14,10.36
2018-08-03,426.52,40138.3,2633.5,1.08,22.47,9.87
2018-08-04,384.47,40129.0,2633.49,0.0,21.57,10.23
2018-08-05,310.69,40075.5,2633.47,0.0,25.71,15.92
2018-08-06,289.37,40009.1,2633.44,0.0,20.94,8.37
2018-08-07,284.63,39939.9,2633.41,0.0,21.74,11.49
2018-08-08,278.31,39866.9,2633.37,0.0,20.66,9.3
2018-08-09,281.5,39795.9,2633.34,0.0,18.83,6.63
2018-08-10,253.71,39708.1,2633.3,0.0,22.49,10.03
2018-08-11,248.88,39617.5,2633.26,0.0,19.38,8.97
2018-08-12,262.42,39535.0,2633.23,0.0,16.71,7.47
2018-08-13,248.65,39444.2,2633.19,0.0,19.17,7.68
2018-08-14,240.19,39348.3,2633.14,0.0,19.6,6.72
2018-08-15,310.8,39294.8,2633.12,0.0,17.13,6.75
2018-08-16,301.32,39235.7,2633.09,0.0,21.22,8.38
2018-08-17,289.9,39169.6,2633.06,0.0,20.03,11.1
2018-08-18,320.89,39122.2,2633.04,0.0,20.86,10.01
2018-08-19,315.47,39071.5,2633.02,0.0,25.87,13.77
2018-08-20,360.54,39047.9,2633.01,0.0,20.3,9.01
2018-08-21,383.12,39037.8,2633.0,0.0,20.5,9.37
2018-08-22,426.16,39053.5,2633.01,0.0,22.0,10.94
2018-08-23,375.11,39038.6,2633.0,1.1,18.54,8.16
2018-08-24,397.82,39037.3,2633.0,0.0,19.1,7.16
2018-08-25,368.71,39018.5,2633.0,0.0,20.6,11.44
2018-08-26,393.35,39014.6,2632.99,0.15,20.27,8.44
2018-08-27,366.98,38994.8,2632.99,0.0,17.91,4.45
2018-08-28,363.15,38972.7,2632.98,0.0,21.64,8.75
2018-08-29,317.35,38923.2,2632.95,0.0,9.11,1.53
2018-08-30,337.83,38885.9,2632.94,0.0,13.21,2.55
2018-08-31,349.47,38855.6,2632.92,0.0,11.21,0.7
2018-09-01,325.59,38811.0,2632.9,2.45,15.37,2.56
2018-09-02,270.72,38733.4,2632.87,0.0,15.71,2.26
2018-09-03,241.25,38638.2,2632.83,0.0,12.57,2.43
2018-09-04,229.39,38535.9,2632.78,0.0,12.84,3.04
2018-09-05,247.52,38444.4,2632.74,1.52,17.93,5.43
2018-09-06,238.53,38347.6,2632.7,0.0,11.07,-0.75
2018-09-07,258.59,38262.7,2632.66,0.0,12.68,1.84
2018-09-08,242.7,38168.4,2632.62,0.0,13.5,2.21
2018-09-09,250.63,38078.8,2632.58,5.25,12.74,0.54
2018-09-10,257.95,37993.6,2632.54,0.0,14.97,3.9
2018-09-11,269.49,37915.3,2632.5,0.0,16.27,3.64
2018-09-12,263.2,37833.3,2632.47,0.0,12.73,-1.04
2018-09-13,285.45,37764.6,2632.44,0.0,11.77,1.64
2018-09-14,269.71,37686.4,2632.4,2.4,10.55,-2.92
2018-09-15,257.08,37600.7,2632.36,0.0,12.01,0.96
2018-09-16,264.37,37519.3,2632.33,0.0,10.84,2.87
2018-09-17,256.77,37433.4,2632.29,1.3,10.59,-0.62
2018-09-18,237.71,37336.1,2632.24,0.0,9.93,-1.37
2018-09-19,200.12,37216.2,2632.19,0.0,6.84,-4.86
2018-09-20,218.52,37107.3,2632.14,0.0,10.07,0.43
2018-09-21,225.48,37002.7,2632.1,0.0,10.68,3.09
2018-09-22,255.32,36915.9,2632.06,0.0,13.38,1.57
2018-09-23,220.18,36808.0,2632.01,0.0,8.81,-3.44
2018-09-24,210.27,36694.2,2631.96,0.0,3.15,-7.84
2018-09-25,214.32,36582.8,2631.91,0.0,5.7,-6.9
2018-09-26,208.08,36467.7,2631.86,0.0,8.64,-0.84
2018-09-27,210.57,36354.1,2631.81,1.79,12.78,4.21
2018-09-28,196.73,36232.1,2631.75,0.0,11.63,1.69
2018-09-29,211.04,36118.8,2631.7,0.0,11.14,-0.44
2018-09-30,235.37,36020.0,2631.66,0.0,12.15,3.46
2018-10-01,220.16,35912.2,2631.61,0.0,15.62,3.04
2018-10-02,242.67,35817.8,2631.57,0.0,14.78,3.86
2018-10-03,257.39,35732.2,2631.53,0.0,10.69,-2.35
2018-10-04,245.81,35639.8,2631.49,0.0,8.93,-2.2
2018-10-05,264.83,35558.7,2631.45,0.0,8.5,-3.46
2018-10-06,257.98,35473.5,2631.41,0.0,11.56,1.93
2018-10-07,264.19,35392.0,2631.38,0.0,17.05,5.09
2018-10-08,283.08,35321.9,2631.35,0.0,16.26,1.55
2018-10-09,258.91,35237.3,2631.31,0.0,11.89,0.23
2018-10-10,236.36,35139.1,2631.26,0.0,9.35,-3.5
2018-10-11,279.38,35066.8,2631.23,0.0,10.39,-0.84
2018-10-12,287.78,34999.5,2631.2,0.0,10.43,-1.82
2018-10-13,286.88,34931.7,2631.17,0.0,11.2,0.85
2018-10-14,294.76,34868.5,2631.14,0.0,6.25,-4.34
2018-10-15,273.97,34792.9,2631.11,0.0,1.66,-5.68
2018-10-16,287.91,34725.7,2631.08,0.0,1.22,-8.75
2018-10-17,273.62,34649.9,2631.05,0.0,3.71,-7.51
2018-10-18,252.99,34561.7,2631.01,0.0,5.12,-4.38
2018-10-19,273.0,34485.6,2630.97,0.0,5.31,-5.81
2018-10-20,301.06,34426.2,2630.95,0.0,0.76,-10.13
2018-10-21,252.72,34337.9,2630.91,0.0,-1.01,-12.29
2018-10-22,230.88,34236.4,2630.86,0.0,1.96,-8.51
2018-10-23,241.6,34141.4,2630.82,0.0,4.27,-8.76
2018-10-24,253.88,34053.8,2630.78,0.0,7.8,-3.24
2018-10-25,235.2,33954.9,2630.74,0.0,10.19,-3.03
2018-10-26,257.41,33869.4,2630.7,0.0,6.48,-5.35
2018-10-27,246.46,33777.3,2630.66,0.0,5.8,-5.4
2018-10-28,267.42,33697.8,2630.62,0.0,0.53,-7.98
2018-10-29,312.97,33645.6,2630.6,0.0,5.71,-6.2
2018-10-30,326.89,33601.8,2630.58,0.0,3.78,-5.61
2018-10-31,317.28,33552.2,2630.56,0.0,5.17,-7.06
2018-11-01,318.14,33503.1,2630.53,0.0,10.27,-2.64
2018-11-02,351.33,33473.9,2630.52,0.0,4.07,-8.01
2018-11-03,342.43,33439.4,2630.51,0.0,4.03,-7.62
2018-11-04,353.45,33411.5,2630.49,0.0,5.33,-5.15
2018-11-05,384.2,33402.0,2630.49,0.0,2.3,-10.23
2018-11-06,438.66,33425.3,2630.5,0.0,2.6,-9.48
2018-11-07,414.7,33434.1,2630.5,0.0,0.31,-9.26
2018-11-08,345.54,33401.5,2630.49,0.0,5.98,-5.94
2018-11-09,332.92,33361.2,2630.47,0.0,4.92,-6.52
2018-11-10,346.15,33329.0,2630.46,0.0,3.89,-9.73
2018-11-11,315.35,33278.2,2630.43,0.81,1.07,-14.06
2018-11-12,302.82,33219.9,2630.41,0.0,0.79,-10.91
2018-11-13,276.38,33145.8,2630.38,0.0,-0.29,-12.54
2018-11-14,268.7,33067.0,2630.34,0.0,-0.23,-12.21
2018-11-15,272.28,32990.4,2630.31,0.0,3.74,-6.1
2018-11-16,316.03,32940.1,2630.28,0.0,-0.71,-9.43
2018-11-17,313.9,32888.4,2630.26,0.0,1.78,-10.09
2018-11-18,388.71,32881.7,2630.26,0.0,2.01,-8.5
2018-11-19,393.14,32877.6,2630.26,0.0,5.51,-5.77
2018-11-20,370.38,32859.9,2630.25,0.0,3.05,-10.83
2018-11-21,377.02,32846.1,2630.24,0.0,0.48,-14.64
2018-11-22,347.43,32814.6,2630.23,0.0,1.72,-10.04
2018-11-23,307.0,32758.8,2630.2,0.0,3.66,-6.46
2018-11-24,298.81,32698.1,2630.18,0.0,-0.36,-10.68
2018-11-25,337.01,32660.4,2630.16,0.0,1.81,-8.52
2018-11-26,332.89,32620.1,2630.14,0.0,-0.19,-10.73
2018-11-27,382.33,32609.5,2630.14,0.0,-0.53,-11.76
2018-11-28,326.63,32565.5,2630.12,0.0,2.25,-7.59
2018-11-29,281.72,32494.6,2630.08,0.0,1.01,-10.47
2018-11-30,262.46,32412.1,2630.05,0.0,-1.42,-13.25
2018-12-01,238.88,32315.5,2630.0,0.0,-2.4,-13.45
2018-12-02,216.52,32205.4,2629.96,0.0,-3.09,-13.42
2018-12-03,222.8,32099.1,2629.91,0.0,-0.49,-9.07
2018-12-04,243.15,32005.0,2629.87,0.0,-0.51,-10.53
2018-12-05,241.07,31909.7,2629.82,0.0,-1.91,-16.48
2018-12-06,220.38,31802.0,2629.78,0.0,-2.35,-12.67
2018-12-07,237.85,31704.7,2629.73,0.0,-0.51,-8.59
2018-12-08,212.57,31592.3,2629.68,0.0,-1.55,-13.7
2018-12-09,193.33,31468.3,2629.63,0.0,-0.87,-13.85
2018-12-10,207.93,31353.1,2629.58,0.0,1.02,-11.02
2018-12-11,220.42,31245.4,2629.53,9.21,3.39,-9.15
2018-12-12,298.67,31184.6,2629.5,26.42,4.09,-11.44
2018-12-13,278.9,31112.0,2629.47,0.0,1.01,-9.78
2018-12-14,307.87,31056.7,2629.44,5.93,-1.27,-13.1
2018-12-15,296.04,30994.4,2629.42,0.0,-2.92,-13.95
2018-12-16,295.29,30931.6,2629.39,0.0,-3.55,-14.17
2018-12-17,301.93,30872.8,2629.36,0.0,-1.69,-12.39
2018-12-18,311.71,30819.8,2629.34,0.0,-5.04,-15.23
2018-12-19,312.59,30767.4,2629.31,0.0,-0.71,-12.77
2018-12-20,288.78,30700.7,2629.28,0.0,-3.99,-12.95
2018-12-21,285.75,30632.2,2629.25,0.0,-1.27,-13.07
2018-12-22,241.45,30537.1,2629.21,0.0,-0.42,-11.24
2018-12-23,234.07,30437.5,2629.17,0.0,0.05,-10.63
2018-12-24,243.83,30343.9,2629.12,0.0,-1.4,-9.78
2018-12-25,236.24,30245.6,2629.08,0.0,-9.77,-21.27
2018-12-26,229.65,30143.5,2629.04,0.0,-6.92,-14.17
2018-12-27,200.01,30023.5,2628.98,0.0,-6.47,-17.9
2018-12-28,279.67,29951.3,2628.95,15.05,-6.34,-18.59
2018-12-29,258.22,29866.3,2628.91,0.0,-8.47,-17.03
2018-12-30,248.79,29775.6,2628.87,0.0,-4.76,-14.9
2018-12-31,253.63,29687.8,2628.83,0.0,-3.7,-13.12
2019-01-01,194.56,29564.5,2628.78,0.0,-4.32,-14.59
2019-01-02,207.79,29449.2,2628.73,1.24,-2.6,-12.88
2019-01-03,213.04,29337.1,2628.68,0.59,-5.28,-13.41
2019-01-04,191.66,29212.1,2628.62,0.0,-8.78,-21.14
2019-01-05,186.01,29083.8,2628.56,0.0,-6.7,-17.88
2019-01-06,196.2,28961.5,2628.51,0.0,-3.43,-15.94
2019-01-07,205.92,28845.1,2628.46,0.0,3.06,-6.05
2019-01-08,207.35,28729.5,2628.4,0.0,1.77,-11.39
2019-01-09,261.24,28646.3,2628.37,3.89,-5.85,-16.58
2019-01-10,276.98,28572.5,2628.33,0.0,2.26,-7.67
2019-01-11,283.51,28502.6,2628.3,0.0,-0.25,-12.16
2019-01-12,264.55,28421.4,2628.27,0.0,-0.05,-14.7
2019-01-13,271.55,28344.4,2628.23,0.0,-5.73,-16.17
2019-01-14,248.36,28253.4,2628.19,0.0,-4.2,-12.28
2019-01-15,264.69,28172.3,2628.16,0.0,-3.15,-13.22
2019-01-16,251.38,28083.1,2628.12,0.0,-2.53,-11.16
2019-01-17,218.07,27974.0,2628.07,0.0,-4.29,-18.32
2019-01-18,187.17,27846.3,2628.01,0.0,-0.79,-11.48
2019-01-19,223.59,27740.5,2627.96,0.0,-7.37,-18.14
2019-01-20,189.21,27614.1,2627.91,0.0,-1.33,-10.07
2019-01-21,208.89,27499.4,2627.86,0.0,2.15,-8.49
2019-01-22,204.94,27382.4,2627.8,0.0,-3.27,-15.8
2019-01-23,206.53,27266.4,2627.75,0.0,-1.67,-13.28
2019-01-24,195.14,27143.5,2627.7,0.0,-2.92,-11.24
2019-01-25,183.98,27013.9,2627.64,0.0,-2.08,-15.1
2019-01-26,180.04,26881.9,2627.58,0.0,-3.53,-14.83
2019-01-27,214.45,26770.6,2627.53,0.0,3.01,-9.05
2019-01-28,214.33,26659.3,2627.48,0.0,2.12,-7.86
2019-01-29,227.17,26555.6,2627.43,0.0,-2.02,-13.72
2019-01-30,214.66,26444.4,2627.38,0.0,-0.81,-12.67
2019-01-31,231.77,26343.5,2627.34,0.0,-8.57,-18.11
2019-02-01,321.69,26296.5,2627.32,13.44,-8.05,-17.88
2019-02-02,296.01,26234.2,2627.29,0.0,-3.96,-16.24
2019-02-03,273.59,26158.4,2627.26,0.0,-6.05,-15.78
2019-02-04,271.44,26081.3,2627.22,0.0,-3.11,-13.45
2019-02-05,253.11,25993.2,2627.18,0.0,-0.15,-11.66
2019-02-06,227.45,25889.7,2627.14,0.0,-2.38,-12.93
2019-02-07,203.62,25771.9,2627.08,0.0,-5.02,-17.64
2019-02-08,186.45,25643.8,2627.03,0.0,-5.11,-13.67
2019-02-09,192.18,25519.1,2626.97,0.34,-1.0,-12.93
2019-02-10,218.36,25410.1,2626.92,0.0,-0.95,-11.47
2019-02-11,205.01,25293.2,2626.87,0.0,-9.13,-19.36
2019-02-12,214.0,25181.6,2626.82,0.0,-5.19,-15.86
2019-02-13,239.12,25085.1,2626.78,3.62,-5.59,-16.1
2019-02-14,237.15,24987.4,2626.73,0.0,-3.89,-16.53
2019-02-15,217.73,24878.1,2626.69,0.0,-5.38,-17.99
2019-02-16,213.46,24766.2,2626.64,0.0,-9.58,-17.72
2019-02-17,180.18,24634.3,2626.58,0.0,-6.14,-17.2
2019-02-18,183.63,24504.5,2626.52,0.0,-0.71,-16.03
2019-02-19,177.42,24371.0,2626.46,0.0,-5.65,-18.38
2019-02-20,180.59,24239.4,2626.4,0.0,-6.47,-17.59
2019-02-21,170.24,24101.6,2626.34,0.0,-7.07,-17.96
2019-02-22,176.97,23967.8,2626.28,0.0,-11.6,-21.49
2019-02-23,183.45,23837.9,2626.22,0.0,-6.88,-17.34
2019-02-24,184.73,23708.7,2626.16,0.0,-8.59,-20.94
2019-02-25,193.28,23584.7,2626.11,0.0,-12.4,-25.11
2019-02-26,167.31,23445.1,2626.05,0.0,-10.4,-18.75
2019-02-27,187.06,23317.4,2625.99,0.0,-3.74,-14.36
2019-02-28,216.28,23207.2,2625.94,11.37,2.86,-8.78
2019-03-01,214.43,23095.9,2625.89,0.0,2.66,-9.31
2019-03-02,220.56,22988.3,2625.84,0.0,6.87,-3.4
2019-03-03,198.82,22867.6,2625.79,0.0,10.77,-2.58
2019-03-04,197.6,22746.2,2625.73,0.0,3.48,-7.74
2019-03-05,180.54,22614.5,2625.68,0.0,2.21,-12.43
2019-03-06,185.98,22486.1,2625.62,0.0,0.18,-10.36
2019-03-07,180.35,22354.4,2625.56,0.0,0.26,-9.24
2019-03-08,171.53,22217.3,2625.5,0.0,6.53,-5.12
2019-03-09,163.31,22075.3,2625.44,0.0,1.13,-12.02
2019-03-10,150.84,21925.9,2625.37,0.0,-3.27,-16.47
2019-03-11,142.9,21771.6,2625.3,0.0,1.24,-12.58
2019-03-12,149.77,21621.5,2625.23,0.0,2.8,-9.81
2019-03-13,153.9,21473.9,2625.17,5.5,3.86,-6.66
2019-03-14,163.75,21332.2,2625.1,0.0,3.69,-10.59
2019-03-15,178.21,21199.1,2625.04,2.66,3.58,-7.49
2019-03-16,182.73,21068.8,2624.99,0.0,0.37,-8.3
2019-03-17,169.79,20930.7,2624.92,0.0,4.96,-5.32
2019-03-18,177.63,20797.3,2624.87,0.0,6.86,-4.99
2019-03-19,213.68,20685.6,2624.82,1.12,7.41,-5.34
2019-03-20,208.1,20570.4,2624.76,0.0,7.02,-3.87
2019-03-21,242.19,20475.8,2624.72,0.0,7.89,-5.98
2019-03-22,240.91,20380.4,2624.68,0.0,2.46,-8.97
2019-03-23,220.39,20272.6,2624.63,0.0,2.12,-8.71
2019-03-24,249.59,20182.4,2624.59,0.0,3.7,-5.63
2019-03-25,232.81,20082.1,2624.55,0.0,4.84,-8.34
2019-03-26,273.59,20006.3,2624.51,3.75,7.91,-3.25
2019-03-27,259.95,19922.3,2624.47,0.0,12.83,-1.5
2019-03-28,232.26,19821.7,2624.43,2.6,10.28,-1.46
2019-03-29,225.8,19717.2,2624.38,0.03,8.07,-3.79
2019-03-30,244.86,19624.1,2624.34,0.0,5.86,-3.1
2019-03-31,239.36,19527.8,2624.3,0.0,4.5,-6.89
2019-04-01,232.67,19427.4,2624.25,0.0,6.17,-3.34
2019-04-02,215.5,19316.7,2624.2,0.01,3.27,-8.4
2019-04-03,234.85,19217.7,2624.16,0.18,8.36,-2.96
2019-04-04,229.29,19115.3,2624.11,0.0,4.33,-8.55
2019-04-05,241.52,19020.2,2624.07,0.0,1.44,-6.82
2019-04-06,221.97,18913.4,2624.02,0.0,3.74,-6.63
2019-04-07,246.6,18821.4,2623.98,9.3,4.05,-8.51
2019-04-08,232.23,18720.8,2623.94,0.0,5.4,-6.17
2019-04-09,237.82,18623.5,2623.9,0.0,0.06,-7.66
2019-04-10,229.75,18521.4,2623.85,0.0,4.25,-6.42
2019-04-11,222.99,18415.2,2623.8,0.0,2.41,-6.43
2019-04-12,229.02,18312.7,2623.76,0.0,6.03,-3.95
2019-04-13,213.14,18200.6,2623.71,0.0,6.04,-7.5
2019-04-14,212.36,18088.0,2623.66,2.68,6.75,-4.36
2019-04-15,216.09,17977.7,2623.61,0.0,6.0,-6.98
2019-04-16,263.47,17895.8,2623.57,0.0,10.51,-1.59
2019-04-17,266.28,17815.6,2623.53,0.0,9.29,-2.09
2019-04-18,263.48,17733.7,2623.5,0.0,8.18,-2.14
2019-04-19,296.15,17671.4,2623.47,0.0,11.44,-1.24
2019-04-20,299.76,17611.3,2623.44,0.0,9.0,-2.8
2019-04-21,274.85,17536.3,2623.41,0.0,14.45,2.4
2019-04-22,290.57,17470.6,2623.38,0.0,10.13,-2.53
2019-04-23,289.0,17404.1,2623.35,1.51,7.65,-3.99
2019-04-24,279.99,17332.1,2623.32,0.0,11.49,-2.15
2019-04-25,304.52,17274.8,2623.29,3.35,10.24,-3.07
2019-04-26,412.47,17282.3,2623.3,5.58,10.87,-0.82
2019-04-27,427.34,17298.8,2623.3,1.4,7.68,-3.0
2019-04-28,395.73,17296.2,2623.3,0.0,10.61,-2.7
2019-04-29,364.36,17274.9,2623.29,0.0,5.67,-5.74
2019-04-30,360.36,17251.1,2623.28,0.0,9.55,-2.88
2019-05-01,427.64,17267.7,2623.29,0.25,8.16,-4.22
2019-05-02,421.32,17280.6,2623.3,0.0,11.7,2.22
2019-05-03,441.14,17305.3,2623.31,0.0,13.48,1.92
2019-05-04,453.15,17337.2,2623.32,0.0,14.42,4.42
2019-05-05,464.81,17376.1,2623.34,0.0,18.38,7.51
2019-05-06,474.33,17420.7,2623.36,0.0,15.1,6.71
2019-05-07,512.92,17488.5,2623.39,0.0,10.0,-1.65
2019-05-08,549.01,17577.9,2623.43,0.0,10.71,-1.32
2019-05-09,492.9,17633.7,2623.45,0.0,13.2,0.77
2019-05-10,494.33,17690.3,2623.48,0.0,10.29,-0.79
2019-05-11,431.39,17709.2,2623.49,0.0,10.37,-1.92
2019-05-12,455.12,17742.3,2623.5,0.0,11.42,2.13
2019-05-13,452.46,17773.8,2623.52,0.0,16.6,5.22
2019-05-14,446.76,17801.9,2623.53,0.01,14.14,3.29
2019-05-15,465.34,17841.1,2623.55,0.0,16.38,2.95
2019-05-16,560.34,17937.3,2623.59,6.18,17.84,7.6
2019-05-17,617.45,18067.8,2623.65,1.65,14.38,5.05
2019-05-18,610.22,18194.0,2623.7,0.0,12.02,1.09
2019-05-19,618.78,18325.3,2623.76,0.0,12.96,-0.78
2019-05-20,573.0,18429.1,2623.81,0.0,11.1,-0.7
2019-05-21,536.48,18511.0,2623.85,2.84,9.9,-0.74
2019-05-22,543.66,18597.3,2623.88,0.0,15.13,4.83
2019-05-23,604.23,18719.8,2623.94,0.0,13.1,2.1
2019-05-24,598.17,18838.8,2623.99,0.0,15.34,3.65
2019-05-25,594.92,18955.7,2624.04,0.86,16.76,6.45
2019-05-26,671.2,19118.5,2624.12,6.4,14.66,2.41
2019-05-27,694.96,19295.5,2624.2,0.0,15.96,4.89
2019-05-28,687.22,19467.8,2624.27,0.0,16.86,6.28
2019-05-29,657.66,19622.5,2624.34,0.0,21.23,8.78
2019-05-30,633.38,19762.5,2624.4,0.0,18.58,8.03
2019-05-31,630.56,19900.9,2624.47,0.0,19.24,9.23
2019-06-01,684.3,20071.5,2624.54,10.68,22.34,11.77
2019-06-02,665.81,20231.0,2624.61,0.0,22.03,10.7
2019-06-03,652.25,20382.4,2624.68,0.0,24.05,14.38
2019-06-04,590.67,20496.8,2624.73,0.0,19.6,6.68
2019-06-05,657.8,20651.5,2624.8,0.0,22.14,8.52
2019-06-06,670.18,20813.7,2624.87,0.0,20.31,8.97
2019-06-07,800.57,21054.0,2624.98,9.06,19.79,9.36
2019-06-08,891.45,21348.9,2625.11,0.0,17.84,8.19
2019-06-09,874.55,21633.7,2625.24,1.01,19.37,5.92
2019-06-10,770.31,21855.9,2625.34,0.0,22.87,9.37
2019-06-11,764.12,22074.4,2625.44,0.0,23.35,10.83
2019-06-12,750.88,22285.0,2625.53,2.47,20.2,10.19
2019-06-13,744.86,22491.9,2625.62,0.0,20.32,10.08
2019-06-14,837.32,22754.3,2625.74,0.0,18.17,8.11
2019-06-15,867.85,23035.1,2625.86,1.92,19.91,9.86
2019-06-16,866.7,23315.1,2625.99,0.57,16.12,3.4
2019-06-17,931.96,23634.3,2626.13,0.0,16.34,4.31
2019-06-18,833.07,23894.2,2626.25,0.06,22.73,9.8
2019-06-19,857.72,24168.9,2626.37,0.0,23.24,12.57
2019-06-20,912.04,24476.1,2626.51,7.73,22.83,11.68
2019-06-21,1009.78,24842.0,2626.67,17.42,23.7,16.41
2019-06-22,815.66,25091.4,2626.78,0.0,25.32,12.43
2019-06-23,694.33,25268.1,2626.86,0.0,19.8,8.23
2019-06-24,713.08,25455.9,2626.94,0.0,16.14,5.77
2019-06-25,693.21,25631.9,2627.02,0.0,21.02,12.25
2019-06-26,730.28,25830.1,2627.11,0.0,23.26,9.58
2019-06-27,830.56,26088.5,2627.23,0.0,19.62,9.02
2019-06-28,910.89,26395.0,2627.36,3.1,14.78,1.7
2019-06-29,914.19,26703.6,2627.5,0.0,20.31,7.31
2019-06-30,994.95,27060.6,2627.66,5.6,16.84,5.26
2019-07-01,1017.09,27430.8,2627.83,2.84,16.37,5.82
2019-07-02,1103.21,27852.8,2628.01,5.82,18.73,8.15
2019-07-03,1061.16,28249.5,2628.19,1.74,22.56,12.41
2019-07-04,967.1,28589.8,2628.34,0.0,20.42,10.68
2019-07-05,947.73,28918.5,2628.49,0.0,22.7,12.85
2019-07-06,1025.08,29293.5,2628.66,0.35,24.87,13.53
2019-07-07,1172.76,29757.2,2628.86,6.18,20.59,13.22
2019-07-08,971.81,30100.3,2629.02,0.0,23.61,10.38
2019-07-09,1098.25,30519.3,2629.2,19.73,26.53,16.18
2019-07-10,1021.15,30892.0,2629.37,0.0,16.86,9.91
2019-07-11,1015.55,31261.4,2629.53,0.0,21.15,10.16
2019-07-12,954.26,31594.0,2629.68,0.0,16.27,6.53
2019-07-13,905.88,31897.5,2629.82,0.0,22.27,12.31
2019-07-14,920.36,32209.8,2629.96,0.0,20.0,8.9
2019-07-15,1016.38,32579.6,2630.12,0.0,20.91,10.4
2019-07-16,949.87,32909.6,2630.27,0.0,21.69,10.17
2019-07-17,749.25,33119.2,2630.36,0.0,19.63,7.6
2019-07-18,749.8,33329.1,2630.46,0.0,23.58,13.33
2019-07-19,658.19,33484.0,2630.53,2.7,21.96,13.46
2019-07-20,764.14,33702.5,2630.62,6.63,19.14,9.05
2019-07-21,761.5,33919.5,2630.72,0.0,18.33,5.83
2019-07-22,812.52,34167.0,2630.83,0.0,17.57,6.98
2019-07-23,1014.1,34535.5,2631.0,9.35,17.42,7.07
2019-07-24,1125.47,34970.8,2631.19,0.0,17.48,8.46
2019-07-25,1142.17,35416.1,2631.39,0.0,21.56,9.24
2019-07-26,1062.48,35813.6,2631.57,0.0,19.9,8.63
2019-07-27,1022.71,36187.3,2631.73,0.0,20.51,8.23
2019-07-28,981.04,36536.0,2631.89,0.0,22.69,8.91
2019-07-29,966.07,36875.6,2632.04,0.0,13.69,4.87
2019-07-30,970.33,37217.8,2632.19,0.0,10.06,-1.82
2019-07-31,823.06,37471.7,2632.31,0.0,12.53,0.65
2019-08-01,859.2,37747.3,2632.43,9.51,12.16,0.33
2019-08-02,1076.11,38153.0,2632.61,17.0,15.84,3.58
2019-08-03,1009.89,38518.9,2632.77,0.0,13.7,2.63
2019-08-04,943.83,38845.2,2632.92,3.55,14.07,6.48
2019-08-05,909.26,39150.8,2633.05,5.73,15.43,4.25
2019-08-06,793.78,39387.1,2633.16,0.0,15.03,5.18
2019-08-07,791.93,39622.3,2633.27,1.97,20.86,10.73
2019-08-08,681.29,39791.1,2633.34,0.0,18.3,8.53
2019-08-09,556.07,39884.8,2633.38,0.0,18.25,6.27
2019-08-10,487.39,39937.2,2633.41,0.0,17.71,5.81
2019-08-11,538.95,40020.6,2633.44,0.0,17.84,7.58
2019-08-12,532.02,40099.9,2633.48,0.0,24.59,12.14
2019-08-13,533.63,40180.1,2633.51,3.11,26.62,16.77
2019-08-14,612.65,40307.7,2633.57,6.75,24.76,13.25
2019-08-15,542.23,40393.1,2633.61,0.06,17.22,7.05
2019-08-16,835.09,40654.2,2633.73,31.73,19.47,9.25
2019-08-17,642.69,40799.8,2633.79,0.0,17.19,6.09
2019-08-18,490.91,40854.4,2633.81,0.0,17.0,5.92
2019-08-19,535.34,40935.6,2633.85,7.45,10.75,-1.71
2019-08-20,522.13,41008.9,2633.88,2.16,13.36,0.8
2019-08-21,471.64,41051.9,2633.9,0.0,12.96,2.13
2019-08-22,475.1,41097.0,2633.92,0.0,15.56,3.7
2019-08-23,427.75,41113.7,2633.93,0.61,16.86,6.55
2019-08-24,442.96,41139.5,2633.94,0.0,18.03,8.18
2019-08-25,368.77,41120.8,2633.93,0.07,17.87,8.51
2019-08-26,323.96,41075.2,2633.91,0.0,13.0,1.65
2019-08-27,306.33,41019.0,2633.89,0.0,14.06,3.73
2019-08-28,276.39,40944.9,2633.86,0.82,8.45,-3.78
2019-08-29,274.71,40869.7,2633.82,0.0,8.82,-3.51
2019-08-30,282.95,40799.5,2633.79,0.0,15.68,2.02
2019-08-31,266.66,40719.5,2633.75,0.0,11.38,0.21
2019-09-01,256.15,40633.3,2633.72,0.0,9.7,-0.56
2019-09-02,243.24,40539.2,2633.67,0.0,15.27,2.3
2019-09-03,240.74,40443.7,2633.63,4.67,13.6,1.85
2019-09-04,239.98,40347.7,2633.59,0.0,10.4,0.1
2019-09-05,200.36,40228.0,2633.54,0.0,8.37,-0.98
2019-09-06,169.13,40089.5,2633.47,2.32,15.41,2.3
2019-09-07,151.86,39940.6,2633.41,0.0,14.31,1.58
2019-09-08,154.99,39793.6,2633.34,0.0,10.75,-1.14
2019-09-09,154.0,39646.1,2633.28,0.0,7.66,-4.5
2019-09-10,143.95,39492.5,2633.21,0.0,8.9,-1.04
2019-09-11,139.44,39336.2,2633.14,0.0,12.79,2.69
2019-09-12,148.4,39185.2,2633.07,0.0,8.9,-0.92
2019-09-13,164.42,39043.9,2633.01,9.64,7.71,-4.78
2019-09-14,175.99,38909.5,2632.95,0.0,9.24,-3.0
2019-09-15,177.2,38775.9,2632.89,0.9,7.58,-3.85
2019-09-16,179.0,38643.3,2632.83,0.0,11.69,2.86
2019-09-17,187.34,38515.7,2632.77,0.0,9.84,0.02
2019-09-18,165.77,38375.2,2632.71,0.0,8.32,-2.61
2019-09-19,148.37,38224.3,2632.64,0.0,6.69,-2.97
2019-09-20,148.06,38073.1,2632.57,0.0,7.82,-2.92
2019-09-21,155.85,37926.7,2632.51,2.47,13.32,-3.0
2019-09-22,143.73,37772.9,2632.44,0.0,4.94,-4.45
2019-09-23,143.22,37618.9,2632.37,0.0,8.35,-3.22
2019-09-24,154.58,37471.7,2632.31,0.0,7.14,-4.54
2019-09-25,156.12,37325.4,2632.24,0.0,7.46,-3.14
2019-09-26,158.89,37180.7,2632.18,0.0,4.7,-6.31
2019-09-27,182.87,37050.5,2632.12,0.0,4.32,-4.68
2019-09-28,195.01,36927.5,2632.06,0.0,7.41,-4.65
2019-09-29,208.85,36812.9,2632.01,0.0,5.4,-6.05
2019-09-30,195.05,36689.9,2631.96,0.0,6.19,-4.27
2019-10-01,200.53,36570.3,2631.9,0.0,7.01,-4.74
2019-10-02,208.67,36455.5,2631.85,0.0,8.94,-3.72
2019-10-03,179.41,36323.2,2631.79,0.0,8.83,-0.16
2019-10-04,177.3,36189.6,2631.73,0.0,12.04,0.28
2019-10-05,167.97,36050.4,2631.67,0.0,8.71,-4.28
2019-10-06,172.32,35913.8,2631.61,0.71,11.34,0.66
2019-10-07,162.68,35771.4,2631.55,0.0,11.03,-1.83
2019-10-08,165.08,35630.5,2631.48,0.0,8.41,-1.65
2019-10-09,168.65,35491.7,2631.42,0.0,6.71,-2.62
2019-10-10,179.65,35359.6,2631.36,0.0,3.08,-9.22
2019-10-11,192.19,35234.9,2631.31,0.0,2.04,-10.23
2019-10-12,212.26,35122.3,2631.26,0.0,-1.33,-12.09
2019-10-13,210.5,35008.6,2631.21,0.0,8.45,-4.27
2019-10-14,201.4,34889.5,2631.15,0.0,8.24,-5.07
2019-10-15,186.1,34761.2,2631.1,0.0,11.02,-0.97
2019-10-16,184.53,34631.9,2631.04,0.0,5.27,-6.8
2019-10-17,177.35,34498.3,2630.98,0.0,4.61,-6.92
2019-10-18,169.48,34360.1,2630.92,0.0,10.31,-1.46
2019-10-19,183.15,34230.0,2630.86,0.0,5.33,-4.2
2019-10-20,181.26,34098.8,2630.8,0.0,5.02,-9.41
2019-10-21,194.61,33975.6,2630.75,0.0,0.81,-8.42
2019-10-22,195.71,33853.0,2630.69,0.0,0.31,-10.33
2019-10-23,196.42,33730.9,2630.64,0.0,1.02,-13.17
2019-10-24,223.92,33625.3,2630.59,0.0,5.59,-5.34
2019-10-25,234.07,33525.7,2630.54,0.0,5.43,-7.7
2019-10-26,233.83,33426.1,2630.5,0.0,3.74,-9.34
2019-10-27,271.37,33348.9,2630.47,7.74,7.03,-5.06
2019-10-28,282.55,33278.5,2630.43,3.41,4.47,-6.14
2019-10-29,260.48,33194.8,2630.4,0.0,9.35,0.11
2019-10-30,281.1,33123.5,2630.37,0.0,7.05,-3.1
2019-10-31,303.75,33065.8,2630.34,0.0,3.53,-8.72
2019-11-01,292.07,33001.0,2630.31,0.0,6.59,-3.85
2019-11-02,241.28,32905.8,2630.27,0.0,6.52,-4.0
2019-11-03,224.86,32800.8,2630.22,0.0,1.22,-8.15
2019-11-04,203.54,32682.9,2630.17,0.0,4.16,-6.09
2019-11-05,176.07,32548.6,2630.11,0.0,1.71,-7.8
2019-11-06,172.39,32412.1,2630.05,0.0,6.25,-8.1
2019-11-07,168.76,32273.3,2629.99,0.0,5.8,-7.16
2019-11-08,192.38,32148.8,2629.93,0.0,4.99,-6.12
2019-11-09,180.12,32016.9,2629.87,0.0,-0.21,-10.39
2019-11-10,175.37,31882.2,2629.81,0.0,4.5,-6.83
2019-11-11,164.21,31740.7,2629.75,0.0,2.0,-7.43
2019-11-12,169.43,31602.4,2629.69,0.0,5.17,-5.64
2019-11-13,165.18,31461.5,2629.62,0.0,1.44,-8.78
2019-11-14,153.41,31313.6,2629.56,0.0,2.17,-9.22
2019-11-15,160.72,31170.1,2629.49,0.0,1.16,-6.44
2019-11-16,154.78,31023.0,2629.43,0.0,1.26,-12.0
2019-11-17,146.24,30870.7,2629.36,0.0,1.69,-10.56
2019-11-18,138.97,30714.1,2629.29,0.0,0.46,-12.08
2019-11-19,121.69,30547.2,2629.22,0.0,-2.86,-13.24
2019-11-20,137.05,30389.4,2629.15,0.0,-3.38,-14.79
2019-11-21,141.69,30234.5,2629.08,0.0,-3.76,-12.57
2019-11-22,140.08,30078.6,2629.01,0.0,0.13,-10.2
2019-11-23,124.37,29913.2,2628.93,0.0,-2.21,-13.62
2019-11-24,127.73,29749.9,2628.86,0.0,2.35,-10.81
2019-11-25,133.78,29590.2,2628.79,0.0,-1.37,-13.29
2019-11-26,126.68,29426.2,2628.72,0.0,-0.3,-12.73
2019-11-27,126.45,29262.1,2628.64,0.0,-3.57,-12.76
2019-11-28,143.54,29108.3,2628.57,0.0,-3.64,-12.88
2019-11-29,138.22,28951.2,2628.5,0.0,-2.83,-15.42
2019-11-30,155.69,28804.7,2628.44,0.0,-4.31,-14.59
2019-12-01,154.96,28657.7,2628.37,0.0,-4.4,-14.66
2019-12-02,159.36,28513.3,2628.31,0.0,-7.76,-17.3
2019-12-03,183.01,28383.2,2628.25,0.0,-5.42,-16.56
2019-12-04,175.99,28248.8,2628.19,0.0,-3.1,-13.02
2019-12-05,190.04,28122.8,2628.13,0.0,-5.0,-13.16
2019-12-06,196.57,28000.8,2628.08,0.0,-6.25,-16.23
2019-12-07,200.87,27881.3,2628.03,0.0,-6.55,-19.28
2019-12-08,201.24,27762.1,2627.97,0.0,-8.37,-18.34
2019-12-09,178.27,27629.1,2627.91,0.0,-8.46,-19.45
2019-12-10,190.56,27503.5,2627.86,0.0,-11.1,-21.49
2019-12-11,189.99,27377.5,2627.8,0.0,-8.5,-18.68
2019-12-12,191.09,27252.2,2627.75,0.0,-9.62,-22.01
2019-12-13,181.62,27121.2,2627.69,0.0,-9.27,-20.93
2019-12-14,184.22,26991.7,2627.63,0.0,-7.51,-18.5
2019-12-15,196.62,26869.7,2627.57,4.37,-0.97,-13.54
2019-12-16,193.84,26746.1,2627.52,0.0,0.12,-11.1
2019-12-17,201.36,26626.9,2627.47,0.01,3.07,-8.06
2019-12-18,183.49,26497.0,2627.41,0.0,-1.49,-12.18
2019-12-19,171.74,26360.1,2627.35,0.0,-5.38,-13.43
2019-12-20,151.63,26211.1,2627.28,3.71,-4.44,-13.98
2019-12-21,169.33,26072.7,2627.22,0.0,-1.8,-10.09
2019-12-22,146.74,25920.8,2627.15,0.0,-0.25,-14.96
2019-12-23,139.87,25764.8,2627.08,0.0,-5.98,-16.23
2019-12-24,143.4,25610.8,2627.01,0.0,-3.06,-13.88
2019-12-25,159.85,25466.8,2626.95,0.0,-3.37,-11.0
2019-12-26,142.59,25312.3,2626.88,4.49,2.92,-10.04
2019-12-27,139.67,25156.2,2626.81,0.0,2.55,-7.61
2019-12-28,128.77,24993.5,2626.74,0.0,-2.36,-11.49
2019-12-29,130.63,24831.9,2626.67,0.0,-2.31,-14.12
2019-12-30,135.27,24673.1,2626.59,0.0,-3.75,-14.36
2019-12-31,160.21,24529.2,2626.53,0.0,-4.43,-15.61
2020-01-01,184.63,24400.0,2626.47,0.0,-3.36,-13.17
2020-01-02,182.6,24269.6,2626.41,0.0,-2.03,-14.64
2020-01-03,196.42,24147.5,2626.36,0.0,-7.24,-17.88
2020-01-04,192.18,24022.8,2626.3,0.0,-1.85,-13.08
2020-01-05,194.23,23899.4,2626.25,0.0,-10.92,-21.74
2020-01-06,168.95,23760.8,2626.19,0.0,-6.37,-18.21
2020-01-07,169.98,23622.8,2626.13,0.0,-8.64,-21.44
2020-01-08,182.55,23492.4,2626.07,0.0,-5.69,-15.63
2020-01-09,167.48,23352.9,2626.01,0.82,-3.55,-14.49
2020-01-10,161.82,23210.0,2625.94,0.0,-5.03,-18.03
2020-01-11,162.82,23067.7,2625.88,0.0,-9.04,-17.66
2020-01-12,170.82,22930.2,2625.82,0.0,-10.21,-19.0
2020-01-13,186.69,22802.3,2625.76,0.0,-9.9,-20.97
2020-01-14,195.02,22679.3,2625.7,0.0,-6.28,-14.36
2020-01-15,159.12,22534.8,2625.64,0.0,-1.73,-11.8
2020-01-16,173.39,22398.9,2625.58,0.0,0.48,-10.02
2020-01-17,155.04,22251.9,2625.51,0.0,-3.86,-16.24
2020-01-18,161.52,22108.9,2625.45,0.0,-11.49,-21.22
2020-01-19,176.15,21974.6,2625.39,0.0,-12.66,-23.79
2020-01-20,170.81,21837.1,2625.33,0.0,-11.86,-22.06
2020-01-21,186.65,21709.1,2625.27,5.03,-5.93,-20.29
2020-01-22,175.7,21574.6,2625.21,0.0,-7.66,-17.06
2020-01-23,177.73,21441.2,2625.15,0.0,-4.8,-15.16
2020-01-24,179.25,21308.8,2625.09,0.0,-7.38,-16.07
2020-01-25,220.87,21201.4,2625.05,11.58,-9.35,-18.42
2020-01-26,262.54,21118.9,2625.01,13.64,-14.14,-26.69
2020-01-27,256.6,21032.9,2624.97,0.0,-11.17,-20.94
2020-01-28,262.01,20950.1,2624.93,0.0,-2.88,-18.12
2020-01-29,298.32,20889.2,2624.91,8.68,-3.22,-16.82
2020-01-30,278.12,20816.1,2624.87,0.0,-0.35,-12.66
2020-01-31,263.23,20734.0,2624.84,0.0,-2.76,-17.52
2020-02-01,276.38,20659.9,2624.8,0.0,-2.72,-13.3
2020-02-02,291.47,20594.8,2624.77,1.67,1.42,-6.38
2020-02-03,242.97,20500.6,2624.73,0.0,-5.79,-16.31
2020-02-04,274.3,20425.2,2624.7,3.23,-7.05,-19.75
2020-02-05,277.9,20352.0,2624.67,0.0,-7.82,-19.67
2020-02-06,288.02,20284.8,2624.64,2.93,-13.34,-23.17
2020-02-07,278.22,20211.8,2624.6,0.0,-7.14,-17.17
2020-02-08,281.68,20140.8,2624.57,0.0,-3.7,-17.61
2020-02-09,280.54,20069.2,2624.54,0.0,-7.15,-16.31
2020-02-10,241.97,19974.4,2624.5,0.0,-4.29,-15.99
2020-02-11,233.66,19874.6,2624.45,0.0,-6.16,-16.99
2020-02-12,211.79,19761.7,2624.4,0.0,0.79,-11.62
2020-02-13,202.01,19642.9,2624.35,0.0,1.73,-9.52
2020-02-14,213.03,19530.8,2624.3,0.0,-1.41,-11.19
2020-02-15,191.79,19405.9,2624.24,0.32,-3.14,-14.95
2020-02-16,196.36,19283.7,2624.19,0.0,-4.5,-16.61
2020-02-17,198.36,19162.8,2624.14,0.0,-3.24,-13.88
2020-02-18,196.6,19040.8,2624.08,0.0,6.9,-4.73
2020-02-19,220.31,18933.0,2624.03,0.0,7.25,-1.92
2020-02-20,218.0,18823.8,2623.98,0.0,5.1,-7.43
2020-02-21,224.45,18718.5,2623.94,0.24,-0.76,-11.12
2020-02-22,214.62,18607.3,2623.89,0.0,-1.48,-12.61
2020-02-23,200.67,18487.7,2623.83,0.0,2.43,-7.52
2020-02-24,193.66,18364.0,2623.78,0.0,3.75,-7.47
2020-02-25,265.29,18283.2,2623.74,9.26,4.11,-6.18
2020-02-26,251.08,18193.8,2623.7,0.0,1.58,-10.99
2020-02-27,253.0,18105.7,2623.66,1.11,-6.15,-16.77
2020-02-28,263.47,18023.8,2623.63,0.0,-9.12,-19.41
2020-02-29,277.12,17950.1,2623.59,0.0,-14.43,-20.86
2020-03-01,263.41,17868.2,2623.56,0.0,-6.31,-18.31
2020-03-02,251.76,17779.2,2623.52,0.0,-7.12,-15.42
2020-03-03,253.69,17691.5,2623.48,0.0,-4.02,-14.81
2020-03-04,270.74,17614.0,2623.44,0.0,-3.43,-12.6
2020-03-05,254.91,17526.9,2623.41,0.0,-1.62,-11.59
2020-03-06,251.45,17437.8,2623.37,0.0,6.55,-4.12
2020-03-07,223.17,17331.8,2623.32,0.0,2.79,-7.58
2020-03-08,230.34,17230.0,2623.27,0.0,2.4,-7.93
2020-03-09,230.79,17128.5,2623.23,0.0,-4.01,-15.45
2020-03-10,209.9,17014.5,2623.18,0.0,-3.24,-14.42
2020-03-11,237.17,16916.8,2623.13,0.0,-8.16,-18.69
2020-03-12,256.8,16830.9,2623.1,1.04,-0.86,-13.78
2020-03-13,260.86,16747.5,2623.06,0.0,-4.71,-14.55
2020-03-14,278.45,16674.6,2623.03,0.0,2.72,-9.37
2020-03-15,282.43,16604.0,2622.99,0.0,-1.76,-14.02
2020-03-16,288.02,16536.9,2622.96,0.43,-2.43,-13.62
2020-03-17,314.55,16485.6,2622.94,0.0,-1.83,-11.63
2020-03-18,299.77,16425.5,2622.91,0.0,-0.52,-10.47
2020-03-19,295.62,16362.9,2622.89,0.0,2.33,-11.51
2020-03-20,317.11,16313.2,2622.86,7.18,2.25,-4.92
2020-03-21,288.57,16246.4,2622.83,0.0,5.32,-5.89
2020-03-22,293.65,16182.6,2622.81,0.8,5.31,-7.44
2020-03-23,298.38,16121.7,2622.78,3.07,2.01,-6.99
2020-03-24,312.27,16069.1,2622.76,2.04,5.24,-7.14
2020-03-25,301.27,16009.8,2622.73,1.13,2.59,-8.82
2020-03-26,325.33,15965.1,2622.71,1.79,8.69,-3.53
2020-03-27,251.33,15875.9,2622.67,0.0,5.1,-9.01
2020-03-28,207.81,15760.6,2622.62,0.0,2.36,-9.71
2020-03-29,185.45,15631.9,2622.56,0.03,5.66,-6.39
2020-03-30,192.03,15507.2,2622.5,5.14,6.22,-5.84
2020-03-31,189.87,15381.1,2622.45,5.19,8.77,-1.7
2020-04-01,203.91,15263.5,2622.4,0.38,6.15,-4.4
2020-04-02,243.32,15169.5,2622.35,0.0,2.16,-7.15
2020-04-03,225.7,15065.0,2622.31,0.0,8.02,-4.27
2020-04-04,250.33,14975.2,2622.27,0.0,5.47,-6.15
2020-04-05,222.1,14868.5,2622.22,0.0,8.82,-3.49
2020-04-06,213.06,14756.3,2622.17,0.0,10.8,0.66
2020-04-07,269.94,14678.3,2622.13,19.48,10.48,3.12
2020-04-08,255.84,14591.9,2622.1,0.0,9.94,0.53
2020-04-09,211.15,14478.6,2622.05,0.0,9.19,-4.18
2020-04-10,174.46,14343.3,2621.99,0.01,4.03,-3.87
2020-04-11,177.51,14209.8,2621.93,1.48,9.72,-2.65
2020-04-12,201.34,14090.7,2621.87,0.0,8.64,-3.28
2020-04-13,194.39,13967.3,2621.82,0.0,13.17,1.91
2020-04-14,214.99,13856.3,2621.77,0.0,14.52,1.86
2020-04-15,240.45,13760.6,2621.73,6.41,9.98,-0.63
2020-04-16,262.33,13678.1,2621.69,5.49,11.81,2.02
2020-04-17,244.81,13585.0,2621.65,3.61,8.11,-1.89
2020-04-18,233.75,13485.3,2621.6,1.82,7.37,-3.18
2020-04-19,230.71,13383.7,2621.56,0.0,12.26,2.61
2020-04-20,282.99,13313.5,2621.53,0.0,12.28,3.48
2020-04-21,311.43,13260.4,2621.5,3.3,12.56,2.14
2020-04-22,317.81,13211.1,2621.48,0.0,9.78,-0.45
2020-04-23,346.5,13179.1,2621.47,0.0,12.06,0.04
2020-04-24,341.76,13144.2,2621.45,0.0,10.42,-0.87
2020-04-25,363.3,13122.2,2621.44,0.0,8.02,-4.21
2020-04-26,386.51,13114.1,2621.44,0.0,12.05,1.38
2020-04-27,367.3,13094.5,2621.43,0.0,5.69,-1.09
2020-04-28,328.6,13051.7,2621.41,0.0,9.92,-3.99
2020-04-29,297.07,12990.0,2621.38,0.0,8.77,-1.55
2020-04-30,272.19,12913.3,2621.35,0.0,7.27,-4.08
2020-05-01,257.74,12828.0,2621.31,0.0,4.42,-6.76
2020-05-02,272.51,12751.5,2621.28,0.0,5.19,-5.04
2020-05-03,270.03,12673.6,2621.24,0.0,9.23,-1.23
2020-05-04,301.94,12614.8,2621.21,2.2,11.72,0.13
2020-05-05,338.47,12577.9,2621.2,0.0,10.22,1.65
2020-05-06,371.8,12561.0,2621.19,1.18,14.65,3.76
2020-05-07,329.79,12518.9,2621.17,0.0,21.17,9.88
2020-05-08,359.21,12494.4,2621.16,1.5,17.43,4.98
2020-05-09,432.43,12513.9,2621.17,7.26,16.09,6.11
2020-05-10,446.15,12541.6,2621.18,0.39,17.15,4.88
2020-05-11,520.28,12613.8,2621.21,0.0,14.83,5.67
2020-05-12,516.57,12683.8,2621.24,0.0,18.29,8.68
2020-05-13,620.92,12816.4,2621.3,10.33,23.49,11.43
2020-05-14,649.76,12966.3,2621.37,0.03,18.27,8.91
2020-05-15,598.39,13085.3,2621.42,2.33,10.04,2.23
2020-05-16,465.32,13124.5,2621.44,0.0,13.74,0.87
2020-05-17,492.62,13180.1,2621.47,0.0,11.89,3.11
2020-05-18,515.28,13249.3,2621.5,0.0,17.09,4.17
2020-05-19,539.32,13333.0,2621.53,0.0,17.25,5.56
2020-05-20,635.59,13474.3,2621.6,0.0,20.36,8.08
2020-05-21,803.08,13716.2,2621.71,22.72,20.96,8.1
2020-05-22,741.28,13921.0,2621.8,0.0,24.33,12.84
2020-05-23,651.32,14071.8,2621.86,0.0,20.17,7.61
2020-05-24,641.5,14216.8,2621.93,3.39,19.99,11.07
2020-05-25,571.13,14319.5,2621.97,0.0,23.36,12.88
2020-05-26,551.41,14410.3,2622.02,0.0,21.19,10.06
2020-05-27,654.09,14562.8,2622.08,5.02,21.4,8.3
2020-05-28,580.51,14671.2,2622.13,2.29,24.64,15.07
2020-05-29,548.52,14760.3,2622.17,1.64,20.98,10.66
2020-05-30,565.68,14859.7,2622.22,0.0,20.6,9.53
2020-05-31,650.93,15010.3,2622.28,8.52,20.99,8.72
2020-06-01,697.28,15188.7,2622.36,4.36,18.72,6.97
2020-06-02,749.11,15398.2,2622.46,0.0,20.18,9.93
2020-06-03,800.83,15638.7,2622.56,2.97,17.39,5.37
2020-06-04,740.11,15842.8,2622.65,0.0,16.97,4.95
2020-06-05,720.86,16035.4,2622.74,2.83,17.68,7.65
2020-06-06,719.23,16226.9,2622.83,0.0,18.33,7.83
2020-06-07,759.33,16442.6,2622.92,0.0,14.33,3.15
2020-06-08,695.36,16619.8,2623.0,0.2,15.16,0.66
2020-06-09,708.04,16804.7,2623.08,0.0,13.6,3.03
2020-06-10,783.57,17034.8,2623.19,7.05,10.9,0.71
2020-06-11,728.16,17231.8,2623.27,0.0,12.82,2.37
2020-06-12,660.32,17388.0,2623.34,0.0,12.61,0.48
2020-06-13,675.89,17553.5,2623.42,0.0,16.25,6.92
2020-06-14,742.91,17759.3,2623.51,0.0,17.58,6.35
2020-06-15,692.57,17934.9,2623.59,0.0,18.75,6.77
2020-06-16,731.91,18134.1,2623.68,2.91,13.27,1.55
2020-06-17,806.22,18377.8,2623.79,0.95,13.28,3.26
2020-06-18,788.44,18610.9,2623.89,0.0,18.44,8.62
2020-06-19,933.11,18930.8,2624.03,6.42,15.48,7.33
2020-06-20,992.34,19286.2,2624.19,0.0,22.71,9.41
2020-06-21,1072.24,19689.6,2624.37,0.0,13.31,4.44
2020-06-22,958.15,20024.5,2624.52,0.0,19.24,9.74
2020-06-23,981.08,20373.2,2624.68,0.0,21.83,10.59
2020-06-24,1028.05,20750.0,2624.84,0.0,28.03,14.49
2020-06-25,984.14,21100.6,2625.0,0.0,26.58,14.16
2020-06-26,1162.49,21558.1,2625.2,0.0,20.33,11.5
2020-06-27,1102.09,21979.4,2625.39,0.0,22.03,8.57
2020-06-28,1220.8,22471.9,2625.61,0.0,21.74,10.34
2020-06-29,1221.39,22964.7,2625.83,0.0,19.93,10.71
2020-06-30,1148.21,23413.7,2626.03,0.06,19.68,7.8
2020-07-01,1012.31,23781.1,2626.2,0.0,14.67,3.56
2020-07-02,974.18,24125.6,2626.35,0.0,13.49,2.99
2020-07-03,971.81,24468.8,2626.5,0.0,17.68,8.31
2020-07-04,1088.4,24881.8,2626.69,0.0,16.78,5.56
2020-07-05,1088.38,25294.9,2626.87,0.0,21.54,8.3
2020-07-06,1088.33,25707.9,2627.06,0.0,22.39,11.26
2020-07-07,1117.43,26138.4,2627.25,0.0,25.84,13.3
2020-07-08,1127.48,26574.9,2627.44,0.0,22.84,13.33
2020-07-09,1298.75,27114.2,2627.68,11.48,27.53,15.01
2020-07-10,1548.19,27803.1,2627.99,7.52,22.47,10.89
2020-07-11,1677.71,28569.8,2628.33,5.85,21.0,8.24
2020-07-12,1525.63,29245.2,2628.63,0.0,19.26,9.85
2020-07-13,1496.36,29903.0,2628.93,0.0,21.87,10.47
2020-07-14,1506.17,30566.8,2629.22,0.0,21.8,9.23
2020-07-15,1471.05,31209.4,2629.51,0.0,19.03,6.63
2020-07-16,1448.77,31838.7,2629.79,0.0,27.97,16.22
2020-07-17,1179.04,32306.2,2630.0,0.0,25.38,12.94
2020-07-18,1127.38,32742.6,2630.2,0.0,28.89,17.54
2020-07-19,1061.67,33139.6,2630.37,0.0,23.51,12.13
2020-07-20,976.9,33485.8,2630.53,0.0,25.53,16.51
2020-07-21,836.11,33747.5,2630.64,0.0,23.18,10.32
2020-07-22,915.04,34056.6,2630.78,8.32,20.27,8.76
2020-07-23,864.43,34335.2,2630.91,1.63,18.57,7.95
2020-07-24,808.94,34580.6,2631.02,0.0,19.62,9.75
2020-07-25,781.69,34809.7,2631.12,1.21,21.14,10.36
2020-07-26,729.46,35007.4,2631.21,3.82,22.68,7.97
2020-07-27,684.32,35178.0,2631.28,0.0,22.35,11.51
2020-07-28,643.01,35323.8,2631.35,0.0,16.81,6.24
2020-07-29,595.66,35441.3,2631.4,0.0,19.04,9.62
2020-07-30,559.96,35537.3,2631.44,0.0,18.29,9.94
2020-07-31,511.36,35604.1,2631.47,0.0,23.73,10.35
2020-08-01,477.31,35650.5,2631.49,0.0,20.43,11.02
2020-08-02,539.5,35734.3,2631.53,0.0,20.21,8.95
2020-08-03,472.83,35778.0,2631.55,0.0,23.76,12.2
2020-08-04,408.53,35783.1,2631.55,0.0,19.88,9.55
2020-08-05,408.64,35788.3,2631.55,0.0,19.97,10.6
2020-08-06,391.67,35783.4,2631.55,0.0,18.38,6.11
2020-08-07,366.1,35763.1,2631.54,0.0,17.56,5.27
2020-08-08,360.47,35739.4,2631.53,0.02,18.37,5.89
2020-08-09,346.17,35707.1,2631.52,0.0,10.6,-1.17
2020-08-10,311.89,35654.3,2631.49,0.0,12.07,0.66
2020-08-11,289.04,35587.7,2631.46,0.0,17.36,4.48
2020-08-12,240.48,35492.0,2631.42,0.0,19.05,9.01
2020-08-13,257.21,35406.4,2631.38,0.0,14.99,4.58
2020-08-14,222.74,35300.0,2631.34,0.98,17.28,5.68
2020-08-15,223.44,35194.1,2631.29,0.55,23.78,8.82
2020-08-16,244.21,35100.7,2631.25,0.0,21.49,10.34
2020-08-17,242.53,35006.2,2631.21,0.0,24.09,11.94
2020-08-18,245.78,34913.7,2631.16,5.52,18.49,9.34
2020-08-19,244.52,34820.5,2631.12,0.0,21.99,12.96
2020-08-20,251.76,34731.6,2631.08,0.0,18.19,7.57
2020-08-21,249.37,34641.2,2631.04,0.0,18.08,6.08
2020-08-22,256.35,34555.1,2631.0,1.72,18.83,7.72
2020-08-23,270.79,34477.6,2630.97,0.0,17.82,7.56
2020-08-24,270.37,34399.8,2630.93,0.0,17.81,5.86
2020-08-25,281.47,34328.7,2630.9,0.0,18.87,3.42
2020-08-26,257.27,34243.1,2630.86,0.0,13.71,4.83
2020-08-27,252.31,34154.5,2630.83,0.0,12.83,2.6
2020-08-28,253.44,34066.6,2630.79,0.0,16.59,6.69
2020-08-29,276.15,33992.3,2630.75,0.0,14.38,0.67
2020-08-30,277.23,33918.7,2630.72,0.0,16.07,5.85
2020-08-31,288.86,33852.1,2630.69,0.0,20.05,9.67
2020-09-01,247.89,33760.8,2630.65,0.0,12.74,0.73
2020-09-02,203.4,33642.9,2630.6,0.0,12.06,-0.06
2020-09-03,180.16,33511.0,2630.54,0.0,13.51,4.58
2020-09-04,204.81,33393.9,2630.49,0.0,12.49,4.02
2020-09-05,180.12,33262.0,2630.43,0.0,14.55,4.17
2020-09-06,181.85,33131.2,2630.37,0.0,12.99,4.23
2020-09-07,180.06,32999.2,2630.31,0.0,13.23,1.17
2020-09-08,166.15,32858.9,2630.25,0.0,11.54,2.52
2020-09-09,186.08,32730.6,2630.19,6.96,11.16,-1.55
2020-09-10,229.88,32628.6,2630.14,17.62,7.71,-3.03
2020-09-11,233.75,32528.9,2630.1,0.0,15.92,2.39
2020-09-12,228.86,32426.2,2630.05,0.0,15.75,3.38
2020-09-13,226.51,32322.1,2630.01,0.0,15.65,3.75
2020-09-14,221.19,32214.9,2629.96,0.0,17.76,6.77
2020-09-15,202.04,32096.1,2629.91,0.0,17.06,7.8
2020-09-16,190.5,31970.5,2629.85,0.0,16.31,6.46
2020-09-17,190.27,31844.7,2629.79,0.0,18.6,6.01
2020-09-18,183.46,31714.8,2629.74,0.0,13.52,4.06
2020-09-19,205.28,31598.0,2629.68,0.0,8.7,-1.09
2020-09-20,202.98,31479.8,2629.63,0.0,7.29,-3.39
2020-09-21,186.58,31351.8,2629.57,0.88,11.88,0.29
2020-09-22,186.64,31223.8,2629.52,0.0,12.7,2.56
2020-09-23,181.84,31092.9,2629.46,0.0,11.64,1.25
2020-09-24,165.02,30951.9,2629.4,0.0,18.56,7.83
2020-09-25,153.01,30803.8,2629.33,0.0,17.01,5.0
2020-09-26,139.53,30647.5,2629.26,0.0,11.96,1.26
2020-09-27,137.92,30490.3,2629.19,0.0,13.83,0.75
2020-09-28,151.72,30341.4,2629.12,0.0,9.93,-2.52
2020-09-29,167.85,30202.1,2629.06,0.0,10.15,-0.32
2020-09-30,163.16,30060.0,2629.0,0.0,12.82,0.99
2020-10-01,177.86,29926.8,2628.94,0.0,12.14,-0.27
2020-10-02,163.81,29785.1,2628.88,0.0,6.91,-0.88
2020-10-03,149.96,29635.1,2628.81,0.0,1.21,-6.24
2020-10-04,135.51,29476.4,2628.74,0.0,5.08,-6.05
2020-10-05,140.67,29320.9,2628.67,0.0,2.75,-5.84
2020-10-06,142.61,29166.4,2628.6,0.0,2.12,-11.86
2020-10-07,141.48,29011.4,2628.53,0.0,3.56,-8.92
2020-10-08,163.84,28869.7,2628.47,0.0,3.95,-5.32
2020-10-09,160.63,28726.1,2628.4,0.0,4.41,-8.22
2020-10-10,146.68,28574.1,2628.34,0.0,3.35,-6.2
2020-10-11,159.91,28430.1,2628.27,0.0,3.32,-7.27
2020-10-12,162.76,28287.8,2628.21,0.0,4.2,-7.82
2020-10-13,164.03,28146.2,2628.14,0.0,8.96,-2.39
2020-10-14,226.24,28042.0,2628.1,8.82,6.61,-2.99
2020-10-15,217.67,27932.6,2628.05,0.0,3.8,-7.0
2020-10-16,212.35,27820.1,2628.0,0.0,4.38,-6.02
2020-10-17,197.32,27698.5,2627.94,0.0,-1.23,-11.56
2020-10-18,164.32,27557.1,2627.88,0.0,-0.31,-10.1
2020-10-19,198.97,27436.5,2627.83,6.03,0.89,-9.53
2020-10-20,188.67,27309.8,2627.77,0.0,4.36,-8.72
2020-10-21,176.07,27175.4,2627.71,0.0,5.03,-5.5
2020-10-22,181.01,27044.1,2627.65,0.0,7.99,-2.16
2020-10-23,187.2,26916.4,2627.6,0.0,10.27,-1.93
2020-10-24,165.91,26776.0,2627.53,0.0,11.73,1.49
2020-10-25,160.22,26632.2,2627.47,0.0,7.29,-1.88
2020-10-26,136.86,26474.3,2627.4,0.0,8.9,-3.24
2020-10-27,140.26,26318.5,2627.33,0.0,8.72,-1.15
2020-10-28,163.68,26176.7,2627.27,0.0,9.68,0.41
2020-10-29,149.95,26026.7,2627.2,0.0,6.34,-5.24
2020-10-30,142.05,25872.0,2627.13,0.0,-4.93,-12.26
2020-10-31,166.58,25731.9,2627.07,0.0,2.12,-9.72
2020-11-01,175.09,25597.0,2627.01,0.0,4.07,-10.89
2020-11-02,181.45,25465.9,2626.95,0.0,1.98,-10.47
2020-11-03,166.45,25325.8,2626.89,0.0,4.61,-6.31
2020-11-04,186.42,25197.7,2626.83,0.0,0.1,-8.04
2020-11-05,187.22,25070.1,2626.77,0.0,-3.48,-13.33
2020-11-06,191.33,24944.9,2626.72,0.0,-0.44,-10.41
2020-11-07,187.04,24817.1,2626.66,1.88,-2.59,-12.64
2020-11-08,177.85,24683.9,2626.6,0.0,1.74,-10.74
2020-11-09,201.29,24564.7,2626.55,0.0,0.08,-12.91
2020-11-10,211.08,24451.4,2626.5,0.0,1.61,-9.33
2020-11-11,201.92,24332.5,2626.44,0.0,-1.47,-12.98
2020-11-12,200.43,24212.8,2626.39,0.0,-1.79,-11.52
2020-11-13,224.83,24107.7,2626.34,0.0,0.63,-11.61
2020-11-14,261.33,24024.6,2626.31,0.0,0.87,-11.29
2020-11-15,252.95,23936.4,2626.27,0.0,1.6,-10.68
2020-11-16,253.96,23848.8,2626.23,0.0,2.57,-8.86
2020-11-17,283.07,23778.6,2626.2,0.0,2.08,-8.54
2020-11-18,236.46,23680.5,2626.15,0.0,3.39,-8.63
2020-11-19,223.55,23574.7,2626.1,0.0,3.29,-7.43
2020-11-20,229.29,23472.3,2626.06,0.0,-0.66,-7.96
2020-11-21,225.93,23367.9,2626.01,0.0,-2.35,-14.79
2020-11-22,246.13,23275.6,2625.97,0.0,0.62,-11.36
2020-11-23,242.46,23181.1,2625.93,0.0,-6.31,-15.97
2020-11-24,254.49,23093.8,2625.89,0.0,-1.79,-12.69
2020-11-25,230.22,22992.0,2625.84,0.0,-2.31,-11.52
2020-11-26,229.59,22889.8,2625.8,0.0,-3.65,-11.69
2020-11-27,250.81,22800.3,2625.76,0.0,1.36,-8.0
2020-11-28,233.7,22700.5,2625.71,0.0,5.79,-6.6
2020-11-29,220.73,22593.0,2625.67,0.0,-2.12,-12.03
2020-11-30,225.39,22488.3,2625.62,0.0,-3.27,-15.87
2020-12-01,210.53,22374.6,2625.57,0.0,-6.84,-16.15
2020-12-02,229.26,22272.2,2625.52,0.0,-3.07,-13.66
2020-12-03,225.98,22167.8,2625.48,0.0,-7.08,-18.37
2020-12-04,196.74,22045.9,2625.42,0.0,-3.36,-16.98
2020-12-05,277.57,21972.4,2625.39,20.7,-6.1,-15.42
2020-12-06,274.19,21897.0,2625.36,0.0,-5.86,-14.88
2020-12-07,239.95,21801.0,2625.31,0.0,-6.85,-19.09
2020-12-08,215.29,21690.2,2625.26,0.0,-3.74,-13.4
2020-12-09,200.57,21570.6,2625.21,0.0,-1.93,-11.21
2020-12-10,210.79,21457.1,2625.16,0.0,0.0,-11.61
2020-12-11,184.68,21327.9,2625.1,0.0,-0.68,-11.86
2020-12-12,191.12,21202.6,2625.05,0.0,-0.28,-12.17
2020-12-13,182.77,21072.3,2624.99,0.0,-2.69,-11.69
2020-12-14,223.59,20966.5,2624.94,0.0,1.28,-9.55
2020-12-15,211.07,20853.1,2624.89,0.0,2.33,-7.74
2020-12-16,224.02,20747.6,2624.84,0.0,0.96,-10.45
2020-12-17,194.98,20624.6,2624.79,2.52,2.18,-8.8
2020-12-18,206.32,20508.4,2624.74,0.0,4.99,-8.91
2020-12-19,228.21,20405.4,2624.69,0.0,6.67,-4.34
2020-12-20,230.03,20303.4,2624.64,0.0,1.87,-8.83
2020-12-21,226.44,20199.3,2624.6,0.0,5.63,-6.3
2020-12-22,224.76,20094.2,2624.55,0.0,0.82,-8.2
2020-12-23,232.84,19993.9,2624.51,0.0,-0.02,-9.64
2020-12-24,234.29,19894.5,2624.46,0.0,1.06,-10.59
2020-12-25,223.24,19788.5,2624.42,0.0,0.95,-7.96
2020-12-26,232.92,19688.3,2624.37,0.0,-3.76,-15.4
2020-12-27,232.1,19587.6,2624.33,0.0,-1.93,-12.91
2020-12-28,226.58,19483.5,2624.28,0.0,-3.34,-15.83
2020-12-29,222.88,19377.3,2624.23,0.0,-4.13,-13.57
2020-12-30,202.83,19259.0,2624.18,0.0,-0.48,-11.54
2020-12-31,220.8,19151.5,2624.13,0.0,-1.97,-12.11
2021-01-01,236.65,19053.6,2624.09,0.0,-0.91,-11.17
2021-01-02,283.33,18983.6,2624.06,0.0,-1.92,-12.78
2021-01-03,277.57,18910.1,2624.02,0.0,-4.81,-15.6
2021-01-04,269.79,18832.1,2623.99,0.0,-5.5,-16.1
2021-01-05,265.12,18751.2,2623.95,6.35,-2.57,-12.6
2021-01-06,249.57,18660.9,2623.91,0.0,-4.71,-14.94
2021-01-07,252.36,18572.4,2623.87,0.0,-5.04,-15.12
2021-01-08,224.7,18467.2,2623.83,0.0,-3.44,-12.84
2021-01-09,223.05,18361.1,2623.78,0.0,-6.81,-14.5
2021-01-10,219.69,18252.9,2623.73,0.0,-4.51,-17.32
2021-01-11,246.26,18160.7,2623.69,0.0,1.73,-11.48
2021-01-12,250.96,18071.3,2623.65,0.0,-4.59,-15.92
2021-01-13,257.84,17986.0,2623.61,0.0,-7.51,-18.6
2021-01-14,238.34,17889.1,2623.57,0.0,-8.23,-19.18
2021-01-15,249.78,17799.0,2623.53,0.0,-6.97,-17.85
2021-01-16,250.28,17709.2,2623.49,0.0,-9.43,-21.83
2021-01-17,251.18,17619.9,2623.45,0.0,-3.49,-14.54
2021-01-18,291.45,17554.8,2623.42,0.0,-4.0,-14.67
2021-01-19,262.17,17472.1,2623.38,0.0,-2.94,-16.47
2021-01-20,271.1,17394.8,2623.35,0.0,-3.64,-16.18
2021-01-21,266.13,17314.5,2623.31,0.0,-6.55,-17.5
2021-01-22,260.14,17230.6,2623.27,0.0,-5.16,-16.31
2021-01-23,271.65,17153.7,2623.24,0.0,-5.46,-16.56
2021-01-24,255.61,17067.1,2623.2,0.0,-3.09,-15.25
2021-01-25,221.27,16959.8,2623.15,0.0,-0.37,-10.9
2021-01-26,207.73,16844.5,2623.1,0.0,-1.51,-13.59
2021-01-27,174.17,16709.0,2623.04,0.0,-2.85,-11.33
2021-01-28,177.69,16575.7,2622.98,0.0,-3.42,-15.26
2021-01-29,182.25,16445.1,2622.92,0.0,-7.76,-18.55
2021-01-30,200.61,16325.5,2622.87,0.0,-2.97,-14.19
2021-01-31,202.33,16206.9,2622.82,0.0,-6.85,-16.55
2021-02-01,237.53,16109.4,2622.77,0.0,-8.44,-19.1
2021-02-02,269.54,16031.2,2622.74,0.0,-7.13,-18.87
2021-02-03,288.52,15964.3,2622.71,0.0,-8.14,-19.4
2021-02-04,294.37,15901.0,2622.68,2.13,-6.41,-16.1
2021-02-05,270.23,15823.1,2622.65,0.0,-9.44,-21.28
2021-02-06,318.09,15774.0,2622.62,0.0,-7.79,-19.17
2021-02-07,322.12,15727.3,2622.6,0.0,-9.53,-18.99
2021-02-08,304.58,15670.1,2622.58,3.8,-10.23,-22.05
2021-02-09,278.79,15597.4,2622.54,0.0,-10.8,-20.93
2021-02-10,246.23,15505.2,2622.5,0.0,-11.0,-21.37
2021-02-11,331.38,15464.0,2622.49,18.72,-0.6,-10.95
2021-02-12,319.72,15415.9,2622.46,0.04,1.85,-7.42
2021-02-13,358.62,15391.1,2622.45,7.41,4.84,-7.85
2021-02-14,421.65,15404.1,2622.46,4.39,-1.74,-13.56
2021-02-15,377.99,15390.9,2622.45,0.0,-1.65,-14.67
2021-02-16,351.93,15362.1,2622.44,0.0,-3.41,-13.62
2021-02-17,301.19,15302.9,2622.41,0.0,-6.63,-19.69
2021-02-18,269.31,15224.5,2622.38,0.0,-11.29,-23.08
2021-02-19,346.0,15192.1,2622.36,4.71,-2.44,-15.81
2021-02-20,323.12,15146.0,2622.34,0.0,-3.18,-16.18
2021-02-21,329.52,15103.7,2622.32,0.31,-7.97,-22.16
2021-02-22,302.77,15045.4,2622.3,0.0,-7.96,-18.95
2021-02-23,311.99,14992.6,2622.28,0.31,-9.32,-15.45
2021-02-24,304.47,14935.3,2622.25,0.0,-1.43,-12.23
2021-02-25,326.12,14891.0,2622.23,0.0,-7.61,-17.07
2021-02-26,311.17,14837.8,2622.21,0.0,-7.43,-16.92
2021-02-27,282.05,14767.0,2622.17,0.0,-4.42,-15.23
2021-02-28,292.27,14702.4,2622.15,0.0,2.28,-6.73
2021-03-01,256.91,14616.6,2622.11,0.0,-5.0,-15.81
2021-03-02,261.1,14533.3,2622.07,0.0,-4.02,-14.3
2021-03-03,277.68,14459.9,2622.04,0.66,-3.3,-15.64
2021-03-04,282.03,14389.2,2622.01,0.0,-7.69,-19.69
2021-03-05,316.01,14338.8,2621.98,2.7,-3.97,-14.51
2021-03-06,291.78,14273.9,2621.95,0.0,-8.84,-18.23
2021-03-07,308.78,14219.2,2621.93,0.0,-9.68,-21.07
2021-03-08,303.08,14161.1,2621.9,0.0,-11.77,-22.73
2021-03-09,321.04,14113.7,2621.88,0.0,-4.68,-14.23
2021-03-10,315.91,14063.3,2621.86,0.0,-2.54,-14.15
2021-03-11,319.39,14015.0,2621.84,0.0,-6.05,-16.21
2021-03-12,277.83,13941.7,2621.81,0.0,-5.4,-15.42
2021-03-13,323.65,13895.9,2621.79,0.0,-0.3,-13.97
2021-03-14,298.5,13835.0,2621.76,0.0,-6.54,-16.18
2021-03-15,310.67,13781.5,2621.73,0.0,-3.63,-17.13
2021-03-16,327.35,13737.9,2621.72,2.16,-1.68,-12.45
2021-03-17,281.73,13667.0,2621.68,0.0,-3.31,-13.25
2021-03-18,291.36,13601.8,2621.65,0.0,-3.97,-15.78
2021-03-19,294.2,13538.4,2621.63,0.0,-8.11,-18.43
2021-03-20,290.5,13472.7,2621.6,0.0,-6.63,-19.27
2021-03-21,310.4,13419.0,2621.57,0.0,-7.88,-22.19
2021-03-22,280.4,13347.2,2621.54,0.0,-7.91,-16.26
2021-03-23,297.67,13285.9,2621.51,4.87,4.28,-5.55
2021-03-24,332.5,13245.4,2621.5,0.0,10.33,-3.61
2021-03-25,279.92,13173.4,2621.46,0.0,8.66,-0.65
2021-03-26,257.01,13087.6,2621.43,0.0,9.73,-2.78
2021-03-27,249.91,12997.6,2621.38,0.0,11.45,-2.05
2021-03-28,256.96,12911.8,2621.35,0.0,8.5,-0.74
2021-03-29,272.3,12835.2,2621.31,0.0,12.75,-0.61
2021-03-30,282.09,12764.5,2621.28,0.0,8.83,-3.16
2021-03-31,265.48,12683.8,2621.24,0.0,6.69,-5.23
2021-04-01,263.58,12602.0,2621.21,0.0,0.49,-7.31
2021-04-02,270.03,12524.0,2621.17,0.0,1.14,-9.3
2021-04-03,268.67,12445.3,2621.14,0.0,-1.6,-12.46
2021-04-04,285.19,12376.4,2621.11,0.0,2.29,-11.33
2021-04-05,254.98,12289.4,2621.07,0.07,2.18,-9.68
2021-04-06,259.3,12205.0,2621.03,0.0,1.46,-7.75
2021-04-07,256.1,12118.7,2620.99,0.0,1.74,-9.0
2021-04-08,261.86,12035.9,2620.96,0.0,3.59,-9.63
2021-04-09,239.35,11939.5,2620.91,2.16,3.11,-7.77
2021-04-10,234.36,11840.1,2620.87,0.0,4.56,-4.56
2021-04-11,201.95,11721.3,2620.82,0.0,8.78,-2.9
2021-04-12,238.57,11624.5,2620.77,0.0,7.43,-4.0
2021-04-13,202.77,11506.2,2620.72,0.0,8.31,-2.78
2021-04-14,193.12,11382.1,2620.66,0.0,4.99,-3.6
2021-04-15,290.53,11316.4,2620.63,22.66,10.06,0.18
2021-04-16,299.0,11255.9,2620.61,13.1,11.89,0.47
2021-04-17,244.43,11162.6,2620.57,0.0,10.61,0.27
2021-04-18,243.93,11068.9,2620.52,0.0,12.05,-0.01
2021-04-19,254.62,10981.7,2620.49,0.78,12.86,0.53
2021-04-20,243.46,10887.9,2620.44,0.0,18.77,6.23
2021-04-21,195.86,10765.4,2620.39,0.37,18.13,6.06
2021-04-22,209.93,10651.4,2620.34,0.0,8.38,-3.94
2021-04-23,207.64,10536.0,2620.29,0.0,11.87,2.74
2021-04-24,225.2,10431.1,2620.24,0.17,11.27,-1.38
2021-04-25,211.4,10318.0,2620.19,0.73,10.16,1.43
2021-04-26,213.01,10205.8,2620.14,0.0,10.27,-2.78
2021-04-27,226.34,10101.7,2620.09,0.0,7.17,-7.6
2021-04-28,280.84,10030.2,2620.06,10.2,9.23,-3.16
2021-04-29,306.84,9974.3,2620.04,0.0,9.32,-1.27
2021-04-30,329.16,9931.9,2620.02,0.0,13.85,1.69
2021-05-01,336.72,9893.9,2620.0,0.0,9.47,-1.67
2021-05-02,470.24,9936.1,2620.02,25.33,10.84,0.94
2021-05-03,434.65,9956.9,2620.03,3.13,14.1,5.61
2021-05-04,406.29,9960.7,2620.03,0.0,14.71,6.71
2021-05-05,454.6,9993.5,2620.04,6.18,11.36,0.96
2021-05-06,520.72,10066.0,2620.08,0.0,9.6,0.01
2021-05-07,500.09,10126.0,2620.1,0.0,11.12,1.16
2021-05-08,543.29,10212.0,2620.14,4.0,14.67,4.03
2021-05-09,476.25,10257.8,2620.16,0.0,13.36,1.23
2021-05-10,481.26,10306.6,2620.18,0.0,14.81,3.23
2021-05-11,599.6,10426.4,2620.24,8.5,14.91,3.63
2021-05-12,608.89,10551.8,2620.29,0.0,9.51,-0.48
2021-05-13,584.54,10662.5,2620.34,0.65,9.74,-1.52
2021-05-14,577.14,10768.8,2620.39,5.0,10.32,-2.4
2021-05-15,638.32,10911.8,2620.45,0.0,9.33,-1.39
2021-05-16,889.48,11205.6,2620.59,17.75,16.47,4.82
2021-05-17,726.42,11401.4,2620.67,2.9,17.92,5.98
2021-05-18,801.8,11642.5,2620.78,4.93,16.68,3.75
2021-05-19,769.37,11864.2,2620.88,0.0,17.34,5.11
2021-05-20,741.23,12069.0,2620.97,0.0,16.99,6.78
2021-05-21,645.8,12216.5,2621.04,0.0,13.43,0.23
2021-05-22,642.95,12362.3,2621.1,0.0,19.6,11.56
2021-05-23,638.46,12505.4,2621.17,0.0,20.23,7.21
2021-05-24,669.61,12667.2,2621.24,0.4,15.5,7.32
2021-05-25,760.38,12883.4,2621.33,1.17,17.17,7.18
2021-05-26,806.74,13127.5,2621.44,0.0,14.62,3.43
2021-05-27,760.12,13343.6,2621.54,0.0,17.22,6.63
2021-05-28,829.01,13601.0,2621.65,4.94,15.76,5.83
2021-05-29,886.37,13892.9,2621.78,0.69,21.4,10.2
2021-05-30,897.12,14191.2,2621.92,0.0,18.38,6.65
2021-05-31,931.9,14510.3,2622.06,2.8,19.45,6.86
2021-06-01,787.7,14743.0,2622.16,0.0,16.92,5.83
2021-06-02,789.1,14976.5,2622.27,0.0,16.46,8.35
2021-06-03,774.93,15201.5,2622.37,0.0,17.06,6.42
2021-06-04,763.97,15419.9,2622.47,0.0,18.83,7.28
2021-06-05,867.48,15700.4,2622.59,0.58,24.02,11.19
2021-06-06,812.32,15947.8,2622.7,0.11,19.89,10.49
2021-06-07,826.69,16203.9,2622.82,0.0,23.25,12.81
2021-06-08,866.16,16483.6,2622.94,0.0,23.88,14.88
2021-06-09,894.68,16780.4,2623.07,0.0,24.79,17.12
2021-06-10,976.42,17126.3,2623.23,0.68,26.44,13.46
2021-06-11,969.73,17468.2,2623.38,0.0,25.78,12.68
2021-06-12,970.51,17810.5,2623.53,3.61,24.09,12.73
2021-06-13,932.62,18130.1,2623.68,7.79,21.27,11.34
2021-06-14,920.47,18442.4,2623.81,0.0,19.7,7.74
2021-06-15,1016.46,18812.3,2623.98,8.12,14.4,6.97
2021-06-16,1140.67,19256.7,2624.18,6.78,20.43,9.87
2021-06-17,1056.96,19650.9,2624.35,0.0,20.14,9.28
2021-06-18,1066.65,20051.0,2624.53,4.59,23.42,11.85
2021-06-19,1062.49,20448.5,2624.71,0.0,22.52,10.94
2021-06-20,980.18,20796.6,2624.86,0.0,20.64,10.37
2021-06-21,961.65,21133.6,2625.02,0.0,18.49,6.84
2021-06-22,867.65,21414.2,2625.14,0.0,14.87,5.16
2021-06-23,921.7,21727.3,2625.28,0.13,15.28,4.18
2021-06-24,918.9,22038.7,2625.42,2.91,11.81,2.98
2021-06-25,998.83,22398.0,2625.58,9.9,15.67,5.61
2021-06-26,881.36,22686.8,2625.71,0.33,15.03,3.28
2021-06-27,832.05,22946.1,2625.82,0.0,16.79,4.37
2021-06-28,767.54,23166.6,2625.92,0.0,15.74,5.22
2021-06-29,829.86,23424.6,2626.04,0.0,19.38,9.58
2021-06-30,812.58,23672.2,2626.15,0.0,22.94,8.46
2021-07-01,827.75,23928.8,2626.26,2.05,25.75,14.31
2021-07-02,858.68,24204.1,2626.39,0.0,27.18,14.5
2021-07-03,860.13,24480.2,2626.51,0.0,26.83,15.7
2021-07-04,857.22,24754.5,2626.63,0.0,26.92,16.7
2021-07-05,949.26,25084.1,2626.78,0.0,31.89,18.95
2021-07-06,1102.72,25505.8,2626.97,1.87,30.18,17.77
2021-07-07,1167.34,25966.2,2627.17,0.0,25.48,16.48
2021-07-08,1045.48,26353.5,2627.34,0.0,24.05,13.56
2021-07-09,981.98,26702.8,2627.5,8.25,25.1,14.88
2021-07-10,957.87,27037.5,2627.65,0.0,22.31,13.24
2021-07-11,975.76,27383.0,2627.8,0.0,21.84,11.95
2021-07-12,1006.99,27747.2,2627.97,0.0,21.94,10.44
2021-07-13,1000.84,28107.7,2628.13,0.0,16.91,6.67
2021-07-14,919.23,28419.3,2628.27,0.02,15.53,1.62
2021-07-15,825.86,28674.9,2628.38,0.0,13.22,2.85
2021-07-16,828.45,28932.0,2628.49,0.0,13.81,2.07
2021-07-17,794.35,29168.6,2628.6,2.12,17.11,5.62
2021-07-18,843.92,29435.0,2628.72,0.0,16.94,4.66
2021-07-19,818.48,29686.1,2628.83,0.0,16.88,7.2
2021-07-20,854.07,29958.5,2628.95,8.19,22.58,9.84
2021-07-21,791.9,30193.7,2629.06,0.0,18.6,6.0
2021-07-22,906.9,30497.9,2629.19,0.0,12.75,3.95
2021-07-23,858.54,30773.0,2629.32,0.11,18.48,5.14
2021-07-24,920.46,31085.3,2629.46,0.13,19.69,10.12
2021-07-25,957.53,31419.9,2629.61,0.0,22.14,11.76
2021-07-26,932.85,31739.6,2629.75,0.0,20.53,8.03
2021-07-27,1012.9,32107.4,2629.91,0.0,22.46,12.54
2021-07-28,950.64,32437.8,2630.06,0.0,23.16,10.15
2021-07-29,899.68,32737.6,2630.19,0.0,22.6,9.94
2021-07-30,906.88,33041.8,2630.33,0.0,18.81,6.5
2021-07-31,891.87,33336.9,2630.46,2.95,14.08,4.25
2021-08-01,764.2,33555.5,2630.56,0.11,17.05,6.79
2021-08-02,772.62,33779.1,2630.66,0.0,17.68,7.4
2021-08-03,733.35,33979.1,2630.75,0.0,15.1,2.89
2021-08-04,869.9,34261.1,2630.87,13.9,10.2,0.07
2021-08-05,801.26,34501.9,2630.98,0.0,11.63,0.4
2021-08-06,728.36,34698.9,2631.07,0.0,13.16,2.2
2021-08-07,735.51,34900.3,2631.16,0.0,11.0,-1.84
2021-08-08,703.47,35082.4,2631.24,0.6,17.94,6.53
2021-08-09,680.15,35250.5,2631.31,0.0,15.34,4.38
2021-08-10,629.13,35388.0,2631.38,0.0,19.56,5.87
2021-08-11,639.88,35532.0,2631.44,0.0,18.55,7.72
2021-08-12,610.04,35658.0,2631.5,0.0,18.69,4.9
2021-08-13,538.93,35741.4,2631.53,0.0,18.68,6.62
2021-08-14,531.52,35820.3,2631.57,0.0,15.7,2.73
2021-08-15,498.79,35879.6,2631.6,0.0,11.55,1.12
2021-08-16,533.11,35959.5,2631.63,0.0,13.69,2.96
2021-08-17,489.39,36013.2,2631.65,0.0,13.41,2.9
2021-08-18,501.27,36074.0,2631.68,0.0,13.35,1.72
2021-08-19,477.02,36120.2,2631.7,0.0,13.77,5.64
2021-08-20,457.14,36154.5,2631.72,0.0,18.04,5.51
2021-08-21,369.59,36136.3,2631.71,0.0,20.02,8.1
2021-08-22,359.73,36112.2,2631.7,0.0,22.71,11.29
2021-08-23,334.06,36072.6,2631.68,4.77,20.4,11.8
2021-08-24,341.93,36037.8,2631.67,0.0,18.03,8.42
2021-08-25,350.88,36008.4,2631.65,1.07,17.11,6.56
2021-08-26,328.24,35965.4,2631.63,0.0,19.32,7.41
2021-08-27,323.35,35919.4,2631.61,0.0,15.81,6.32
2021-08-28,347.34,35887.8,2631.6,0.74,14.27,4.05
2021-08-29,297.88,35826.6,2631.57,0.0,12.8,-0.25
2021-08-30,285.58,35758.0,2631.54,0.0,13.33,3.39
2021-08-31,243.63,35664.2,2631.5,0.0,9.83,-1.83
2021-09-01,262.21,35581.5,2631.46,0.0,12.31,0.95
2021-09-02,233.19,35481.5,2631.42,0.0,18.86,7.38
2021-09-03,247.24,35389.8,2631.38,0.0,17.9,4.53
2021-09-04,257.45,35304.3,2631.34,0.0,20.67,9.6
2021-09-05,237.24,35206.7,2631.29,0.0,20.17,8.66
2021-09-06,214.85,35095.6,2631.25,0.0,17.41,7.61
2021-09-07,199.21,34975.2,2631.19,0.0,14.3,2.24
2021-09-08,209.98,34861.2,2631.14,0.0,7.97,0.37
2021-09-09,210.36,34747.5,2631.09,1.38,13.99,4.64
2021-09-10,289.23,34681.0,2631.06,15.57,11.57,1.61
2021-09-11,255.41,34594.3,2631.02,0.0,17.34,7.2
2021-09-12,234.61,34495.1,2630.98,0.0,15.25,3.52
2021-09-13,230.39,34393.4,2630.93,0.0,14.81,3.14
2021-09-14,213.7,34281.6,2630.88,0.0,10.87,-0.4
2021-09-15,248.06,34190.5,2630.84,0.0,8.39,-3.24
2021-09-16,219.05,34081.9,2630.79,0.0,8.01,-3.77
2021-09-17,232.28,33981.3,2630.75,0.0,9.94,-0.96
2021-09-18,220.16,33873.4,2630.7,0.0,14.78,2.7
2021-09-19,198.6,33752.6,2630.65,0.0,10.98,-0.15
2021-09-20,224.99,33647.7,2630.6,1.07,11.95,2.53
2021-09-21,234.02,33548.1,2630.55,2.45,14.98,2.27
2021-09-22,218.61,33439.3,2630.51,0.0,17.8,5.97
2021-09-23,204.38,33321.9,2630.45,0.0,14.88,4.9
2021-09-24,225.61,33217.3,2630.41,0.0,14.78,1.74
2021-09-25,215.06,33106.4,2630.36,0.0,13.33,1.37
2021-09-26,219.26,32998.0,2630.31,0.0,9.58,-3.87
2021-09-27,227.89,32894.8,2630.26,0.0,11.49,-0.36
2021-09-28,224.17,32789.3,2630.22,0.86,11.99,4.22
2021-09-29,242.81,32695.0,2630.17,0.0,15.78,4.64
2021-09-30,242.95,32600.8,2630.13,0.0,17.62,5.91
2021-10-01,265.53,32520.1,2630.1,8.05,16.56,3.35
2021-10-02,257.4,32434.6,2630.06,0.0,11.83,2.0
2021-10-03,267.82,32355.3,2630.02,0.0,7.46,-1.96
2021-10-04,262.76,32273.0,2629.99,0.0,6.74,-2.15
2021-10-05,274.83,32197.9,2629.95,0.0,8.73,-2.4
2021-10-06,298.95,32137.3,2629.93,0.0,6.62,-3.08
2021-10-07,300.77,32077.8,2629.9,0.0,5.97,-4.75
2021-10-08,311.0,32024.5,2629.87,0.0,5.49,-5.15
2021-10-09,268.57,31945.6,2629.84,0.0,3.83,-5.17
2021-10-10,239.32,31849.3,2629.8,0.0,2.24,-9.82
2021-10-11,209.23,31734.8,2629.75,0.0,6.24,-4.22
2021-10-12,232.85,31634.6,2629.7,0.0,8.61,-2.87
2021-10-13,233.94,31534.9,2629.66,0.0,9.45,-2.24
2021-10-14,232.64,31434.6,2629.61,0.0,6.09,-1.1
2021-10-15,205.92,31318.1,2629.56,0.0,10.77,1.31
2021-10-16,202.94,31199.9,2629.51,0.0,15.32,2.77
2021-10-17,189.1,31073.4,2629.45,0.0,12.5,-1.06
2021-10-18,205.29,30956.6,2629.4,1.07,9.13,-3.06
2021-10-19,190.14,30830.7,2629.34,0.0,11.01,-1.6
2021-10-20,164.07,30689.2,2629.28,0.0,9.01,-3.13
2021-10-21,166.61,30549.2,2629.22,0.0,4.48,-7.3
2021-10-22,151.7,30400.2,2629.15,0.0,10.27,-2.74
2021-10-23,138.42,30243.3,2629.08,0.0,9.75,-0.71
2021-10-24,130.59,30081.7,2629.01,0.0,8.02,-6.37
2021-10-25,136.02,29923.3,2628.94,0.0,5.34,-7.59
2021-10-26,138.5,29766.5,2628.87,0.0,5.02,-8.81
2021-10-27,148.66,29615.7,2628.8,0.0,0.1,-11.5
2021-10-28,144.74,29462.6,2628.73,0.0,1.95,-9.55
2021-10-29,163.3,29320.6,2628.67,7.02,1.88,-9.38
2021-10-30,163.97,29179.0,2628.61,0.0,1.86,-11.06
2021-10-31,153.68,29031.2,2628.54,0.0,4.0,-7.31
2021-11-01,172.41,28894.7,2628.48,0.0,-0.06,-10.93
2021-11-02,170.13,28756.8,2628.42,0.0,-0.94,-11.98
2021-11-03,159.4,28612.5,2628.35,0.0,-2.33,-14.56
2021-11-04,178.2,28479.4,2628.29,0.0,-1.3,-11.53
2021-11-05,193.97,28355.8,2628.24,3.1,-5.55,-17.6
2021-11-06,200.05,28235.9,2628.18,0.0,-1.28,-10.08
2021-11-07,200.11,28116.0,2628.13,0.0,-1.41,-11.1
2021-11-08,184.15,27986.5,2628.07,0.0,0.31,-12.32
2021-11-09,181.36,27855.3,2628.01,0.0,-4.69,-15.54
2021-11-10,222.77,27749.0,2627.97,0.0,2.87,-8.27
2021-11-11,195.06,27626.1,2627.91,0.0,4.66,-8.81
2021-11-12,212.91,27513.9,2627.86,0.0,-0.54,-10.84
2021-11-13,202.58,27395.4,2627.81,0.0,0.51,-12.79
2021-11-14,199.69,27275.3,2627.76,0.0,0.64,-8.04
2021-11-15,271.77,27198.4,2627.72,24.34,1.98,-10.6
2021-11-16,261.06,27115.0,2627.68,0.0,4.02,-9.03
2021-11-17,245.49,27022.4,2627.64,9.32,3.3,-9.73
2021-11-18,231.87,26921.5,2627.6,1.22,0.9,-7.91
2021-11-19,195.98,26799.1,2627.54,0.0,6.87,-4.95
2021-11-20,162.74,26656.8,2627.48,0.0,5.48,-4.84
2021-11-21,159.22,26512.4,2627.42,0.0,7.53,-2.42
2021-11-22,136.71,26354.4,2627.34,0.0,10.47,-1.94
2021-11-23,156.96,26208.6,2627.28,0.0,6.47,-3.96
2021-11-24,157.63,26063.2,2627.21,0.0,3.9,-7.12
2021-11-25,163.11,25921.1,2627.15,0.0,5.34,-5.05
2021-11-26,172.57,25784.7,2627.09,0.0,-0.11,-11.75
2021-11-27,162.35,25642.1,2627.03,0.0,-2.88,-12.41
2021-11-28,161.73,25499.2,2626.96,0.0,-2.44,-14.73
2021-11-29,161.41,25356.1,2626.9,0.0,-0.73,-10.14
2021-11-30,163.52,25214.2,2626.84,0.0,0.38,-9.73
2021-12-01,167.98,25075.0,2626.77,0.0,-1.46,-8.34
2021-12-02,185.43,24946.3,2626.72,0.0,0.45,-9.06
2021-12-03,196.84,24824.4,2626.66,0.0,3.43,-6.91
2021-12-04,193.7,24700.7,2626.61,0.0,4.78,-5.89
2021-12-05,185.56,24572.0,2626.55,0.0,4.15,-6.36
2021-12-06,185.32,24443.3,2626.49,0.0,3.74,-8.67
2021-12-07,225.53,24338.6,2626.45,0.68,0.05,-10.37
2021-12-08,242.57,24244.2,2626.4,0.0,-0.03,-9.68
2021-12-09,232.98,24144.0,2626.36,0.0,-5.03,-15.37
2021-12-10,214.61,24032.8,2626.31,0.0,-7.7,-18.28
2021-12-11,206.83,23916.9,2626.26,0.0,-4.59,-18.42
2021-12-12,183.32,23786.9,2626.2,0.0,-5.49,-16.55
2021-12-13,180.53,23655.3,2626.14,0.0,-6.42,-17.53
2021-12-14,206.45,23539.2,2626.09,0.0,-1.89,-14.68
2021-12-15,213.62,23427.4,2626.04,0.0,0.98,-10.47
2021-12-16,222.5,23320.9,2625.99,0.0,-3.46,-14.29
2021-12-17,222.51,23214.4,2625.94,0.0,-4.73,-16.71
2021-12-18,214.67,23103.3,2625.89,0.0,-1.2,-12.69
2021-12-19,220.95,22995.9,2625.85,0.0,-4.13,-15.55
2021-12-20,271.13,22918.6,2625.81,18.53,-6.3,-16.62
2021-12-21,268.59,22839.8,2625.78,1.3,-4.47,-13.59
2021-12-22,244.74,22746.6,2625.73,0.0,-4.06,-15.95
2021-12-23,230.71,22645.1,2625.69,0.0,-9.14,-18.96
2021-12-24,210.89,22531.6,2625.64,0.0,-11.1,-21.03
2021-12-25,187.24,22404.0,2625.58,0.0,-7.26,-18.59
2021-12-26,173.39,22268.1,2625.52,0.0,-1.97,-13.97
2021-12-27,178.26,22135.1,2625.46,0.0,-8.91,-16.49
2021-12-28,196.08,22012.7,2625.41,0.0,-5.32,-14.92
2021-12-29,217.06,21903.0,2625.36,0.0,-3.24,-14.88
2021-12-30,221.64,21796.0,2625.31,0.0,-1.72,-13.48
2021-12-31,233.21,21696.0,2625.27,0.0,0.97,-8.36
