date,inflow,storage,elevation,precip,tmax,tmin
2010-01-01,619.3,43200.0,98.12,0.0,2.53,-7.28
2010-01-02,633.55,43166.7,98.11,0.0,0.81,-8.29
2010-01-03,631.55,43132.3,98.1,0.0,3.9,-5.04
2010-01-04,667.45,43119.3,98.09,6.63,3.14,-9.78
2010-01-05,681.24,43114.7,98.09,0.0,0.59,-8.65
2010-01-06,708.22,43126.2,98.09,0.0,-0.47,-11.41
2010-01-07,798.15,43191.7,98.11,0.0,1.93,-6.07
2010-01-08,749.58,43228.1,98.13,0.27,1.48,-8.22
2010-01-09,819.81,43306.6,98.15,0.0,0.61,-9.26
2010-01-10,763.71,43351.4,98.16,0.0,3.32,-7.32
2010-01-11,777.79,43404.7,98.18,0.0,-0.29,-10.5
2010-01-12,759.89,43447.2,98.19,0.0,3.34,-5.68
2010-01-13,750.77,43484.3,98.2,0.0,1.75,-9.74
2010-01-14,787.38,43543.3,98.22,0.0,0.21,-9.81
2010-01-15,810.19,43616.0,98.24,0.0,4.88,-6.56
2010-01-16,1172.78,43906.3,98.33,21.0,-1.77,-13.13
2010-01-17,1113.01,44160.7,98.4,0.0,-1.85,-12.89
2010-01-18,1176.19,44453.0,98.49,4.57,-1.99,-12.27
2010-01-19,893.47,44575.7,98.53,0.0,4.79,-6.37
2010-01-20,857.09,44676.6,98.56,0.0,4.59,-5.59
2010-01-21,862.83,44780.9,98.59,0.0,6.0,-5.0
2010-01-22,706.54,44791.4,98.59,0.0,6.12,-4.76
2010-01-23,679.64,44785.8,98.59,0.0,4.21,-9.1
2010-01-24,569.73,44714.2,98.57,0.0,4.68,-4.41
2010-01-25,1018.59,44912.0,98.63,27.26,4.82,-3.53
2010-01-26,1571.06,45441.2,98.79,44.47,5.54,-2.52
2010-01-27,1335.52,45829.1,98.9,6.83,10.32,-1.83
2010-01-28,1026.94,46031.9,98.96,0.08,11.74,-0.64
2010-01-29,830.04,46116.5,98.99,1.78,8.91,-3.28
2010-01-30,702.55,46124.7,98.99,0.0,4.29,-5.53
2010-01-31,632.29,46090.6,98.98,0.0,11.77,1.01
2010-02-01,627.88,46054.0,98.97,0.3,6.92,-0.88
2010-02-02,558.49,45975.7,98.95,0.0,12.83,2.15
2010-02-03,577.77,45908.9,98.93,3.92,8.11,0.54
2010-02-04,576.47,45841.4,98.91,0.0,6.64,-2.56
2010-02-05,892.59,45963.6,98.94,14.55,9.93,-2.05
2010-02-06,836.43,46052.1,98.97,0.0,7.88,-1.32
2010-02-07,798.62,46117.8,98.99,0.0,11.5,-0.48
2010-02-08,853.56,46216.6,99.02,0.0,5.61,-1.43
2010-02-09,807.28,46287.5,99.04,0.0,8.15,-3.21
2010-02-10,805.77,46357.6,99.06,0.0,7.03,-3.84
2010-02-11,849.81,46454.1,99.09,2.98,6.55,-4.94
2010-02-12,1331.65,46839.7,99.21,19.8,8.84,-2.13
2010-02-13,1419.22,47277.8,99.34,13.46,7.62,-3.16
2010-02-14,1487.85,47757.1,99.48,1.76,6.17,-7.29
2010-02-15,1286.63,48115.7,99.59,6.83,5.21,-6.86
2010-02-16,1728.09,48739.2,99.77,36.16,6.21,-4.91
2010-02-17,1254.77,49078.6,99.88,0.0,8.63,-2.9
2010-02-18,1566.5,49605.1,100.03,23.38,7.77,-3.01
2010-02-19,1536.39,50113.6,100.19,1.96,12.66,3.33
2010-02-20,1316.09,50489.8,100.3,0.0,15.3,4.1
2010-02-21,1174.41,50781.1,100.39,0.0,8.11,-1.71
2010-02-22,1041.72,50992.7,100.45,0.0,8.29,0.59
2010-02-23,1022.56,51192.9,100.51,0.0,13.42,2.72
2010-02-24,921.43,51332.3,100.55,0.0,11.63,-0.3
2010-02-25,867.8,51439.6,100.58,0.0,6.13,-4.35
2010-02-26,882.65,51555.8,100.62,0.0,14.85,3.83
2010-02-27,764.14,51600.9,100.63,0.0,10.92,3.37
2010-02-28,784.28,51658.1,100.65,0.0,11.47,-0.88
2010-03-01,853.84,51757.0,100.68,0.0,12.81,2.34
2010-03-02,834.11,51844.0,100.7,3.23,11.42,0.37
2010-03-03,827.43,51927.1,100.73,0.55,11.08,0.22
2010-03-04,778.66,51980.9,100.75,0.0,6.34,-5.28
2010-03-05,971.92,52150.7,100.8,2.88,10.44,-0.64
2010-03-06,885.67,52268.7,100.83,0.0,12.83,0.55
2010-03-07,826.88,52351.4,100.86,0.0,16.91,6.18
2010-03-08,1004.77,52540.9,100.91,11.05,12.51,3.3
2010-03-09,1006.96,52731.6,100.97,0.0,9.42,-1.27
2010-03-10,1393.13,53154.1,101.1,21.08,9.89,-2.45
2010-03-11,1139.79,53424.6,101.18,0.0,8.98,-1.41
2010-03-12,1343.32,53817.2,101.29,14.18,8.2,-2.2
2010-03-13,1188.19,54116.7,101.38,0.52,14.08,3.56
2010-03-14,1130.66,54381.7,101.46,0.0,12.46,-1.52
2010-03-15,1035.24,54589.5,101.53,0.0,13.49,1.24
2010-03-16,998.36,54775.1,101.58,4.65,10.94,0.46
2010-03-17,1030.45,54980.0,101.64,0.0,18.84,7.74
2010-03-18,1179.37,55274.2,101.73,0.0,19.8,7.7
2010-03-19,1790.04,55934.8,101.93,34.14,17.8,3.75
2010-03-20,1412.28,56368.8,102.06,0.0,13.04,2.04
2010-03-21,1467.68,56836.0,102.2,0.0,13.73,2.2
2010-03-22,1349.15,57232.1,102.32,4.82,11.03,0.14
2010-03-23,1253.23,57570.6,102.42,5.24,13.7,3.02
2010-03-24,1284.47,57927.9,102.53,0.0,15.95,3.38
2010-03-25,1108.19,58179.4,102.6,0.0,13.94,3.28
2010-03-26,1111.03,58432.7,102.68,0.0,8.88,-3.01
2010-03-27,1054.8,58652.1,102.74,0.0,8.16,-0.69
2010-03-28,979.03,58826.2,102.79,0.14,4.9,-3.55
2010-03-29,1091.44,59067.6,102.87,3.12,6.57,-7.28
2010-03-30,1168.0,59355.0,102.95,2.54,11.6,-0.46
2010-03-31,1159.77,59637.5,103.04,0.0,15.52,4.91
2010-04-01,1470.23,60106.2,103.18,11.48,15.3,5.59
2010-04-02,1495.48,60590.1,103.32,0.0,12.99,2.97
2010-04-03,1481.83,61065.8,103.46,0.96,10.62,2.08
2010-04-04,1707.09,61676.7,103.65,0.0,12.15,3.57
2010-04-05,1744.18,62309.8,103.84,0.0,14.38,3.46
2010-04-06,1666.5,62896.3,104.01,0.0,13.18,3.03
2010-04-07,2122.32,63756.3,104.27,10.56,12.57,2.5
2010-04-08,2027.52,64559.4,104.51,0.0,11.63,-2.42
2010-04-09,1836.06,65247.7,104.72,0.0,12.88,1.63
2010-04-10,1666.83,65834.3,104.89,0.0,11.68,-1.7
2010-04-11,1821.34,66513.8,105.1,0.0,12.49,1.41
2010-04-12,1584.0,67050.8,105.26,0.0,10.89,-0.42
2010-04-13,1562.95,67575.1,105.41,0.0,14.15,2.31
2010-04-14,1382.5,67991.2,105.54,0.0,20.91,8.71
2010-04-15,1312.33,68365.2,105.65,0.0,23.1,9.97
2010-04-16,1283.97,68722.2,105.76,0.0,26.62,15.64
2010-04-17,1296.38,69086.7,105.87,0.0,27.17,13.33
2010-04-18,1195.21,69390.4,105.96,0.0,22.68,10.35
2010-04-19,1079.45,69624.7,106.03,0.0,22.67,12.1
2010-04-20,1080.99,69859.9,106.1,0.0,20.41,11.48
2010-04-21,1176.19,70152.2,106.18,8.51,22.33,12.4
2010-04-22,1017.61,70349.4,106.24,3.48,17.62,7.42
2010-04-23,803.46,70418.0,106.26,0.0,14.46,2.74
2010-04-24,979.38,70592.3,106.32,3.94,16.68,7.25
2010-04-25,970.97,70761.5,106.37,0.0,16.3,5.83
2010-04-26,1015.39,70957.3,106.43,0.0,17.48,6.15
2010-04-27,1225.11,71279.0,106.52,10.08,18.09,5.58
2010-04-28,1077.89,71512.3,106.59,0.0,19.1,7.01
2010-04-29,958.86,71674.2,106.64,0.0,13.23,3.08
2010-04-30,844.5,71767.5,106.67,0.0,18.39,7.5
2010-05-01,883.68,71884.3,106.7,0.0,16.2,3.32
2010-05-02,705.14,71894.0,106.71,0.0,17.06,5.14
2010-05-03,721.65,71913.6,106.71,0.0,21.87,8.07
2010-05-04,712.18,71927.5,106.72,0.0,20.94,8.11
2010-05-05,695.76,71931.6,106.72,0.0,17.39,3.21
2010-05-06,726.59,71954.2,106.72,0.0,19.25,6.4
2010-05-07,735.13,71981.8,106.73,0.0,23.58,8.87
2010-05-08,803.58,72050.6,106.75,0.0,19.09,8.36
2010-05-09,671.35,72040.0,106.75,0.0,18.23,7.65
2010-05-10,689.67,72040.4,106.75,0.0,19.99,8.99
2010-05-11,910.87,72173.5,106.79,11.94,16.35,8.43
2010-05-12,913.74,72308.4,106.83,0.0,19.23,5.39
2010-05-13,881.32,72423.8,106.86,0.0,20.82,9.82
2010-05-14,767.53,72470.9,106.88,0.0,24.79,13.85
2010-05-15,654.57,72450.2,106.87,0.0,22.48,10.79
2010-05-16,610.84,72403.4,106.86,0.0,23.44,13.67
2010-05-17,641.6,72374.9,106.85,0.0,24.46,11.74
2010-05-18,568.21,72302.4,106.83,0.0,27.47,18.1
2010-05-19,584.24,72239.6,106.81,0.0,25.28,15.4
2010-05-20,608.22,72191.1,106.79,4.66,25.57,13.14
2010-05-21,562.25,72115.1,106.77,0.0,27.99,18.15
2010-05-22,500.53,72002.0,106.74,0.0,28.67,20.23
2010-05-23,502.46,71890.1,106.7,0.0,36.19,23.18
2010-05-24,507.48,71781.2,106.67,0.0,36.12,27.09
2010-05-25,468.37,71648.8,106.63,0.0,36.05,26.47
2010-05-26,474.93,71520.4,106.59,0.0,32.17,18.68
2010-05-27,496.05,71404.6,106.56,0.0,32.9,22.62
2010-05-28,473.7,71275.4,106.52,0.0,33.79,22.56
2010-05-29,472.65,71145.6,106.48,0.0,29.43,17.7
2010-05-30,457.1,71006.5,106.44,0.0,31.17,17.91
2010-05-31,458.04,70867.9,106.4,0.0,28.05,19.99
2010-06-01,434.55,70715.2,106.35,0.0,33.27,21.0
2010-06-02,493.29,70597.8,106.32,0.0,30.84,21.12
2010-06-03,500.5,70484.7,106.28,0.0,35.24,24.8
2010-06-04,454.61,70344.1,106.24,0.0,33.81,24.18
2010-06-05,410.74,70177.1,106.19,0.0,35.57,21.44
2010-06-06,449.7,70033.6,106.15,0.0,32.43,19.04
2010-06-07,420.1,69872.2,106.1,0.0,28.09,13.86
2010-06-08,427.74,69715.5,106.05,0.0,26.73,14.52
2010-06-09,458.43,69577.1,106.01,0.0,27.49,13.52
2010-06-10,421.93,69416.9,105.96,0.0,32.19,18.12
2010-06-11,432.99,69263.3,105.92,0.0,32.54,20.24
2010-06-12,450.92,69120.5,105.88,0.0,28.51,18.61
2010-06-13,453.69,68979.3,105.83,0.0,31.46,22.43
2010-06-14,424.34,68820.5,105.79,0.0,28.81,18.85
2010-06-15,438.99,68670.5,105.74,0.0,34.82,24.39
2010-06-16,444.38,68523.7,105.7,7.42,31.91,22.16
2010-06-17,431.21,68369.0,105.65,0.0,34.0,23.52
2010-06-18,443.94,68222.0,105.61,0.0,30.06,17.09
2010-06-19,460.1,68084.7,105.57,0.0,35.0,25.33
2010-06-20,398.73,67910.5,105.51,0.0,31.27,18.92
2010-06-21,428.56,67754.3,105.47,0.0,27.84,14.25
2010-06-22,395.31,67578.0,105.41,0.0,25.67,15.4
2010-06-23,368.99,67386.0,105.36,0.0,30.08,16.77
2010-06-24,492.68,67268.3,105.32,15.92,24.87,13.64
2010-06-25,438.97,67118.2,105.28,0.0,29.33,16.95
2010-06-26,402.43,66946.3,105.22,0.0,29.66,18.18
2010-06-27,610.93,66899.5,105.21,12.04,31.25,19.22
2010-06-28,523.33,66800.1,105.18,0.0,31.97,18.39
2010-06-29,528.64,66703.9,105.15,5.72,29.3,15.25
2010-06-30,594.47,66647.1,105.14,9.02,23.97,15.69
2010-07-01,684.08,66644.2,105.13,0.0,28.03,18.34
2010-07-02,586.06,66582.4,105.12,0.0,25.83,14.52
2010-07-03,564.69,66507.8,105.09,0.0,28.51,15.34
2010-07-04,477.73,66381.1,105.06,0.0,22.88,17.45
2010-07-05,497.58,66266.2,105.02,0.0,23.13,14.75
2010-07-06,486.78,66144.9,104.98,0.0,23.13,12.3
2010-07-07,491.73,66026.6,104.95,0.0,26.29,17.2
2010-07-08,499.4,65912.8,104.92,0.0,28.94,20.24
2010-07-09,443.93,65765.8,104.87,0.0,29.56,18.69
2010-07-10,501.7,65653.4,104.84,0.0,27.21,18.08
2010-07-11,426.41,65495.8,104.79,0.0,24.65,15.42
2010-07-12,399.06,65321.9,104.74,0.0,22.22,10.52
2010-07-13,444.59,65175.2,104.69,0.0,23.4,10.95
2010-07-14,474.95,65046.8,104.66,0.0,21.44,14.46
2010-07-15,460.47,64909.7,104.62,0.0,29.47,16.63
2010-07-16,482.4,64785.7,104.58,0.0,29.07,17.53
2010-07-17,533.23,64692.3,104.55,0.0,29.27,17.67
2010-07-18,512.38,64586.3,104.52,0.0,35.15,22.08
2010-07-19,751.93,64624.1,104.53,17.59,33.7,21.28
2010-07-20,752.24,64662.0,104.54,0.0,35.42,24.4
2010-07-21,714.67,64677.4,104.55,0.0,31.15,21.55
2010-07-22,635.48,64645.3,104.54,0.0,35.23,24.98
2010-07-23,686.62,64643.9,104.54,0.0,35.2,23.57
2010-07-24,698.55,64649.6,104.54,0.0,32.43,19.61
2010-07-25,845.31,64743.4,104.57,8.52,35.17,24.35
2010-07-26,756.16,64783.7,104.58,0.0,34.42,23.54
2010-07-27,677.79,64777.0,104.58,0.0,32.44,21.83
2010-07-28,698.62,64782.8,104.58,0.0,26.41,14.99
2010-07-29,654.81,64762.3,104.57,0.0,24.22,13.3
2010-07-30,657.01,64743.1,104.57,0.0,31.04,17.75
2010-07-31,632.38,64709.1,104.56,0.0,30.37,17.54
2010-08-01,681.25,64704.5,104.55,0.0,32.74,20.16
2010-08-02,595.77,64648.5,104.54,0.0,33.23,22.61
2010-08-03,625.89,64610.7,104.53,0.0,31.44,19.97
2010-08-04,841.46,64702.2,104.55,14.7,30.57,18.98
2010-08-05,751.19,64739.5,104.56,0.0,30.13,19.59
2010-08-06,641.93,64711.2,104.56,0.0,32.25,19.0
2010-08-07,590.5,64652.1,104.54,0.0,29.05,16.81
2010-08-08,595.83,64596.3,104.52,0.0,32.28,23.22
2010-08-09,615.8,64552.3,104.51,0.0,35.13,23.71
2010-08-10,675.96,64544.5,104.51,1.89,27.81,19.01
2010-08-11,771.25,64593.9,104.52,0.0,27.41,14.56
2010-08-12,804.77,64663.3,104.54,0.0,22.06,12.09
2010-08-13,828.0,64746.7,104.57,0.0,24.52,14.09
2010-08-14,798.65,64812.5,104.59,0.0,25.26,16.41
2010-08-15,784.17,64869.6,104.6,0.0,27.09,16.41
2010-08-16,838.9,64959.6,104.63,7.01,26.81,14.99
2010-08-17,1024.38,65160.8,104.69,0.0,31.6,21.72
2010-08-18,894.72,65284.2,104.73,0.0,28.73,20.65
2010-08-19,852.77,65382.5,104.76,0.0,29.33,19.01
2010-08-20,808.57,65454.2,104.78,0.0,27.58,16.82
2010-08-21,886.86,65573.0,104.81,7.78,30.39,16.99
2010-08-22,857.62,65674.1,104.84,0.0,29.66,17.38
2010-08-23,730.22,65698.9,104.85,0.0,28.38,16.44
2010-08-24,717.67,65716.1,104.86,0.0,28.14,16.15
2010-08-25,699.15,65722.2,104.86,0.0,25.76,14.94
2010-08-26,626.41,65684.6,104.85,0.0,25.68,16.6
2010-08-27,632.2,65650.6,104.84,0.0,25.89,13.71
2010-08-28,676.12,65642.8,104.83,0.0,27.93,15.45
2010-08-29,733.8,65669.7,104.84,0.0,28.43,20.2
2010-08-30,776.89,65722.5,104.86,0.0,32.03,21.62
2010-08-31,755.73,65762.5,104.87,0.0,28.6,17.5
2010-09-01,819.2,65840.6,104.89,0.0,29.4,21.84
2010-09-02,789.16,65900.7,104.91,1.69,31.86,18.13
2010-09-03,851.44,65998.2,104.94,0.0,33.58,21.39
2010-09-04,742.04,66030.0,104.95,0.0,27.72,16.65
2010-09-05,735.78,66058.1,104.96,0.0,32.1,19.09
2010-09-06,751.55,66095.6,104.97,0.0,29.8,16.55
2010-09-07,699.02,66101.6,104.97,0.0,30.36,20.44
2010-09-08,805.8,66171.7,104.99,0.0,32.17,21.58
2010-09-09,679.12,66165.8,104.99,0.0,25.08,16.36
2010-09-10,761.03,66209.0,105.0,0.0,20.53,10.4
2010-09-11,739.07,66239.1,105.01,0.0,24.33,13.79
2010-09-12,702.5,66247.2,105.02,0.0,28.95,19.34
2010-09-13,685.52,66245.1,105.01,0.0,22.89,12.13
2010-09-14,650.68,66222.1,105.01,0.0,18.21,9.09
2010-09-15,575.35,66153.9,104.99,0.0,24.45,11.18
2010-09-16,585.87,66092.0,104.97,0.0,23.58,13.78
2010-09-17,517.39,65989.1,104.94,0.0,21.84,13.02
2010-09-18,557.51,65910.2,104.91,0.0,21.15,13.42
2010-09-19,547.6,65825.3,104.89,0.0,22.73,13.18
2010-09-20,585.16,65763.0,104.87,0.0,22.72,10.28
2010-09-21,671.54,65752.6,104.87,0.0,27.72,15.58
2010-09-22,566.23,65678.9,104.85,0.0,27.12,13.57
2010-09-23,553.39,65597.5,104.82,0.0,19.73,11.54
2010-09-24,627.08,65560.4,104.81,0.0,21.74,10.16
2010-09-25,643.03,65532.8,104.8,0.0,23.18,9.18
2010-09-26,623.98,65493.8,104.79,0.0,23.26,9.74
2010-09-27,553.36,65412.4,104.77,0.0,24.43,14.59
2010-09-28,484.57,65289.8,104.73,0.0,23.66,13.77
2010-09-29,518.74,65187.6,104.7,0.0,22.48,8.39
2010-09-30,468.89,65055.6,104.66,0.0,23.49,10.44
2010-10-01,459.28,64917.7,104.62,0.0,27.79,18.58
2010-10-02,465.97,64783.9,104.58,5.92,27.1,16.53
2010-10-03,574.05,64714.9,104.56,6.68,24.99,15.05
2010-10-04,552.89,64633.3,104.53,0.0,24.48,12.14
2010-10-05,503.8,64522.2,104.5,0.0,23.43,12.58
2010-10-06,507.36,64413.2,104.47,0.0,22.48,13.73
2010-10-07,524.62,64314.6,104.44,0.0,18.77,8.13
2010-10-08,482.84,64190.9,104.4,0.0,18.42,3.54
2010-10-09,661.35,64174.3,104.4,10.91,20.37,12.19
2010-10-10,661.51,64157.8,104.39,0.0,22.12,10.95
2010-10-11,624.44,64119.1,104.38,0.0,20.83,12.97
2010-10-12,617.24,64076.0,104.37,0.0,17.85,7.71
2010-10-13,759.0,64118.0,104.38,6.46,11.17,1.67
2010-10-14,681.07,64113.3,104.38,0.0,11.83,-0.48
2010-10-15,648.57,64089.0,104.37,0.0,9.1,-1.18
2010-10-16,613.9,64043.9,104.36,0.0,9.85,-3.82
2010-10-17,603.54,63992.7,104.34,0.0,8.43,-6.87
2010-10-18,632.75,63958.9,104.33,0.0,11.04,0.89
2010-10-19,560.34,63881.7,104.31,0.0,13.21,0.45
2010-10-20,560.46,63804.6,104.28,0.0,11.85,0.56
2010-10-21,534.4,63711.9,104.26,0.0,14.59,3.8
2010-10-22,515.81,63607.9,104.23,0.0,17.63,7.88
2010-10-23,544.64,63521.3,104.2,0.0,20.8,7.9
2010-10-24,544.88,63434.9,104.17,0.0,21.94,11.41
2010-10-25,626.75,63397.5,104.16,0.0,22.21,8.96
2010-10-26,603.65,63346.3,104.15,0.0,17.14,4.88
2010-10-27,570.75,63275.4,104.13,0.0,10.21,-2.35
2010-10-28,536.22,63183.7,104.1,0.0,13.62,-0.33
2010-10-29,638.53,63153.4,104.09,0.0,10.03,-0.41
2010-10-30,647.14,63128.3,104.08,1.37,8.65,-0.4
2010-10-31,612.68,63082.5,104.07,0.0,11.4,2.4
2010-11-01,649.99,63059.1,104.06,7.58,9.09,-1.27
2010-11-02,691.22,63060.4,104.06,4.25,8.9,-1.38
2010-11-03,677.04,63053.3,104.06,0.0,12.26,2.42
2010-11-04,626.2,63015.6,104.05,0.0,9.47,-1.4
2010-11-05,603.2,62964.1,104.03,0.0,12.66,3.01
2010-11-06,567.72,62891.4,104.01,0.0,9.2,-0.41
2010-11-07,583.38,62828.0,103.99,0.0,14.6,5.2
2010-11-08,630.1,62792.7,103.98,0.18,15.07,3.64
2010-11-09,603.63,62741.4,103.97,0.0,11.41,-0.82
2010-11-10,554.34,62660.6,103.94,0.0,12.52,2.32
2010-11-11,580.96,62595.8,103.92,0.0,15.79,4.0
2010-11-12,568.18,62523.3,103.9,0.0,10.57,-0.52
2010-11-13,544.89,62436.9,103.88,2.28,8.71,-4.78
2010-11-14,551.87,62354.6,103.85,0.0,9.73,-1.3
2010-11-15,549.01,62270.6,103.83,0.0,7.41,-4.33
2010-11-16,545.75,62184.7,103.8,0.0,10.87,-0.89
2010-11-17,775.24,62236.4,103.82,18.27,15.44,2.95
2010-11-18,619.04,62194.4,103.8,0.06,13.12,1.73
2010-11-19,570.44,62123.3,103.78,0.0,14.76,2.65
2010-11-20,544.96,62036.9,103.76,0.0,15.75,4.03
2010-11-21,536.96,61945.7,103.73,0.0,15.21,2.58
2010-11-22,433.61,61792.4,103.68,0.0,13.86,6.2
2010-11-23,377.58,61605.6,103.63,0.0,11.57,-0.12
2010-11-24,342.59,61397.7,103.56,0.0,8.48,-3.35
2010-11-25,405.43,61227.6,103.51,0.0,10.36,-3.66
2010-11-26,397.94,61053.0,103.46,0.0,12.96,-0.18
2010-11-27,363.81,60857.9,103.4,0.0,12.04,1.8
2010-11-28,335.64,60645.9,103.34,0.0,11.38,-0.51
2010-11-29,316.92,60422.6,103.27,0.0,12.23,1.54
2010-11-30,305.06,60192.3,103.2,1.11,14.83,3.15
2010-12-01,324.67,59973.7,103.14,0.0,11.79,2.49
2010-12-02,321.77,59753.3,103.07,0.0,13.25,0.72
2010-12-03,303.75,59522.2,103.0,0.0,12.9,2.45
2010-12-04,325.73,59304.2,102.94,0.0,11.83,-0.17
2010-12-05,416.25,59140.6,102.89,12.87,9.23,-2.54
2010-12-06,432.28,58986.5,102.84,0.0,11.16,-0.65
2010-12-07,427.14,58829.4,102.8,1.66,7.34,-5.87
2010-12-08,414.23,58664.6,102.75,0.0,7.53,-3.22
2010-12-09,341.04,58455.8,102.68,0.0,9.3,-1.54
2010-12-10,366.78,58262.5,102.63,0.0,5.07,-5.72
2010-12-11,418.47,58100.2,102.58,2.44,4.59,-6.43
2010-12-12,471.76,57969.8,102.54,0.0,6.4,-7.52
2010-12-13,449.2,57825.9,102.49,0.0,6.05,-5.31
2010-12-14,422.8,57666.2,102.45,0.0,-0.07,-8.98
2010-12-15,473.39,57536.9,102.41,0.0,5.65,-5.25
2010-12-16,527.23,57439.8,102.38,0.0,5.2,-8.38
2010-12-17,921.63,57579.4,102.42,28.14,1.31,-9.49
2010-12-18,821.54,57658.9,102.44,0.65,3.08,-8.79
2010-12-19,902.47,57787.0,102.48,1.67,0.47,-11.48
2010-12-20,845.78,57881.1,102.51,0.0,4.11,-8.64
2010-12-21,898.65,58006.9,102.55,0.0,-3.66,-14.9
2010-12-22,929.84,58151.4,102.59,0.0,5.26,-7.29
2010-12-23,1020.99,58350.6,102.65,0.0,2.55,-9.32
2010-12-24,937.67,58499.8,102.7,0.0,1.14,-12.13
2010-12-25,811.45,58573.3,102.72,0.0,-2.64,-11.8
2010-12-26,865.45,58679.1,102.75,0.0,3.55,-8.91
2010-12-27,875.47,58791.0,102.78,0.0,0.76,-12.63
2010-12-28,824.22,58872.2,102.81,0.0,2.72,-9.27
2010-12-29,1205.78,59182.2,102.9,18.24,10.67,1.2
2010-12-30,1053.75,59401.1,102.97,0.0,8.75,-3.06
2010-12-31,1028.56,59604.8,103.03,7.93,6.59,-4.09
2011-01-01,1011.62,59798.4,103.09,0.0,10.35,-0.82
2011-01-02,1040.31,60009.2,103.15,0.0,9.27,0.87
2011-01-03,1127.87,60272.5,103.23,0.0,10.87,-0.84
2011-01-04,1094.91,60516.1,103.3,0.0,10.68,-1.52
2011-01-05,917.16,60653.0,103.34,0.0,10.04,-0.86
2011-01-06,830.73,60738.0,103.37,0.0,12.13,1.65
2011-01-07,896.1,60862.3,103.4,0.0,9.4,-1.41
2011-01-08,802.73,60930.5,103.42,0.0,9.41,-1.85
2011-01-09,722.13,60950.4,103.43,0.0,2.74,-6.04
2011-01-10,734.47,60977.7,103.44,6.88,2.77,-7.34
2011-01-11,717.39,60994.7,103.44,0.0,5.22,-7.44
2011-01-12,855.62,61094.7,103.47,7.12,0.88,-8.19
2011-01-13,904.71,61224.1,103.51,0.0,-0.22,-8.93
2011-01-14,897.71,61349.3,103.55,0.0,-0.7,-11.81
2011-01-15,858.49,61451.0,103.58,0.0,-5.46,-15.98
2011-01-16,820.19,61529.8,103.6,0.0,-4.57,-15.94
2011-01-17,844.31,61622.9,103.63,0.0,0.47,-11.36
2011-01-18,803.21,61691.5,103.65,0.0,2.75,-8.91
2011-01-19,888.83,61811.4,103.69,6.9,5.3,-4.2
2011-01-20,757.83,61852.7,103.7,0.0,6.84,-2.73
2011-01-21,699.77,61859.1,103.7,0.0,1.62,-12.05
2011-01-22,789.17,61919.2,103.72,4.48,4.43,-4.12
2011-01-23,747.91,61954.6,103.73,0.0,3.12,-5.45
2011-01-24,686.84,61953.3,103.73,0.0,1.59,-8.61
2011-01-25,703.37,61961.9,103.73,0.0,-0.47,-9.98
2011-01-26,736.02,61990.1,103.74,0.0,-0.15,-9.24
2011-01-27,851.92,62087.9,103.77,9.76,-2.62,-12.7
2011-01-28,1011.1,62281.2,103.83,5.43,-3.58,-14.56
2011-01-29,914.67,62416.6,103.87,0.0,-5.28,-17.05
2011-01-30,934.62,62563.9,103.91,2.65,-4.41,-16.54
2011-01-31,909.56,62696.3,103.95,0.0,-0.78,-14.14
2011-02-01,817.14,62773.2,103.98,0.0,0.9,-9.07
2011-02-02,920.34,62912.0,104.02,6.87,8.34,-3.19
2011-02-03,841.01,63003.2,104.04,0.0,11.64,-0.69
2011-02-04,804.05,63072.2,104.07,0.0,9.22,-1.3
2011-02-05,741.66,63103.8,104.07,0.0,8.67,-3.22
2011-02-06,767.56,63151.0,104.09,0.0,9.07,-1.74
2011-02-07,788.81,63210.9,104.11,0.0,8.27,-2.15
2011-02-08,858.97,63312.8,104.14,12.88,12.88,2.32
2011-02-09,731.0,63338.0,104.14,0.0,12.77,1.22
2011-02-10,738.94,63368.0,104.15,0.0,11.16,-0.46
2011-02-11,851.84,63465.7,104.18,2.9,9.7,-2.94
2011-02-12,948.66,63621.5,104.23,13.18,1.64,-6.38
2011-02-13,872.33,63731.5,104.26,0.0,8.27,-3.39
2011-02-14,795.05,63795.2,104.28,0.0,15.45,0.63
2011-02-15,652.43,63773.2,104.28,0.0,14.62,4.14
2011-02-16,665.91,63759.4,104.27,0.0,17.97,5.2
2011-02-17,687.16,63758.3,104.27,0.5,15.84,5.38
2011-02-18,653.07,63736.7,104.26,0.0,10.27,0.25
2011-02-19,652.08,63714.6,104.26,0.0,12.86,1.16
2011-02-20,1269.52,64062.9,104.36,32.72,11.1,-1.4
2011-02-21,1139.37,64333.1,104.44,0.0,12.89,3.65
2011-02-22,1266.8,64679.8,104.55,10.02,11.5,-0.24
2011-02-23,1293.4,65042.4,104.65,0.0,5.69,-4.63
2011-02-24,1115.97,65298.6,104.73,0.0,8.31,-4.11
2011-02-25,1029.73,65503.1,104.79,0.0,11.17,1.31
2011-02-26,856.95,65603.8,104.82,0.0,9.21,-1.33
2011-02-27,1008.98,65795.8,104.88,13.37,9.53,-3.91
2011-02-28,943.2,65948.4,104.93,0.0,5.62,-5.68
2011-03-01,904.13,66077.4,104.96,0.3,11.39,-0.03
2011-03-02,744.1,66110.5,104.97,0.0,8.85,1.93
2011-03-03,719.97,66129.1,104.98,0.0,15.05,5.71
2011-03-04,656.01,66109.3,104.97,0.0,11.33,-0.02
2011-03-05,723.61,66130.1,104.98,0.0,7.66,-3.2
2011-03-06,798.17,66195.6,105.0,0.0,7.79,-3.33
2011-03-07,956.05,66355.8,105.05,11.43,11.34,-0.53
2011-03-08,995.13,66539.5,105.1,0.0,11.64,-2.05
2011-03-09,836.13,66627.8,105.13,0.0,18.15,6.19
2011-03-10,879.64,66742.2,105.16,0.0,16.76,5.9
2011-03-11,1052.89,66960.5,105.23,12.18,13.13,1.89
2011-03-12,818.75,67038.4,105.25,0.0,11.94,1.17
2011-03-13,766.6,67084.9,105.27,0.0,15.42,3.32
2011-03-14,806.52,67155.4,105.29,0.0,8.23,-0.94
2011-03-15,828.5,67239.1,105.31,6.47,12.43,3.41
2011-03-16,775.03,67290.8,105.33,0.0,11.72,0.32
2011-03-17,786.04,67349.0,105.35,0.0,18.71,8.74
2011-03-18,633.17,67315.5,105.34,0.0,13.85,5.74
2011-03-19,651.6,67293.1,105.33,0.0,14.68,2.2
2011-03-20,564.58,67218.4,105.31,0.0,13.37,4.3
2011-03-21,594.54,67161.7,105.29,5.28,15.44,4.1
2011-03-22,692.92,67164.1,105.29,10.55,9.5,-1.48
2011-03-23,646.67,67138.7,105.28,0.0,9.75,-3.26
2011-03-24,620.21,67097.4,105.27,0.0,9.97,1.57
2011-03-25,709.27,67109.6,105.27,0.0,11.31,-2.18
2011-03-26,735.13,67137.3,105.28,0.0,14.35,1.68
2011-03-27,955.07,67296.9,105.33,12.87,14.49,1.42
2011-03-28,919.86,67435.4,105.37,0.82,12.8,-1.21
2011-03-29,843.09,67527.9,105.4,0.0,7.21,-2.46
2011-03-30,834.44,67615.2,105.43,0.0,8.81,-0.49
2011-03-31,882.01,67731.0,105.46,0.0,7.27,-3.88
2011-04-01,916.94,67867.7,105.5,0.0,8.61,-1.49
2011-04-02,856.64,67968.3,105.53,0.0,11.34,-1.14
2011-04-03,815.03,68044.0,105.55,0.0,12.1,-1.21
2011-04-04,785.05,68101.6,105.57,0.0,6.21,-5.43
2011-04-05,833.12,68188.1,105.6,0.0,11.81,-3.37
2011-04-06,686.71,68186.7,105.6,0.0,8.62,-2.2
2011-04-07,734.66,68214.1,105.6,0.0,11.47,-2.12
2011-04-08,783.97,68271.1,105.62,0.0,9.59,-2.33
2011-04-09,948.15,68426.6,105.67,6.51,13.02,2.75
2011-04-10,835.35,68514.4,105.69,0.0,12.23,0.98
2011-04-11,698.65,68520.2,105.7,0.0,12.25,3.12
2011-04-12,684.25,68517.3,105.7,0.0,15.99,3.37
2011-04-13,707.88,68528.7,105.7,0.0,20.35,7.76
2011-04-14,945.53,68682.6,105.74,2.03,22.2,11.21
2011-04-15,839.21,68772.7,105.77,0.0,24.04,15.52
2011-04-16,966.15,68939.0,105.82,13.14,21.22,9.67
2011-04-17,922.49,69079.1,105.86,0.0,17.66,8.6
2011-04-18,827.76,69162.4,105.89,0.91,17.46,8.26
2011-04-19,770.79,69211.5,105.9,0.0,19.91,7.19
2011-04-20,737.4,69240.5,105.91,0.0,19.48,6.87
2011-04-21,833.42,69327.2,105.94,9.58,15.9,5.86
2011-04-22,770.06,69375.8,105.95,0.0,17.78,5.78
2011-04-23,829.02,69459.8,105.98,0.0,15.72,5.76
2011-04-24,891.73,69581.5,106.01,0.0,13.15,0.79
2011-04-25,799.94,69648.0,106.03,0.0,12.61,3.06
2011-04-26,1034.02,69855.0,106.1,21.28,9.78,2.46
2011-04-27,777.11,69907.9,106.11,0.0,15.44,2.86
2011-04-28,728.28,69931.5,106.12,0.32,17.01,4.59
2011-04-29,681.86,69927.2,106.12,5.87,10.85,-0.06
2011-04-30,699.67,69933.6,106.12,0.0,14.45,4.51
2011-05-01,628.72,69897.4,106.11,0.0,16.67,8.52
2011-05-02,626.36,69859.9,106.1,0.0,19.63,8.21
2011-05-03,570.12,69788.5,106.08,0.0,22.43,11.08
2011-05-04,684.13,69785.6,106.07,0.0,24.37,16.0
2011-05-05,603.42,69734.3,106.06,0.0,22.19,11.94
2011-05-06,517.59,69631.4,106.03,0.0,22.83,11.16
2011-05-07,516.98,69528.2,106.0,0.0,26.04,18.18
2011-05-08,818.04,69605.7,106.02,19.48,23.82,12.18
2011-05-09,806.53,69676.2,106.04,0.3,27.93,19.22
2011-05-10,753.58,69714.9,106.05,0.0,25.73,13.59
2011-05-11,787.6,69774.1,106.07,8.09,24.0,15.46
2011-05-12,857.5,69875.2,106.1,0.0,26.6,12.08
2011-05-13,897.45,70000.3,106.14,0.28,26.1,17.05
2011-05-14,718.55,70018.0,106.14,0.0,30.62,19.02
2011-05-15,721.5,70037.5,106.15,0.0,31.1,19.21
2011-05-16,731.07,70062.8,106.16,0.0,29.09,15.8
2011-05-17,637.02,70031.6,106.15,0.0,25.93,14.56
2011-05-18,554.57,69950.9,106.12,0.0,24.18,12.12
2011-05-19,915.99,70087.1,106.16,27.73,25.92,13.9
2011-05-20,884.12,70204.2,106.2,1.02,23.93,14.21
2011-05-21,966.16,70370.5,106.25,0.0,23.24,10.41
2011-05-22,953.45,70529.2,106.3,0.0,23.23,10.09
2011-05-23,898.99,70655.2,106.34,2.37,19.58,7.47
2011-05-24,785.14,70712.9,106.35,0.0,18.62,5.89
2011-05-25,1119.89,70971.4,106.43,23.82,19.44,6.39
2011-05-26,1070.79,71200.5,106.5,0.0,18.24,5.0
2011-05-27,1178.82,71494.4,106.59,7.76,18.19,8.33
2011-05-28,1025.76,71696.4,106.65,0.0,16.01,4.71
2011-05-29,926.48,71838.9,106.69,0.0,19.41,10.6
2011-05-30,818.22,71916.5,106.71,0.0,18.64,6.88
2011-05-31,784.84,71974.0,106.73,0.0,18.0,6.26
2011-06-01,781.92,72029.7,106.75,0.0,24.48,11.32
2011-06-02,704.45,72039.0,106.75,0.0,26.2,16.37
2011-06-03,862.44,72143.1,106.78,6.73,28.53,17.59
2011-06-04,665.74,72129.1,106.78,0.0,31.39,18.78
2011-06-05,680.71,72124.1,106.77,0.0,34.26,23.35
2011-06-06,637.05,72093.0,106.77,0.0,36.85,22.72
2011-06-07,586.92,72031.7,106.75,0.0,38.64,25.02
2011-06-08,587.13,71970.6,106.73,0.0,39.55,25.49
2011-06-09,597.49,71915.7,106.71,0.0,31.72,23.78
2011-06-10,603.44,71864.4,106.7,0.0,37.28,27.16
2011-06-11,505.63,71754.3,106.66,0.0,30.4,19.79
2011-06-12,505.7,71644.4,106.63,0.0,31.2,20.47
2011-06-13,536.35,71552.8,106.6,4.46,24.91,13.99
2011-06-14,556.89,71473.5,106.58,0.0,19.84,10.02
2011-06-15,530.02,71378.1,106.55,0.0,27.05,15.6
2011-06-16,541.06,71289.4,106.52,0.0,27.81,15.75
2011-06-17,547.51,71204.5,106.5,0.0,28.78,17.33
2011-06-18,433.55,71051.2,106.45,0.0,26.92,16.48
2011-06-19,422.55,70891.4,106.41,0.0,33.38,20.86
2011-06-20,387.59,70710.5,106.35,0.0,29.34,20.0
2011-06-21,426.55,70553.0,106.3,0.94,29.43,19.34
2011-06-22,590.63,70494.0,106.29,11.61,35.6,24.91
2011-06-23,610.69,70447.0,106.27,0.0,36.22,27.1
2011-06-24,599.55,70393.4,106.26,0.0,33.04,23.87
2011-06-25,607.21,70344.3,106.24,0.0,33.84,22.37
2011-06-26,575.55,70276.2,106.22,0.0,28.36,17.81
2011-06-27,503.54,70165.0,106.19,0.31,33.43,22.13
2011-06-28,483.04,70041.4,106.15,0.0,31.81,23.38
2011-06-29,485.48,69919.3,106.11,0.0,39.92,27.19
2011-06-30,552.69,69837.5,106.09,10.8,30.2,19.95
2011-07-01,493.28,69720.1,106.06,0.0,29.73,20.1
2011-07-02,442.07,69571.9,106.01,0.0,33.01,17.54
2011-07-03,448.08,69427.4,105.97,0.0,33.29,23.92
2011-07-04,491.25,69308.7,105.93,0.0,36.02,19.24
2011-07-05,512.26,69202.7,105.9,0.0,34.55,23.45
2011-07-06,538.92,69112.6,105.87,0.0,33.03,19.99
2011-07-07,497.58,68997.8,105.84,0.0,29.88,18.58
2011-07-08,449.42,68854.0,105.8,0.0,31.78,18.13
2011-07-09,473.88,68725.0,105.76,3.91,25.58,16.13
2011-07-10,517.29,68622.0,105.73,0.0,25.62,13.6
2011-07-11,869.63,68730.3,105.76,30.23,29.56,15.94
2011-07-12,805.77,68800.4,105.78,0.0,28.31,15.51
2011-07-13,664.33,68785.6,105.78,0.0,28.53,19.31
2011-07-14,647.3,68760.6,105.77,0.0,32.06,16.56
2011-07-15,655.38,68740.4,105.76,0.0,28.65,19.47
2011-07-16,691.91,68742.2,105.76,0.0,30.76,18.76
2011-07-17,679.95,68736.7,105.76,0.0,28.09,18.32
2011-07-18,827.19,68819.7,105.79,16.23,31.31,17.34
2011-07-19,759.87,68862.2,105.8,0.0,27.74,18.6
2011-07-20,792.93,68924.5,105.82,0.0,30.48,20.73
2011-07-21,736.44,68953.0,105.83,0.0,30.6,17.14
2011-07-22,653.54,68931.7,105.82,0.0,27.42,16.92
2011-07-23,653.04,68910.2,105.81,0.0,29.31,18.56
2011-07-24,801.55,68977.7,105.83,13.25,28.95,17.71
2011-07-25,715.24,68993.5,105.84,0.0,29.52,17.54
2011-07-26,722.24,69013.4,105.84,0.0,24.61,14.15
2011-07-27,703.17,69021.9,105.85,0.0,28.4,17.9
2011-07-28,684.71,69019.3,105.85,0.0,28.08,18.88
2011-07-29,604.65,68968.7,105.83,0.0,33.78,20.96
2011-07-30,584.36,68906.0,105.81,0.0,39.2,27.69
2011-07-31,572.41,68836.0,105.79,0.0,33.03,22.66
2011-08-01,544.29,68749.2,105.76,0.0,30.13,20.34
2011-08-02,559.15,68671.3,105.74,0.0,34.8,23.39
2011-08-03,575.03,68602.9,105.72,0.0,33.16,20.36
2011-08-04,558.68,68524.7,105.7,0.0,28.6,18.04
2011-08-05,538.39,68434.3,105.67,0.0,21.38,11.12
2011-08-06,745.62,68468.3,105.68,23.66,22.12,9.46
2011-08-07,683.75,68465.2,105.68,0.0,21.32,9.79
2011-08-08,667.27,68452.1,105.68,0.0,18.93,8.17
2011-08-09,608.84,68404.1,105.66,0.0,23.29,14.19
2011-08-10,547.91,68319.4,105.64,0.0,31.29,19.23
2011-08-11,466.96,68186.2,105.6,0.0,30.61,18.13
2011-08-12,466.02,68052.4,105.56,0.0,30.76,19.15
2011-08-13,462.22,67916.3,105.52,0.0,24.24,14.61
2011-08-14,492.68,67798.5,105.48,0.0,30.35,19.22
2011-08-15,431.34,67644.0,105.43,0.0,32.25,19.36
2011-08-16,447.65,67499.2,105.39,0.0,31.7,23.02
2011-08-17,424.23,67340.3,105.34,0.0,32.72,22.11
2011-08-18,401.75,67168.0,105.29,5.05,26.83,17.96
2011-08-19,455.91,67028.1,105.25,0.76,29.61,17.76
2011-08-20,520.29,66926.9,105.22,0.0,28.2,18.1
2011-08-21,528.18,66830.4,105.19,0.0,26.99,16.48
2011-08-22,487.87,66709.7,105.15,0.0,24.19,13.33
2011-08-23,451.6,66567.3,105.11,0.0,26.29,14.75
2011-08-24,480.16,66442.0,105.07,0.0,24.15,13.4
2011-08-25,465.79,66308.1,105.03,0.0,22.84,9.31
2011-08-26,431.24,66153.4,104.99,0.0,25.97,16.26
2011-08-27,454.87,66012.9,104.95,0.0,23.72,13.99
2011-08-28,486.89,65891.7,104.91,0.0,24.84,12.08
2011-08-29,455.78,65751.7,104.87,0.0,21.1,9.81
2011-08-30,432.64,65597.9,104.82,0.0,28.86,14.79
2011-08-31,476.02,65470.1,104.78,0.0,23.46,9.97
2011-09-01,521.62,65369.7,104.75,0.0,21.34,11.08
2011-09-02,602.98,65318.1,104.74,9.11,18.78,8.04
2011-09-03,587.99,65257.5,104.72,0.0,17.82,8.88
2011-09-04,627.92,65220.9,104.71,0.0,21.03,11.45
2011-09-05,630.55,65185.8,104.7,5.22,22.59,11.66
2011-09-06,946.93,65340.6,104.74,23.9,23.92,10.81
2011-09-07,825.77,65422.6,104.77,0.0,26.34,17.5
2011-09-08,711.78,65436.3,104.77,0.0,26.19,11.94
2011-09-09,709.91,65448.9,104.78,0.0,27.73,18.05
2011-09-10,644.54,65422.2,104.77,0.0,27.4,17.32
2011-09-11,619.75,65380.6,104.76,0.0,22.64,13.33
2011-09-12,507.75,65271.9,104.72,0.0,23.22,13.67
2011-09-13,553.23,65190.4,104.7,0.0,22.38,12.03
2011-09-14,516.51,65086.9,104.67,0.0,21.96,11.48
2011-09-15,447.93,64942.3,104.63,0.0,19.49,10.45
2011-09-16,474.39,64813.5,104.59,0.0,26.93,13.48
2011-09-17,547.7,64728.8,104.56,0.0,23.51,12.91
2011-09-18,565.67,64654.8,104.54,0.0,23.71,12.76
2011-09-19,570.06,64583.4,104.52,0.0,25.55,14.37
2011-09-20,442.87,64435.7,104.47,0.0,20.08,6.51
2011-09-21,405.51,64265.6,104.42,0.0,17.23,6.38
2011-09-22,406.62,64096.2,104.37,0.0,22.3,8.57
2011-09-23,462.2,63960.1,104.33,0.0,21.95,13.2
2011-09-24,457.99,63821.5,104.29,0.0,20.13,11.27
2011-09-25,492.92,63703.9,104.25,0.0,19.0,9.8
2011-09-26,505.24,63593.6,104.22,0.0,19.31,8.52
2011-09-27,625.42,63555.5,104.21,8.77,16.8,6.48
2011-09-28,554.83,63475.0,104.19,0.0,20.34,9.6
2011-09-29,516.93,63371.8,104.15,0.0,26.59,13.89
2011-09-30,676.21,63364.1,104.15,14.18,25.99,14.0
2011-10-01,585.54,63302.0,104.13,0.0,25.99,14.95
2011-10-02,534.86,63209.5,104.11,0.0,22.78,10.54
2011-10-03,485.38,63087.4,104.07,0.0,23.15,12.99
2011-10-04,438.05,62936.8,104.02,0.0,16.55,7.82
2011-10-05,355.74,62736.8,103.96,0.0,22.13,11.18
2011-10-06,307.91,62508.2,103.9,0.0,18.32,7.78
2011-10-07,282.9,62264.5,103.82,0.0,21.52,9.49
2011-10-08,323.59,62045.3,103.76,4.94,18.44,6.48
2011-10-09,376.39,61857.7,103.7,0.0,22.31,11.1
2011-10-10,381.13,61673.0,103.65,0.0,23.58,12.93
2011-10-11,400.06,61499.7,103.59,0.0,25.26,14.16
2011-10-12,418.5,61337.4,103.55,0.0,24.91,11.92
2011-10-13,404.86,61166.9,103.49,0.0,25.35,12.0
2011-10-14,394.29,60990.1,103.44,0.0,23.2,11.11
2011-10-15,438.84,60840.0,103.4,0.0,24.03,11.17
2011-10-16,423.91,60680.9,103.35,0.0,21.83,10.79
2011-10-17,419.85,60519.4,103.3,0.0,21.47,8.68
2011-10-18,423.94,60360.4,103.25,0.0,23.45,10.33
2011-10-19,518.59,60258.1,103.22,0.0,18.38,7.95
2011-10-20,677.04,60251.0,103.22,10.6,20.72,8.21
2011-10-21,609.64,60203.4,103.21,0.0,19.15,10.84
2011-10-22,568.12,60130.8,103.18,0.0,19.94,8.08
2011-10-23,701.06,60138.1,103.19,9.27,16.77,6.07
2011-10-24,648.29,60113.7,103.18,1.87,20.3,10.66
2011-10-25,583.05,60050.1,103.16,0.0,20.98,10.54
2011-10-26,557.45,59971.2,103.14,0.0,16.24,5.09
2011-10-27,499.26,59857.3,103.1,0.0,19.26,10.22
2011-10-28,517.94,59754.7,103.07,0.0,19.23,6.04
2011-10-29,419.71,59593.1,103.02,0.0,14.69,2.81
2011-10-30,421.92,59432.9,102.98,0.0,5.47,-1.67
2011-10-31,430.33,59277.7,102.93,0.0,8.78,-1.39
2011-11-01,513.4,59172.3,102.9,0.0,8.81,-2.25
2011-11-02,523.87,59073.2,102.87,0.0,16.32,0.98
2011-11-03,515.72,58969.3,102.84,4.46,14.95,3.43
2011-11-04,498.57,58855.0,102.8,0.0,13.56,4.37
2011-11-05,478.52,58728.7,102.77,0.0,4.59,-3.32
2011-11-06,455.9,58588.9,102.72,0.0,9.58,-2.31
2011-11-07,474.64,58460.3,102.68,0.0,11.36,1.1
2011-11-08,570.84,58389.4,102.66,1.43,10.56,-1.07
2011-11-09,498.7,58275.2,102.63,0.0,5.48,-5.63
2011-11-10,536.14,58183.5,102.6,0.53,13.88,3.28
2011-11-11,647.91,58158.9,102.59,0.0,15.82,2.55
2011-11-12,604.97,58108.4,102.58,0.0,10.05,1.04
2011-11-13,565.16,58034.1,102.56,0.0,10.89,0.23
2011-11-14,523.51,57934.8,102.53,0.0,9.74,-2.14
2011-11-15,509.52,57827.2,102.5,0.0,12.91,2.43
2011-11-16,523.23,57727.7,102.47,0.0,13.56,2.77
2011-11-17,493.46,57610.4,102.43,0.0,10.02,1.76
2011-11-18,451.43,57467.9,102.39,0.0,12.4,1.46
2011-11-19,515.31,57363.6,102.36,0.0,14.51,3.72
2011-11-20,538.8,57273.5,102.33,0.0,12.21,0.19
2011-11-21,545.99,57187.7,102.3,0.0,16.22,4.64
2011-11-22,595.91,57131.9,102.29,0.0,15.81,5.99
2011-11-23,556.25,57052.2,102.26,0.0,15.64,3.79
2011-11-24,609.38,57004.5,102.25,0.0,9.37,-1.84
2011-11-25,677.38,56997.5,102.25,0.0,10.62,0.18
2011-11-26,789.26,57057.6,102.26,0.0,8.73,-2.74
2011-11-27,796.3,57122.0,102.28,0.0,9.5,-0.45
2011-11-28,774.22,57173.2,102.3,0.0,10.09,0.19
2011-11-29,993.74,57356.0,102.35,10.54,13.24,2.78
2011-11-30,1025.66,57558.0,102.41,0.0,14.49,1.85
2011-12-01,931.55,57703.5,102.46,0.82,9.63,0.07
2011-12-02,947.03,57858.4,102.5,1.05,11.36,-0.2
2011-12-03,831.6,57943.9,102.53,0.0,3.73,-7.35
2011-12-04,709.1,57956.0,102.53,0.0,9.61,-1.7
2011-12-05,765.14,58001.7,102.55,0.0,6.29,-4.0
2011-12-06,844.1,58094.7,102.58,0.0,4.51,-6.56
2011-12-07,879.86,58209.3,102.61,0.0,9.44,-1.69
2011-12-08,917.83,58346.6,102.65,0.0,9.83,-0.32
2011-12-09,1020.67,58545.6,102.71,0.0,9.97,-1.88
2011-12-10,1048.35,58761.2,102.77,0.0,10.16,1.04
2011-12-11,1076.96,58994.0,102.84,0.0,12.34,0.37
2011-12-12,1102.97,59242.4,102.92,0.0,10.23,-0.13
2011-12-13,990.9,59423.5,102.97,6.44,8.88,-1.39
2011-12-14,945.12,59577.2,103.02,0.0,7.14,-4.16
2011-12-15,926.69,59719.8,103.06,0.0,3.95,-4.34
2011-12-16,806.28,59790.2,103.08,0.0,7.02,-5.73
2011-12-17,1015.93,59986.3,103.14,13.43,4.3,-5.84
2011-12-18,912.8,60120.6,103.18,0.0,6.85,-2.76
2011-12-19,941.55,60272.1,103.23,1.56,4.44,-5.42
2011-12-20,1328.52,60655.9,103.34,20.5,5.72,-3.83
2011-12-21,1135.31,60923.6,103.42,0.0,8.87,-1.35
2011-12-22,1072.08,61153.5,103.49,0.0,12.13,-0.65
2011-12-23,884.88,61271.0,103.53,0.0,10.91,-1.44
2011-12-24,979.4,61445.3,103.58,0.0,7.22,-3.77
2011-12-25,994.08,61628.3,103.63,0.0,12.02,-1.0
2011-12-26,1137.29,61897.3,103.71,6.12,10.8,-1.15
2011-12-27,1113.92,62152.3,103.79,0.0,11.79,1.19
2011-12-28,1061.09,62375.5,103.86,5.94,5.58,-5.47
2011-12-29,979.07,62549.6,103.91,0.0,4.14,-6.73
2011-12-30,849.16,62645.7,103.94,0.0,7.3,-5.45
2011-12-31,759.1,62687.7,103.95,0.0,12.13,4.04
2012-01-01,884.01,62804.7,103.99,0.0,12.48,-0.46
2012-01-02,980.32,62979.5,104.04,0.0,8.36,-0.69
2012-01-03,979.72,63154.0,104.09,0.0,7.5,-2.45
2012-01-04,886.72,63272.6,104.13,0.0,9.19,-3.13
2012-01-05,888.02,63392.0,104.16,0.0,11.17,-2.36
2012-01-06,786.37,63450.4,104.18,0.0,7.99,-4.85
2012-01-07,744.86,63484.0,104.19,0.0,5.33,-7.65
2012-01-08,625.16,63445.7,104.18,0.0,6.53,-4.0
2012-01-09,658.81,63427.6,104.17,0.0,2.82,-8.47
2012-01-10,647.47,63402.6,104.16,0.0,0.07,-11.94
2012-01-11,591.58,63344.2,104.15,0.35,0.92,-8.91
2012-01-12,952.03,63502.0,104.19,23.14,-0.93,-11.0
2012-01-13,886.23,63620.4,104.23,0.0,0.24,-11.71
2012-01-14,757.46,63661.4,104.24,0.0,3.24,-7.78
2012-01-15,812.22,63735.4,104.26,1.04,5.96,-5.36
2012-01-16,922.92,63875.7,104.31,0.0,2.13,-9.71
2012-01-17,934.9,64023.3,104.35,0.0,2.72,-7.7
2012-01-18,1217.18,64340.2,104.44,19.58,2.83,-7.0
2012-01-19,1744.35,64973.4,104.63,29.63,1.06,-9.11
2012-01-20,1572.3,65503.4,104.79,0.0,4.7,-6.5
2012-01-21,1677.33,66096.4,104.97,17.82,0.19,-8.38
2012-01-22,1572.15,66626.3,105.13,0.0,4.32,-7.71
2012-01-23,1961.74,67389.9,105.36,12.66,1.93,-8.98
2012-01-24,2275.71,68341.9,105.64,21.99,-0.73,-9.68
2012-01-25,2095.51,69185.9,105.9,0.0,1.17,-7.73
2012-01-26,1561.52,69709.4,106.05,0.0,0.5,-9.16
2012-01-27,1429.12,70153.5,106.18,1.09,3.64,-8.79
2012-01-28,1202.43,70461.5,106.28,0.0,2.31,-5.99
2012-01-29,1204.55,70770.8,106.37,1.83,2.28,-6.32
2012-01-30,1099.78,71017.3,106.44,0.0,1.58,-7.0
2012-01-31,1061.26,71240.7,106.51,0.0,8.7,-4.12
2012-02-01,1166.12,71527.0,106.6,0.0,4.71,-3.24
2012-02-02,1391.59,71948.5,106.72,7.06,8.49,-4.23
2012-02-03,1334.18,72335.6,106.84,0.0,9.2,-1.24
2012-02-04,1213.25,72650.2,106.93,0.0,4.79,-3.14
2012-02-05,1226.67,72972.8,107.03,0.0,11.23,-1.61
2012-02-06,1316.79,73349.5,107.14,3.12,11.06,-0.9
2012-02-07,1294.37,73712.7,107.25,0.0,8.98,-5.15
2012-02-08,1089.12,73952.8,107.32,0.0,5.53,-6.32
2012-02-09,1218.36,74270.4,107.42,0.0,9.57,-3.07
2012-02-10,1206.53,74580.9,107.51,0.0,-1.01,-9.38
2012-02-11,1040.72,74791.9,107.57,0.0,-0.03,-13.19
2012-02-12,984.2,74969.1,107.63,0.0,2.0,-11.34
2012-02-13,1043.63,75181.8,107.69,0.0,2.9,-6.85
2012-02-14,1032.74,75388.1,107.75,0.0,3.17,-6.19
2012-02-15,972.43,75558.2,107.8,0.0,0.52,-12.52
2012-02-16,1052.88,75776.5,107.87,0.12,2.58,-11.47
2012-02-17,1084.63,76013.9,107.94,2.47,-2.27,-11.12
2012-02-18,1074.38,76245.1,108.01,0.0,-2.02,-12.06
2012-02-19,1051.26,76462.5,108.07,0.0,2.12,-9.77
2012-02-20,1027.68,76665.7,108.13,0.0,-3.24,-14.67
2012-02-21,1011.45,76859.2,108.19,0.0,0.03,-10.79
2012-02-22,944.33,77012.4,108.24,0.0,3.83,-9.18
2012-02-23,1094.12,77255.4,108.31,0.0,8.52,-3.67
2012-02-24,1379.22,77669.6,108.43,6.37,9.45,-3.14
2012-02-25,1322.63,78049.7,108.55,0.0,8.37,-3.71
2012-02-26,1203.04,78358.2,108.64,1.84,6.56,-4.9
2012-02-27,1160.34,78641.0,108.73,0.0,8.4,-4.23
2012-02-28,1125.79,78903.1,108.8,0.0,6.19,-3.91
2012-02-29,1314.57,79278.4,108.92,3.55,6.46,-3.91
2012-03-01,1176.76,79571.1,109.0,0.0,6.79,-6.03
2012-03-02,1132.07,79836.9,109.08,0.0,11.29,-0.4
2012-03-03,1229.38,80161.1,109.18,0.0,6.92,-3.02
2012-03-04,1221.08,80480.4,109.28,0.0,6.38,-5.14
2012-03-05,1264.15,80825.5,109.38,0.0,10.45,-4.06
2012-03-06,1389.2,81245.6,109.51,2.61,12.83,-0.78
2012-03-07,1467.91,81713.0,109.64,0.0,10.62,-1.81
2012-03-08,1436.59,82161.5,109.78,0.0,13.22,0.52
2012-03-09,1381.91,82577.3,109.9,0.0,12.64,-1.82
2012-03-10,1562.73,83101.5,110.06,5.29,9.81,-0.63
2012-03-11,1653.49,83680.2,110.23,0.0,10.06,-2.49
2012-03-12,2072.61,84510.4,110.48,17.04,10.2,-1.39
2012-03-13,1852.26,85208.3,110.69,0.0,7.62,-1.8
2012-03-14,1547.01,85723.2,110.85,9.16,5.87,-6.82
2012-03-15,1450.14,86179.8,110.98,0.0,7.54,-4.15
2012-03-16,1444.71,86633.3,111.12,0.0,6.86,-6.43
2012-03-17,1356.8,87034.0,111.24,8.0,6.01,-4.16
2012-03-18,1305.39,87403.8,111.35,0.0,8.94,-1.72
2012-03-19,1249.15,87739.9,111.45,0.0,11.18,-0.59
2012-03-20,1260.44,88082.8,111.55,2.37,12.83,0.94
2012-03-21,1113.93,88337.7,111.63,0.0,7.9,-3.85
2012-03-22,1166.35,88624.1,111.71,7.14,10.93,2.18
2012-03-23,1143.69,88896.9,111.8,0.0,13.52,2.39
2012-03-24,1019.28,89095.1,111.85,0.0,9.39,-2.7
2012-03-25,1009.65,89287.5,111.91,4.12,15.59,2.76
2012-03-26,863.68,89392.3,111.94,0.0,13.21,2.69
2012-03-27,818.96,89470.3,111.97,0.0,9.78,-1.86
2012-03-28,808.97,89542.3,111.99,0.0,9.64,-3.11
2012-03-29,836.0,89630.5,112.01,2.83,10.52,0.39
2012-03-30,898.76,89756.4,112.05,8.38,8.93,-1.1
2012-03-31,706.47,89766.8,112.06,0.0,2.82,-8.15
2012-04-01,989.46,89947.1,112.11,18.42,2.66,-6.09
2012-04-02,1014.55,90142.4,112.17,3.46,10.03,0.04
2012-04-03,793.29,90205.0,112.19,0.3,11.92,-0.01
2012-04-04,778.72,90258.9,112.2,0.0,13.47,1.58
2012-04-05,808.81,90330.8,112.22,5.84,9.71,1.87
2012-04-06,800.8,90397.8,112.24,0.0,11.35,-1.14
2012-04-07,895.43,90521.7,112.28,0.0,16.96,5.98
2012-04-08,761.92,90565.5,112.29,0.0,14.38,3.54
2012-04-09,689.99,90566.1,112.29,0.0,17.42,4.38
2012-04-10,807.72,90637.3,112.32,0.0,18.59,8.86
2012-04-11,791.77,90699.0,112.33,0.0,20.47,8.96
2012-04-12,820.2,90777.7,112.36,0.0,21.06,10.02
2012-04-13,819.07,90855.7,112.38,0.3,15.91,5.3
2012-04-14,778.56,90909.5,112.4,0.0,19.58,5.82
2012-04-15,767.0,90956.3,112.41,0.0,16.09,6.26
2012-04-16,818.3,91033.9,112.43,1.77,20.17,9.32
2012-04-17,749.57,91070.2,112.45,0.0,19.68,7.18
2012-04-18,722.84,91090.5,112.45,0.0,22.72,8.37
2012-04-19,738.7,91120.3,112.46,0.13,17.35,9.42
2012-04-20,721.78,91140.0,112.47,0.0,18.05,7.94
2012-04-21,1098.49,91385.7,112.54,28.22,18.58,6.1
2012-04-22,840.0,91476.3,112.57,0.0,14.43,5.66
2012-04-23,752.14,91514.2,112.58,0.0,14.1,2.52
2012-04-24,603.24,91462.7,112.56,0.0,12.48,5.26
2012-04-25,535.34,91370.6,112.54,0.0,14.33,4.47
2012-04-26,635.58,91338.5,112.53,9.34,15.95,7.36
2012-04-27,542.45,91250.6,112.5,1.51,17.39,7.78
2012-04-28,597.95,91195.9,112.48,5.76,21.26,7.7
2012-04-29,521.5,91095.4,112.45,0.0,22.91,13.5
2012-04-30,486.59,90974.0,112.42,0.0,22.41,12.08
2012-05-01,471.81,90843.7,112.38,0.0,25.88,13.11
2012-05-02,444.52,90697.0,112.33,0.0,27.11,17.54
2012-05-03,416.05,90533.2,112.29,0.0,26.58,15.66
2012-05-04,421.14,90372.5,112.24,0.0,22.78,13.72
2012-05-05,419.62,90210.9,112.19,0.91,23.4,12.67
2012-05-06,461.75,90074.6,112.15,0.0,23.52,11.64
2012-05-07,443.17,89927.1,112.1,0.0,28.97,17.73
2012-05-08,465.73,89793.1,112.06,0.0,25.29,15.38
2012-05-09,444.43,89646.4,112.02,0.0,29.85,19.75
2012-05-10,449.23,89502.5,111.98,0.0,26.2,15.46
2012-05-11,523.28,89403.1,111.95,0.0,30.94,17.14
2012-05-12,612.07,89356.9,111.93,6.91,28.25,18.13
2012-05-13,589.29,89297.1,111.92,0.0,28.65,18.28
2012-05-14,589.04,89237.1,111.9,6.05,23.95,14.76
2012-05-15,644.07,89210.2,111.89,13.49,24.28,11.11
2012-05-16,659.84,89192.7,111.88,0.0,29.73,17.01
2012-05-17,556.46,89113.2,111.86,0.0,26.69,14.22
2012-05-18,539.41,89023.4,111.83,0.0,26.21,13.74
2012-05-19,514.97,88919.0,111.8,0.0,22.91,12.18
2012-05-20,466.73,88785.6,111.76,0.0,25.24,13.73
2012-05-21,454.35,88644.9,111.72,0.15,24.8,11.55
2012-05-22,451.08,88502.1,111.68,0.0,25.06,13.2
2012-05-23,449.64,88358.5,111.63,0.0,25.83,12.08
2012-05-24,585.85,88296.6,111.62,11.2,24.82,14.24
2012-05-25,539.88,88207.1,111.59,0.0,29.45,19.55
2012-05-26,497.07,88092.0,111.55,0.0,24.7,14.92
2012-05-27,433.33,87938.6,111.51,0.0,27.93,18.16
2012-05-28,465.61,87804.6,111.47,0.0,28.81,18.7
2012-05-29,408.88,87636.5,111.42,0.0,26.22,15.49
2012-05-30,411.61,87470.1,111.37,0.0,27.73,19.58
2012-05-31,464.4,87335.3,111.33,10.54,32.49,19.91
2012-06-01,466.75,87202.0,111.29,0.0,33.48,22.51
2012-06-02,450.97,87059.1,111.25,0.0,32.94,23.0
2012-06-03,465.91,86925.3,111.21,0.0,33.62,21.07
2012-06-04,451.39,86782.7,111.16,0.0,32.62,21.63
2012-06-05,409.09,86614.8,111.11,0.0,35.47,23.2
2012-06-06,669.14,86602.9,111.11,20.59,29.02,23.85
2012-06-07,666.11,86589.1,111.1,0.0,34.31,22.06
2012-06-08,558.68,86511.0,111.08,0.0,31.07,20.32
2012-06-09,531.9,86416.7,111.05,0.0,31.61,17.42
2012-06-10,517.36,86313.7,111.02,0.0,28.38,18.31
2012-06-11,446.83,86168.4,110.98,0.0,29.82,19.56
2012-06-12,491.25,86049.8,110.94,6.6,34.91,23.89
2012-06-13,443.73,85902.6,110.9,0.0,32.02,20.22
2012-06-14,502.95,85791.0,110.87,0.0,29.16,18.41
2012-06-15,494.21,85674.1,110.83,0.0,25.17,13.3
2012-06-16,466.22,85540.5,110.79,0.0,23.69,14.27
2012-06-17,483.1,85416.9,110.75,0.0,26.24,15.48
2012-06-18,699.83,85423.4,110.76,18.52,25.05,16.54
2012-06-19,690.55,85424.3,110.76,0.0,24.2,13.08
2012-06-20,637.22,85393.3,110.75,0.0,33.19,21.32
2012-06-21,655.91,85373.4,110.74,0.0,29.29,16.33
2012-06-22,657.93,85354.8,110.74,0.0,29.06,17.56
2012-06-23,581.77,85290.5,110.72,0.0,28.24,17.29
2012-06-24,571.24,85219.8,110.69,0.0,29.49,19.5
2012-06-25,672.74,85210.1,110.69,0.0,27.24,16.55
2012-06-26,766.39,85256.5,110.71,8.03,30.02,15.83
2012-06-27,710.16,85269.2,110.71,0.0,30.8,18.74
2012-06-28,664.62,85254.6,110.71,0.0,23.06,12.7
2012-06-29,643.54,85227.3,110.7,0.0,29.3,22.37
2012-06-30,577.82,85160.6,110.68,0.0,27.68,16.6
2012-07-01,603.19,85109.1,110.66,0.0,28.27,18.41
2012-07-02,584.32,85046.3,110.64,0.0,28.48,16.89
2012-07-03,561.92,84970.1,110.62,0.0,28.65,19.67
2012-07-04,503.68,84858.9,110.59,0.0,29.55,19.56
2012-07-05,529.02,84762.9,110.56,0.0,25.99,14.46
2012-07-06,577.56,84696.0,110.54,2.73,23.36,11.04
2012-07-07,533.6,84602.8,110.51,0.0,27.75,17.8
2012-07-08,560.51,84525.7,110.49,0.0,25.78,14.7
2012-07-09,518.69,84423.5,110.46,0.0,25.62,15.06
2012-07-10,575.41,84355.4,110.44,0.0,26.56,14.36
2012-07-11,585.59,84293.3,110.42,0.0,27.73,17.04
2012-07-12,594.31,84236.5,110.4,0.0,31.65,19.96
2012-07-13,618.3,84194.1,110.39,0.0,36.99,26.36
2012-07-14,680.2,84188.8,110.39,0.0,34.22,25.03
2012-07-15,635.99,84157.0,110.38,0.0,32.36,22.66
2012-07-16,642.91,84129.4,110.37,0.0,29.59,18.43
2012-07-17,589.96,84070.0,110.35,0.0,33.59,19.83
2012-07-18,569.16,83998.1,110.33,0.0,29.75,17.24
2012-07-19,532.91,83904.4,110.3,0.0,34.16,22.68
2012-07-20,577.75,83837.7,110.28,0.0,35.97,28.94
2012-07-21,574.29,83768.8,110.26,0.0,35.89,24.21
2012-07-22,588.98,83708.8,110.24,0.0,35.21,27.47
2012-07-23,663.35,83693.4,110.24,0.0,34.62,23.69
2012-07-24,668.1,83680.9,110.23,0.0,33.39,24.07
2012-07-25,634.82,83648.4,110.22,0.0,28.4,17.81
2012-07-26,597.14,83593.3,110.21,0.0,30.09,18.51
2012-07-27,577.09,83526.1,110.19,0.0,28.46,19.68
2012-07-28,537.57,83435.3,110.16,0.0,27.17,17.89
2012-07-29,474.14,83306.4,110.12,0.0,23.78,11.49
2012-07-30,502.47,83194.5,110.09,0.0,26.02,14.76
2012-07-31,487.96,83073.8,110.05,0.0,26.18,14.58
2012-08-01,503.74,82962.7,110.02,0.0,29.79,16.0
2012-08-02,497.1,82847.6,109.98,0.0,27.05,15.08
2012-08-03,539.3,82757.7,109.96,0.0,23.6,11.18
2012-08-04,568.92,82685.7,109.94,0.0,26.49,13.91
2012-08-05,571.85,82615.4,109.92,0.0,27.56,16.01
2012-08-06,519.41,82513.7,109.88,0.0,25.21,14.17
2012-08-07,586.42,82452.1,109.87,0.0,23.53,14.02
2012-08-08,488.47,82331.8,109.83,0.0,22.47,12.76
2012-08-09,468.63,82199.6,109.79,0.0,22.91,10.41
2012-08-10,523.88,82100.5,109.76,0.0,27.36,16.3
2012-08-11,546.21,82014.8,109.74,0.0,30.47,19.1
2012-08-12,550.15,81931.5,109.71,0.0,30.7,21.43
2012-08-13,520.33,81830.3,109.68,0.0,34.14,22.59
2012-08-14,521.55,81729.9,109.65,0.0,36.1,24.47
2012-08-15,546.14,81644.2,109.62,0.0,35.86,24.48
2012-08-16,585.98,81582.3,109.61,0.0,37.64,24.71
2012-08-17,592.2,81524.3,109.59,0.0,30.71,20.28
2012-08-18,673.21,81514.8,109.59,0.0,33.88,21.03
2012-08-19,598.26,81460.4,109.57,0.0,32.12,20.27
2012-08-20,572.35,81390.4,109.55,0.0,32.56,18.79
2012-08-21,585.95,81328.6,109.53,0.0,31.84,20.18
2012-08-22,559.21,81250.7,109.51,0.0,29.36,19.14
2012-08-23,550.23,81167.4,109.48,0.0,29.52,20.51
2012-08-24,518.79,81065.3,109.45,0.0,33.17,20.74
2012-08-25,536.07,80973.5,109.42,0.0,30.15,16.73
2012-08-26,478.22,80847.1,109.39,0.0,32.4,20.77
2012-08-27,472.81,80717.4,109.35,0.0,29.76,19.24
2012-08-28,430.8,80562.4,109.3,0.0,29.28,16.87
2012-08-29,452.31,80420.4,109.26,0.0,23.59,10.09
2012-08-30,522.52,80320.6,109.23,0.0,27.14,16.32
2012-08-31,595.58,80264.5,109.21,0.0,28.13,17.11
2012-09-01,654.24,80243.6,109.21,0.0,22.92,11.86
2012-09-02,662.99,80228.0,109.2,0.0,26.58,13.63
2012-09-03,630.54,80193.0,109.19,0.0,23.17,13.21
2012-09-04,675.48,80184.9,109.19,0.0,23.6,14.55
2012-09-05,646.48,80159.4,109.18,0.0,26.53,13.86
2012-09-06,636.47,80127.8,109.17,0.0,23.11,11.05
2012-09-07,548.13,80043.3,109.15,0.0,20.03,7.11
2012-09-08,546.65,79957.9,109.12,0.0,21.94,8.76
2012-09-09,508.8,79849.8,109.09,0.0,27.51,16.02
2012-09-10,537.38,79758.8,109.06,0.0,33.4,21.62
2012-09-11,506.24,79649.2,109.03,0.0,32.54,22.25
2012-09-12,520.27,79547.9,109.0,0.0,31.67,20.4
2012-09-13,434.03,79395.0,108.95,0.0,24.9,14.27
2012-09-14,419.48,79233.3,108.9,0.0,27.05,17.41
2012-09-15,392.71,79055.5,108.85,0.0,27.22,15.77
2012-09-16,454.1,78914.6,108.81,0.0,25.45,13.29
2012-09-17,450.56,78771.5,108.76,0.0,25.24,14.09
2012-09-18,457.55,78632.6,108.72,0.0,24.85,17.45
2012-09-19,436.81,78481.3,108.68,0.0,24.36,12.62
2012-09-20,448.37,78336.9,108.63,0.0,19.57,8.56
2012-09-21,597.56,78282.1,108.62,5.28,18.15,8.98
2012-09-22,545.91,78196.2,108.59,0.0,16.27,8.91
2012-09-23,512.85,78090.5,108.56,0.0,21.84,9.05
2012-09-24,512.42,77984.6,108.53,0.0,24.25,12.02
2012-09-25,456.25,77845.0,108.49,0.0,15.8,6.68
2012-09-26,512.29,77738.9,108.46,0.0,17.74,8.78
2012-09-27,518.37,77636.6,108.42,0.0,19.8,11.46
2012-09-28,561.75,77560.2,108.4,0.0,21.05,10.13
2012-09-29,498.84,77446.1,108.37,0.0,28.25,16.37
2012-09-30,515.81,77342.2,108.34,0.0,26.53,17.09
2012-10-01,569.22,77270.3,108.32,0.0,23.28,13.21
2012-10-02,596.11,77214.6,108.3,0.0,20.47,11.69
2012-10-03,622.18,77174.5,108.29,0.0,20.94,9.12
2012-10-04,528.66,77078.3,108.26,0.0,17.52,7.12
2012-10-05,523.09,76978.8,108.23,0.0,17.74,6.48
2012-10-06,585.2,76916.5,108.21,0.0,15.87,3.4
2012-10-07,654.22,76895.6,108.2,0.0,17.93,8.6
2012-10-08,615.25,76851.4,108.19,0.0,14.9,3.38
2012-10-09,590.88,76792.5,108.17,0.0,14.59,3.33
2012-10-10,600.09,76739.2,108.16,0.0,14.36,3.82
2012-10-11,609.39,76691.4,108.14,3.42,17.25,7.61
2012-10-12,608.99,76643.4,108.13,0.0,18.78,7.2
2012-10-13,633.25,76610.0,108.12,0.0,14.92,2.98
2012-10-14,634.92,76577.5,108.11,0.0,15.99,4.18
2012-10-15,653.15,76556.0,108.1,0.0,12.12,3.0
2012-10-16,666.2,76542.3,108.1,0.0,14.87,3.73
2012-10-17,633.42,76509.0,108.09,0.0,20.85,8.87
2012-10-18,625.58,76470.9,108.08,0.0,21.83,9.27
2012-10-19,616.08,76427.2,108.06,0.0,17.77,6.34
2012-10-20,581.41,76362.6,108.04,0.0,17.99,6.97
2012-10-21,565.99,76288.8,108.02,0.0,9.87,0.66
2012-10-22,532.38,76194.9,107.99,0.0,17.35,5.17
2012-10-23,540.46,76105.8,107.97,0.0,11.15,3.32
2012-10-24,553.03,76024.2,107.94,0.0,14.22,3.71
2012-10-25,516.35,75920.6,107.91,0.0,17.01,10.3
2012-10-26,453.04,75779.0,107.87,0.0,15.06,4.05
2012-10-27,443.98,75632.0,107.82,6.27,15.19,3.93
2012-10-28,464.3,75497.2,107.78,0.0,16.83,4.24
2012-10-29,570.09,75425.8,107.76,10.89,15.23,4.47
2012-10-30,507.75,75317.1,107.73,0.0,13.36,3.11
2012-10-31,536.06,75225.3,107.7,0.0,16.3,6.48
2012-11-01,536.57,75133.9,107.68,0.0,18.95,3.91
2012-11-02,545.39,75047.7,107.65,0.0,11.69,0.72
2012-11-03,490.01,74928.3,107.61,0.0,17.5,7.73
2012-11-04,435.96,74776.5,107.57,0.0,11.54,1.14
2012-11-05,436.56,74625.0,107.52,0.0,10.53,-1.59
2012-11-06,509.52,74517.4,107.49,6.08,8.04,-3.74
2012-11-07,467.69,74384.6,107.45,0.0,11.22,-1.14
2012-11-08,480.46,74259.5,107.41,0.0,11.71,2.2
2012-11-09,465.96,74125.6,107.37,0.0,9.62,-1.09
2012-11-10,512.17,74019.6,107.34,0.93,5.96,-3.8
2012-11-11,639.72,73990.0,107.33,11.92,6.14,-4.55
2012-11-12,607.8,73941.3,107.32,0.0,7.41,-3.41
2012-11-13,918.29,74078.9,107.36,21.43,6.02,-6.41
2012-11-14,729.05,74102.9,107.37,0.0,12.23,0.51
2012-11-15,605.14,74052.6,107.35,0.0,9.82,-3.02
2012-11-16,499.69,73939.0,107.32,0.0,10.87,1.61
2012-11-17,413.41,73773.6,107.27,0.0,10.73,1.12
2012-11-18,391.74,73595.3,107.22,0.0,12.92,1.15
2012-11-19,344.2,73388.4,107.15,0.0,8.87,-0.49
2012-11-20,338.55,73178.1,107.09,0.0,7.43,-3.66
2012-11-21,353.27,72976.7,107.03,0.0,6.01,-5.09
2012-11-22,343.77,72769.6,106.97,0.0,8.68,-3.04
2012-11-23,332.49,72555.7,106.9,0.0,7.09,-3.77
2012-11-24,346.02,72349.9,106.84,0.0,9.21,-2.87
2012-11-25,374.4,72161.1,106.79,0.0,5.54,-5.98
2012-11-26,349.19,71957.3,106.72,0.0,5.8,-5.81
2012-11-27,356.91,71758.0,106.67,0.0,-1.07,-12.04
2012-11-28,390.99,71579.2,106.61,0.0,7.88,-6.67
2012-11-29,347.49,71374.3,106.55,0.0,6.44,-7.03
2012-11-30,412.51,71208.4,106.5,2.99,-0.75,-8.43
2012-12-01,404.5,71037.7,106.45,0.0,7.54,-2.1
2012-12-02,436.46,70886.2,106.4,0.0,10.7,-3.89
2012-12-03,455.87,70746.3,106.36,0.51,8.17,-2.89
2012-12-04,460.98,70609.5,106.32,0.0,11.67,-1.86
2012-12-05,538.99,70519.5,106.29,2.5,11.78,-1.85
2012-12-06,595.37,70463.3,106.28,0.52,10.35,-0.08
2012-12-07,587.23,70402.3,106.26,0.0,5.57,-6.76
2012-12-08,617.3,70359.3,106.25,0.0,6.55,-6.01
2012-12-09,595.79,70303.4,106.23,0.0,6.95,-4.5
2012-12-10,553.24,70221.9,106.21,0.0,10.07,-4.23
2012-12-11,582.96,70158.3,106.19,0.0,6.95,-1.92
2012-12-12,566.97,70085.1,106.16,0.0,6.03,-5.67
2012-12-13,506.66,69975.7,106.13,0.0,9.84,-1.01
2012-12-14,537.99,69885.1,106.1,0.0,12.29,1.0
2012-12-15,715.43,69900.9,106.11,11.1,5.42,-5.89
2012-12-16,646.75,69875.6,106.1,1.44,2.83,-7.4
2012-12-17,661.98,69859.4,106.1,0.0,3.63,-7.95
2012-12-18,623.88,69820.3,106.09,0.0,6.6,-2.76
2012-12-19,561.99,69744.1,106.06,0.0,8.67,-0.96
2012-12-20,1267.82,70091.4,106.17,50.3,10.46,1.05
2012-12-21,1285.69,70449.4,106.27,0.0,6.2,-3.84
2012-12-22,1249.88,70785.9,106.37,15.34,6.07,-4.71
2012-12-23,1120.34,71044.8,106.45,9.1,11.8,-2.66
2012-12-24,1033.36,71251.4,106.51,3.36,10.55,-0.84
2012-12-25,917.23,71388.3,106.55,0.0,13.66,3.65
2012-12-26,851.97,71486.1,106.58,0.0,9.42,-0.63
2012-12-27,936.59,71634.7,106.63,8.53,6.49,-3.09
2012-12-28,848.25,71730.2,106.66,0.0,3.04,-9.47
2012-12-29,803.99,71799.2,106.68,0.83,4.87,-8.16
2012-12-30,765.37,71845.0,106.69,0.0,3.94,-4.14
2012-12-31,751.23,71882.4,106.7,1.6,6.1,-5.24
2013-01-01,939.78,72032.8,106.75,16.92,6.52,-4.31
2013-01-02,972.85,72203.2,106.8,17.14,4.78,-6.66
2013-01-03,827.67,72286.4,106.82,0.0,5.57,-5.42
2013-01-04,748.08,72321.8,106.83,0.82,8.88,-1.59
2013-01-05,770.67,72370.8,106.85,0.55,10.26,-1.72
2013-01-06,780.84,72425.9,106.87,0.0,10.66,-1.36
2013-01-07,690.8,72427.0,106.87,0.0,9.29,-3.52
2013-01-08,704.06,72436.1,106.87,0.0,9.82,-4.6
2013-01-09,1215.72,72752.1,106.96,31.77,4.35,-7.22
2013-01-10,962.02,72915.9,107.01,0.0,5.82,-5.87
2013-01-11,910.84,73049.0,107.05,0.0,6.61,-3.21
2013-01-12,862.78,73153.3,107.08,0.0,5.97,-4.97
2013-01-13,829.03,73237.3,107.11,0.0,7.59,-6.5
2013-01-14,829.3,73321.5,107.13,0.0,9.51,-1.06
2013-01-15,767.16,73368.4,107.15,0.0,8.3,-2.52
2013-01-16,1004.38,73557.6,107.2,14.35,8.2,-0.22
2013-01-17,1173.12,73848.1,107.29,19.73,9.7,-3.94
2013-01-18,1134.27,74115.3,107.37,0.0,8.77,-3.26
2013-01-19,901.8,74242.9,107.41,0.0,3.31,-8.83
2013-01-20,764.99,74288.5,107.42,0.0,6.6,-5.09
2013-01-21,680.87,74283.7,107.42,0.62,5.61,-4.27
2013-01-22,730.97,74308.9,107.43,0.0,6.9,-5.82
2013-01-23,815.14,74384.5,107.45,0.0,5.96,-3.94
2013-01-24,895.66,74508.5,107.49,0.0,3.16,-6.03
2013-01-25,1050.19,74725.3,107.55,1.66,5.67,-4.75
2013-01-26,1170.28,75014.0,107.64,8.39,6.17,-7.59
2013-01-27,1244.62,75347.4,107.74,0.0,3.96,-6.14
2013-01-28,1039.54,75557.7,107.8,0.0,-0.49,-10.9
2013-01-29,1057.18,75778.7,107.87,0.0,-1.98,-10.29
2013-01-30,954.67,75938.1,107.92,0.0,-0.62,-12.27
2013-01-31,812.59,76012.2,107.94,0.0,4.1,-6.52
2013-02-01,869.23,76120.4,107.97,0.0,5.13,-5.81
2013-02-02,750.42,76157.2,107.98,0.0,-0.46,-11.19
2013-02-03,968.67,76325.0,108.03,6.37,-2.61,-11.79
2013-02-04,878.24,76438.6,108.07,1.69,2.79,-5.78
2013-02-05,811.28,76511.9,108.09,0.0,6.61,-3.5
2013-02-06,793.01,76574.4,108.11,0.0,3.33,-9.87
2013-02-07,804.44,76643.6,108.13,0.0,3.8,-7.58
2013-02-08,874.21,76754.7,108.16,0.0,3.41,-6.64
2013-02-09,802.81,76823.0,108.18,0.0,3.37,-9.58
2013-02-10,741.49,76854.5,108.19,0.0,0.06,-8.47
2013-02-11,1112.14,77108.4,108.27,17.06,2.04,-10.78
2013-02-12,1020.06,77307.1,108.33,0.34,2.19,-9.93
2013-02-13,1034.09,77514.1,108.39,0.0,5.27,-6.63
2013-02-14,1050.47,77731.0,108.45,0.0,4.51,-6.12
2013-02-15,1004.92,77920.6,108.51,0.7,9.22,-2.85
2013-02-16,967.08,78087.4,108.56,0.0,10.17,-0.54
2013-02-17,1086.24,78325.8,108.63,2.63,9.57,-2.25
2013-02-18,997.05,78510.6,108.69,2.34,6.0,-3.73
2013-02-19,1126.48,78773.1,108.76,2.16,2.99,-6.6
2013-02-20,1065.81,78999.2,108.83,0.0,5.58,-5.63
2013-02-21,1051.52,79216.7,108.9,0.0,9.12,-2.53
2013-02-22,1161.23,79500.0,108.98,0.0,11.14,0.32
2013-02-23,1044.87,79713.6,109.05,0.0,7.93,0.08
2013-02-24,1079.22,79947.7,109.12,0.0,6.28,-3.78
2013-02-25,969.21,80115.8,109.17,1.5,3.27,-7.97
2013-02-26,1052.23,80333.8,109.23,0.0,3.72,-10.07
2013-02-27,1202.64,80642.0,109.32,0.0,-0.3,-10.63
2013-02-28,2044.58,81455.3,109.57,24.46,1.74,-8.09
2013-03-01,1580.77,81990.4,109.73,0.0,3.65,-7.36
2013-03-02,1382.78,82406.6,109.85,0.0,5.1,-3.59
2013-03-03,1337.46,82795.7,109.97,0.0,11.44,1.42
2013-03-04,1406.31,83226.1,110.1,0.0,9.09,-5.25
2013-03-05,1263.59,83570.9,110.2,0.0,5.28,-6.26
2013-03-06,1319.32,83949.1,110.31,0.0,1.45,-8.75
2013-03-07,1225.67,84271.1,110.41,0.0,0.81,-10.55
2013-03-08,1033.81,84478.0,110.47,0.0,3.04,-9.37
2013-03-09,1100.03,84724.6,110.55,0.0,5.59,-5.35
2013-03-10,1104.11,84973.7,110.62,0.0,9.56,-1.71
2013-03-11,1119.28,85231.8,110.7,2.31,13.13,2.57
2013-03-12,1054.5,85451.1,110.76,0.0,10.87,0.86
2013-03-13,1099.9,85697.7,110.84,0.0,7.32,-4.11
2013-03-14,1649.35,86273.9,111.01,14.69,8.23,-5.0
2013-03-15,1305.77,86644.0,111.12,3.67,10.75,-1.74
2013-03-16,1167.05,86930.8,111.21,0.0,13.95,2.07
2013-03-17,1149.79,87207.3,111.29,3.99,15.03,4.14
2013-03-18,1000.02,87393.9,111.35,0.0,10.16,-1.23
2013-03-19,871.33,87503.3,111.38,0.0,7.36,-1.58
2013-03-20,895.8,87627.4,111.42,0.0,12.55,-0.29
2013-03-21,1303.73,87996.2,111.53,28.54,10.93,0.38
2013-03-22,1615.07,88551.9,111.69,30.81,10.0,-1.83
2013-03-23,1435.46,88999.7,111.83,3.65,6.41,-3.04
2013-03-24,1451.51,89457.2,111.96,10.94,11.42,-0.33
2013-03-25,1087.32,89696.2,112.03,0.0,16.93,5.88
2013-03-26,1064.68,89921.7,112.1,2.1,12.5,3.2
2013-03-27,987.55,90100.8,112.16,0.0,16.31,3.83
2013-03-28,886.56,90219.3,112.19,0.09,14.64,4.15
2013-03-29,934.75,90366.8,112.24,6.27,17.3,5.38
2013-03-30,912.23,90500.7,112.28,3.43,14.16,2.04
2013-03-31,836.21,90589.1,112.3,0.77,13.79,2.07
2013-04-01,724.04,90610.1,112.31,0.0,11.66,3.97
2013-04-02,646.79,90584.8,112.3,0.0,12.01,0.38
2013-04-03,619.12,90542.8,112.29,0.0,16.52,6.52
2013-04-04,513.56,90437.6,112.26,0.0,19.61,7.33
2013-04-05,520.01,90336.2,112.23,0.0,17.74,10.75
2013-04-06,594.98,90279.8,112.21,0.0,17.39,7.53
2013-04-07,609.84,90232.3,112.19,0.0,15.39,1.84
2013-04-08,637.09,90201.1,112.19,0.0,12.46,4.61
2013-04-09,592.8,90143.4,112.17,0.0,10.89,1.03
2013-04-10,594.29,90086.6,112.15,3.09,20.38,7.95
2013-04-11,624.81,90048.1,112.14,0.0,17.8,8.01
2013-04-12,556.57,89968.6,112.12,0.0,19.34,9.11
2013-04-13,599.28,89914.8,112.1,0.0,21.24,10.12
2013-04-14,548.49,89830.5,112.07,0.0,20.98,7.8
2013-04-15,522.37,89730.5,112.04,0.14,20.11,7.13
2013-04-16,432.76,89576.8,112.0,0.0,16.74,5.68
2013-04-17,448.94,89432.8,111.96,0.0,15.66,7.65
2013-04-18,429.16,89276.9,111.91,0.0,19.22,6.81
2013-04-19,419.9,89115.4,111.86,0.0,18.21,5.49
2013-04-20,441.54,88966.9,111.82,0.0,18.07,7.86
2013-04-21,512.26,88860.9,111.78,0.0,15.86,4.39
2013-04-22,596.82,88805.6,111.77,10.01,19.85,9.69
2013-04-23,1121.25,89064.9,111.85,33.4,22.83,12.0
2013-04-24,1040.19,89275.7,111.91,0.0,28.35,14.72
2013-04-25,776.78,89328.3,111.92,0.0,22.69,10.23
2013-04-26,777.2,89381.3,111.94,0.0,19.68,8.47
2013-04-27,724.94,89402.8,111.95,0.0,14.43,2.84
2013-04-28,677.78,89396.1,111.94,0.0,14.83,1.23
2013-04-29,728.21,89419.6,111.95,2.79,16.44,3.82
2013-04-30,1008.99,89611.6,112.01,26.55,18.39,7.5
2013-05-01,761.99,89655.4,112.02,0.0,20.82,10.5
2013-05-02,705.38,89665.3,112.03,0.0,17.26,7.42
2013-05-03,577.43,89598.3,112.01,0.0,21.7,13.4
2013-05-04,635.75,89566.4,112.0,0.0,23.48,12.54
2013-05-05,688.25,89565.9,112.0,6.96,23.42,14.5
2013-05-06,579.04,89499.9,111.98,0.0,22.83,16.4
2013-05-07,522.62,89400.1,111.95,0.0,24.57,11.19
2013-05-08,458.48,89261.8,111.9,0.0,18.91,8.86
2013-05-09,485.66,89139.8,111.87,0.0,19.89,7.74
2013-05-10,472.93,89010.2,111.83,0.0,14.93,3.5
2013-05-11,429.86,88854.7,111.78,0.0,15.5,1.56
2013-05-12,427.76,88698.0,111.74,0.0,17.75,7.06
2013-05-13,429.92,88542.5,111.69,2.52,24.85,13.77
2013-05-14,501.42,88430.0,111.66,0.0,22.53,13.02
2013-05-15,515.04,88325.6,111.62,1.44,20.76,11.08
2013-05-16,612.65,88279.8,111.61,0.0,22.99,7.25
2013-05-17,617.61,88237.0,111.6,0.0,25.47,13.18
2013-05-18,773.49,88287.7,111.61,9.64,26.51,15.22
2013-05-19,768.66,88335.5,111.63,0.0,28.48,16.23
2013-05-20,696.81,88340.1,111.63,0.0,26.4,16.01
2013-05-21,591.82,88281.8,111.61,0.0,22.69,10.35
2013-05-22,550.97,88199.0,111.59,0.0,23.87,11.93
2013-05-23,542.61,88111.2,111.56,0.0,24.16,14.24
2013-05-24,612.31,88065.2,111.55,6.7,20.39,9.59
2013-05-25,538.43,87974.9,111.52,0.0,25.8,14.92
2013-05-26,522.28,87874.8,111.49,3.5,28.18,16.98
2013-05-27,544.51,87788.1,111.46,0.0,31.29,18.03
2013-05-28,553.58,87706.9,111.44,0.0,32.31,20.82
2013-05-29,565.52,87632.8,111.42,6.75,30.49,18.71
2013-05-30,758.37,87674.4,111.43,18.06,28.02,17.15
2013-05-31,748.28,87710.0,111.44,0.0,27.14,15.18
2013-06-01,730.07,87734.7,111.45,0.0,22.04,12.83
2013-06-02,706.31,87745.0,111.45,0.0,22.03,8.65
2013-06-03,734.47,87772.3,111.46,0.0,23.37,12.63
2013-06-04,661.38,87755.8,111.45,0.0,24.81,16.35
2013-06-05,692.71,87758.0,111.45,0.0,24.22,12.72
2013-06-06,699.89,87764.5,111.46,0.0,26.14,13.27
2013-06-07,673.7,87755.3,111.45,0.0,28.06,16.02
2013-06-08,684.04,87752.4,111.45,0.0,27.14,17.96
2013-06-09,668.39,87740.0,111.45,0.0,30.36,22.42
2013-06-10,625.47,87701.9,111.44,0.0,31.69,21.64
2013-06-11,682.75,87698.1,111.44,0.0,26.2,15.06
2013-06-12,736.79,87726.8,111.45,0.0,23.27,13.68
2013-06-13,728.9,87750.8,111.45,0.0,24.67,16.34
2013-06-14,593.29,87693.4,111.44,0.79,26.95,14.69
2013-06-15,601.5,87640.9,111.42,0.0,26.74,17.94
2013-06-16,665.96,87627.0,111.42,0.0,30.63,18.16
2013-06-17,771.91,87676.8,111.43,0.0,26.6,12.94
2013-06-18,797.53,87741.9,111.45,0.0,26.09,16.15
2013-06-19,712.97,87756.3,111.45,0.0,27.75,17.42
2013-06-20,714.08,87771.3,111.46,0.0,30.31,19.03
2013-06-21,688.93,87771.3,111.46,0.0,35.4,23.07
2013-06-22,570.75,87700.4,111.44,0.0,33.46,22.12
2013-06-23,592.12,87642.2,111.42,0.0,31.03,19.41
2013-06-24,565.85,87568.3,111.4,0.0,34.81,25.97
2013-06-25,511.8,87462.0,111.37,0.0,29.98,18.85
2013-06-26,529.5,87366.3,111.34,0.0,31.23,20.18
2013-06-27,586.81,87305.0,111.32,0.0,29.38,18.93
2013-06-28,625.11,87266.7,111.31,0.0,21.91,12.23
2013-06-29,612.33,87220.7,111.29,0.0,28.66,19.12
2013-06-30,523.04,87121.1,111.26,0.0,28.08,17.41
2013-07-01,495.92,87005.3,111.23,0.0,30.36,18.62
2013-07-02,518.98,86903.3,111.2,0.0,27.39,14.48
2013-07-03,515.8,86799.4,111.17,0.0,28.05,16.78
2013-07-04,496.14,86683.6,111.13,0.0,26.9,18.38
2013-07-05,535.48,86591.5,111.11,0.0,31.14,18.12
2013-07-06,611.41,86545.0,111.09,0.0,34.72,24.79
2013-07-07,537.12,86453.9,111.06,0.0,34.16,21.53
2013-07-08,539.02,86363.9,111.04,0.0,31.89,19.83
2013-07-09,630.77,86328.9,111.03,0.0,32.19,23.07
2013-07-10,616.26,86285.3,111.01,0.0,29.88,19.66
2013-07-11,662.65,86269.5,111.01,0.0,26.71,18.15
2013-07-12,595.74,86213.5,110.99,0.0,28.26,15.37
2013-07-13,610.63,86166.5,110.98,0.0,29.12,16.93
2013-07-14,623.64,86127.3,110.97,0.0,33.3,22.3
2013-07-15,610.11,86080.0,110.95,0.0,32.9,19.85
2013-07-16,652.98,86058.4,110.95,0.0,25.08,15.01
2013-07-17,640.47,86029.3,110.94,0.0,31.72,19.78
2013-07-18,702.55,86037.4,110.94,0.0,29.47,18.58
2013-07-19,743.06,86069.8,110.95,0.0,31.45,20.46
2013-07-20,693.18,86072.4,110.95,0.0,37.57,23.96
2013-07-21,689.49,86072.7,110.95,0.0,39.03,26.24
2013-07-22,705.0,86082.3,110.95,0.0,35.15,24.03
2013-07-23,662.24,86066.2,110.95,0.0,30.5,19.47
2013-07-24,624.9,86027.8,110.94,0.0,32.56,19.72
2013-07-25,676.61,86020.3,110.93,0.0,32.82,20.0
2013-07-26,607.28,85971.3,110.92,0.0,31.51,19.34
2013-07-27,604.44,85920.6,110.9,0.0,32.98,22.68
2013-07-28,672.84,85910.9,110.9,0.0,32.09,21.87
2013-07-29,653.52,85889.6,110.9,0.0,34.17,25.01
2013-07-30,596.69,85834.2,110.88,0.0,29.34,19.24
2013-07-31,836.22,85922.5,110.9,5.39,32.42,23.91
2013-08-01,722.7,85942.8,110.91,0.0,30.07,19.39
2013-08-02,678.14,85936.2,110.91,0.0,29.82,17.97
2013-08-03,653.69,85915.1,110.9,0.0,27.28,16.03
2013-08-04,601.19,85862.4,110.89,0.0,31.28,18.75
2013-08-05,586.09,85800.6,110.87,1.72,32.51,19.48
2013-08-06,502.27,85688.6,110.83,1.16,30.77,20.66
2013-08-07,436.7,85537.2,110.79,0.0,34.21,25.11
2013-08-08,466.53,85403.7,110.75,0.0,34.45,23.86
2013-08-09,476.71,85276.4,110.71,0.0,37.47,25.6
2013-08-10,529.94,85180.9,110.68,0.0,37.05,26.46
2013-08-11,496.32,85065.3,110.65,0.0,41.45,27.42
2013-08-12,546.98,84980.1,110.62,0.0,36.98,25.92
2013-08-13,536.42,84888.6,110.6,0.0,34.07,21.17
2013-08-14,517.24,84785.5,110.56,0.0,36.44,24.97
2013-08-15,474.91,84657.1,110.53,0.0,35.84,23.85
2013-08-16,462.55,84521.2,110.49,0.0,31.26,21.89
2013-08-17,455.08,84380.9,110.44,0.0,32.15,21.55
2013-08-18,514.87,84276.4,110.41,11.26,35.8,22.96
2013-08-19,471.51,84145.9,110.37,0.0,41.25,29.81
2013-08-20,473.85,84016.8,110.33,0.0,34.92,24.98
2013-08-21,528.36,83920.4,110.31,0.0,40.93,28.34
2013-08-22,601.21,83867.7,110.29,0.0,31.54,21.41
2013-08-23,548.29,83783.3,110.26,0.0,29.01,18.08
2013-08-24,529.67,83687.7,110.24,0.0,32.62,20.71
2013-08-25,551.03,83605.0,110.21,0.0,30.02,22.06
2013-08-26,495.41,83488.8,110.18,0.0,35.16,21.7
2013-08-27,481.9,83364.6,110.14,0.0,30.68,21.08
2013-08-28,462.7,83228.8,110.1,0.0,29.13,18.82
2013-08-29,503.5,83117.5,110.07,0.0,24.9,14.25
2013-08-30,425.97,82959.7,110.02,0.0,29.32,17.8
2013-08-31,431.07,82804.9,109.97,0.0,26.16,15.53
2013-09-01,451.94,82662.7,109.93,0.0,19.56,12.67
2013-09-02,402.0,82490.5,109.88,0.0,26.98,15.86
2013-09-03,435.21,82338.2,109.83,0.0,28.22,16.1
2013-09-04,422.24,82178.2,109.78,0.0,29.64,16.61
2013-09-05,461.45,82041.6,109.74,0.0,30.23,18.51
2013-09-06,456.24,81902.0,109.7,0.0,27.74,15.91
2013-09-07,796.23,81966.3,109.72,30.3,29.38,17.95
2013-09-08,652.07,81944.2,109.71,0.0,28.32,19.46
2013-09-09,558.59,81865.9,109.69,0.0,30.19,22.37
2013-09-10,588.22,81805.5,109.67,0.0,27.89,17.73
2013-09-11,619.29,81763.6,109.66,0.0,27.47,15.64
2013-09-12,585.05,81701.3,109.64,0.0,29.66,16.69
2013-09-13,619.31,81659.5,109.63,0.0,29.37,14.79
2013-09-14,601.23,81606.8,109.61,0.0,23.66,13.26
2013-09-15,591.18,81548.1,109.6,0.0,19.09,12.5
2013-09-16,564.36,81473.3,109.57,0.0,24.95,12.47
2013-09-17,704.39,81482.6,109.58,8.59,25.99,14.22
2013-09-18,714.13,81497.7,109.58,0.0,24.84,16.38
2013-09-19,672.05,81487.5,109.58,0.0,24.02,9.3
2013-09-20,755.61,81527.5,109.59,0.0,24.4,12.03
2013-09-21,780.49,81582.4,109.61,0.0,28.4,15.96
2013-09-22,703.64,81591.1,109.61,0.0,25.78,14.58
2013-09-23,767.09,81638.0,109.62,0.0,26.74,14.93
2013-09-24,642.04,81609.8,109.61,0.0,22.02,11.26
2013-09-25,681.55,81605.4,109.61,0.0,24.56,13.3
2013-09-26,685.58,81603.3,109.61,0.0,18.14,8.65
2013-09-27,758.29,81644.9,109.62,0.0,16.83,7.83
2013-09-28,828.24,81728.4,109.65,0.0,14.94,6.49
2013-09-29,843.17,81821.0,109.68,0.0,16.61,7.01
2013-09-30,756.8,81861.6,109.69,0.0,18.19,4.62
2013-10-01,734.53,81889.0,109.7,0.0,19.0,9.91
2013-10-02,678.89,81882.9,109.7,0.0,19.9,8.67
2013-10-03,646.09,81857.2,109.69,0.0,20.46,9.04
2013-10-04,615.21,81812.9,109.67,0.0,19.36,8.79
2013-10-05,615.75,81768.9,109.66,0.0,20.45,7.1
2013-10-06,531.12,81674.2,109.63,0.0,16.76,8.07
2013-10-07,534.25,81581.4,109.61,0.0,16.33,2.23
2013-10-08,597.48,81526.5,109.59,0.0,11.6,0.47
2013-10-09,657.97,81507.8,109.58,0.0,14.2,4.8
2013-10-10,690.5,81508.8,109.58,0.0,13.07,4.11
2013-10-11,733.41,81535.4,109.59,0.0,13.45,3.09
2013-10-12,793.98,81598.4,109.61,11.16,20.64,9.92
2013-10-13,617.78,81555.7,109.6,0.0,19.29,12.24
2013-10-14,625.64,81517.7,109.59,0.0,21.67,8.1
2013-10-15,566.75,81444.3,109.56,0.0,21.07,8.6
2013-10-16,585.11,81382.0,109.55,0.0,20.97,10.29
2013-10-17,591.99,81323.8,109.53,0.0,16.49,0.48
2013-10-18,674.72,81315.2,109.53,0.0,17.19,6.88
2013-10-19,646.43,81289.7,109.52,0.0,16.87,4.41
2013-10-20,518.5,81187.4,109.49,0.0,11.76,1.92
2013-10-21,567.4,81114.4,109.47,0.0,14.08,0.81
2013-10-22,515.8,81010.5,109.43,0.0,16.93,5.59
2013-10-23,502.64,80898.7,109.4,0.0,15.57,4.62
2013-10-24,506.79,80789.4,109.37,0.0,14.47,2.6
2013-10-25,818.75,80867.2,109.39,26.27,10.1,2.61
2013-10-26,690.44,80868.1,109.39,0.0,11.03,-0.4
2013-10-27,671.68,80857.7,109.39,0.0,11.8,-0.25
2013-10-28,683.49,80854.4,109.39,6.58,13.24,3.92
2013-10-29,540.19,80765.1,109.36,0.0,11.32,-2.53
2013-10-30,540.54,80676.0,109.33,3.35,11.26,-0.42
2013-10-31,595.96,80620.2,109.32,5.37,15.43,3.95
2013-11-01,645.11,80593.9,109.31,0.0,11.86,-2.25
2013-11-02,592.38,80535.9,109.29,0.0,11.07,-0.01
2013-11-03,630.92,80501.1,109.28,0.0,18.66,6.53
2013-11-04,661.1,80484.3,109.28,0.0,16.15,7.76
2013-11-05,753.46,80523.0,109.29,0.0,14.97,4.13
2013-11-06,810.48,80595.9,109.31,0.0,14.22,5.17
2013-11-07,953.53,80754.6,109.36,10.76,12.81,0.51
2013-11-08,928.21,80898.2,109.4,0.0,8.81,-0.75
2013-11-09,860.01,81000.8,109.43,0.11,10.76,0.47
2013-11-10,742.31,81032.8,109.44,0.42,13.81,4.07
2013-11-11,775.36,81084.6,109.46,0.0,14.92,2.11
2013-11-12,681.99,81080.4,109.46,0.0,13.2,0.98
2013-11-13,872.49,81190.5,109.49,8.82,17.15,6.31
2013-11-14,786.07,81248.7,109.51,0.0,13.77,3.2
2013-11-15,591.86,81190.4,109.49,0.0,9.92,-0.81
2013-11-16,573.38,81121.1,109.47,7.81,11.27,-1.61
2013-11-17,584.96,81058.7,109.45,0.0,-0.18,-12.5
2013-11-18,596.71,81003.3,109.43,0.0,0.82,-10.27
2013-11-19,581.04,80938.5,109.41,0.62,6.51,-7.56
2013-11-20,597.6,80883.7,109.4,0.0,-0.85,-11.4
2013-11-21,555.05,80803.3,109.37,0.38,0.91,-10.85
2013-11-22,569.91,80731.9,109.35,0.0,6.03,-8.45
2013-11-23,531.46,80637.3,109.32,1.95,3.56,-7.1
2013-11-24,502.75,80525.6,109.29,0.0,1.44,-7.73
2013-11-25,579.46,80459.9,109.27,0.0,6.83,-3.33
2013-11-26,583.82,80396.8,109.25,0.0,12.46,1.07
2013-11-27,672.43,80386.8,109.25,0.0,13.45,3.56
2013-11-28,695.93,80391.0,109.25,0.0,13.63,2.4
2013-11-29,641.19,80362.3,109.24,0.0,15.85,4.76
2013-11-30,905.81,80492.4,109.28,18.0,15.0,3.01
2013-12-01,764.91,80538.0,109.29,0.0,13.91,2.72
2013-12-02,604.86,80487.5,109.28,2.82,10.41,-1.63
2013-12-03,535.27,80395.2,109.25,0.0,7.78,-1.72
2013-12-04,468.87,80263.2,109.21,0.0,11.83,-0.64
2013-12-05,423.87,80104.1,109.16,0.0,14.23,4.84
2013-12-06,404.76,79933.5,109.11,0.0,14.4,2.53
2013-12-07,381.9,79749.3,109.06,0.0,8.94,-0.11
2013-12-08,427.06,79592.1,109.01,0.0,5.9,-7.87
2013-12-09,474.41,79463.4,108.97,2.42,5.53,-3.8
2013-12-10,476.63,79336.0,108.93,0.0,10.93,-3.6
2013-12-11,449.48,79192.3,108.89,0.0,6.6,-2.26
2013-12-12,512.2,79086.2,108.86,0.0,7.28,-5.58
2013-12-13,509.8,78978.7,108.83,0.0,0.8,-10.27
2013-12-14,489.11,78858.7,108.79,1.57,1.0,-8.26
2013-12-15,494.49,78742.0,108.76,0.0,1.76,-7.95
2013-12-16,526.81,78644.7,108.73,0.0,1.3,-12.44
2013-12-17,569.39,78573.0,108.71,0.0,1.4,-12.11
2013-12-18,676.47,78565.4,108.7,0.0,0.96,-10.3
2013-12-19,611.12,78518.7,108.69,0.0,6.15,-4.4
2013-12-20,574.45,78450.0,108.67,0.0,5.56,-6.14
2013-12-21,665.34,78435.8,108.66,0.0,5.71,-4.74
2013-12-22,698.47,78441.5,108.67,0.0,7.82,-4.42
2013-12-23,603.64,78390.3,108.65,0.0,7.45,-4.7
2013-12-24,614.59,78345.6,108.64,0.0,5.04,-5.53
2013-12-25,613.21,78300.2,108.62,0.0,10.58,-0.83
2013-12-26,680.24,78294.9,108.62,0.0,9.08,-1.43
2013-12-27,744.9,78328.4,108.63,0.0,3.99,-4.88
2013-12-28,815.67,78404.4,108.65,5.94,3.67,-7.19
2013-12-29,882.08,78520.3,108.69,0.0,6.69,-4.67
2013-12-30,1310.41,78893.1,108.8,23.95,8.59,-1.72
2013-12-31,1321.58,79272.7,108.91,2.31,11.46,-2.87
2014-01-01,1271.78,79622.4,109.02,0.0,6.61,-4.67
2014-01-02,1101.51,79869.9,109.09,0.0,9.2,-0.99
2014-01-03,988.79,80049.8,109.15,0.0,13.08,3.17
2014-01-04,938.46,80199.4,109.19,0.0,9.68,-1.67
2014-01-05,1219.74,80517.9,109.29,11.88,4.86,-3.84
2014-01-06,1134.67,80785.3,109.37,0.0,5.96,-4.35
2014-01-07,913.3,80919.9,109.41,0.0,8.02,-2.5
2014-01-08,826.07,81002.1,109.43,0.0,3.74,-8.74
2014-01-09,780.66,81057.1,109.45,0.0,2.85,-7.96
2014-01-10,797.35,81122.1,109.47,0.0,4.29,-6.22
2014-01-11,749.27,81158.3,109.48,0.0,4.3,-6.21
2014-01-12,1052.76,81376.6,109.54,21.95,2.04,-9.47
2014-01-13,937.94,81525.9,109.59,6.15,3.66,-6.44
2014-01-14,956.19,81686.2,109.64,0.0,3.8,-6.09
2014-01-15,981.9,81862.0,109.69,6.36,6.44,-3.5
2014-01-16,880.48,81976.9,109.72,0.0,2.8,-7.66
2014-01-17,635.96,81945.1,109.71,0.01,2.8,-8.08
2014-01-18,569.99,81873.7,109.69,0.0,1.09,-9.32
2014-01-19,500.3,81760.4,109.66,0.0,2.39,-12.0
2014-01-20,677.85,81753.8,109.66,20.43,5.89,-8.77
2014-01-21,655.64,81733.7,109.65,0.0,4.13,-4.51
2014-01-22,609.75,81686.2,109.64,0.0,-0.87,-12.14
2014-01-23,583.1,81622.7,109.62,0.0,-0.34,-12.37
2014-01-24,501.06,81509.9,109.58,0.0,-2.47,-12.39
2014-01-25,458.93,81371.9,109.54,2.01,-3.57,-12.66
2014-01-26,502.99,81260.3,109.51,0.0,5.34,-6.88
2014-01-27,479.9,81134.8,109.47,0.0,-2.78,-13.29
2014-01-28,624.88,81096.3,109.46,0.0,5.87,-6.01
2014-01-29,596.11,81040.6,109.44,0.0,4.11,-6.29
2014-01-30,733.66,81067.4,109.45,8.06,1.95,-5.93
2014-01-31,779.76,81121.9,109.47,14.04,-0.83,-14.9
2014-02-01,735.79,81149.9,109.48,0.0,-2.21,-9.54
2014-02-02,718.16,81167.4,109.48,2.2,1.83,-8.46
2014-02-03,677.49,81160.5,109.48,0.0,0.79,-8.65
2014-02-04,645.3,81134.3,109.47,1.4,3.84,-8.27
2014-02-05,652.06,81112.2,109.47,0.0,4.46,-7.53
2014-02-06,769.32,81160.4,109.48,0.0,8.34,-6.33
2014-02-07,689.02,81160.4,109.48,0.0,7.08,-8.72
2014-02-08,607.69,81111.6,109.46,0.0,5.4,-8.51
2014-02-09,540.24,81022.3,109.44,0.0,3.53,-6.22
2014-02-10,592.44,80964.4,109.42,0.0,3.9,-6.4
2014-02-11,509.17,80856.5,109.39,0.39,5.68,-6.15
2014-02-12,536.37,80764.9,109.36,0.0,3.37,-8.37
2014-02-13,550.32,80681.7,109.34,4.76,5.4,-6.02
2014-02-14,892.73,80804.0,109.37,30.46,-3.28,-11.07
2014-02-15,873.8,80914.9,109.41,0.0,3.38,-6.34
2014-02-16,972.85,81085.2,109.46,0.0,4.87,-4.47
2014-02-17,901.19,81212.5,109.5,0.0,5.79,-3.79
2014-02-18,873.84,81323.4,109.53,4.02,4.25,-7.75
2014-02-19,916.54,81459.9,109.57,0.0,3.29,-8.55
2014-02-20,1122.79,81720.2,109.65,9.13,4.3,-6.63
2014-02-21,1027.5,81923.3,109.71,7.7,8.21,-3.31
2014-02-22,974.73,82094.7,109.76,0.0,2.57,-3.54
2014-02-23,885.11,82212.4,109.79,0.0,6.06,-7.66
2014-02-24,1045.21,82426.1,109.86,0.0,8.68,-0.47
2014-02-25,1099.73,82672.6,109.93,2.92,9.64,0.04
2014-02-26,1881.48,83388.1,110.15,48.43,7.94,-4.26
2014-02-27,2636.48,84556.6,110.5,53.02,4.7,-6.59
2014-02-28,2193.19,85459.1,110.77,3.28,7.03,-3.01
2014-03-01,2022.85,86259.4,111.01,0.0,4.01,-6.4
2014-03-02,2046.2,87073.7,111.25,4.25,9.33,-0.59
2014-03-03,1952.09,87831.6,111.48,0.0,8.07,-0.41
2014-03-04,1683.57,88428.3,111.66,0.0,10.59,2.66
2014-03-05,1640.37,88999.2,111.83,0.0,12.43,2.4
2014-03-06,1385.58,89417.1,111.95,0.0,14.14,4.68
2014-03-07,1147.72,89692.3,112.03,0.0,11.81,2.39
2014-03-08,1108.42,89944.0,112.11,0.0,15.95,2.46
2014-03-09,1204.17,90253.1,112.2,10.65,15.77,5.5
2014-03-10,1050.22,90469.8,112.27,0.0,9.78,-3.13
2014-03-11,957.58,90631.0,112.31,0.7,10.36,-1.56
2014-03-12,1857.29,91332.0,112.52,50.84,11.58,-0.59
2014-03-13,1624.58,91893.3,112.69,0.0,6.03,-2.13
2014-03-14,1309.35,92265.5,112.8,0.0,7.7,-6.82
2014-03-15,1087.88,92504.9,112.88,0.0,6.02,-3.85
2014-03-16,1021.86,92704.6,112.94,0.0,10.59,-2.02
2014-03-17,871.24,92813.9,112.97,0.0,9.98,-1.43
2014-03-18,723.92,92834.9,112.97,0.0,10.92,0.85
2014-03-19,833.7,92921.7,113.0,13.95,9.53,2.64
2014-03-20,680.38,92916.5,113.0,0.0,15.21,4.67
2014-03-21,581.23,92851.9,112.98,0.0,14.02,3.28
2014-03-22,562.81,92776.2,112.96,0.0,17.46,2.83
2014-03-23,556.56,92696.7,112.93,0.0,14.51,2.65
2014-03-24,556.65,92617.3,112.91,0.0,12.26,2.39
2014-03-25,503.39,92506.0,112.88,0.0,15.05,0.75
2014-03-26,612.83,92460.3,112.86,0.0,12.98,1.14
2014-03-27,610.24,92413.0,112.85,0.0,14.46,3.24
2014-03-28,595.31,92356.8,112.83,3.38,11.03,1.78
2014-03-29,701.2,92364.1,112.83,7.82,13.28,2.1
2014-03-30,1000.53,92551.0,112.89,14.6,11.44,2.92
2014-03-31,803.87,92620.0,112.91,0.0,17.89,6.93
2014-04-01,708.69,92631.8,112.91,0.0,21.09,9.27
2014-04-02,649.73,92608.2,112.91,0.0,18.56,8.32
2014-04-03,781.35,92663.6,112.92,13.88,21.9,10.95
2014-04-04,728.1,92687.1,112.93,0.0,25.44,14.5
2014-04-05,626.83,92649.8,112.92,0.0,23.94,12.45
2014-04-06,652.56,92627.9,112.91,0.0,17.25,7.03
2014-04-07,570.01,92556.5,112.89,1.86,16.75,5.56
2014-04-08,582.87,92492.9,112.87,2.94,19.68,9.82
2014-04-09,559.66,92415.3,112.85,0.0,17.23,7.37
2014-04-10,528.38,92318.9,112.82,0.0,23.81,14.17
2014-04-11,490.82,92200.0,112.78,0.01,22.55,11.92
2014-04-12,523.33,92100.6,112.75,0.0,16.86,8.33
2014-04-13,526.8,92003.3,112.73,6.82,16.12,5.47
2014-04-14,520.89,91902.4,112.69,0.0,17.63,7.56
2014-04-15,487.61,91781.6,112.66,0.0,22.06,13.18
2014-04-16,450.5,91638.5,112.62,0.0,23.97,12.7
2014-04-17,433.07,91484.9,112.57,0.0,17.34,7.68
2014-04-18,434.02,91332.0,112.52,0.0,14.88,6.16
2014-04-19,420.51,91170.9,112.48,0.0,18.4,5.99
2014-04-20,511.36,91064.3,112.44,0.0,19.27,7.33
2014-04-21,739.66,91094.7,112.45,13.27,15.23,4.72
2014-04-22,728.83,91118.6,112.46,0.0,15.72,2.87
2014-04-23,773.97,91169.6,112.48,8.54,13.33,4.96
2014-04-24,719.28,91187.7,112.48,0.67,15.66,6.76
2014-04-25,681.83,91183.4,112.48,0.0,16.3,4.52
2014-04-26,604.22,91132.6,112.46,0.0,19.67,7.39
2014-04-27,642.14,91104.5,112.46,3.74,18.63,8.03
2014-04-28,626.92,91067.2,112.44,3.2,21.51,9.68
2014-04-29,693.15,91069.7,112.45,0.0,23.25,9.18
2014-04-30,962.71,91233.9,112.49,25.17,27.34,15.25
2014-05-01,840.29,91324.7,112.52,0.0,28.24,15.68
2014-05-02,826.1,91407.0,112.55,0.0,28.49,17.79
2014-05-03,712.81,91421.3,112.55,0.0,23.97,12.78
2014-05-04,595.73,91365.3,112.53,0.0,26.08,14.91
2014-05-05,558.63,91287.1,112.51,0.0,25.77,15.1
2014-05-06,516.46,91183.6,112.48,0.0,27.9,16.31
2014-05-07,474.45,91054.8,112.44,0.0,27.01,16.88
2014-05-08,500.09,90941.5,112.41,0.0,21.45,9.9
2014-05-09,551.93,90859.3,112.38,3.2,26.59,15.17
2014-05-10,597.88,90804.6,112.37,6.09,27.73,13.89
2014-05-11,543.62,90717.4,112.34,0.0,21.24,10.4
2014-05-12,542.98,90629.8,112.31,0.0,21.28,7.6
2014-05-13,484.25,90506.9,112.28,0.0,23.0,11.14
2014-05-14,456.33,90367.3,112.24,0.0,27.7,15.71
2014-05-15,425.5,90209.2,112.19,0.0,28.05,14.26
2014-05-16,395.76,90033.3,112.14,0.0,21.32,12.99
2014-05-17,551.35,89950.7,112.11,11.72,26.3,15.33
2014-05-18,606.07,89900.9,112.1,0.0,25.36,16.89
2014-05-19,622.36,89861.0,112.08,2.15,28.27,16.6
2014-05-20,581.15,89796.2,112.06,0.0,32.12,18.89
2014-05-21,625.08,89757.9,112.05,0.0,29.03,16.83
2014-05-22,629.42,89722.1,112.04,0.0,26.79,13.35
2014-05-23,625.73,89684.2,112.03,0.0,27.64,18.23
2014-05-24,620.87,89643.3,112.02,0.0,27.87,16.59
2014-05-25,636.8,89612.0,112.01,0.0,25.3,14.82
2014-05-26,779.78,89666.5,112.03,3.99,26.84,15.54
2014-05-27,665.17,89652.2,112.02,0.0,21.6,13.47
2014-05-28,675.94,89644.3,112.02,0.0,26.81,15.68
2014-05-29,635.96,89612.5,112.01,0.0,29.15,18.92
2014-05-30,632.12,89578.4,112.0,0.0,31.11,20.09
2014-05-31,636.28,89546.8,111.99,0.0,30.07,19.54
2014-06-01,1658.83,90128.7,112.16,62.71,36.35,24.64
2014-06-02,1465.44,90594.5,112.3,0.0,36.66,24.46
2014-06-03,1411.25,91027.9,112.43,0.0,36.26,27.53
2014-06-04,1227.15,91350.8,112.53,0.0,34.25,24.54
2014-06-05,1044.49,91564.1,112.59,0.0,30.55,18.86
2014-06-06,974.43,91735.3,112.64,0.0,32.97,18.55
2014-06-07,828.46,91819.0,112.67,0.0,27.66,16.99
2014-06-08,710.55,91832.0,112.67,0.0,31.99,22.09
2014-06-09,623.63,91792.7,112.66,0.0,29.94,17.01
2014-06-10,529.67,91697.1,112.63,1.12,28.61,16.98
2014-06-11,576.37,91629.6,112.61,0.0,28.12,15.22
2014-06-12,773.2,91680.1,112.63,4.89,27.22,16.06
2014-06-13,735.52,91708.0,112.64,0.0,29.22,17.87
2014-06-14,670.15,91696.7,112.63,0.0,31.2,18.98
2014-06-15,600.12,91643.4,112.62,0.0,26.02,16.03
2014-06-16,664.82,91628.9,112.61,13.93,23.98,13.2
2014-06-17,627.07,91591.7,112.6,0.0,26.86,16.34
2014-06-18,558.47,91513.4,112.58,0.0,27.64,15.73
2014-06-19,542.77,91425.7,112.55,0.0,24.98,15.66
2014-06-20,577.42,91358.7,112.53,0.0,27.37,16.2
2014-06-21,514.89,91254.3,112.5,0.0,28.12,15.58
2014-06-22,612.03,91208.1,112.49,0.0,27.99,15.36
2014-06-23,748.76,91243.9,112.5,6.07,30.16,17.49
2014-06-24,740.17,91274.6,112.51,0.0,27.13,19.78
2014-06-25,741.2,91306.0,112.52,0.0,21.39,10.64
2014-06-26,677.98,91299.4,112.51,0.0,29.15,17.87
2014-06-27,652.17,91277.3,112.51,0.0,32.79,20.81
2014-06-28,613.78,91232.1,112.49,0.0,30.31,17.12
2014-06-29,644.65,91205.5,112.49,0.0,28.48,16.14
2014-06-30,979.07,91379.6,112.54,21.54,26.08,13.64
2014-07-01,777.01,91432.4,112.55,0.0,26.05,11.79
2014-07-02,630.26,91397.1,112.54,0.0,25.64,15.76
2014-07-03,996.09,91581.4,112.6,29.47,28.39,17.41
2014-07-04,897.49,91706.5,112.64,0.0,25.9,14.83
2014-07-05,794.11,91769.6,112.66,0.0,22.42,10.7
2014-07-06,741.91,91801.3,112.66,0.0,25.77,17.66
2014-07-07,776.66,91853.9,112.68,0.0,30.98,20.22
2014-07-08,778.42,91907.6,112.7,0.0,27.94,16.85
2014-07-09,732.52,91933.7,112.7,0.0,30.4,19.88
2014-07-10,598.0,91879.1,112.69,0.0,33.2,21.2
2014-07-11,541.69,91790.7,112.66,0.0,31.28,20.57
2014-07-12,510.89,91683.9,112.63,0.0,26.95,17.11
2014-07-13,473.74,91554.7,112.59,0.0,30.26,19.88
2014-07-14,527.12,91457.6,112.56,0.0,33.04,20.67
2014-07-15,477.59,91330.7,112.52,0.0,31.64,18.18
2014-07-16,493.12,91213.2,112.49,0.0,29.83,20.25
2014-07-17,459.02,91075.2,112.45,1.23,37.23,27.36
2014-07-18,530.43,90980.1,112.42,0.0,35.82,26.28
2014-07-19,542.93,90892.5,112.39,0.0,38.41,28.56
2014-07-20,525.34,90794.3,112.36,0.0,38.59,27.85
2014-07-21,535.25,90702.0,112.34,0.0,31.59,19.16
2014-07-22,547.38,90617.0,112.31,0.0,34.27,22.77
2014-07-23,524.5,90518.4,112.28,0.0,34.12,22.59
2014-07-24,572.48,90448.4,112.26,0.0,35.17,22.14
2014-07-25,547.79,90363.7,112.23,0.0,33.52,22.76
2014-07-26,516.58,90260.3,112.2,0.0,30.77,20.44
2014-07-27,547.56,90175.4,112.18,0.0,33.48,21.91
2014-07-28,591.77,90117.1,112.16,0.0,33.47,25.38
2014-07-29,566.5,90043.6,112.14,0.0,31.38,20.74
2014-07-30,502.13,89931.5,112.1,0.0,34.44,25.03
2014-07-31,517.52,89828.6,112.07,0.0,37.74,26.32
2014-08-01,592.38,89770.6,112.06,0.0,35.33,24.32
2014-08-02,496.83,89655.3,112.02,0.0,37.73,28.24
2014-08-03,477.07,89528.1,111.98,0.0,36.53,23.69
2014-08-04,462.02,89392.0,111.94,0.0,30.25,19.39
2014-08-05,420.06,89230.6,111.9,0.0,31.25,20.88
2014-08-06,427.12,89073.5,111.85,0.0,28.42,15.88
2014-08-07,506.89,88964.2,111.82,0.0,23.43,12.74
2014-08-08,520.84,88863.3,111.79,0.0,20.91,10.89
2014-08-09,466.41,88729.8,111.75,0.0,23.83,12.63
2014-08-10,456.9,88590.5,111.7,0.0,26.32,13.59
2014-08-11,429.07,88434.6,111.66,0.0,25.24,13.28
2014-08-12,519.75,88333.0,111.63,7.87,22.06,11.88
2014-08-13,542.61,88245.2,111.6,0.0,24.17,10.83
2014-08-14,484.62,88122.6,111.56,0.0,25.26,13.21
2014-08-15,489.68,88003.0,111.53,0.0,23.66,13.86
2014-08-16,492.82,87885.3,111.49,0.0,22.07,13.14
2014-08-17,426.73,87727.9,111.45,0.0,28.52,14.99
2014-08-18,444.21,87581.1,111.4,0.0,26.59,17.39
2014-08-19,451.85,87438.8,111.36,0.0,29.2,18.38
2014-08-20,403.57,87267.5,111.31,0.0,29.65,17.4
2014-08-21,422.45,87107.6,111.26,0.0,31.09,18.38
2014-08-22,377.96,86921.0,111.2,0.0,30.47,17.71
2014-08-23,423.75,86761.8,111.16,2.48,29.01,18.14
2014-08-24,402.95,86590.2,111.1,0.0,29.09,18.86
2014-08-25,386.81,86408.9,111.05,0.0,32.42,19.68
2014-08-26,392.32,86230.9,111.0,0.0,29.0,18.68
2014-08-27,485.19,86108.6,110.96,11.85,32.8,20.85
2014-08-28,486.2,85986.9,110.92,0.0,33.57,23.12
2014-08-29,440.16,85837.6,110.88,0.0,34.67,23.46
2014-08-30,429.56,85682.0,110.83,0.0,31.51,19.13
2014-08-31,427.58,85525.1,110.79,0.0,25.72,14.47
2014-09-01,426.01,85367.3,110.74,0.0,24.99,14.3
2014-09-02,411.35,85200.7,110.69,0.0,22.58,10.2
2014-09-03,420.86,85039.9,110.64,0.0,18.78,8.17
2014-09-04,451.81,84897.5,110.6,0.0,24.92,12.2
2014-09-05,438.72,84747.4,110.55,0.0,26.19,14.07
2014-09-06,568.8,84675.3,110.53,0.0,29.12,16.82
2014-09-07,513.26,84569.8,110.5,0.0,27.12,16.71
2014-09-08,531.97,84475.6,110.47,0.53,24.74,14.55
2014-09-09,494.56,84358.9,110.44,0.0,23.6,13.02
2014-09-10,430.7,84204.0,110.39,0.15,26.27,15.44
2014-09-11,536.93,84112.7,110.36,11.61,23.0,11.45
2014-09-12,528.13,84016.2,110.33,0.0,25.5,11.64
2014-09-13,473.57,83887.0,110.3,0.0,20.52,10.15
2014-09-14,446.79,83741.6,110.25,0.0,21.89,13.55
2014-09-15,464.5,83606.9,110.21,10.46,19.04,8.85
2014-09-16,424.08,83448.0,110.16,0.0,18.38,8.04
2014-09-17,457.26,83309.0,110.12,0.0,18.19,7.03
2014-09-18,471.61,83178.5,110.08,0.0,24.5,13.01
2014-09-19,566.58,83105.1,110.06,0.0,26.15,14.64
2014-09-20,574.6,83036.4,110.04,0.0,25.06,14.91
2014-09-21,598.71,82982.3,110.02,0.0,28.37,18.29
2014-09-22,647.59,82957.4,110.02,0.0,20.71,7.73
2014-09-23,605.92,82907.6,110.0,0.0,16.93,6.72
2014-09-24,701.27,82915.0,110.0,1.86,16.96,7.24
2014-09-25,608.11,82866.4,109.99,0.0,16.96,6.24
2014-09-26,586.49,82804.9,109.97,0.0,17.7,8.55
2014-09-27,598.97,82750.9,109.96,0.0,15.03,3.06
2014-09-28,661.01,82734.1,109.95,0.0,15.16,1.62
2014-09-29,682.17,82730.0,109.95,0.0,10.96,1.55
2014-09-30,733.8,82756.9,109.96,0.0,13.26,1.61
2014-10-01,725.29,82778.7,109.96,0.0,14.52,2.63
2014-10-02,694.39,82781.9,109.96,0.0,11.36,0.73
2014-10-03,645.41,82755.8,109.96,0.0,15.54,6.7
2014-10-04,515.53,82651.7,109.93,0.0,17.68,5.56
2014-10-05,819.68,82730.1,109.95,30.17,17.61,6.83
2014-10-06,700.86,82737.2,109.95,0.0,16.42,3.18
2014-10-07,722.1,82757.1,109.96,0.0,16.42,6.33
2014-10-08,702.58,82765.2,109.96,0.0,21.31,11.24
2014-10-09,650.78,82742.3,109.95,0.0,20.75,8.26
2014-10-10,1078.42,82976.0,110.02,32.56,17.5,8.09
2014-10-11,968.07,83143.4,110.07,0.0,14.97,5.34
2014-10-12,946.12,83297.7,110.12,7.88,14.47,2.95
2014-10-13,941.83,83449.4,110.16,8.1,15.16,3.63
2014-10-14,852.44,83547.5,110.19,0.0,12.97,2.58
2014-10-15,801.62,83615.0,110.21,0.0,15.21,4.69
2014-10-16,807.78,83686.3,110.24,0.0,16.75,7.27
2014-10-17,1097.22,83931.2,110.31,18.28,14.39,3.94
2014-10-18,822.29,84011.2,110.33,0.0,18.77,7.69
2014-10-19,752.34,84049.2,110.34,0.0,18.95,7.66
2014-10-20,742.56,84081.4,110.35,1.64,18.21,10.53
2014-10-21,602.06,84029.2,110.34,0.0,15.81,5.29
2014-10-22,613.19,83983.7,110.32,0.0,19.78,7.57
2014-10-23,547.78,83899.0,110.3,0.0,23.87,10.01
2014-10-24,510.56,83791.9,110.27,0.0,22.39,10.26
2014-10-25,516.9,83688.7,110.24,0.0,22.17,9.44
2014-10-26,456.01,83548.9,110.19,0.0,19.68,8.17
2014-10-27,486.28,83427.3,110.16,0.0,18.19,6.31
2014-10-28,488.18,83306.8,110.12,0.0,22.95,9.75
2014-10-29,549.69,83223.2,110.1,0.0,17.02,6.39
2014-10-30,581.96,83159.0,110.08,0.0,18.05,7.4
2014-10-31,652.53,83137.1,110.07,8.71,15.27,3.04
2014-11-01,642.15,83109.0,110.06,0.0,8.88,-0.62
2014-11-02,543.4,83021.6,110.04,0.0,13.3,4.49
2014-11-03,520.52,82920.5,110.01,0.0,13.12,2.76
2014-11-04,609.01,82872.6,109.99,8.76,11.15,1.15
2014-11-05,593.12,82815.0,109.97,0.0,7.54,-2.1
2014-11-06,576.2,82747.4,109.95,0.0,7.45,-5.3
2014-11-07,580.65,82682.3,109.94,0.0,6.43,-2.48
2014-11-08,539.32,82592.5,109.91,0.0,8.59,-4.35
2014-11-09,681.53,82588.1,109.91,12.92,4.45,-5.67
2014-11-10,632.76,82554.3,109.9,0.0,7.82,-2.86
2014-11-11,627.48,82517.4,109.89,0.0,11.95,-1.05
2014-11-12,601.05,82464.6,109.87,0.0,7.3,-5.23
2014-11-13,528.93,82368.6,109.84,0.0,2.46,-7.73
2014-11-14,472.19,82238.5,109.8,0.0,3.11,-7.55
2014-11-15,468.38,82106.2,109.76,0.0,9.22,-5.02
2014-11-16,478.94,81980.1,109.72,0.0,11.22,1.46
2014-11-17,424.86,81821.6,109.68,0.0,8.37,-1.32
2014-11-18,437.68,81670.9,109.63,0.0,11.74,1.76
2014-11-19,427.81,81514.1,109.59,0.0,8.09,-2.19
2014-11-20,463.57,81378.9,109.54,0.0,4.78,-6.01
2014-11-21,510.76,81272.0,109.51,0.0,9.91,-2.68
2014-11-22,522.87,81172.3,109.48,0.0,12.82,3.13
2014-11-23,521.27,81071.6,109.45,0.0,13.27,3.73
2014-11-24,467.83,80938.9,109.41,0.0,15.0,5.44
2014-11-25,495.56,80822.9,109.38,0.53,11.43,-0.11
2014-11-26,487.06,80701.7,109.34,0.0,13.64,0.94
2014-11-27,464.7,80567.2,109.3,0.0,7.83,-0.14
2014-11-28,450.56,80424.1,109.26,0.0,10.39,-1.25
2014-11-29,541.81,80335.8,109.23,5.36,13.96,2.38
2014-11-30,520.6,80234.7,109.2,0.0,10.71,-3.23
2014-12-01,497.0,80119.5,109.17,0.0,9.13,-5.03
2014-12-02,447.63,79974.7,109.12,0.0,0.27,-8.89
2014-12-03,438.9,79824.7,109.08,0.0,4.47,-5.02
2014-12-04,437.73,79673.9,109.03,0.0,7.27,-3.78
2014-12-05,470.92,79543.1,109.0,0.0,7.27,-4.45
2014-12-06,460.77,79406.1,108.95,0.0,12.42,1.83
2014-12-07,466.53,79272.7,108.91,0.0,8.35,-2.31
2014-12-08,425.48,79114.6,108.87,0.0,5.22,-8.19
2014-12-09,658.23,79096.1,108.86,25.26,3.48,-8.78
2014-12-10,504.17,78985.2,108.83,0.0,1.8,-10.86
2014-12-11,459.1,78847.3,108.79,0.0,5.52,-4.65
2014-12-12,420.01,78685.9,108.74,0.0,8.71,-2.97
2014-12-13,403.92,78514.8,108.69,0.0,4.14,-7.68
2014-12-14,398.82,78340.7,108.64,0.0,5.36,-7.93
2014-12-15,510.76,78233.8,108.6,15.69,4.92,-4.91
2014-12-16,542.95,78146.2,108.58,0.0,1.87,-9.06
2014-12-17,502.91,78034.5,108.54,4.96,0.97,-11.64
2014-12-18,561.91,77958.3,108.52,4.49,1.11,-10.61
2014-12-19,582.4,77894.3,108.5,0.0,0.24,-10.64
2014-12-20,567.25,77821.3,108.48,0.0,2.17,-8.88
2014-12-21,646.18,77795.6,108.47,9.58,5.22,-7.59
2014-12-22,715.62,77811.6,108.48,0.0,3.4,-8.71
2014-12-23,635.31,77779.4,108.47,0.0,7.09,-4.84
2014-12-24,576.13,77711.6,108.45,0.0,4.31,-3.19
2014-12-25,617.81,77668.9,108.43,0.0,5.57,-5.65
2014-12-26,605.95,77619.1,108.42,0.0,5.18,-4.51
2014-12-27,572.4,77549.1,108.4,0.0,3.09,-10.81
2014-12-28,533.18,77455.6,108.37,0.0,0.94,-11.38
2014-12-29,544.93,77369.2,108.34,0.0,1.41,-6.77
2014-12-30,485.3,77247.0,108.31,0.0,-0.11,-7.96
2014-12-31,623.66,77207.8,108.3,14.52,-1.85,-11.49
2015-01-01,596.12,77152.1,108.28,0.0,1.03,-10.27
2015-01-02,609.38,77104.3,108.27,12.93,2.69,-10.68
2015-01-03,535.66,77012.3,108.24,0.0,2.48,-10.86
2015-01-04,509.5,76904.6,108.21,0.0,1.17,-7.37
2015-01-05,535.06,76812.2,108.18,0.0,-2.53,-10.8
2015-01-06,527.23,76715.2,108.15,0.0,5.18,-3.98
2015-01-07,482.6,76591.3,108.11,0.0,1.27,-8.94
2015-01-08,541.2,76502.7,108.09,0.0,2.76,-7.6
2015-01-09,554.77,76422.1,108.06,0.0,-0.29,-14.32
2015-01-10,481.28,76297.5,108.02,0.0,0.14,-10.83
2015-01-11,474.91,76169.1,107.99,0.0,-1.06,-9.97
2015-01-12,374.48,75980.4,107.93,0.0,0.77,-10.54
2015-01-13,366.22,75786.7,107.87,0.0,3.58,-7.88
2015-01-14,398.4,75612.3,107.82,0.0,3.92,-7.46
2015-01-15,510.65,75505.3,107.79,4.63,3.29,-8.5
2015-01-16,469.59,75373.7,107.75,0.0,5.36,-5.71
2015-01-17,484.17,75250.8,107.71,0.0,2.47,-7.9
2015-01-18,487.83,75130.1,107.67,0.37,0.71,-8.33
2015-01-19,443.69,74982.9,107.63,0.0,0.88,-7.37
2015-01-20,471.13,74852.2,107.59,0.0,6.51,-2.93
2015-01-21,608.14,74803.7,107.58,13.06,9.96,-3.64
2015-01-22,539.59,74714.0,107.55,0.0,3.72,-7.6
2015-01-23,756.98,74754.8,107.56,18.89,3.76,-8.86
2015-01-24,701.4,74762.3,107.56,0.11,-0.54,-10.61
2015-01-25,771.45,74811.8,107.58,11.52,0.95,-9.7
2015-01-26,867.81,74919.0,107.61,22.89,-0.84,-12.17
2015-01-27,779.29,74973.2,107.63,0.0,-0.52,-10.58
2015-01-28,952.15,75131.1,107.67,19.55,1.76,-7.3
2015-01-29,799.44,75197.4,107.69,0.0,-0.07,-10.86
2015-01-30,793.86,75260.3,107.71,0.0,1.67,-9.82
2015-01-31,795.99,75324.5,107.73,0.0,6.58,-2.6
2015-02-01,843.28,75417.1,107.76,7.07,6.23,-6.03
2015-02-02,782.27,75473.0,107.78,0.0,6.34,-4.75
2015-02-03,818.17,75550.6,107.8,1.75,3.22,-9.9
2015-02-04,782.99,75606.9,107.82,0.0,3.92,-3.97
2015-02-05,1487.64,76086.1,107.96,54.08,6.82,-5.08
2015-02-06,1474.09,76557.2,108.1,15.29,6.04,-1.85
2015-02-07,1336.1,76945.5,108.22,3.1,5.33,-5.52
2015-02-08,1304.62,77314.8,108.33,5.95,9.79,-2.42
2015-02-09,1160.53,77597.8,108.41,1.52,9.42,-1.37
2015-02-10,968.18,77765.3,108.46,0.0,10.34,1.15
2015-02-11,874.11,77876.3,108.5,0.0,10.69,0.8
2015-02-12,874.91,77987.9,108.53,0.0,10.09,0.68
2015-02-13,853.94,78086.9,108.56,0.0,13.3,2.54
2015-02-14,832.31,78172.8,108.59,0.0,12.51,4.47
2015-02-15,753.18,78211.4,108.6,0.0,9.28,-0.75
2015-02-16,847.45,78306.4,108.63,7.31,10.67,-1.89
2015-02-17,732.96,78332.8,108.63,0.0,13.58,2.54
2015-02-18,745.87,78366.9,108.64,0.0,15.85,3.84
2015-02-19,670.87,78356.1,108.64,0.0,15.91,5.61
2015-02-20,744.67,78389.5,108.65,0.0,12.57,0.86
2015-02-21,830.03,78474.1,108.68,8.68,8.8,-3.89
2015-02-22,863.2,78578.6,108.71,10.92,6.83,-5.36
2015-02-23,864.94,78684.2,108.74,0.0,5.72,-5.41
2015-02-24,934.77,78831.6,108.78,0.0,5.46,-4.45
2015-02-25,854.52,78931.0,108.81,0.0,8.48,-1.59
2015-02-26,820.44,79009.8,108.84,6.77,11.48,-0.73
2015-02-27,900.27,79136.6,108.87,5.61,8.38,-0.72
2015-02-28,917.44,79273.7,108.91,1.19,9.4,-0.6
2015-03-01,1015.53,79469.6,108.97,4.58,11.86,-1.59
2015-03-02,1336.9,79858.3,109.09,13.69,15.08,2.51
2015-03-03,1273.24,80208.9,109.19,0.0,12.57,3.54
2015-03-04,1201.33,80516.3,109.29,0.0,13.39,4.39
2015-03-05,1084.91,80753.8,109.36,0.0,8.73,-1.82
2015-03-06,1176.96,81046.6,109.45,5.02,10.52,0.48
2015-03-07,1276.52,81399.1,109.55,2.35,14.04,0.99
2015-03-08,1374.41,81810.4,109.67,8.25,11.1,3.03
2015-03-09,1185.21,82108.1,109.76,0.05,8.14,-1.97
2015-03-10,1047.87,82323.4,109.83,0.0,10.7,-1.95
2015-03-11,1034.13,82530.5,109.89,0.0,12.5,1.22
2015-03-12,1059.56,82752.9,109.96,1.11,16.29,4.17
2015-03-13,966.43,82919.3,110.01,0.0,17.85,6.7
2015-03-14,949.28,83075.5,110.05,0.0,13.01,-0.14
2015-03-15,904.09,83204.5,110.09,0.0,10.63,-1.64
2015-03-16,990.27,83385.3,110.15,7.96,7.24,-4.72
2015-03-17,815.59,83461.3,110.17,0.0,5.81,-6.18
2015-03-18,770.16,83510.0,110.18,0.0,8.51,-0.33
2015-03-19,884.84,83627.5,110.22,0.0,11.31,-1.54
2015-03-20,789.55,83687.8,110.24,0.0,16.19,3.2
2015-03-21,767.84,83735.1,110.25,0.0,13.92,1.87
2015-03-22,924.26,83876.3,110.29,16.6,13.0,2.84
2015-03-23,789.27,83936.4,110.31,0.0,17.48,5.92
2015-03-24,721.08,83955.7,110.32,0.0,13.9,4.05
2015-03-25,797.61,84020.9,110.34,0.0,13.93,4.33
2015-03-26,759.45,84063.1,110.35,0.0,14.34,3.08
2015-03-27,734.72,84090.6,110.36,1.07,14.79,4.98
2015-03-28,662.54,84074.7,110.35,0.0,12.21,1.0
2015-03-29,607.49,84025.8,110.34,0.0,8.93,0.81
2015-03-30,846.61,84120.4,110.37,10.12,14.41,1.49
2015-03-31,829.34,84204.6,110.39,0.0,15.01,6.49
2015-04-01,857.82,84305.9,110.42,0.0,15.37,5.17
2015-04-02,928.17,84449.4,110.46,0.0,18.28,5.88
2015-04-03,956.66,84610.0,110.51,0.0,17.85,8.88
2015-04-04,764.88,84655.5,110.53,0.0,20.13,5.28
2015-04-05,944.01,84808.5,110.57,11.89,15.08,3.05
2015-04-06,844.04,84901.5,110.6,0.0,19.88,6.48
2015-04-07,782.7,84957.8,110.62,0.0,22.58,9.53
2015-04-08,824.64,85039.2,110.64,0.0,21.42,9.38
2015-04-09,765.35,85085.0,110.65,0.0,20.11,6.36
2015-04-10,819.7,85163.4,110.68,0.0,19.12,5.07
2015-04-11,759.52,85205.7,110.69,0.0,21.21,8.27
2015-04-12,702.85,85214.0,110.69,0.0,24.05,12.03
2015-04-13,624.55,85175.4,110.68,0.0,22.51,9.06
2015-04-14,627.34,85138.4,110.67,0.0,22.98,11.02
2015-04-15,613.39,85093.0,110.66,0.0,21.44,11.8
2015-04-16,739.36,85123.2,110.67,0.0,22.36,10.48
2015-04-17,741.46,85154.7,110.68,0.0,24.04,13.85
2015-04-18,1274.51,85506.0,110.78,26.82,22.8,9.2
2015-04-19,1042.47,85718.1,110.84,0.0,21.83,9.63
2015-04-20,997.85,85903.4,110.9,0.0,19.94,6.73
2015-04-21,1002.86,86091.7,110.96,0.0,20.13,9.49
2015-04-22,979.5,86266.1,111.01,0.0,16.18,5.67
2015-04-23,879.57,86380.4,111.04,1.05,19.82,8.59
2015-04-24,789.68,86440.8,111.06,0.0,25.71,14.48
2015-04-25,734.08,86467.9,111.07,0.0,21.36,11.23
2015-04-26,723.06,86488.3,111.07,0.0,22.51,10.45
2015-04-27,705.65,86498.3,111.08,0.0,23.98,11.44
2015-04-28,654.93,86477.9,111.07,0.0,22.27,10.22
2015-04-29,680.54,86472.8,111.07,2.7,17.48,8.45
2015-04-30,974.74,86644.2,111.12,23.85,19.62,10.14
2015-05-01,902.18,86772.1,111.16,0.0,21.61,9.48
2015-05-02,918.3,86909.7,111.2,0.0,25.21,14.2
2015-05-03,852.46,87007.8,111.23,0.0,25.88,14.45
2015-05-04,813.81,87082.7,111.25,0.0,23.77,11.38
2015-05-05,777.55,87135.8,111.27,0.0,27.04,14.79
2015-05-06,790.08,87196.5,111.29,0.0,23.69,12.59
2015-05-07,815.4,87272.3,111.31,0.0,23.21,13.66
2015-05-08,817.65,87349.5,111.33,0.0,19.13,9.17
2015-05-09,730.44,87374.4,111.34,0.0,19.17,11.0
2015-05-10,658.69,87356.2,111.33,0.0,14.01,5.98
2015-05-11,970.72,87525.3,111.38,20.32,15.17,7.09
2015-05-12,876.28,87637.6,111.42,0.0,22.22,8.5
2015-05-13,820.43,87716.5,111.44,0.0,20.1,9.22
2015-05-14,722.44,87736.6,111.45,0.0,21.63,9.38
2015-05-15,701.36,87744.0,111.45,0.0,27.03,15.35
2015-05-16,628.23,87707.5,111.44,4.8,23.54,12.29
2015-05-17,775.28,87759.3,111.45,0.0,23.68,13.13
2015-05-18,745.17,87793.0,111.46,0.0,22.96,12.54
2015-05-19,935.57,87940.9,111.51,17.42,27.36,14.52
2015-05-20,1030.31,88145.7,111.57,5.08,27.02,17.31
2015-05-21,1005.36,88335.6,111.63,0.0,27.37,14.73
2015-05-22,855.98,88435.7,111.66,0.0,31.71,19.49
2015-05-23,730.34,88460.6,111.66,0.0,31.66,18.56
2015-05-24,582.49,88396.7,111.65,0.0,29.78,18.95
2015-05-25,627.63,88359.8,111.63,0.0,24.27,14.4
2015-05-26,500.26,88246.6,111.6,0.0,24.19,13.42
2015-05-27,471.93,88116.4,111.56,0.0,29.23,16.54
2015-05-28,494.73,87999.8,111.53,0.0,28.35,18.89
2015-05-29,460.37,87862.6,111.49,0.0,28.45,17.81
2015-05-30,428.94,87706.6,111.44,0.0,26.33,16.66
2015-05-31,386.97,87525.4,111.38,0.48,22.64,14.12
2015-06-01,342.91,87317.7,111.32,0.0,24.72,12.6
2015-06-02,352.27,87115.7,111.26,0.0,24.91,14.9
2015-06-03,373.45,86926.4,111.21,0.0,25.62,14.09
2015-06-04,356.75,86727.0,111.15,0.0,29.03,16.8
2015-06-05,340.02,86517.6,111.08,0.0,26.86,15.54
2015-06-06,363.27,86322.2,111.02,0.0,23.12,15.11
2015-06-07,348.22,86117.8,110.96,0.0,29.97,15.08
2015-06-08,390.75,85938.8,110.91,0.0,28.27,16.75
2015-06-09,377.56,85751.9,110.85,0.0,32.51,23.7
2015-06-10,351.3,85549.3,110.79,0.0,33.3,21.18
2015-06-11,339.1,85339.4,110.73,0.0,33.98,28.22
2015-06-12,354.88,85138.9,110.67,0.0,33.8,24.22
2015-06-13,371.69,84948.5,110.61,0.0,34.45,22.72
2015-06-14,365.55,84754.5,110.56,0.0,28.49,19.57
2015-06-15,489.07,84634.5,110.52,21.78,34.43,22.65
2015-06-16,513.4,84529.2,110.49,5.01,33.63,22.51
2015-06-17,471.43,84398.6,110.45,0.0,28.29,18.2
2015-06-18,429.19,84242.8,110.4,0.0,28.08,16.78
2015-06-19,378.13,84056.2,110.35,0.0,32.11,19.28
2015-06-20,326.79,83838.9,110.28,0.0,29.39,16.82
2015-06-21,345.95,83633.1,110.22,0.0,22.41,11.19
2015-06-22,389.67,83453.5,110.17,0.0,23.21,12.72
2015-06-23,461.63,83317.1,110.13,5.05,26.09,17.81
2015-06-24,496.74,83201.7,110.09,0.0,29.78,18.82
2015-06-25,458.86,83063.6,110.05,0.0,33.76,21.41
2015-06-26,465.86,82929.8,110.01,0.0,30.34,18.55
2015-06-27,643.76,82902.6,110.0,25.6,24.69,15.62
2015-06-28,590.95,82843.8,109.98,0.0,26.44,13.71
2015-06-29,630.63,82808.8,109.97,0.0,27.56,17.28
2015-06-30,900.57,82935.7,110.01,27.65,28.52,19.37
2015-07-01,793.79,82998.6,110.03,0.0,28.93,19.92
2015-07-02,701.19,83005.9,110.03,0.0,30.5,19.29
2015-07-03,551.55,82923.5,110.01,0.0,28.56,16.5
2015-07-04,514.56,82818.8,109.98,0.0,26.23,16.15
2015-07-05,544.41,82732.0,109.95,0.0,29.62,19.4
2015-07-06,557.89,82653.4,109.93,0.0,33.32,18.62
2015-07-07,481.8,82529.1,109.89,0.0,29.68,19.88
2015-07-08,444.39,82382.3,109.85,0.0,30.38,21.1
2015-07-09,478.54,82256.0,109.81,0.0,32.11,21.81
2015-07-10,419.95,82094.6,109.76,0.0,32.03,18.9
2015-07-11,447.16,81949.5,109.72,0.0,34.62,21.15
2015-07-12,472.1,81819.4,109.68,0.0,30.0,18.62
2015-07-13,450.71,81676.4,109.63,0.0,28.63,17.44
2015-07-14,510.6,81569.4,109.6,0.0,30.43,17.9
2015-07-15,541.46,81480.8,109.58,0.0,29.04,18.55
2015-07-16,535.08,81388.5,109.55,0.0,27.81,17.59
2015-07-17,524.28,81289.7,109.52,0.0,30.76,15.42
2015-07-18,458.96,81151.6,109.48,0.0,29.29,19.4
2015-07-19,482.91,81028.0,109.44,2.45,32.02,21.76
2015-07-20,454.61,80887.4,109.4,0.0,29.1,19.2
2015-07-21,467.1,80754.2,109.36,0.0,32.04,23.58
2015-07-22,445.21,80608.0,109.31,0.0,30.94,19.0
2015-07-23,518.2,80505.5,109.28,0.0,24.73,16.91
2015-07-24,473.32,80376.1,109.24,0.0,27.44,18.24
2015-07-25,443.65,80228.9,109.2,0.0,34.28,24.06
2015-07-26,504.99,80118.5,109.17,5.03,34.97,23.21
2015-07-27,489.63,79998.9,109.13,0.0,31.66,20.62
2015-07-28,545.77,79912.9,109.11,0.0,27.7,14.85
2015-07-29,539.33,79823.1,109.08,0.0,20.32,13.01
2015-07-30,552.71,79741.3,109.05,0.0,23.18,13.04
2015-07-31,510.9,79634.5,109.02,0.0,24.87,15.31
2015-08-01,487.53,79513.6,108.99,0.0,26.5,12.67
2015-08-02,478.13,79387.1,108.95,0.0,24.21,12.15
2015-08-03,373.32,79197.7,108.89,0.0,29.28,14.36
2015-08-04,403.42,79026.4,108.84,0.0,25.66,14.56
2015-08-05,411.95,78860.1,108.79,0.0,23.61,12.01
2015-08-06,386.71,78678.8,108.74,0.0,27.0,18.3
2015-08-07,367.45,78485.8,108.68,0.0,20.37,9.95
2015-08-08,380.11,78300.5,108.62,0.0,27.05,17.8
2015-08-09,380.84,78115.6,108.57,0.0,33.8,19.75
2015-08-10,384.0,77932.6,108.51,0.0,31.59,22.21
2015-08-11,414.2,77767.7,108.46,0.0,23.58,14.0
2015-08-12,383.61,77584.5,108.41,0.0,28.33,15.71
2015-08-13,478.0,77457.9,108.37,10.59,25.43,13.44
2015-08-14,426.37,77300.3,108.32,0.0,21.22,10.81
2015-08-15,401.19,77127.6,108.27,0.0,26.61,15.49
2015-08-16,406.19,76958.0,108.22,0.0,29.08,18.57
2015-08-17,361.08,76761.2,108.16,0.0,31.74,19.29
2015-08-18,407.59,76592.4,108.11,0.0,28.15,17.69
2015-08-19,423.32,76433.0,108.06,0.0,28.46,17.65
2015-08-20,423.84,76273.9,108.02,0.0,28.1,17.03
2015-08-21,467.29,76140.9,107.98,0.0,30.11,18.36
2015-08-22,464.41,76006.1,107.94,0.0,30.62,18.34
2015-08-23,461.54,75869.6,107.9,0.0,32.66,22.42
2015-08-24,438.25,75719.2,107.85,0.0,31.33,21.68
2015-08-25,418.56,75556.9,107.8,0.0,26.31,14.35
2015-08-26,400.61,75383.9,107.75,0.0,22.43,11.89
2015-08-27,337.46,75173.0,107.69,0.0,23.31,15.1
2015-08-28,376.0,74985.2,107.63,0.0,34.04,23.14
2015-08-29,363.92,74790.1,107.57,0.0,31.96,16.7
2015-08-30,355.06,74589.8,107.51,0.0,28.18,18.19
2015-08-31,373.92,74400.7,107.46,0.0,27.53,15.05
2015-09-01,419.02,74238.7,107.41,4.02,30.26,19.17
2015-09-02,440.46,74089.6,107.36,0.0,29.68,17.79
2015-09-03,482.16,73965.5,107.33,2.21,29.43,18.52
2015-09-04,453.53,73824.3,107.28,0.81,30.65,19.63
2015-09-05,394.52,73647.6,107.23,0.0,33.92,23.49
2015-09-06,342.6,73439.7,107.17,0.0,32.85,22.21
2015-09-07,314.97,73215.3,107.1,0.0,31.58,21.03
2015-09-08,383.34,73031.9,107.05,0.0,27.92,17.21
2015-09-09,395.19,72855.6,106.99,0.0,24.19,11.14
2015-09-10,398.18,72681.2,106.94,0.0,18.78,8.94
2015-09-11,469.54,72549.5,106.9,0.0,24.4,16.27
2015-09-12,571.13,72478.8,106.88,2.88,17.95,9.66
2015-09-13,532.77,72385.0,106.85,0.0,18.81,8.01
2015-09-14,505.99,72275.2,106.82,0.0,23.83,12.87
2015-09-15,511.46,72168.7,106.79,0.0,22.08,14.51
2015-09-16,543.72,72081.5,106.76,0.0,22.78,12.46
2015-09-17,527.87,71984.9,106.73,0.0,27.05,16.37
2015-09-18,557.2,71905.8,106.71,0.0,21.14,12.53
2015-09-19,507.38,71796.8,106.68,0.0,20.22,9.31
2015-09-20,531.91,71702.6,106.65,0.0,23.32,9.99
2015-09-21,526.98,71605.4,106.62,0.0,22.24,8.79
2015-09-22,517.78,71502.6,106.59,0.0,21.05,11.22
2015-09-23,500.27,71389.4,106.55,0.0,22.78,11.05
2015-09-24,414.78,71224.9,106.51,0.0,21.54,9.25
2015-09-25,432.72,71071.1,106.46,0.0,20.89,10.67
2015-09-26,420.56,70910.0,106.41,0.0,26.47,14.75
2015-09-27,463.17,70774.5,106.37,11.01,26.88,15.96
2015-09-28,478.23,70648.1,106.33,0.27,24.55,11.89
2015-09-29,455.3,70507.9,106.29,0.0,27.17,13.74
2015-09-30,478.83,70381.8,106.25,0.0,24.0,10.78
2015-10-01,441.74,70233.4,106.21,0.0,21.76,9.46
2015-10-02,454.99,70093.0,106.17,0.0,19.66,8.27
2015-10-03,510.0,69985.6,106.13,0.0,18.07,6.96
2015-10-04,533.86,69892.5,106.11,0.0,20.38,7.55
2015-10-05,620.48,69851.4,106.09,13.14,19.96,6.68
2015-10-06,615.11,69807.1,106.08,0.0,19.42,7.74
2015-10-07,621.21,69766.4,106.07,0.0,21.18,8.96
2015-10-08,662.21,69750.4,106.06,0.0,20.31,9.25
2015-10-09,643.03,69722.8,106.06,0.0,19.54,8.25
2015-10-10,652.65,69701.0,106.05,0.0,14.2,3.02
2015-10-11,743.32,69733.6,106.06,0.0,16.82,5.24
2015-10-12,752.76,69771.8,106.07,0.0,16.44,6.02
2015-10-13,786.41,69830.3,106.09,0.0,16.72,4.3
2015-10-14,793.73,69893.1,106.11,0.0,19.97,10.5
2015-10-15,829.2,69977.3,106.13,2.87,13.73,3.45
2015-10-16,809.14,70049.3,106.15,0.0,14.41,6.19
2015-10-17,748.71,70085.2,106.16,0.0,19.65,11.32
2015-10-18,745.58,70119.1,106.17,0.0,20.96,11.05
2015-10-19,722.55,70139.3,106.18,0.0,19.65,11.1
2015-10-20,671.49,70128.8,106.18,0.05,22.75,12.83
2015-10-21,705.82,70138.9,106.18,0.0,20.68,6.44
2015-10-22,634.68,70106.3,106.17,0.0,19.18,10.98
2015-10-23,651.52,70083.8,106.16,0.0,20.38,7.19
2015-10-24,710.65,70096.8,106.17,0.0,17.72,7.04
2015-10-25,801.69,70164.4,106.19,0.0,15.14,3.15
2015-10-26,737.92,70193.8,106.2,0.0,20.28,8.72
2015-10-27,696.98,70198.5,106.2,0.0,19.66,10.5
2015-10-28,589.86,70139.1,106.18,0.0,16.77,6.42
2015-10-29,601.95,70086.8,106.16,0.0,17.22,6.37
2015-10-30,570.1,70015.5,106.14,0.0,15.71,5.74
2015-10-31,557.51,69936.6,106.12,0.0,16.73,6.72
2015-11-01,512.53,69830.7,106.09,0.0,12.53,3.66
2015-11-02,516.77,69727.4,106.06,0.12,10.91,-0.34
2015-11-03,467.67,69594.6,106.02,0.0,13.85,3.19
2015-11-04,461.39,69458.0,105.98,0.0,17.87,4.74
2015-11-05,460.59,69321.0,105.94,0.0,20.45,11.39
2015-11-06,426.79,69163.7,105.89,0.0,22.79,10.83
2015-11-07,425.02,69005.3,105.84,0.0,16.63,6.53
2015-11-08,409.02,68837.3,105.79,0.0,16.71,7.02
2015-11-09,476.32,68709.7,105.75,0.0,19.18,7.47
2015-11-10,410.26,68542.5,105.7,0.0,15.13,5.48
2015-11-11,442.34,68394.5,105.66,0.0,11.15,0.8
2015-11-12,437.66,68243.7,105.61,0.0,7.01,-5.25
2015-11-13,472.06,68113.5,105.57,0.0,5.72,-3.81
2015-11-14,443.98,67966.5,105.53,0.0,4.91,-7.5
2015-11-15,955.4,68126.4,105.58,38.66,5.89,-2.66
2015-11-16,840.96,68217.5,105.61,2.06,10.74,-1.53
2015-11-17,678.22,68211.1,105.6,0.0,11.34,3.72
2015-11-18,590.43,68151.9,105.59,0.0,17.65,3.33
2015-11-19,557.62,68073.1,105.56,0.0,15.07,5.67
2015-11-20,533.71,67979.9,105.53,0.0,14.49,5.16
2015-11-21,507.02,67870.8,105.5,0.0,11.86,4.59
2015-11-22,499.92,67757.3,105.47,0.0,13.22,2.54
2015-11-23,501.68,67644.9,105.43,0.0,11.88,0.38
2015-11-24,517.69,67542.1,105.4,0.0,18.98,4.13
2015-11-25,425.3,67383.9,105.36,0.0,16.51,1.91
2015-11-26,408.06,67215.4,105.31,0.0,13.67,3.03
2015-11-27,469.79,67083.9,105.27,2.77,9.98,-2.25
2015-11-28,451.18,66941.2,105.22,0.0,11.55,0.94
2015-11-29,549.27,66857.3,105.2,12.13,11.08,-2.15
2015-11-30,505.44,66747.2,105.17,0.0,4.29,-6.07
2015-12-01,504.76,66636.7,105.13,0.0,3.91,-6.23
2015-12-02,473.77,66507.5,105.09,0.0,3.7,-6.21
2015-12-03,459.81,66370.0,105.05,0.0,5.76,-6.76
2015-12-04,477.48,66243.1,105.01,0.0,8.37,-2.26
2015-12-05,426.77,66085.8,104.97,0.0,7.07,-1.41
2015-12-06,546.71,66000.4,104.94,14.26,11.06,-1.64
2015-12-07,440.38,65851.2,104.9,0.0,11.22,-2.68
2015-12-08,429.65,65695.6,104.85,0.0,7.24,-4.42
2015-12-09,437.56,65544.8,104.81,0.0,5.34,-7.78
2015-12-10,464.02,65409.8,104.76,3.89,2.99,-8.23
2015-12-11,402.84,65238.1,104.71,0.0,5.14,-6.08
2015-12-12,374.08,65049.1,104.66,0.0,5.12,-4.99
2015-12-13,347.17,64844.0,104.6,0.0,8.03,-2.91
2015-12-14,391.78,64665.7,104.54,0.0,9.42,-3.41
2015-12-15,368.68,64473.5,104.48,0.0,11.88,1.3
2015-12-16,370.21,64282.2,104.43,0.0,7.38,-4.08
2015-12-17,385.69,64100.3,104.37,0.0,9.23,-5.22
2015-12-18,315.77,63876.3,104.31,0.0,8.87,-1.42
2015-12-19,537.08,63785.2,104.28,32.64,5.56,-6.61
2015-12-20,503.47,63673.9,104.25,2.17,7.21,-5.53
2015-12-21,443.22,63526.4,104.2,0.0,4.44,-6.2
2015-12-22,423.49,63367.1,104.15,0.0,0.26,-7.19
2015-12-23,433.63,63213.9,104.11,0.0,8.08,-3.82
2015-12-24,548.03,63129.3,104.08,12.46,8.19,-5.39
2015-12-25,586.17,63067.6,104.06,0.0,6.91,-3.66
2015-12-26,592.03,63009.4,104.05,0.0,5.3,-5.38
2015-12-27,718.81,63027.3,104.05,9.23,6.44,-4.31
2015-12-28,721.79,63047.0,104.06,0.0,1.39,-8.52
2015-12-29,567.24,62973.9,104.04,0.0,7.9,-3.11
2015-12-30,584.35,62911.2,104.02,0.0,9.89,0.6
2015-12-31,610.69,62864.2,104.0,2.44,5.2,-6.93
2016-01-01,696.64,62868.8,104.0,8.31,1.85,-8.52
2016-01-02,622.12,62828.6,103.99,0.0,5.63,-6.93
2016-01-03,544.04,62741.7,103.97,0.0,9.28,-1.04
2016-01-04,520.08,62640.3,103.94,0.0,3.64,-6.55
2016-01-05,617.86,62597.6,103.92,7.13,4.23,-6.59
2016-01-06,604.43,62546.9,103.91,0.0,1.91,-8.24
2016-01-07,633.02,62513.3,103.9,0.0,0.91,-9.6
2016-01-08,650.54,62490.2,103.89,0.0,-4.78,-14.88
2016-01-09,630.47,62455.1,103.88,0.5,2.11,-8.38
2016-01-10,704.19,62464.3,103.88,9.18,-2.9,-13.45
2016-01-11,739.28,62494.4,103.89,0.0,-1.75,-12.13
2016-01-12,648.62,62470.2,103.89,0.0,-0.07,-11.64
2016-01-13,631.41,62435.7,103.87,0.0,-1.94,-11.67
2016-01-14,542.88,62348.0,103.85,1.13,-3.41,-14.69
2016-01-15,692.51,62350.1,103.85,1.73,0.11,-9.76
2016-01-16,664.47,62335.4,103.84,0.0,0.78,-10.5
2016-01-17,667.33,62322.4,103.84,3.56,6.38,-7.05
2016-01-18,607.86,62273.7,103.83,0.0,7.68,-4.45
2016-01-19,605.29,62223.5,103.81,0.0,4.74,-6.04
2016-01-20,608.26,62175.0,103.8,0.0,5.2,-5.33
2016-01-21,588.0,62114.4,103.78,0.0,7.1,-3.65
2016-01-22,615.74,62070.5,103.77,0.0,3.62,-5.52
2016-01-23,676.26,62062.9,103.76,8.44,1.38,-8.15
2016-01-24,629.99,62027.5,103.75,0.0,8.52,-3.31
2016-01-25,848.78,62123.3,103.78,21.75,10.61,0.17
2016-01-26,729.68,62147.7,103.79,0.0,10.3,-0.31
2016-01-27,778.39,62201.4,103.8,0.0,6.42,-4.18
2016-01-28,700.84,62208.5,103.81,0.0,6.73,-2.85
2016-01-29,583.55,62145.2,103.79,1.03,10.34,-1.13
2016-01-30,585.64,62083.2,103.77,0.17,8.66,-0.65
2016-01-31,522.26,61983.2,103.74,0.0,12.34,0.06
2016-02-01,573.48,61913.9,103.72,1.81,8.77,0.53
2016-02-02,647.32,61888.8,103.71,2.84,11.76,0.27
2016-02-03,556.95,61809.6,103.69,0.0,10.68,-1.18
2016-02-04,606.39,61760.1,103.67,0.0,8.64,-4.23
2016-02-05,575.85,61692.2,103.65,0.07,1.5,-8.8
2016-02-06,579.95,61626.7,103.63,0.0,4.03,-6.39
2016-02-07,559.1,61548.8,103.61,0.0,7.14,-3.42
2016-02-08,541.83,61460.5,103.58,0.0,4.42,-6.0
2016-02-09,533.52,61367.2,103.55,0.0,8.89,-5.41
2016-02-10,546.46,61281.7,103.53,0.0,2.83,-5.34
2016-02-11,503.54,61170.4,103.5,0.0,3.55,-6.12
2016-02-12,450.8,61027.5,103.45,0.0,7.09,-1.2
2016-02-13,500.01,60914.1,103.42,0.0,5.5,-6.08
2016-02-14,557.05,60835.0,103.4,1.22,7.87,-4.33
2016-02-15,505.99,60725.2,103.36,0.0,4.55,-4.51
2016-02-16,579.71,60659.6,103.34,10.23,8.69,-2.58
2016-02-17,518.3,60557.2,103.31,0.0,10.41,-1.32
2016-02-18,489.64,60437.6,103.28,0.0,8.52,-3.9
2016-02-19,499.55,60323.9,103.24,0.0,8.42,-4.83
2016-02-20,550.22,60240.6,103.22,0.0,3.05,-7.87
2016-02-21,666.88,60227.4,103.21,0.0,7.03,-3.57
2016-02-22,840.61,60318.3,103.24,13.29,4.61,-3.46
2016-02-23,816.22,60394.7,103.26,0.0,3.83,-8.91
2016-02-24,1420.06,60833.3,103.4,28.42,4.58,-3.99
2016-02-25,1145.33,61107.1,103.48,0.0,7.47,-3.8
2016-02-26,1024.64,61308.5,103.54,0.0,5.2,-4.53
2016-02-27,923.13,61449.0,103.58,0.26,3.68,-7.04
2016-02-28,1095.64,61693.0,103.65,0.0,-1.12,-10.53
2016-02-29,924.72,61834.4,103.69,0.0,-1.0,-12.09
2016-03-01,829.98,61919.0,103.72,0.0,0.38,-10.95
2016-03-02,817.3,61996.0,103.74,0.0,5.41,-5.02
2016-03-03,621.02,61955.2,103.73,0.0,7.03,-2.2
2016-03-04,615.02,61910.8,103.72,0.0,7.62,-4.2
2016-03-05,707.27,61921.8,103.72,1.95,7.01,-0.23
2016-03-06,672.14,61911.7,103.72,0.0,10.59,-1.7
2016-03-07,715.69,61927.7,103.72,0.0,10.1,-2.68
2016-03-08,655.7,61907.7,103.72,0.0,10.54,-0.66
2016-03-09,695.99,61911.9,103.72,0.0,9.54,-0.52
2016-03-10,770.71,61960.9,103.73,4.21,13.57,1.72
2016-03-11,827.43,62044.0,103.76,0.0,13.28,1.72
2016-03-12,752.69,62082.2,103.77,0.0,13.86,3.83
2016-03-13,801.89,62149.9,103.79,0.0,14.15,2.46
2016-03-14,771.87,62199.7,103.8,0.0,13.51,4.47
2016-03-15,761.54,62243.2,103.82,0.0,8.24,-0.52
2016-03-16,1223.6,62564.0,103.91,20.53,14.72,3.75
2016-03-17,947.0,62718.8,103.96,0.0,12.0,3.2
2016-03-18,992.05,62900.6,104.01,6.94,15.36,2.52
2016-03-19,837.98,62990.0,104.04,0.0,20.2,9.65
2016-03-20,791.53,63051.5,104.06,1.13,19.57,8.14
2016-03-21,741.17,63082.8,104.07,0.0,18.47,4.29
2016-03-22,910.98,63216.0,104.11,6.97,20.01,8.88
2016-03-23,737.32,63245.0,104.12,0.0,15.26,5.2
2016-03-24,753.87,63283.9,104.13,0.0,18.12,4.54
2016-03-25,748.11,63319.4,104.14,0.0,19.2,6.94
2016-03-26,805.97,63389.6,104.16,0.0,16.57,6.12
2016-03-27,780.56,63444.5,104.18,0.0,16.16,4.89
2016-03-28,695.75,63448.6,104.18,1.6,18.36,7.53
2016-03-29,682.56,63444.7,104.18,0.0,17.61,4.64
2016-03-30,679.8,63439.2,104.18,3.26,15.51,3.63
2016-03-31,656.68,63419.8,104.17,0.0,17.29,4.52
2016-04-01,843.72,63512.6,104.2,10.53,16.69,7.0
2016-04-02,900.71,63639.7,104.24,0.0,15.72,6.7
2016-04-03,914.57,63775.0,104.28,8.6,16.52,4.27
2016-04-04,737.07,63803.9,104.28,0.0,11.25,0.12
2016-04-05,714.44,63819.1,104.29,0.0,7.26,-4.3
2016-04-06,775.4,63871.0,104.3,0.29,15.09,4.22
2016-04-07,682.17,63866.9,104.3,0.0,18.64,5.66
2016-04-08,676.69,63859.5,104.3,0.0,17.06,5.62
2016-04-09,691.85,63861.2,104.3,9.5,21.3,9.79
2016-04-10,601.85,63808.9,104.29,0.0,22.08,10.94
2016-04-11,642.67,63781.1,104.28,0.0,27.1,16.96
2016-04-12,715.03,63796.8,104.28,7.63,19.99,11.28
2016-04-13,643.77,63769.6,104.27,0.0,20.97,10.22
2016-04-14,646.03,63743.8,104.27,0.0,20.69,9.51
2016-04-15,609.69,63696.3,104.25,0.01,25.65,16.93
2016-04-16,612.18,63650.2,104.24,0.0,24.09,10.0
2016-04-17,534.05,63557.2,104.21,0.0,24.44,12.23
2016-04-18,590.58,63498.2,104.19,0.0,23.37,12.9
2016-04-19,637.64,63467.3,104.18,2.19,26.22,15.84
2016-04-20,725.63,63489.3,104.19,13.58,24.73,13.92
2016-04-21,803.13,63557.8,104.21,7.44,25.84,16.18
2016-04-22,811.52,63631.3,104.23,4.34,22.83,10.17
2016-04-23,850.16,63728.0,104.26,0.0,24.02,13.08
2016-04-24,796.73,63792.7,104.28,10.53,23.73,14.77
2016-04-25,644.17,63765.8,104.27,0.0,23.19,11.1
2016-04-26,592.12,63707.6,104.26,0.0,23.3,13.07
2016-04-27,538.34,63617.3,104.23,0.0,20.52,10.25
2016-04-28,456.79,63477.9,104.19,0.0,16.32,5.84
2016-04-29,407.43,63309.0,104.14,0.0,13.97,1.79
2016-04-30,370.17,63117.7,104.08,0.0,14.33,2.34
2016-05-01,404.69,62947.1,104.03,1.94,13.86,4.71
2016-05-02,426.61,62789.7,103.98,0.0,16.25,5.02
2016-05-03,513.01,62684.1,103.95,0.0,16.33,6.56
2016-05-04,490.51,62565.0,103.91,0.0,17.92,5.93
2016-05-05,402.94,62393.4,103.86,0.61,15.32,3.59
2016-05-06,362.57,62197.5,103.8,0.0,15.46,7.74
2016-05-07,377.59,62010.7,103.75,0.0,28.81,15.95
2016-05-08,417.37,61847.7,103.7,1.04,20.92,10.94
2016-05-09,431.4,61693.2,103.65,0.0,18.16,8.92
2016-05-10,461.0,61556.4,103.61,0.0,16.8,8.07
2016-05-11,452.51,61414.5,103.57,3.74,13.18,2.21
2016-05-12,440.84,61265.6,103.52,0.0,15.89,5.52
2016-05-13,465.32,61131.4,103.48,0.0,18.23,6.33
2016-05-14,656.71,61112.0,103.48,15.8,18.47,10.59
2016-05-15,591.32,61053.4,103.46,0.0,22.76,10.9
2016-05-16,477.59,60926.5,103.42,0.0,23.9,14.08
2016-05-17,493.52,60809.3,103.39,0.0,29.79,19.53
2016-05-18,454.89,60668.8,103.35,0.0,37.03,26.56
2016-05-19,415.48,60504.7,103.3,1.41,32.55,20.85
2016-05-20,449.08,60360.7,103.25,0.0,31.34,19.43
2016-05-21,412.95,60195.1,103.2,0.0,28.9,19.51
2016-05-22,365.4,60001.0,103.15,0.0,26.64,16.88
2016-05-23,360.76,59804.0,103.09,0.0,25.4,16.2
2016-05-24,363.45,59608.7,103.03,0.0,29.49,18.62
2016-05-25,365.7,59414.7,102.97,0.0,22.96,12.42
2016-05-26,408.12,59246.2,102.92,0.0,22.78,12.21
2016-05-27,404.04,59075.2,102.87,0.0,21.65,12.55
2016-05-28,391.11,58896.5,102.82,0.0,23.25,11.44
2016-05-29,393.13,58719.0,102.76,0.0,19.96,8.47
2016-05-30,427.18,58561.9,102.72,0.0,18.43,8.3
2016-05-31,419.94,58400.5,102.67,0.0,21.57,10.2
2016-06-01,428.53,58244.2,102.62,0.0,20.84,11.47
2016-06-02,422.92,58084.5,102.57,0.0,20.74,11.77
2016-06-03,413.74,57919.4,102.52,0.0,27.56,14.97
2016-06-04,441.37,57770.8,102.48,0.0,29.9,19.73
2016-06-05,561.66,57694.4,102.46,18.91,27.67,16.27
2016-06-06,500.99,57581.6,102.42,0.0,26.04,15.8
2016-06-07,435.63,57429.6,102.38,0.0,26.52,14.92
2016-06-08,449.34,57285.8,102.33,0.0,33.25,20.32
2016-06-09,386.24,57104.1,102.28,0.0,29.83,18.38
2016-06-10,360.03,56906.8,102.22,0.0,36.08,23.13
2016-06-11,361.77,56710.4,102.16,0.0,29.6,18.02
2016-06-12,545.6,56624.4,102.14,13.83,32.65,21.06
2016-06-13,567.29,56551.4,102.11,0.0,27.73,18.17
2016-06-14,482.98,56427.8,102.08,0.0,25.76,15.17
2016-06-15,466.92,56294.5,102.04,0.0,26.34,15.89
2016-06-16,599.23,56240.7,102.02,8.13,22.92,12.85
2016-06-17,563.69,56165.5,102.0,0.0,27.42,16.15
2016-06-18,579.04,56099.5,101.98,0.0,24.19,15.24
2016-06-19,512.33,55993.5,101.95,0.05,23.99,12.9
2016-06-20,480.49,55868.4,101.91,0.0,23.77,14.14
2016-06-21,500.17,55755.1,101.88,0.0,22.47,13.51
2016-06-22,477.77,55628.4,101.84,0.0,27.5,16.05
2016-06-23,544.66,55541.8,101.81,0.0,28.94,17.19
2016-06-24,557.61,55463.0,101.79,0.0,32.82,22.87
2016-06-25,591.25,55404.3,101.77,0.0,25.73,14.92
2016-06-26,576.03,55336.5,101.75,0.0,22.42,10.31
2016-06-27,579.52,55270.8,101.73,0.0,19.9,9.94
2016-06-28,607.4,55221.9,101.72,0.04,21.13,9.64
2016-06-29,590.99,55163.1,101.7,0.0,21.81,12.32
2016-06-30,499.28,55049.3,101.66,0.0,23.72,13.55
2016-07-01,478.93,54923.2,101.63,0.0,23.21,12.52
2016-07-02,430.74,54768.3,101.58,0.0,26.78,14.72
2016-07-03,435.74,54616.3,101.53,0.0,31.77,19.44
2016-07-04,481.48,54491.8,101.5,0.0,34.31,24.54
2016-07-05,453.19,54350.3,101.45,0.0,33.67,23.89
2016-07-06,440.41,54201.2,101.41,0.0,36.02,25.98
2016-07-07,462.73,54065.4,101.37,0.0,32.96,21.94
2016-07-08,425.19,53907.1,101.32,0.77,32.08,22.48
2016-07-09,452.11,53765.0,101.28,0.0,28.22,15.92
2016-07-10,428.92,53609.0,101.23,0.0,25.75,13.94
2016-07-11,407.6,53440.1,101.18,0.0,25.65,12.05
2016-07-12,407.08,53271.0,101.13,0.0,25.39,16.49
2016-07-13,430.59,53115.9,101.09,0.0,30.33,21.3
2016-07-14,380.08,52930.6,101.03,0.0,30.93,20.57
2016-07-15,430.98,52775.8,100.98,5.35,29.97,18.39
2016-07-16,413.76,52610.6,100.93,0.0,37.28,24.83
2016-07-17,428.57,52454.4,100.89,0.0,31.22,19.43
2016-07-18,413.3,52289.0,100.84,0.0,31.08,20.18
2016-07-19,421.06,52128.2,100.79,0.0,29.7,19.61
2016-07-20,370.67,51937.2,100.73,0.0,31.59,20.91
2016-07-21,410.16,51769.9,100.68,0.0,33.03,21.46
2016-07-22,429.67,51614.3,100.64,0.0,34.63,24.22
2016-07-23,446.74,51469.0,100.59,1.47,30.32,20.67
2016-07-24,536.76,51377.6,100.56,0.0,31.6,21.05
2016-07-25,528.15,51281.1,100.54,0.0,31.58,22.09
2016-07-26,523.24,51181.7,100.51,0.0,28.21,20.45
2016-07-27,488.11,51061.1,100.47,0.0,31.72,19.96
2016-07-28,510.86,50954.3,100.44,0.0,29.12,17.19
2016-07-29,554.49,50873.6,100.41,0.0,25.44,16.33
2016-07-30,489.87,50754.1,100.38,0.0,26.56,16.08
2016-07-31,503.29,50642.7,100.34,0.0,24.25,12.08
2016-08-01,502.69,50530.9,100.31,0.0,27.83,19.05
2016-08-02,473.52,50401.6,100.27,0.0,29.62,19.23
2016-08-03,447.69,50256.8,100.23,0.0,34.26,22.68
2016-08-04,451.72,50114.5,100.19,0.0,37.96,27.94
2016-08-05,506.4,50004.9,100.15,0.0,35.61,27.35
2016-08-06,509.41,49897.1,100.12,0.0,34.88,23.41
2016-08-07,460.44,49760.0,100.08,0.0,32.64,22.33
2016-08-08,419.73,49598.4,100.03,0.0,35.28,25.4
2016-08-09,379.95,49413.0,99.98,0.0,39.38,26.01
2016-08-10,418.98,49251.0,99.93,0.0,38.19,27.98
2016-08-11,453.62,49109.8,99.89,0.0,36.81,23.46
2016-08-12,491.12,48991.1,99.85,0.0,33.84,24.75
2016-08-13,533.94,48898.0,99.82,0.0,34.96,24.55
2016-08-14,489.39,48778.3,99.79,0.0,29.74,19.75
2016-08-15,482.51,48654.4,99.75,0.0,29.46,18.1
2016-08-16,407.52,48485.5,99.7,0.0,30.11,19.02
2016-08-17,443.24,48338.0,99.65,0.0,32.79,21.4
2016-08-18,480.11,48212.7,99.62,0.0,30.97,20.11
2016-08-19,392.66,48034.9,99.56,0.0,31.78,22.57
2016-08-20,395.75,47859.0,99.51,0.0,29.72,19.25
2016-08-21,407.66,47690.2,99.46,0.0,26.24,12.67
2016-08-22,392.14,47512.1,99.41,0.0,30.01,16.72
2016-08-23,393.73,47334.9,99.35,0.0,28.47,16.56
2016-08-24,378.03,47148.3,99.3,0.0,25.71,17.54
2016-08-25,402.85,46976.6,99.25,1.68,23.8,14.7
2016-08-26,317.69,46753.9,99.18,0.0,23.9,11.86
2016-08-27,402.38,46581.9,99.13,15.76,19.16,10.19
2016-08-28,394.27,46405.1,99.08,0.0,25.47,14.54
2016-08-29,350.31,46201.8,99.02,0.0,25.17,12.96
2016-08-30,355.25,46001.6,98.96,0.0,24.54,11.43
2016-08-31,380.93,45816.8,98.9,0.0,24.65,13.76
2016-09-01,408.46,45648.4,98.85,0.0,24.43,12.56
2016-09-02,383.82,45465.3,98.8,0.0,21.55,12.46
2016-09-03,426.81,45308.0,98.75,0.0,20.2,8.28
2016-09-04,484.22,45185.2,98.71,0.0,20.86,10.59
2016-09-05,420.13,45023.8,98.66,0.0,24.7,13.1
2016-09-06,396.2,44848.2,98.61,0.0,27.63,15.11
2016-09-07,463.73,44713.0,98.57,0.0,25.25,11.94
2016-09-08,443.18,44565.5,98.53,0.0,26.93,15.61
2016-09-09,407.93,44396.9,98.48,0.0,21.45,12.74
2016-09-10,431.53,44242.4,98.43,0.0,20.46,11.53
2016-09-11,473.5,44113.1,98.39,0.0,19.66,7.21
2016-09-12,545.35,44026.9,98.36,3.19,26.19,14.91
2016-09-13,696.43,44031.4,98.37,0.0,28.47,16.53
2016-09-14,725.49,44053.3,98.37,0.0,23.03,12.27
2016-09-15,644.87,44026.8,98.36,0.0,25.03,15.77
2016-09-16,626.96,43989.6,98.35,0.0,27.31,14.82
2016-09-17,606.07,43939.8,98.34,0.0,25.26,15.19
2016-09-18,561.77,43863.5,98.32,1.88,20.15,10.34
2016-09-19,524.12,43764.6,98.29,0.0,24.16,12.76
2016-09-20,528.93,43668.5,98.26,0.0,22.85,11.1
2016-09-21,513.98,43563.5,98.23,0.0,23.65,13.11
2016-09-22,593.87,43506.5,98.21,0.0,23.42,11.8
2016-09-23,614.61,43461.8,98.2,0.0,24.29,12.68
2016-09-24,823.97,43542.8,98.22,17.43,18.39,8.41
2016-09-25,792.71,43605.0,98.24,0.0,25.0,10.73
2016-09-26,845.24,43698.8,98.27,0.0,25.09,14.42
2016-09-27,862.0,43802.6,98.3,0.0,17.16,6.71
2016-09-28,914.96,43938.2,98.34,0.0,18.41,9.18
2016-09-29,875.15,44049.9,98.37,0.0,20.73,6.6
2016-09-30,808.78,44121.7,98.39,0.0,22.84,11.98
2016-10-01,748.59,44157.5,98.4,0.0,21.23,11.57
2016-10-02,686.32,44155.9,98.4,0.0,17.4,7.62
2016-10-03,823.26,44236.4,98.43,0.0,22.98,10.93
2016-10-04,790.51,44297.3,98.45,0.0,18.32,9.22
2016-10-05,740.31,44328.1,98.45,0.0,24.15,13.56
2016-10-06,659.87,44310.7,98.45,0.0,20.85,11.66
2016-10-07,602.93,44259.0,98.43,0.0,22.82,13.15
2016-10-08,633.13,44225.5,98.42,0.0,20.06,10.41
2016-10-09,1182.53,44521.6,98.51,31.31,17.31,4.82
2016-10-10,1103.38,44770.3,98.59,0.0,17.51,6.43
2016-10-11,1084.19,45007.4,98.66,0.0,14.64,2.94
2016-10-12,985.28,45185.2,98.71,0.0,20.07,10.36
2016-10-13,932.55,45331.3,98.75,0.0,19.98,8.79
2016-10-14,846.54,45425.8,98.78,0.0,19.06,5.65
2016-10-15,840.77,45516.9,98.81,0.0,20.25,8.91
2016-10-16,777.25,45569.8,98.83,0.51,12.96,3.09
2016-10-17,777.64,45623.0,98.84,0.0,14.25,4.36
2016-10-18,832.12,45708.9,98.87,0.0,19.63,10.49
2016-10-19,932.32,45854.9,98.91,2.4,20.84,9.23
2016-10-20,820.14,45933.6,98.94,0.0,18.84,6.58
2016-10-21,770.87,45982.7,98.95,0.0,16.12,5.17
2016-10-22,806.33,46053.1,98.97,0.0,19.84,8.52
2016-10-23,746.94,46087.9,98.98,0.0,17.19,7.02
2016-10-24,750.28,46124.6,98.99,0.0,13.61,2.71
2016-10-25,813.72,46199.5,99.01,0.0,9.49,-1.01
2016-10-26,862.96,46303.9,99.05,0.0,14.84,4.16
2016-10-27,788.12,46363.3,99.06,0.0,14.87,5.62
2016-10-28,810.74,46436.4,99.09,0.0,18.11,6.94
2016-10-29,766.44,46482.9,99.1,3.0,19.53,6.81
2016-10-30,749.88,46519.4,99.11,0.0,15.26,5.07
2016-10-31,725.66,46541.4,99.12,1.74,17.33,6.37
2016-11-01,703.31,46550.0,99.12,0.0,14.74,6.61
2016-11-02,740.15,46580.7,99.13,0.0,13.31,3.54
2016-11-03,751.91,46618.4,99.14,0.0,15.8,3.46
2016-11-04,627.1,46581.3,99.13,0.09,16.15,6.04
2016-11-05,738.57,46611.0,99.14,0.0,14.32,1.72
2016-11-06,658.04,46592.5,99.13,0.0,12.17,-0.39
2016-11-07,622.69,46552.7,99.12,0.0,7.91,-4.31
2016-11-08,623.75,46513.5,99.11,0.0,8.62,-3.08
2016-11-09,625.82,46475.6,99.1,0.0,12.92,0.57
2016-11-10,550.25,46392.4,99.07,0.0,12.99,2.37
2016-11-11,579.02,46326.4,99.05,0.0,15.21,2.07
2016-11-12,600.94,46273.6,99.04,0.0,15.35,3.68
2016-11-13,557.74,46194.8,99.01,0.0,14.39,6.2
2016-11-14,558.09,46116.3,98.99,0.0,14.43,1.02
2016-11-15,497.77,46001.5,98.96,0.0,5.24,-5.26
2016-11-16,478.57,45875.3,98.92,0.0,11.92,-0.63
2016-11-17,518.24,45772.8,98.89,0.0,10.06,1.2
2016-11-18,461.51,45636.3,98.85,0.0,16.28,5.83
2016-11-19,509.16,45528.4,98.81,0.0,11.1,-1.15
2016-11-20,820.41,45607.3,98.84,24.37,10.84,-2.43
2016-11-21,824.12,45688.4,98.86,0.0,9.5,-2.32
2016-11-22,833.73,45775.2,98.89,0.0,7.9,-3.63
2016-11-23,750.48,45812.1,98.9,0.0,7.81,-1.23
2016-11-24,654.47,45791.4,98.89,0.0,8.05,-5.26
2016-11-25,577.43,45724.5,98.87,0.0,6.79,-4.06
2016-11-26,587.94,45663.8,98.85,0.0,6.12,-5.99
2016-11-27,714.24,45679.0,98.86,12.89,6.88,-2.85
2016-11-28,711.8,45692.7,98.86,0.0,7.54,-2.74
2016-11-29,703.09,45701.1,98.87,0.0,4.52,-5.1
2016-11-30,637.05,45669.9,98.86,0.0,8.38,-3.01
2016-12-01,646.47,45644.4,98.85,0.0,10.25,-1.01
2016-12-02,572.0,45574.2,98.83,0.0,7.63,0.06
2016-12-03,620.32,45533.0,98.82,0.0,10.44,1.67
2016-12-04,689.13,45533.1,98.82,0.0,11.61,-1.02
2016-12-05,667.14,45520.0,98.81,0.0,11.67,-0.3
2016-12-06,675.24,45511.7,98.81,0.0,7.55,-3.39
2016-12-07,717.75,45529.0,98.81,0.0,12.42,0.06
2016-12-08,630.46,45493.9,98.8,0.0,14.76,1.38
2016-12-09,715.91,45510.0,98.81,11.22,14.47,0.64
2016-12-10,667.73,45497.3,98.8,0.0,10.51,-1.59
2016-12-11,591.66,45438.9,98.79,0.0,6.94,-4.19
2016-12-12,613.79,45393.8,98.77,0.0,7.82,-6.6
2016-12-13,590.4,45334.6,98.76,0.0,5.42,-2.26
2016-12-14,640.92,45305.8,98.75,0.0,4.47,-6.92
2016-12-15,625.16,45267.5,98.74,0.0,1.79,-9.91
2016-12-16,632.2,45233.4,98.73,2.76,0.0,-13.63
2016-12-17,642.53,45205.5,98.72,0.0,1.96,-10.32
2016-12-18,571.4,45134.9,98.7,0.0,5.28,-5.69
2016-12-19,599.0,45080.9,98.68,0.0,6.37,-5.61
2016-12-20,657.24,45061.9,98.67,0.0,11.87,0.24
2016-12-21,665.15,45047.6,98.67,0.0,10.78,1.82
2016-12-22,594.72,44991.0,98.65,2.28,10.79,-0.7
2016-12-23,583.07,44927.5,98.63,0.0,13.65,3.21
2016-12-24,538.96,44837.5,98.61,0.0,12.66,-0.27
2016-12-25,579.52,44771.8,98.59,0.0,8.3,-0.99
2016-12-26,550.92,44688.9,98.56,0.0,6.75,-3.38
2016-12-27,651.86,44666.6,98.56,0.0,5.78,-6.17
2016-12-28,691.16,44667.9,98.56,0.0,5.88,-5.46
2016-12-29,799.72,44734.4,98.58,0.0,3.95,-5.07
2016-12-30,865.07,44840.0,98.61,0.0,9.28,-3.93
2016-12-31,885.32,44957.8,98.64,2.58,6.78,-3.39
2017-01-01,822.38,45037.8,98.67,0.0,11.71,1.94
2017-01-02,904.55,45167.2,98.71,9.3,11.32,0.07
2017-01-03,943.16,45319.7,98.75,1.02,8.3,-2.68
2017-01-04,983.54,45496.4,98.8,0.0,6.22,-6.04
2017-01-05,1007.28,45687.4,98.86,0.0,5.75,-7.04
2017-01-06,1428.64,46131.2,98.99,16.25,0.64,-9.83
2017-01-07,1274.97,46482.8,99.1,0.0,8.63,-3.98
2017-01-08,1096.9,46727.5,99.17,0.0,11.64,0.43
2017-01-09,962.22,46891.4,99.22,0.0,8.85,-2.33
2017-01-10,839.81,46981.9,99.25,0.0,6.06,-6.26
2017-01-11,850.14,47078.6,99.28,1.58,1.76,-9.3
2017-01-12,979.09,47252.7,99.33,7.59,1.56,-9.51
2017-01-13,848.54,47348.4,99.36,0.0,3.24,-7.8
2017-01-14,992.73,47530.6,99.41,0.0,2.22,-7.62
2017-01-15,1064.37,47755.9,99.48,0.0,5.14,-6.13
2017-01-16,1015.67,47951.9,99.54,0.0,12.38,-1.9
2017-01-17,1943.4,48704.5,99.76,50.56,12.16,2.11
2017-01-18,1607.4,49255.6,99.93,0.0,12.25,0.43
2017-01-19,1315.57,49631.5,100.04,0.0,7.98,-2.84
2017-01-20,1040.0,49842.1,100.11,0.45,7.78,-6.62
2017-01-21,966.89,50008.8,100.16,0.0,7.04,-2.11
2017-01-22,961.24,50172.2,100.2,8.3,8.18,-2.07
2017-01-23,830.73,50257.2,100.23,0.0,4.15,-6.78
2017-01-24,775.65,50309.2,100.24,0.0,5.18,-3.49
2017-01-25,857.48,50410.3,100.28,1.34,5.93,-2.99
2017-01-26,725.91,50432.5,100.28,0.0,3.34,-9.57
2017-01-27,751.67,50470.1,100.29,0.0,2.27,-10.76
2017-01-28,794.88,50533.6,100.31,0.0,2.59,-8.11
2017-01-29,1510.31,51026.4,100.46,38.42,1.62,-7.85
2017-01-30,1670.81,51615.5,100.64,20.34,0.26,-8.64
2017-01-31,1261.63,51959.1,100.74,0.0,0.16,-9.15
2017-02-01,1051.29,52176.4,100.8,0.0,6.48,-5.83
2017-02-02,1085.85,52414.6,100.88,0.0,6.0,-5.65
2017-02-03,1073.15,52645.1,100.94,12.47,7.52,-2.69
2017-02-04,948.02,52800.5,100.99,0.0,7.42,-2.9
2017-02-05,936.56,52949.0,101.04,0.02,6.15,-5.59
2017-02-06,751.85,52986.7,101.05,0.0,3.28,-8.68
2017-02-07,735.63,53014.7,101.05,0.0,3.02,-5.51
2017-02-08,785.5,53072.6,101.07,0.0,7.98,-4.45
2017-02-09,708.04,53084.0,101.08,0.0,5.03,-6.47
2017-02-10,678.85,53077.9,101.07,0.0,9.8,-1.08
2017-02-11,535.08,52985.6,101.05,0.0,8.4,-3.06
2017-02-12,541.84,52897.3,101.02,0.26,7.58,-3.64
2017-02-13,522.88,52797.6,100.99,0.0,7.1,-4.12
2017-02-14,539.04,52707.7,100.96,1.05,8.73,-2.36
2017-02-15,566.38,52634.1,100.94,0.0,4.18,-8.53
2017-02-16,559.51,52556.4,100.92,2.0,7.8,-4.79
2017-02-17,529.82,52460.9,100.89,0.0,3.24,-6.1
2017-02-18,535.25,52368.7,100.86,0.0,1.93,-10.45
2017-02-19,625.01,52330.3,100.85,0.0,4.05,-7.01
2017-02-20,676.82,52323.0,100.85,0.0,7.5,-5.98
2017-02-21,671.86,52312.7,100.84,0.0,9.17,-1.06
2017-02-22,745.43,52346.5,100.85,0.0,10.51,-0.89
2017-02-23,674.88,52338.1,100.85,0.0,8.53,-1.9
2017-02-24,711.23,52351.4,100.86,0.0,6.9,-2.9
2017-02-25,850.75,52448.5,100.89,3.44,9.83,0.37
2017-02-26,846.96,52543.2,100.91,6.07,9.47,0.68
2017-02-27,1056.14,52763.5,100.98,12.22,13.08,1.36
2017-02-28,1053.66,52982.3,101.05,0.0,9.94,-0.92
2017-03-01,1144.53,53255.7,101.13,2.01,5.9,-3.35
2017-03-02,1147.82,53531.0,101.21,1.26,10.61,-1.8
2017-03-03,1136.46,53799.4,101.29,0.0,12.68,-1.92
2017-03-04,1097.23,54044.4,101.36,0.0,12.75,-0.37
2017-03-05,1295.88,54408.5,101.47,9.55,8.64,-2.66
2017-03-06,1206.9,54719.2,101.56,0.0,8.26,-0.98
2017-03-07,1179.66,55013.6,101.65,0.0,9.93,-0.26
2017-03-08,1321.54,55393.2,101.77,10.13,15.15,2.73
2017-03-09,1132.93,55659.5,101.85,0.0,11.8,-0.52
2017-03-10,1567.47,56186.6,102.0,17.58,12.34,1.73
2017-03-11,1388.94,56606.6,102.13,0.0,14.7,4.51
2017-03-12,1199.73,56913.0,102.22,0.0,13.7,2.86
2017-03-13,1060.19,57135.7,102.29,0.0,11.1,0.68
2017-03-14,1145.34,57409.6,102.37,0.0,10.43,3.12
2017-03-15,1045.71,57623.6,102.43,0.0,12.94,3.71
2017-03-16,935.68,57771.6,102.48,0.0,17.43,5.28
2017-03-17,1001.59,57959.2,102.53,0.0,11.16,-0.09
2017-03-18,1056.02,58179.4,102.6,5.02,17.93,6.76
2017-03-19,1012.19,58373.3,102.66,0.0,13.27,0.18
2017-03-20,1235.83,58701.4,102.76,15.05,12.57,-1.42
2017-03-21,1894.48,59424.7,102.97,38.76,9.98,-2.39
2017-03-22,1838.25,60114.2,103.18,0.0,15.23,3.79
2017-03-23,1300.28,60481.0,103.29,1.53,9.49,0.7
2017-03-24,1228.98,60805.0,103.39,0.27,10.71,-0.7
2017-03-25,1052.01,61022.8,103.45,0.35,11.03,-0.51
2017-03-26,882.61,61139.0,103.49,0.0,9.55,-1.69
2017-03-27,833.12,61225.5,103.51,0.0,10.25,-1.27
2017-03-28,784.77,61282.9,103.53,0.0,8.41,0.4
2017-03-29,717.22,61299.9,103.53,0.0,10.6,0.97
2017-03-30,766.13,61346.1,103.55,0.0,12.89,1.68
2017-03-31,861.31,61449.5,103.58,0.0,11.42,1.23
2017-04-01,823.89,61530.5,103.6,0.0,16.06,6.59
2017-04-02,1026.77,61733.1,103.66,3.81,16.73,6.61
2017-04-03,1051.52,61950.7,103.73,0.0,15.46,6.4
2017-04-04,1554.67,62470.1,103.88,19.13,20.12,7.39
2017-04-05,1234.48,62797.4,103.98,0.0,16.37,7.27
2017-04-06,1119.66,63055.8,104.06,0.0,18.49,8.31
2017-04-07,1123.59,63316.5,104.14,0.0,20.79,9.19
2017-04-08,1058.09,63538.0,104.2,0.0,20.75,12.14
2017-04-09,1144.63,63811.3,104.29,0.0,25.71,15.61
2017-04-10,1010.77,64004.4,104.34,0.0,22.93,11.93
2017-04-11,1066.32,64230.8,104.41,0.0,25.96,13.85
2017-04-12,1114.75,64486.3,104.49,0.0,22.08,11.17
2017-04-13,1072.87,64716.6,104.56,3.78,18.05,8.81
2017-04-14,978.41,64890.2,104.61,0.0,17.76,5.99
2017-04-15,933.23,65036.8,104.65,0.0,18.8,5.29
2017-04-16,864.32,65142.0,104.68,0.0,17.69,6.88
2017-04-17,829.91,65226.5,104.71,0.0,19.88,5.98
2017-04-18,885.01,65344.1,104.75,4.08,17.91,8.56
2017-04-19,912.03,65478.0,104.79,0.07,16.17,6.27
2017-04-20,1060.31,65700.7,104.85,5.08,16.36,6.47
2017-04-21,1066.48,65927.2,104.92,2.38,22.21,9.62
2017-04-22,1076.88,66160.0,104.99,2.18,16.52,7.96
2017-04-23,950.49,66316.9,105.04,0.0,13.11,3.68
2017-04-24,903.26,66445.4,105.07,0.0,19.11,6.78
2017-04-25,1017.62,66642.6,105.13,2.88,15.7,3.15
2017-04-26,937.14,66791.5,105.18,0.0,17.49,4.61
2017-04-27,845.64,66885.5,105.21,0.0,14.96,2.96
2017-04-28,819.27,66963.6,105.23,0.0,19.32,6.49
2017-04-29,776.44,67016.1,105.25,0.0,22.87,10.89
2017-04-30,1027.22,67219.0,105.31,6.64,17.05,6.6
2017-05-01,998.33,67404.6,105.36,0.0,14.63,5.15
2017-05-02,895.71,67528.7,105.4,0.0,11.29,1.47
2017-05-03,845.05,67622.3,105.43,0.0,16.26,6.84
2017-05-04,780.99,67677.5,105.44,0.0,14.93,4.76
2017-05-05,779.47,67731.8,105.46,0.0,16.46,3.88
2017-05-06,845.29,67825.6,105.49,3.13,16.58,6.47
2017-05-07,818.71,67903.4,105.51,0.0,22.15,11.49
2017-05-08,821.6,67983.0,105.54,0.0,18.35,10.48
2017-05-09,815.29,68058.8,105.56,4.89,19.95,10.46
2017-05-10,980.32,68233.5,105.61,19.1,22.51,10.73
2017-05-11,1558.81,68755.4,105.77,61.59,23.9,13.36
2017-05-12,1268.41,69103.1,105.87,0.0,22.11,11.16
2017-05-13,993.59,69285.8,105.93,0.0,23.36,10.25
2017-05-14,937.78,69435.1,105.97,0.0,22.65,12.05
2017-05-15,781.35,69490.5,105.99,4.5,23.8,10.63
2017-05-16,710.21,69503.3,105.99,2.07,28.7,17.52
2017-05-17,694.7,69506.7,105.99,0.0,27.5,15.97
2017-05-18,607.88,69458.0,105.98,0.0,25.84,14.25
2017-05-19,562.69,69382.2,105.95,0.0,29.02,17.57
2017-05-20,550.74,69299.3,105.93,0.0,30.75,20.38
2017-05-21,550.86,69216.4,105.9,0.0,26.83,18.47
2017-05-22,652.46,69194.5,105.9,7.26,23.72,14.89
2017-05-23,635.36,69162.3,105.89,0.38,19.06,9.31
2017-05-24,588.75,69102.1,105.87,0.0,23.62,14.17
2017-05-25,617.08,69059.0,105.86,0.0,24.69,16.71
2017-05-26,531.31,68964.4,105.83,0.0,29.62,18.28
2017-05-27,548.83,68880.3,105.8,7.21,29.46,18.67
2017-05-28,448.4,68735.9,105.76,0.0,25.49,14.84
2017-05-29,408.15,68567.4,105.71,0.0,23.1,11.18
2017-05-30,404.21,68396.6,105.66,0.0,22.02,13.58
2017-05-31,473.2,68267.1,105.62,0.0,24.65,14.86
2017-06-01,572.85,68197.4,105.6,11.2,27.86,16.78
2017-06-02,520.6,68096.4,105.57,0.0,33.61,23.31
2017-06-03,467.03,67963.2,105.53,0.0,32.39,20.06
2017-06-04,442.93,67815.5,105.49,0.0,36.45,23.69
2017-06-05,447.75,67670.8,105.44,0.0,34.18,24.16
2017-06-06,459.8,67533.3,105.4,1.99,35.76,21.46
2017-06-07,486.6,67411.8,105.36,0.0,27.67,17.13
2017-06-08,476.39,67284.3,105.33,0.0,27.54,17.01
2017-06-09,509.14,67176.4,105.29,0.0,30.23,17.82
2017-06-10,523.21,67076.9,105.26,3.27,24.98,16.25
2017-06-11,507.04,66967.7,105.23,0.0,24.14,13.57
2017-06-12,476.26,66840.1,105.19,0.0,24.17,12.77
2017-06-13,494.04,66723.1,105.16,0.0,21.47,9.42
2017-06-14,519.66,66621.5,105.13,0.0,22.62,12.48
2017-06-15,493.2,66504.0,105.09,0.0,25.28,15.42
2017-06-16,505.51,66393.9,105.06,0.0,34.51,22.95
2017-06-17,465.42,66259.8,105.02,0.0,29.93,20.21
2017-06-18,512.45,66153.9,104.99,0.0,33.47,24.75
2017-06-19,524.63,66055.3,104.96,0.0,35.05,23.33
2017-06-20,538.22,65964.8,104.93,0.0,29.49,16.34
2017-06-21,518.95,65862.8,104.9,0.0,32.21,19.18
2017-06-22,489.52,65743.1,104.86,0.0,34.64,21.98
2017-06-23,407.67,65574.3,104.81,0.0,29.36,17.85
2017-06-24,405.77,65404.4,104.76,0.0,30.88,19.23
2017-06-25,446.84,65259.1,104.72,0.0,28.41,17.36
2017-06-26,450.46,65115.9,104.68,0.0,30.84,18.69
2017-06-27,450.24,64972.7,104.63,1.85,31.22,19.5
2017-06-28,401.51,64800.2,104.58,0.0,26.7,16.54
2017-06-29,430.97,64645.4,104.54,0.0,25.32,16.71
2017-06-30,509.36,64537.6,104.5,11.22,26.17,15.64
2017-07-01,512.05,64431.4,104.47,0.0,31.58,19.55
2017-07-02,655.69,64411.4,104.47,7.19,31.53,19.37
2017-07-03,588.73,64351.3,104.45,0.0,33.09,16.7
2017-07-04,556.1,64271.6,104.42,0.0,25.6,14.19
2017-07-05,569.78,64200.0,104.4,0.0,25.97,14.56
2017-07-06,683.13,64196.5,104.4,8.71,24.34,15.78
2017-07-07,676.86,64189.2,104.4,0.0,28.34,17.32
2017-07-08,829.33,64273.4,104.42,15.32,30.0,16.64
2017-07-09,933.37,64420.1,104.47,10.19,27.09,12.47
2017-07-10,765.84,64466.2,104.48,0.0,26.32,14.88
2017-07-11,785.89,64524.3,104.5,0.0,28.02,15.77
2017-07-12,664.67,64509.7,104.5,0.0,27.3,15.5
2017-07-13,604.03,64458.7,104.48,0.0,26.11,13.13
2017-07-14,647.86,64434.0,104.47,0.0,26.03,14.59
2017-07-15,587.34,64373.1,104.45,0.0,25.82,14.3
2017-07-16,608.26,64324.6,104.44,0.34,25.32,19.47
2017-07-17,602.74,64272.9,104.42,0.0,27.24,13.09
2017-07-18,492.0,64154.7,104.39,0.0,24.52,14.6
2017-07-19,460.92,64017.8,104.35,0.0,28.17,18.8
2017-07-20,396.77,63842.5,104.3,0.0,30.96,19.3
2017-07-21,397.06,63667.3,104.24,0.0,28.51,20.62
2017-07-22,534.72,63574.8,104.22,21.63,30.19,18.19
2017-07-23,436.07,63423.0,104.17,0.0,28.29,18.53
2017-07-24,439.98,63273.6,104.13,0.0,30.48,19.69
2017-07-25,456.73,63134.2,104.08,0.0,30.38,20.9
2017-07-26,373.2,62944.8,104.03,0.0,26.29,18.05
2017-07-27,335.21,62732.5,103.96,0.0,34.78,23.81
2017-07-28,352.5,62530.6,103.9,0.0,34.74,22.32
2017-07-29,346.85,62325.3,103.84,0.0,35.7,24.48
2017-07-30,350.88,62122.4,103.78,0.0,38.47,24.5
2017-07-31,349.69,61918.9,103.72,0.0,37.24,29.0
2017-08-01,350.15,61715.5,103.66,0.0,37.1,24.6
2017-08-02,369.08,61523.6,103.6,0.0,31.09,21.38
2017-08-03,356.45,61324.1,103.54,0.0,34.94,22.78
2017-08-04,388.02,61143.5,103.49,0.0,30.03,21.98
2017-08-05,373.66,60954.3,103.43,0.0,30.64,18.59
2017-08-06,351.78,60752.0,103.37,0.0,31.67,20.88
2017-08-07,332.66,60538.2,103.31,0.0,30.46,19.6
2017-08-08,365.58,60344.1,103.25,0.0,29.58,20.29
2017-08-09,341.1,60135.4,103.19,0.0,30.27,19.43
2017-08-10,379.79,59949.8,103.13,0.0,30.46,18.85
2017-08-11,372.05,59759.7,103.07,0.0,34.32,25.32
2017-08-12,761.03,59802.9,103.09,47.49,31.44,20.46
2017-08-13,622.45,59763.0,103.07,0.0,31.05,19.56
2017-08-14,586.97,59701.8,103.06,0.0,25.82,15.11
2017-08-15,605.22,59651.5,103.04,0.52,28.32,17.94
2017-08-16,612.76,59605.8,103.03,2.98,26.47,16.32
2017-08-17,612.42,59559.8,103.01,0.0,27.89,17.0
2017-08-18,623.22,59520.3,103.0,0.0,29.62,16.8
2017-08-19,585.28,59458.1,102.98,0.0,23.76,13.63
2017-08-20,686.03,59456.3,102.98,0.0,23.76,11.71
2017-08-21,658.94,59438.3,102.98,0.0,24.34,14.6
2017-08-22,612.77,59392.6,102.96,0.0,23.93,14.1
2017-08-23,595.7,59336.6,102.95,0.0,30.78,19.53
2017-08-24,594.3,59279.8,102.93,0.0,30.14,20.57
2017-08-25,618.68,59237.6,102.92,0.0,29.69,18.78
2017-08-26,617.88,59194.9,102.9,0.0,31.24,19.76
2017-08-27,652.97,59173.3,102.9,0.0,30.39,17.6
2017-08-28,596.72,59118.0,102.88,0.0,32.6,21.02
2017-08-29,612.51,59072.1,102.87,0.0,23.42,12.8
2017-08-30,603.43,59020.7,102.85,0.0,18.75,10.28
2017-08-31,482.14,58896.6,102.82,0.0,19.52,12.94
2017-09-01,523.48,58797.3,102.79,0.0,20.39,10.55
2017-09-02,503.99,58686.3,102.75,0.0,22.03,11.91
2017-09-03,486.87,58565.0,102.72,0.0,28.12,17.86
2017-09-04,506.35,58455.4,102.68,0.0,29.73,18.29
2017-09-05,537.58,58364.6,102.66,0.0,33.15,23.44
2017-09-06,511.77,58258.3,102.62,0.0,33.94,22.47
2017-09-07,505.58,58148.2,102.59,0.0,27.69,15.9
2017-09-08,556.46,58068.7,102.57,0.0,25.53,15.0
2017-09-09,497.29,57953.7,102.53,0.0,25.89,11.79
2017-09-10,616.49,57910.2,102.52,4.78,25.29,16.04
2017-09-11,648.27,57885.7,102.51,0.0,21.74,12.76
2017-09-12,641.36,57857.2,102.5,0.0,23.59,11.71
2017-09-13,624.44,57818.4,102.49,0.0,19.09,9.14
2017-09-14,575.9,57750.6,102.47,0.0,18.52,8.26
2017-09-15,567.37,57677.6,102.45,0.0,17.85,5.38
2017-09-16,573.36,57608.2,102.43,0.0,22.47,7.55
2017-09-17,641.13,57579.5,102.42,0.0,19.03,8.37
2017-09-18,545.3,57493.3,102.4,0.0,19.39,11.37
2017-09-19,539.6,57403.6,102.37,0.0,17.7,8.85
2017-09-20,484.65,57281.0,102.33,0.0,16.61,5.11
2017-09-21,467.67,57148.2,102.29,0.0,20.63,9.23
2017-09-22,451.25,57005.6,102.25,0.0,23.87,12.39
2017-09-23,433.54,56852.3,102.2,0.0,23.48,12.25
2017-09-24,474.45,56723.6,102.16,0.0,25.61,14.27
2017-09-25,447.08,56578.4,102.12,0.0,25.7,16.66
2017-09-26,432.79,56424.7,102.08,0.0,25.12,15.92
2017-09-27,540.68,56335.7,102.05,9.11,23.74,12.1
2017-09-28,447.57,56190.9,102.01,0.0,16.53,6.07
2017-09-29,445.26,56044.6,101.96,0.0,18.86,9.1
2017-09-30,446.23,55899.0,101.92,0.0,19.76,12.28
2017-10-01,454.14,55758.1,101.88,0.0,17.96,9.64
2017-10-02,404.67,55587.5,101.82,0.0,16.18,2.76
2017-10-03,376.83,55400.2,101.77,0.0,15.02,3.92
2017-10-04,381.51,55215.7,101.71,0.0,14.67,4.71
2017-10-05,389.6,55036.1,101.66,0.0,16.07,4.47
2017-10-06,375.11,54847.7,101.6,0.0,23.48,13.96
2017-10-07,388.33,54667.3,101.55,0.0,24.21,13.93
2017-10-08,437.42,54516.4,101.5,0.0,21.46,11.57
2017-10-09,455.65,54376.4,101.46,0.0,21.68,8.76
2017-10-10,449.37,54232.6,101.42,0.0,14.62,4.36
2017-10-11,428.83,54076.5,101.37,0.0,16.01,7.49
2017-10-12,465.21,53942.2,101.33,0.0,14.75,4.26
2017-10-13,474.82,53813.7,101.29,0.0,14.81,-0.25
2017-10-14,487.04,53692.6,101.26,0.0,9.79,0.83
2017-10-15,498.0,53578.0,101.22,0.0,11.81,1.12
2017-10-16,559.87,53500.5,101.2,0.0,17.13,6.24
2017-10-17,506.77,53391.2,101.17,0.0,15.91,4.59
2017-10-18,498.53,53276.9,101.13,0.0,19.23,6.19
2017-10-19,479.42,53151.1,101.1,0.0,17.49,8.08
2017-10-20,416.57,52987.7,101.05,0.0,15.37,2.75
2017-10-21,420.13,52826.4,101.0,0.0,11.98,2.27
2017-10-22,429.24,52670.5,100.95,0.0,18.78,4.93
2017-10-23,374.27,52481.7,100.9,0.0,16.87,7.07
2017-10-24,457.63,52342.9,100.85,0.0,13.12,2.74
2017-10-25,496.3,52227.2,100.82,0.0,9.38,-0.65
2017-10-26,530.15,52131.9,100.79,0.0,9.87,-3.02
2017-10-27,604.44,52081.2,100.78,0.0,16.6,2.92
2017-10-28,553.11,51999.7,100.75,0.0,13.36,2.86
2017-10-29,566.26,51926.0,100.73,0.0,12.82,6.07
2017-10-30,535.73,51834.1,100.7,0.0,14.76,0.39
2017-10-31,503.32,51722.7,100.67,0.0,11.98,1.87
2017-11-01,630.12,51687.3,100.66,1.12,19.55,9.31
2017-11-02,587.25,51626.3,100.64,0.0,17.02,4.21
2017-11-03,570.27,51555.1,100.62,0.0,18.69,5.74
2017-11-04,639.88,51525.6,100.61,0.0,21.97,8.52
2017-11-05,572.88,51455.9,100.59,0.0,19.27,6.02
2017-11-06,586.59,51394.5,100.57,0.0,18.53,9.1
2017-11-07,564.48,51319.8,100.55,0.0,15.56,2.19
2017-11-08,542.49,51231.9,100.52,0.0,15.31,5.64
2017-11-09,567.5,51159.0,100.5,0.0,18.94,8.98
2017-11-10,612.0,51112.8,100.49,0.0,17.11,7.2
2017-11-11,590.89,51053.9,100.47,0.0,11.49,1.93
2017-11-12,580.04,50988.5,100.45,0.0,12.73,2.43
2017-11-13,545.74,50902.6,100.42,0.0,7.39,-3.38
2017-11-14,510.04,50795.2,100.39,0.0,9.46,-1.53
2017-11-15,588.98,50735.2,100.37,3.0,8.93,-1.95
2017-11-16,596.03,50679.4,100.36,0.0,12.64,1.1
2017-11-17,659.24,50661.6,100.35,4.18,11.56,0.92
2017-11-18,626.13,50623.9,100.34,0.0,12.52,2.15
2017-11-19,602.8,50572.1,100.32,0.0,10.23,0.29
2017-11-20,957.51,50733.2,100.37,37.24,13.93,1.9
2017-11-21,926.48,50875.7,100.41,0.0,15.31,6.36
2017-11-22,795.5,50939.6,100.43,0.0,18.91,8.09
2017-11-23,722.34,50959.6,100.44,0.0,17.67,7.52
2017-11-24,723.37,50980.3,100.45,0.0,14.92,2.65
2017-11-25,652.72,50958.5,100.44,0.0,15.88,4.74
2017-11-26,625.38,50920.3,100.43,0.0,14.57,4.08
2017-11-27,590.69,50861.4,100.41,0.0,13.62,4.22
2017-11-28,586.14,50799.6,100.39,0.0,15.22,3.83
2017-11-29,564.13,50724.7,100.37,0.0,13.92,2.18
2017-11-30,581.82,50660.4,100.35,0.0,13.56,1.76
2017-12-01,497.18,50545.3,100.32,0.0,10.38,-2.35
2017-12-02,448.82,50401.2,100.27,0.0,10.65,-0.49
2017-12-03,471.71,50270.9,100.23,0.0,15.06,3.2
2017-12-04,458.06,50132.3,100.19,0.0,12.2,1.93
2017-12-05,387.65,49951.5,100.14,0.0,14.09,2.93
2017-12-06,592.79,49893.8,100.12,32.19,7.34,-1.91
2017-12-07,594.17,49836.9,100.1,0.0,7.59,-5.0
2017-12-08,517.08,49733.7,100.07,0.0,7.46,-3.72
2017-12-09,526.78,49636.4,100.04,0.0,2.18,-9.35
2017-12-10,527.7,49539.6,100.01,0.0,4.47,-6.77
2017-12-11,465.41,49405.5,99.97,0.0,5.34,-6.65
2017-12-12,425.21,49247.2,99.93,0.0,2.93,-7.67
2017-12-13,487.41,49126.3,99.89,0.0,6.71,-5.84
2017-12-14,482.69,49002.5,99.85,0.0,5.26,-4.07
2017-12-15,447.02,48857.3,99.81,0.12,7.45,-1.21
2017-12-16,476.45,48729.8,99.77,3.56,7.4,-4.15
2017-12-17,569.65,48658.2,99.75,9.45,9.36,-3.61
2017-12-18,513.71,48553.0,99.72,0.0,11.39,0.1
2017-12-19,639.3,48523.2,99.71,10.96,9.59,-2.51
2017-12-20,742.29,48555.1,99.72,4.57,6.42,-3.75
2017-12-21,606.35,48505.6,99.71,0.0,1.49,-10.01
2017-12-22,567.37,48432.6,99.68,0.0,3.16,-7.06
2017-12-23,525.11,48334.3,99.65,0.0,5.06,-6.11
2017-12-24,461.65,48197.8,99.61,0.0,7.86,-2.89
2017-12-25,411.99,48031.6,99.56,0.0,7.43,-6.09
2017-12-26,361.69,47835.3,99.5,0.0,5.79,-4.84
2017-12-27,372.91,47645.6,99.45,0.0,3.82,-10.69
2017-12-28,342.61,47437.8,99.39,0.0,4.16,-5.29
2017-12-29,314.95,47213.4,99.32,0.0,4.82,-4.12
2017-12-30,347.96,47008.7,99.26,0.0,0.93,-8.37
2017-12-31,518.96,46906.7,99.23,16.36,2.1,-10.68
2018-01-01,492.8,46789.0,99.19,2.99,1.84,-8.56
2018-01-02,503.31,46677.6,99.16,0.0,4.47,-7.37
2018-01-03,557.23,46598.5,99.13,0.0,0.66,-10.66
2018-01-04,570.93,46527.7,99.11,0.0,3.5,-7.28
2018-01-05,572.61,46457.9,99.09,0.0,5.17,-4.29
2018-01-06,747.68,46493.1,99.1,11.37,6.71,-4.88
2018-01-07,745.94,46527.2,99.11,0.86,2.39,-6.78
2018-01-08,889.18,46647.4,99.15,9.9,1.48,-6.71
2018-01-09,820.89,46726.5,99.17,0.0,7.2,-7.42
2018-01-10,895.6,46850.5,99.21,0.0,1.22,-10.31
2018-01-11,993.17,47033.0,99.26,7.73,6.11,-3.85
2018-01-12,988.44,47212.6,99.32,0.0,10.56,-1.52
2018-01-13,1127.11,47475.5,99.4,14.01,8.86,-1.16
2018-01-14,1017.44,47672.6,99.46,0.0,13.47,2.34
2018-01-15,1146.18,47946.9,99.54,15.09,12.32,1.26
2018-01-16,951.83,48104.6,99.59,0.0,11.82,-0.05
2018-01-17,814.47,48179.9,99.61,0.0,13.6,1.52
2018-01-18,865.6,48285.8,99.64,0.0,9.14,-1.98
2018-01-19,756.44,48326.3,99.65,0.0,17.03,6.44
2018-01-20,760.57,48369.2,99.66,0.0,15.05,5.84
2018-01-21,681.87,48365.0,99.66,0.0,14.98,2.78
2018-01-22,901.39,48492.4,99.7,8.63,11.82,2.54
2018-01-23,881.9,48608.1,99.74,0.0,12.48,0.54
2018-01-24,793.66,48670.9,99.75,5.11,11.95,2.62
2018-01-25,777.68,48724.2,99.77,0.0,13.26,1.06
2018-01-26,1341.23,49115.5,99.89,45.44,9.96,-2.45
2018-01-27,1233.65,49442.3,99.99,0.0,4.32,-6.89
2018-01-28,1073.98,49673.3,100.05,0.0,0.37,-10.78
2018-01-29,1033.34,49879.9,100.12,4.9,-5.88,-17.52
2018-01-30,1206.69,50190.5,100.21,12.22,-4.8,-16.99
2018-01-31,1048.82,50406.4,100.27,0.0,-3.89,-17.52
2018-02-01,899.95,50533.0,100.31,0.45,-4.18,-17.13
2018-02-02,890.46,50653.9,100.35,15.24,2.89,-10.99
2018-02-03,885.88,50772.0,100.38,0.0,1.05,-12.63
2018-02-04,710.89,50785.1,100.39,0.0,4.07,-8.68
2018-02-05,1061.91,51008.9,100.45,21.84,-0.67,-11.72
2018-02-06,887.55,51128.0,100.49,0.0,1.05,-10.79
2018-02-07,828.07,51211.5,100.51,0.0,1.3,-7.88
2018-02-08,776.43,51263.9,100.53,0.0,1.51,-13.42
2018-02-09,757.09,51304.8,100.54,0.0,1.38,-11.81
2018-02-10,797.68,51370.0,100.56,0.0,3.2,-9.46
2018-02-11,737.56,51399.1,100.57,0.0,7.55,-3.13
2018-02-12,797.48,51464.2,100.59,1.92,2.53,-4.44
2018-02-13,729.02,51488.2,100.6,0.98,2.17,-6.37
2018-02-14,691.51,51489.7,100.6,0.0,10.59,-1.21
2018-02-15,751.6,51527.3,100.61,0.0,13.86,1.97
2018-02-16,723.75,51548.2,100.62,0.0,11.46,-0.37
2018-02-17,727.84,51571.5,100.62,0.0,11.25,-2.48
2018-02-18,737.88,51600.8,100.63,0.0,11.21,1.14
2018-02-19,709.53,51613.1,100.64,0.0,14.8,3.8
2018-02-20,772.39,51663.2,100.65,0.0,13.65,1.9
2018-02-21,769.02,51711.2,100.66,4.8,12.25,1.0
2018-02-22,745.82,51745.3,100.67,0.0,13.78,3.4
2018-02-23,1061.78,51968.9,100.74,10.55,13.0,0.99
2018-02-24,987.15,52147.8,100.8,0.0,11.15,1.93
2018-02-25,1113.99,52402.8,100.87,8.16,13.21,-1.89
2018-02-26,984.4,52580.1,100.92,0.0,11.62,-1.9
2018-02-27,1070.36,52808.9,100.99,4.04,6.36,-3.16
2018-02-28,905.82,52939.0,101.03,0.0,6.18,-3.86
2018-03-01,910.56,53071.9,101.07,0.0,5.45,-3.9
2018-03-02,1338.2,53461.5,101.19,21.22,7.78,-3.25
2018-03-03,1236.43,53789.9,101.29,7.33,12.23,3.4
2018-03-04,1153.98,54068.9,101.37,0.0,7.69,-3.53
2018-03-05,1052.15,54286.8,101.44,0.0,4.25,-5.29
2018-03-06,882.37,54402.8,101.47,0.0,7.82,-5.31
2018-03-07,806.82,54473.5,101.49,0.0,3.69,-7.66
2018-03-08,793.77,54536.4,101.51,0.0,2.52,-7.9
2018-03-09,840.66,54627.4,101.54,0.0,4.24,-7.96
2018-03-10,876.58,54740.0,101.57,0.0,2.32,-9.31
2018-03-11,811.08,54813.2,101.59,0.0,5.99,-8.2
2018-03-12,826.83,54895.9,101.62,0.0,5.41,-5.94
2018-03-13,1000.55,55082.8,101.67,9.37,6.6,-6.57
2018-03-14,1033.78,55289.7,101.74,0.0,6.18,-4.44
2018-03-15,1209.68,55602.1,101.83,10.56,8.15,-4.8
2018-03-16,1266.17,55948.4,101.93,0.0,10.45,-1.83
2018-03-17,1379.12,56362.5,102.06,20.39,9.03,-2.81
2018-03-18,1266.7,56709.1,102.16,0.0,8.17,-4.8
2018-03-19,1409.07,57141.2,102.29,17.59,10.4,1.57
2018-03-20,1260.71,57484.2,102.39,0.0,16.27,6.91
2018-03-21,1122.99,57744.6,102.47,0.89,13.68,1.12
2018-03-22,1020.36,57943.4,102.53,0.0,13.36,3.36
2018-03-23,998.85,58129.3,102.59,0.0,14.21,1.46
2018-03-24,942.48,58281.4,102.63,0.0,13.74,3.61
2018-03-25,931.9,58427.2,102.67,5.08,13.74,1.85
2018-03-26,881.58,58542.7,102.71,0.0,10.41,0.63
2018-03-27,870.58,58651.7,102.74,0.0,12.93,1.99
2018-03-28,749.94,58688.2,102.75,0.0,14.88,3.49
2018-03-29,718.03,58705.7,102.76,0.0,16.82,3.27
2018-03-30,885.3,58823.4,102.79,9.89,16.06,5.62
2018-03-31,989.22,59003.6,102.85,0.0,19.4,5.76
2018-04-01,1059.35,59225.8,102.91,0.0,20.88,9.74
2018-04-02,926.95,59368.6,102.96,0.0,13.61,4.09
2018-04-03,950.99,59525.8,103.0,8.63,22.1,9.7
2018-04-04,1043.66,59738.6,103.07,0.0,20.27,9.04
2018-04-05,922.53,59878.7,103.11,1.47,21.27,10.64
2018-04-06,877.53,59991.8,103.14,0.0,24.02,14.24
2018-04-07,930.76,60136.9,103.19,7.58,26.1,15.88
2018-04-08,930.18,60281.6,103.23,3.15,23.28,9.35
2018-04-09,948.92,60437.5,103.28,0.0,18.75,8.71
2018-04-10,813.06,60512.0,103.3,0.0,15.12,2.49
2018-04-11,686.52,60510.5,103.3,0.0,18.09,7.0
2018-04-12,625.77,60472.6,103.29,0.0,15.54,5.28
2018-04-13,633.03,60439.0,103.28,0.0,20.99,9.75
2018-04-14,656.92,60419.7,103.27,0.0,20.61,9.84
2018-04-15,624.83,60381.2,103.26,0.0,20.64,9.42
2018-04-16,704.88,60390.8,103.26,4.54,21.7,7.68
2018-04-17,759.71,60433.2,103.28,0.0,19.06,8.74
2018-04-18,758.74,60475.1,103.29,0.0,20.71,8.44
2018-04-19,693.26,60477.6,103.29,0.0,14.09,3.95
2018-04-20,680.58,60472.6,103.29,0.0,17.16,7.89
2018-04-21,683.39,60469.2,103.29,0.0,19.41,8.5
2018-04-22,857.95,60570.6,103.32,11.95,19.88,10.13
2018-04-23,761.89,60614.3,103.33,0.0,19.05,6.1
2018-04-24,734.72,60641.7,103.34,0.0,21.69,11.7
2018-04-25,717.09,60658.6,103.34,0.0,20.81,9.62
2018-04-26,668.41,60646.3,103.34,0.0,17.93,5.84
2018-04-27,674.27,60637.4,103.34,0.0,22.48,12.83
2018-04-28,647.64,60612.6,103.33,0.0,27.1,16.86
2018-04-29,597.44,60557.7,103.31,0.0,27.46,16.56
2018-04-30,662.29,60541.6,103.31,6.77,29.6,18.57
2018-05-01,613.47,60496.3,103.29,1.42,26.92,16.76
2018-05-02,586.26,60434.7,103.28,0.0,29.65,21.27
2018-05-03,590.71,60375.7,103.26,0.0,27.06,16.53
2018-05-04,629.36,60339.9,103.25,0.0,29.83,19.19
2018-05-05,629.17,60304.0,103.24,0.0,25.97,13.49
2018-05-06,597.44,60249.1,103.22,0.0,20.16,8.8
2018-05-07,643.46,60221.8,103.21,0.0,20.03,9.59
2018-05-08,636.44,60190.3,103.2,0.0,20.32,7.67
2018-05-09,610.78,60143.3,103.19,0.0,25.37,14.85
2018-05-10,634.44,60110.6,103.18,0.0,25.32,15.26
2018-05-11,673.32,60101.2,103.18,1.82,23.71,13.98
2018-05-12,604.29,60050.4,103.16,0.0,26.84,17.2
2018-05-13,591.71,59992.0,103.14,0.39,24.19,14.79
2018-05-14,845.66,60086.0,103.17,19.74,25.85,14.13
2018-05-15,617.51,60043.1,103.16,0.0,21.21,11.81
2018-05-16,558.21,59964.6,103.14,0.0,21.55,11.68
2018-05-17,570.93,59893.8,103.11,0.0,21.05,9.5
2018-05-18,525.05,59795.4,103.08,0.0,21.86,11.87
2018-05-19,535.59,59703.4,103.06,0.0,20.64,8.83
2018-05-20,531.68,59609.0,103.03,0.0,25.05,13.62
2018-05-21,609.71,59561.4,103.01,4.45,28.12,14.95
2018-05-22,608.37,59513.1,103.0,0.0,27.13,14.86
2018-05-23,662.5,59497.2,103.0,0.54,27.12,15.99
2018-05-24,793.81,59560.1,103.01,11.78,30.73,18.96
2018-05-25,679.64,59554.5,103.01,0.0,31.43,17.86
2018-05-26,530.74,59459.5,102.98,0.0,27.4,15.85
2018-05-27,458.61,59321.3,102.94,0.0,26.03,14.69
2018-05-28,502.42,59209.3,102.91,0.0,27.22,19.09
2018-05-29,470.7,59078.4,102.87,0.0,29.65,18.45
2018-05-30,605.55,59028.3,102.85,13.2,36.06,24.3
2018-05-31,612.89,58982.6,102.84,1.36,35.55,25.5
2018-06-01,639.62,58953.0,102.83,10.42,30.08,21.65
2018-06-02,614.89,58908.5,102.82,0.0,25.32,14.14
2018-06-03,534.15,58815.6,102.79,0.0,22.33,11.68
2018-06-04,617.6,58772.8,102.78,6.05,27.4,15.47
2018-06-05,586.85,58711.5,102.76,0.0,26.41,13.92
2018-06-06,524.19,58612.6,102.73,0.0,27.1,14.82
2018-06-07,537.67,58521.8,102.7,0.0,25.48,14.25
2018-06-08,455.61,58381.8,102.66,0.0,23.13,13.62
2018-06-09,461.74,58245.5,102.62,0.0,24.49,14.62
2018-06-10,433.16,58092.0,102.57,0.0,26.47,16.19
2018-06-11,422.68,57932.2,102.53,0.0,22.86,9.95
2018-06-12,427.2,57775.1,102.48,0.0,27.82,16.04
2018-06-13,443.09,57627.5,102.44,0.0,28.9,17.82
2018-06-14,489.53,57507.9,102.4,0.0,29.1,20.44
2018-06-15,483.93,57384.8,102.36,0.0,32.7,20.63
2018-06-16,488.0,57264.2,102.33,0.0,26.88,13.68
2018-06-17,441.32,57115.6,102.28,0.0,30.4,20.98
2018-06-18,512.76,57009.9,102.25,0.0,31.34,23.09
2018-06-19,518.75,56907.7,102.22,3.45,28.32,16.41
2018-06-20,546.57,56822.3,102.19,0.0,30.55,18.9
2018-06-21,504.38,56711.5,102.16,0.0,29.37,19.54
2018-06-22,546.76,56626.2,102.14,0.0,30.31,18.31
2018-06-23,614.07,56581.2,102.12,0.48,25.77,14.41
2018-06-24,708.54,56593.0,102.13,2.66,24.43,14.49
2018-06-25,690.53,56593.9,102.13,0.0,29.52,19.44
2018-06-26,671.13,56583.2,102.12,0.0,29.91,17.45
2018-06-27,696.22,56587.5,102.12,0.0,25.18,17.16
2018-06-28,694.86,56591.0,102.13,0.0,28.15,15.69
2018-06-29,689.5,56591.3,102.13,0.0,25.76,14.0
2018-06-30,665.83,56577.4,102.12,0.0,24.26,14.48
2018-07-01,690.96,56578.6,102.12,3.5,21.41,13.75
2018-07-02,764.68,56624.0,102.14,2.72,23.72,14.14
2018-07-03,855.43,56723.9,102.17,0.0,27.69,13.68
2018-07-04,771.4,56773.3,102.18,0.0,26.82,15.4
2018-07-05,835.25,56861.1,102.21,0.0,23.18,12.48
2018-07-06,811.24,56934.4,102.23,0.0,21.88,11.52
2018-07-07,793.88,56997.3,102.25,0.0,22.92,14.06
2018-07-08,721.53,57016.9,102.25,0.0,20.3,8.32
2018-07-09,659.8,56999.3,102.25,0.0,22.55,11.21
2018-07-10,614.73,56954.8,102.23,0.06,24.64,13.06
2018-07-11,525.32,56856.6,102.2,0.0,25.55,14.65
2018-07-12,548.53,56772.3,102.18,0.0,29.27,16.2
2018-07-13,536.26,56680.7,102.15,0.0,29.94,19.15
2018-07-14,527.3,56583.7,102.12,1.78,29.08,18.56
2018-07-15,537.11,56492.5,102.1,0.0,28.94,19.08
2018-07-16,497.01,56377.3,102.06,0.0,27.61,17.82
2018-07-17,513.2,56271.9,102.03,0.0,32.04,24.24
2018-07-18,491.23,56153.2,101.99,0.0,36.7,27.03
2018-07-19,494.68,56036.6,101.96,0.0,32.86,21.94
2018-07-20,511.78,55930.3,101.93,0.0,30.32,19.84
2018-07-21,500.29,55817.1,101.89,0.0,33.01,21.14
2018-07-22,755.93,55857.2,101.91,31.24,29.33,18.49
2018-07-23,666.61,55843.8,101.9,0.0,36.54,23.39
2018-07-24,593.77,55786.7,101.88,0.0,37.34,25.17
2018-07-25,590.46,55727.5,101.87,0.0,36.54,26.0
2018-07-26,568.14,55655.0,101.85,1.79,38.9,28.2
2018-07-27,660.38,55637.9,101.84,0.0,32.45,23.94
2018-07-28,632.03,55603.7,101.83,0.0,31.78,21.35
2018-07-29,654.55,55583.0,101.82,0.0,36.0,21.96
2018-07-30,620.88,55542.2,101.81,0.0,31.33,20.11
2018-07-31,697.28,55547.1,101.81,0.0,33.4,21.0
2018-08-01,780.69,55602.1,101.83,0.0,33.17,20.45
2018-08-02,751.49,55639.6,101.84,0.0,35.18,26.62
2018-08-03,725.4,55661.5,101.85,0.0,34.15,25.72
2018-08-04,647.69,55636.7,101.84,0.0,36.53,25.67
2018-08-05,617.19,55593.6,101.83,0.0,36.23,24.35
2018-08-06,546.26,55508.0,101.8,0.0,39.91,27.92
2018-08-07,887.64,55627.2,101.84,25.49,35.58,25.69
2018-08-08,806.56,55697.7,101.86,0.0,36.69,25.87
2018-08-09,761.42,55741.2,101.87,0.0,37.05,27.48
2018-08-10,709.33,55753.4,101.87,0.0,36.56,25.36
2018-08-11,656.87,55734.1,101.87,0.0,34.53,24.53
2018-08-12,1016.67,55930.7,101.93,22.28,33.4,18.55
2018-08-13,986.11,56109.0,101.98,0.0,28.28,18.09
2018-08-14,845.72,56203.0,102.01,0.0,28.87,20.17
2018-08-15,761.39,56246.4,102.02,0.0,21.88,12.15
2018-08-16,746.1,56280.7,102.03,0.0,27.68,21.18
2018-08-17,635.72,56248.7,102.02,0.0,26.78,16.47
2018-08-18,643.2,56221.3,102.01,0.0,34.7,24.7
2018-08-19,608.33,56172.9,102.0,0.0,28.9,20.17
2018-08-20,614.7,56128.3,101.99,0.0,26.28,16.25
2018-08-21,551.21,56045.6,101.96,0.0,23.23,16.72
2018-08-22,526.61,55948.2,101.93,0.0,24.43,10.86
2018-08-23,492.7,55830.4,101.9,0.0,28.4,18.25
2018-08-24,485.63,55708.4,101.86,0.0,22.09,12.07
2018-08-25,412.59,55542.5,101.81,0.0,22.84,13.76
2018-08-26,436.18,55390.9,101.77,0.0,23.58,12.21
2018-08-27,498.97,55276.8,101.73,0.0,26.47,14.35
2018-08-28,529.05,55180.9,101.7,0.0,23.47,13.37
2018-08-29,490.26,55061.6,101.67,0.0,22.66,12.96
2018-08-30,507.03,54952.5,101.63,0.0,29.8,16.09
2018-08-31,515.47,54848.3,101.6,0.0,32.44,21.73
2018-09-01,566.54,54774.9,101.58,0.0,28.94,16.4
2018-09-02,522.31,54674.9,101.55,0.0,29.82,18.9
2018-09-03,459.53,54537.2,101.51,0.0,28.66,15.17
2018-09-04,483.35,54413.8,101.47,0.0,24.98,13.75
2018-09-05,477.26,54286.8,101.44,1.04,22.53,12.78
2018-09-06,449.31,54142.9,101.39,0.0,27.65,12.44
2018-09-07,406.52,53973.5,101.34,0.0,20.26,8.98
2018-09-08,382.21,53789.4,101.29,0.0,22.18,9.7
2018-09-09,436.89,53638.1,101.24,8.63,21.41,9.09
2018-09-10,573.63,53568.9,101.22,0.0,16.7,5.69
2018-09-11,570.59,53497.9,101.2,0.0,17.35,5.53
2018-09-12,620.64,53456.9,101.19,0.0,21.81,10.8
2018-09-13,578.53,53390.6,101.17,0.0,24.11,11.95
2018-09-14,510.18,53283.3,101.14,0.0,21.92,9.93
2018-09-15,506.69,53173.9,101.1,0.0,25.06,13.16
2018-09-16,509.5,53066.2,101.07,0.0,25.41,14.88
2018-09-17,481.18,52941.5,101.03,0.0,26.29,14.49
2018-09-18,422.68,52781.7,100.99,0.0,24.27,13.91
2018-09-19,469.73,52650.2,100.95,0.0,25.45,13.71
2018-09-20,477.64,52523.4,100.91,0.0,25.03,15.43
2018-09-21,405.72,52353.4,100.86,0.0,29.03,14.73
2018-09-22,467.99,52220.8,100.82,0.0,28.97,16.73
2018-09-23,505.6,52110.8,100.78,0.0,30.79,19.45
2018-09-24,445.77,51964.8,100.74,0.0,27.28,16.54
2018-09-25,419.14,51802.9,100.69,0.0,26.06,14.56
2018-09-26,421.5,51642.4,100.64,0.0,20.45,10.33
2018-09-27,382.39,51458.5,100.59,0.0,19.19,10.46
2018-09-28,347.29,51253.5,100.53,0.0,20.39,9.54
2018-09-29,303.31,51022.0,100.46,0.0,16.7,6.25
2018-09-30,333.44,50808.7,100.39,0.0,17.3,4.47
2018-10-01,327.1,50591.6,100.33,0.0,17.88,6.42
2018-10-02,297.47,50356.7,100.26,0.0,20.77,10.3
2018-10-03,331.93,50142.4,100.2,0.0,21.5,11.85
2018-10-04,349.29,49938.6,100.13,0.0,24.49,14.71
2018-10-05,397.58,49763.7,100.08,0.0,21.14,9.82
2018-10-06,403.2,49592.3,100.03,0.0,17.81,7.75
2018-10-07,389.38,49412.5,99.98,0.0,12.97,2.92
2018-10-08,387.5,49231.6,99.92,0.0,16.62,4.93
2018-10-09,384.89,49049.1,99.87,0.0,19.32,5.58
2018-10-10,390.68,48870.2,99.81,0.0,14.88,5.35
2018-10-11,373.13,48680.6,99.76,0.0,13.19,2.45
2018-10-12,359.66,48483.0,99.7,0.0,14.39,2.47
2018-10-13,333.7,48269.9,99.63,0.0,12.61,1.91
2018-10-14,366.7,48076.5,99.58,0.0,12.09,0.99
2018-10-15,364.47,47881.8,99.52,0.0,15.52,3.54
2018-10-16,383.31,47698.4,99.46,0.0,14.55,4.37
2018-10-17,381.48,47513.9,99.41,1.8,11.83,1.68
2018-10-18,380.2,47328.6,99.35,0.0,14.66,2.64
2018-10-19,387.97,47148.0,99.3,0.0,17.02,8.24
2018-10-20,568.49,47075.7,99.28,15.11,15.78,4.22
2018-10-21,492.65,46957.9,99.24,0.0,15.9,5.35
2018-10-22,467.67,46825.1,99.2,0.0,17.0,6.57
2018-10-23,582.7,46761.3,99.18,21.26,13.36,3.6
2018-10-24,569.7,46689.7,99.16,0.0,14.54,3.87
2018-10-25,555.13,46609.4,99.14,0.0,15.36,6.29
2018-10-26,587.29,46548.4,99.12,0.0,21.59,7.0
2018-10-27,560.07,46471.0,99.1,0.0,18.2,8.31
2018-10-28,487.66,46350.2,99.06,0.0,18.54,8.63
2018-10-29,476.59,46222.8,99.02,0.0,20.53,8.33
2018-10-30,484.43,46100.0,98.99,0.0,20.77,8.37
2018-10-31,468.8,45967.9,98.95,0.0,20.54,11.17
2018-11-01,445.78,45822.0,98.9,0.0,21.93,9.45
2018-11-02,561.97,45745.8,98.88,10.14,17.21,6.8
2018-11-03,475.98,45618.0,98.84,0.0,17.8,5.46
2018-11-04,445.78,45472.0,98.8,0.0,12.02,2.88
2018-11-05,406.27,45302.4,98.75,0.0,17.57,2.52
2018-11-06,410.46,45135.3,98.7,0.0,15.77,4.2
2018-11-07,389.73,44955.7,98.64,0.0,16.07,3.63
2018-11-08,631.31,44921.1,98.63,24.6,8.96,-1.88
2018-11-09,570.97,44850.3,98.61,0.0,12.31,0.47
2018-11-10,485.62,44728.3,98.57,0.0,9.6,0.28
2018-11-11,432.76,44574.5,98.53,0.0,10.54,3.08
2018-11-12,479.04,44448.6,98.49,3.34,16.19,2.78
2018-11-13,593.72,44391.4,98.47,0.0,11.47,0.61
2018-11-14,586.07,44329.6,98.46,1.41,15.76,5.92
2018-11-15,574.15,44260.7,98.43,0.0,10.8,-0.16
2018-11-16,621.88,44220.5,98.42,0.0,7.87,-3.41
2018-11-17,664.11,44205.5,98.42,0.0,6.19,-4.69
2018-11-18,619.67,44163.9,98.41,0.0,3.72,-6.41
2018-11-19,628.31,44127.5,98.39,0.0,6.43,-4.34
2018-11-20,647.55,44102.7,98.39,0.2,11.49,-1.1
2018-11-21,661.64,44086.3,98.38,0.0,10.9,2.13
2018-11-22,806.65,44156.9,98.4,11.21,14.42,4.04
2018-11-23,768.77,44204.7,98.42,0.0,9.96,-1.06
2018-11-24,629.44,44169.0,98.41,0.0,10.93,2.1
2018-11-25,590.57,44109.9,98.39,0.0,4.8,-4.18
2018-11-26,575.81,44042.0,98.37,0.0,12.61,0.21
2018-11-27,488.87,43922.0,98.33,0.0,12.69,1.18
2018-11-28,458.46,43783.6,98.29,0.0,11.03,-0.38
2018-11-29,473.9,43654.6,98.25,0.0,12.98,4.0
2018-11-30,457.57,43515.7,98.21,0.0,13.19,2.6
2018-12-01,450.32,43372.5,98.17,0.0,9.38,-3.21
2018-12-02,476.23,43244.9,98.13,4.81,9.32,-2.74
2018-12-03,740.44,43275.7,98.14,29.93,7.96,-2.52
2018-12-04,594.2,43218.9,98.12,0.0,11.14,-2.75
2018-12-05,607.16,43169.8,98.11,0.0,11.78,5.1
2018-12-06,596.56,43114.3,98.09,7.07,11.19,1.18
2018-12-07,523.09,43014.8,98.06,0.0,9.64,0.94
2018-12-08,518.42,42912.4,98.03,0.0,5.7,-5.22
2018-12-09,506.15,42802.7,98.0,0.0,3.83,-9.37
2018-12-10,450.17,42659.4,97.96,0.0,8.0,0.75
2018-12-11,476.83,42532.1,97.92,0.0,8.83,-1.56
2018-12-12,484.2,42409.2,97.88,0.0,7.74,-2.65
2018-12-13,480.27,42284.0,97.84,0.0,9.55,-1.97
2018-12-14,463.27,42148.6,97.8,0.0,5.36,-5.69
2018-12-15,543.04,42061.0,97.78,6.99,7.26,-1.81
2018-12-16,518.61,41958.8,97.75,0.0,-1.37,-12.69
2018-12-17,492.5,41840.9,97.71,0.26,-3.35,-15.44
2018-12-18,484.97,41718.5,97.67,0.0,1.08,-11.27
2018-12-19,424.93,41560.0,97.63,0.0,2.72,-8.33
2018-12-20,454.38,41419.3,97.58,0.0,8.37,-2.78
2018-12-21,460.51,41282.2,97.54,0.0,7.72,-4.16
2018-12-22,499.11,41168.2,97.51,0.0,7.82,-1.49
2018-12-23,511.38,41061.7,97.48,0.0,7.04,-3.48
2018-12-24,526.87,40964.4,97.45,0.0,8.28,-0.76
2018-12-25,756.51,41004.9,97.46,20.04,6.18,-4.45
2018-12-26,833.7,41091.7,97.49,0.0,7.08,-6.45
2018-12-27,903.91,41220.7,97.52,0.0,4.57,-6.51
2018-12-28,882.05,41336.5,97.56,0.0,5.45,-5.88
2018-12-29,799.27,41402.7,97.58,0.0,4.42,-5.19
2018-12-30,697.54,41407.8,97.58,0.0,4.33,-7.5
2018-12-31,663.93,41392.8,97.58,0.1,1.64,-8.3
2019-01-01,677.07,41385.6,97.57,0.0,4.14,-5.99
2019-01-02,586.49,41324.1,97.56,0.0,5.82,-3.19
2019-01-03,604.09,41273.2,97.54,0.68,6.08,-0.96
2019-01-04,653.76,41252.0,97.53,0.0,6.52,-3.26
2019-01-05,586.17,41190.3,97.52,0.0,6.95,-3.31
2019-01-06,599.8,41136.8,97.5,0.0,6.32,-3.58
2019-01-07,644.9,41110.4,97.49,0.0,3.22,-5.06
2019-01-08,864.39,41215.6,97.52,10.15,4.31,-8.08
2019-01-09,865.61,41321.6,97.55,0.0,2.56,-8.37
2019-01-10,916.9,41458.3,97.6,0.0,5.06,-7.71
2019-01-11,876.92,41571.1,97.63,0.0,3.97,-5.1
2019-01-12,849.29,41667.3,97.66,0.0,1.46,-9.27
2019-01-13,828.75,41751.1,97.68,0.0,1.69,-8.04
2019-01-14,937.29,41900.1,97.73,0.0,3.72,-8.87
2019-01-15,1069.41,42128.3,97.8,0.0,2.85,-6.52
2019-01-16,920.73,42267.4,97.84,0.0,2.77,-9.7
2019-01-17,935.95,42415.6,97.88,5.2,5.53,-5.25
2019-01-18,811.73,42489.2,97.9,0.0,7.99,-2.57
2019-01-19,727.26,42512.2,97.91,0.53,8.88,-2.83
2019-01-20,835.93,42600.3,97.94,1.9,12.79,0.79
2019-01-21,793.12,42662.8,97.96,0.0,8.52,-2.54
2019-01-22,873.68,42773.6,97.99,0.0,5.83,-4.8
2019-01-23,816.49,42850.1,98.01,1.0,5.38,-3.59
2019-01-24,919.56,42988.5,98.05,0.14,3.76,-8.41
2019-01-25,1449.43,43444.7,98.19,17.49,3.87,-7.39
2019-01-26,1342.83,43837.0,98.31,0.0,4.88,-7.38
2019-01-27,1311.54,44210.5,98.42,0.0,3.39,-9.47
2019-01-28,1240.29,44541.3,98.52,0.0,1.32,-6.47
2019-01-29,1016.38,44737.8,98.58,0.0,-0.97,-8.62
2019-01-30,1007.01,44928.6,98.63,0.0,-2.41,-11.69
2019-01-31,837.51,45017.7,98.66,0.0,0.36,-6.93
2019-02-01,763.74,45062.5,98.67,0.0,6.34,-2.17
2019-02-02,632.77,45028.8,98.66,0.0,7.71,-4.78
2019-02-03,589.41,44969.0,98.65,0.0,3.21,-8.24
2019-02-04,604.47,44918.3,98.63,0.0,3.8,-9.04
2019-02-05,666.48,44904.8,98.63,0.0,2.67,-7.66
2019-02-06,784.97,44962.4,98.64,0.0,-0.39,-8.7
2019-02-07,782.6,45018.6,98.66,0.0,4.6,-8.75
2019-02-08,851.84,45116.3,98.69,0.0,5.66,-7.68
2019-02-09,789.84,45176.8,98.71,0.0,3.23,-8.13
2019-02-10,795.47,45240.7,98.73,0.0,9.34,-2.02
2019-02-11,1472.8,45710.9,98.87,39.59,8.65,-4.33
2019-02-12,1541.76,46222.6,99.02,20.77,8.92,-2.64
2019-02-13,1157.7,46503.8,99.11,0.0,8.62,-1.96
2019-02-14,1115.26,46759.6,99.18,0.0,9.39,-1.22
2019-02-15,1077.65,46992.8,99.25,0.0,9.7,0.85
2019-02-16,917.28,47129.8,99.29,0.0,10.07,-0.49
2019-02-17,857.0,47230.6,99.32,0.0,6.23,-6.33
2019-02-18,824.16,47311.7,99.35,0.0,2.34,-6.33
2019-02-19,873.66,47422.5,99.38,0.0,6.45,-4.78
2019-02-20,910.19,47555.2,99.42,6.25,6.01,-3.36
2019-02-21,863.27,47659.7,99.45,4.48,9.88,-0.89
2019-02-22,804.34,47728.9,99.47,0.0,9.41,1.04
2019-02-23,841.98,47820.7,99.5,0.0,12.06,0.77
2019-02-24,751.27,47858.1,99.51,0.0,6.49,-1.12
2019-02-25,775.13,47909.8,99.53,0.0,10.53,-1.02
2019-02-26,921.66,48049.4,99.57,4.78,8.35,-2.83
2019-02-27,1379.69,48463.8,99.69,32.03,11.4,1.81
2019-02-28,1090.46,48704.7,99.76,0.0,6.0,-4.2
2019-03-01,1245.37,49038.5,99.86,0.0,3.47,-7.18
2019-03-02,1306.25,49408.8,99.98,2.0,7.42,-4.63
2019-03-03,1681.66,50004.4,100.15,13.77,11.84,-0.14
2019-03-04,1704.79,50613.9,100.34,0.0,8.86,-2.2
2019-03-05,2707.15,51824.8,100.7,40.29,3.66,-6.22
2019-03-06,2392.1,52846.7,101.0,0.0,5.94,-3.77
2019-03-07,2006.55,53637.2,101.24,1.29,8.32,-3.15
2019-03-08,1639.76,54207.7,101.41,0.0,3.83,-6.46
2019-03-09,1698.55,54813.4,101.59,8.13,4.98,-6.47
2019-03-10,1507.02,55304.2,101.74,0.0,6.96,-3.61
2019-03-11,1923.39,56044.9,101.96,22.91,7.64,-2.3
2019-03-12,1525.66,56546.9,102.11,0.0,5.53,-5.6
2019-03-13,1976.84,57319.6,102.34,20.55,3.64,-9.95
2019-03-14,1552.29,57837.6,102.5,0.82,6.21,-2.94
2019-03-15,1297.49,58202.7,102.61,0.0,8.16,-3.53
2019-03-16,1100.66,58449.7,102.68,0.0,11.52,2.29
2019-03-17,1049.16,58665.8,102.75,0.0,11.24,0.64
2019-03-18,949.48,58822.0,102.79,0.0,13.57,2.38
2019-03-19,901.52,58949.6,102.83,0.0,13.01,1.98
2019-03-20,892.58,59071.7,102.87,0.0,7.95,-1.59
2019-03-21,742.74,59104.0,102.88,0.0,5.75,-3.07
2019-03-22,656.77,59084.6,102.87,0.98,11.24,-1.42
2019-03-23,664.12,59069.7,102.87,0.0,11.01,-1.34
2019-03-24,656.7,59050.3,102.86,0.0,14.0,1.14
2019-03-25,656.29,59030.7,102.86,0.0,15.84,4.1
2019-03-26,670.92,59019.9,102.85,1.33,18.8,4.67
2019-03-27,696.97,59024.6,102.85,0.0,16.06,3.42
2019-03-28,612.09,58978.5,102.84,0.0,10.98,0.33
2019-03-29,714.92,58994.1,102.84,0.0,13.89,1.81
2019-03-30,602.81,58942.4,102.83,0.0,10.8,-0.68
2019-03-31,584.65,58879.7,102.81,0.0,13.87,1.64
2019-04-01,537.0,58788.5,102.78,1.36,11.91,2.34
2019-04-02,596.91,58733.3,102.77,0.0,15.06,5.29
2019-04-03,643.31,58705.9,102.76,0.0,19.6,6.97
2019-04-04,742.74,58738.1,102.77,5.04,19.57,5.93
2019-04-05,1262.08,59082.0,102.87,24.5,19.51,7.32
2019-04-06,1149.01,59358.0,102.95,0.0,14.58,2.72
2019-04-07,984.87,59535.5,103.01,0.0,18.67,6.88
2019-04-08,1036.69,59744.1,103.07,0.84,22.17,11.69
2019-04-09,888.11,59863.6,103.1,0.0,19.45,10.22
2019-04-10,867.66,59970.8,103.14,0.0,17.76,3.99
2019-04-11,894.14,60093.9,103.17,3.4,14.96,5.46
2019-04-12,869.81,60202.4,103.21,6.43,14.8,3.41
2019-04-13,869.1,60310.4,103.24,0.0,15.05,6.75
2019-04-14,742.38,60342.5,103.25,0.0,17.34,5.59
2019-04-15,866.77,60449.1,103.28,7.18,19.81,7.4
2019-04-16,831.57,60534.7,103.31,0.0,20.44,9.51
2019-04-17,722.37,60554.7,103.31,0.0,17.65,6.19
2019-04-18,692.61,60556.9,103.31,0.0,16.29,5.66
2019-04-19,787.78,60616.1,103.33,7.38,18.4,8.6
2019-04-20,732.67,60642.4,103.34,0.0,18.84,7.52
2019-04-21,761.86,60686.1,103.35,0.0,18.74,8.46
2019-04-22,746.91,60720.8,103.36,0.0,17.23,4.44
2019-04-23,630.16,60685.5,103.35,0.0,20.27,10.81
2019-04-24,656.02,60665.7,103.34,0.0,14.99,7.2
2019-04-25,659.57,60648.1,103.34,3.89,19.34,8.28
2019-04-26,720.83,60667.2,103.35,2.22,20.95,9.66
2019-04-27,809.62,60739.6,103.37,15.9,20.23,13.12
2019-04-28,802.87,60807.9,103.39,0.08,20.17,7.06
2019-04-29,722.38,60827.9,103.39,0.0,18.02,8.13
2019-04-30,688.92,60827.9,103.39,0.0,20.37,9.21
2019-05-01,631.68,60793.5,103.38,0.0,19.72,7.23
2019-05-02,677.4,60786.5,103.38,1.56,20.45,8.9
2019-05-03,731.05,60811.8,103.39,0.0,21.9,12.56
2019-05-04,684.9,60809.3,103.39,0.0,20.18,8.81
2019-05-05,685.66,60807.3,103.39,0.0,18.02,7.11
2019-05-06,1020.54,61006.2,103.45,10.21,19.85,7.92
2019-05-07,863.36,61110.9,103.48,0.0,13.93,5.01
2019-05-08,995.58,61294.8,103.53,8.23,24.76,13.87
2019-05-09,826.26,61377.2,103.56,0.0,26.03,15.28
2019-05-10,716.56,61393.7,103.56,0.0,24.0,13.82
2019-05-11,697.22,61398.6,103.56,0.0,26.44,15.04
2019-05-12,669.27,61386.8,103.56,0.0,24.26,13.36
2019-05-13,637.18,61355.7,103.55,0.0,27.16,16.8
2019-05-14,627.9,61319.1,103.54,0.0,25.91,15.98
2019-05-15,582.93,61255.4,103.52,0.0,27.48,17.11
2019-05-16,547.43,61170.5,103.5,0.0,26.26,14.54
2019-05-17,507.01,61061.3,103.46,0.0,26.77,15.43
2019-05-18,577.67,60994.5,103.44,0.0,24.83,10.49
2019-05-19,605.57,60944.4,103.43,0.0,24.27,12.94
2019-05-20,574.15,60875.5,103.41,0.0,27.44,17.11
2019-05-21,542.15,60787.4,103.38,0.0,27.2,16.06
2019-05-22,549.88,60704.0,103.36,0.0,23.89,14.2
2019-05-23,459.1,60566.0,103.32,0.0,22.39,10.4
2019-05-24,412.17,60399.9,103.27,0.0,25.53,14.04
2019-05-25,378.87,60213.9,103.21,0.0,20.85,11.44
2019-05-26,405.89,60044.0,103.16,0.0,25.46,14.99
2019-05-27,473.68,59914.8,103.12,0.0,22.61,13.77
2019-05-28,452.11,59772.7,103.08,0.0,26.55,16.09
2019-05-29,421.9,59612.4,103.03,4.19,26.27,16.75
2019-05-30,393.57,59435.2,102.98,0.0,26.81,18.02
2019-05-31,409.01,59267.2,102.93,0.0,26.45,15.47
2019-06-01,451.13,59124.5,102.88,0.0,24.73,11.09
2019-06-02,445.03,58978.1,102.84,0.0,26.56,15.68
2019-06-03,456.01,58838.3,102.8,0.0,26.84,15.02
2019-06-04,480.55,58713.2,102.76,0.0,29.09,16.84
2019-06-05,436.47,58561.7,102.72,0.0,29.1,18.83
2019-06-06,404.43,58391.0,102.66,0.0,25.94,17.32
2019-06-07,448.95,58246.9,102.62,0.0,29.47,17.75
2019-06-08,493.14,58129.4,102.59,0.0,28.8,17.22
2019-06-09,484.45,58006.7,102.55,0.0,32.37,19.95
2019-06-10,499.29,57892.9,102.51,0.9,30.81,18.63
2019-06-11,584.24,57830.0,102.5,0.0,32.95,20.67
2019-06-12,523.11,57730.5,102.47,0.0,30.05,18.91
2019-06-13,575.95,57662.7,102.45,0.0,30.43,17.88
2019-06-14,658.36,57644.3,102.44,0.0,30.32,20.08
2019-06-15,898.01,57769.7,102.48,20.05,31.32,19.01
2019-06-16,992.57,57951.8,102.53,0.0,27.47,17.86
2019-06-17,947.1,58106.7,102.58,0.0,29.58,19.45
2019-06-18,1032.55,58312.8,102.64,0.0,25.43,14.82
2019-06-19,959.7,58475.3,102.69,0.0,28.79,17.1
2019-06-20,1033.81,58682.2,102.75,0.0,30.69,19.17
2019-06-21,901.97,58809.9,102.79,0.0,34.66,22.76
2019-06-22,849.01,58905.9,102.82,0.0,34.23,22.28
2019-06-23,838.51,58995.7,102.85,0.0,30.57,20.73
2019-06-24,845.16,59089.4,102.87,0.0,31.14,20.24
2019-06-25,686.08,59087.6,102.87,0.0,26.89,12.7
2019-06-26,780.23,59142.4,102.89,0.0,31.04,17.73
2019-06-27,785.24,59200.1,102.91,0.0,34.58,23.53
2019-06-28,886.28,59318.5,102.94,3.86,33.36,21.37
2019-06-29,838.02,59407.9,102.97,0.0,33.28,22.86
2019-06-30,835.05,59495.5,102.99,0.0,32.32,19.24
2019-07-01,838.85,59585.4,103.02,2.95,29.7,17.15
2019-07-02,836.6,59674.0,103.05,0.0,28.0,17.12
2019-07-03,897.24,59799.0,103.09,0.0,28.47,15.49
2019-07-04,796.85,59863.7,103.1,0.0,24.1,11.33
2019-07-05,678.74,59857.5,103.1,0.0,26.0,15.34
2019-07-06,673.68,59848.3,103.1,0.0,24.99,12.17
2019-07-07,647.1,59823.2,103.09,0.0,24.37,14.51
2019-07-08,577.14,59756.1,103.07,0.0,19.2,7.19
2019-07-09,745.93,59790.2,103.08,15.29,21.89,11.5
2019-07-10,726.17,59812.5,103.09,0.0,28.48,16.48
2019-07-11,1233.15,60139.0,103.19,40.48,29.53,19.05
2019-07-12,983.81,60315.9,103.24,0.0,31.85,21.0
2019-07-13,996.91,60500.7,103.3,2.01,32.71,22.9
2019-07-14,853.57,60599.4,103.33,0.0,34.68,23.19
2019-07-15,753.39,60638.1,103.34,0.0,39.8,26.64
2019-07-16,715.72,60654.1,103.34,0.0,38.29,28.89
2019-07-17,673.93,60645.1,103.34,0.0,39.32,28.72
2019-07-18,667.62,60632.2,103.33,0.0,34.45,22.96
2019-07-19,718.11,60649.7,103.34,0.0,30.7,19.7
2019-07-20,682.53,60645.8,103.34,0.0,29.43,18.4
2019-07-21,675.54,60637.7,103.34,0.0,32.92,23.62
2019-07-22,671.16,60627.0,103.33,0.0,32.27,25.83
2019-07-23,591.97,60568.8,103.32,0.0,35.5,24.55
2019-07-24,614.52,60524.1,103.3,0.0,31.89,22.93
2019-07-25,564.1,60449.2,103.28,0.0,34.57,24.29
2019-07-26,537.34,60358.2,103.25,0.0,32.06,21.73
2019-07-27,516.09,60254.5,103.22,0.0,28.07,21.62
2019-07-28,519.92,60153.0,103.19,0.0,32.28,21.27
2019-07-29,548.51,60068.7,103.17,4.9,38.29,24.54
2019-07-30,456.26,59929.1,103.12,0.85,31.84,21.15
2019-07-31,535.84,59837.2,103.1,0.0,32.14,21.3
2019-08-01,563.44,59761.9,103.07,0.0,35.34,25.61
2019-08-02,470.96,59631.1,103.04,0.0,33.12,20.51
2019-08-03,476.43,59503.5,103.0,0.0,31.17,17.31
2019-08-04,435.34,59351.3,102.95,0.0,31.45,19.07
2019-08-05,400.65,59178.3,102.9,0.0,33.49,22.33
2019-08-06,420.97,59017.5,102.85,0.0,31.66,20.97
2019-08-07,459.19,58879.6,102.81,0.0,36.16,24.8
2019-08-08,436.7,58728.3,102.76,0.0,37.74,24.58
2019-08-09,465.77,58594.3,102.72,0.0,29.79,20.14
2019-08-10,509.96,58486.9,102.69,0.0,31.53,19.32
2019-08-11,507.07,58377.7,102.66,0.0,29.09,16.52
2019-08-12,480.38,58252.6,102.62,0.0,28.94,17.39
2019-08-13,512.27,58146.5,102.59,0.0,24.21,15.06
2019-08-14,498.67,58032.3,102.56,0.0,27.41,15.05
2019-08-15,545.22,57946.1,102.53,0.0,24.78,12.93
2019-08-16,512.12,57840.0,102.5,0.0,27.0,11.9
2019-08-17,532.13,57745.8,102.47,0.0,23.41,15.47
2019-08-18,516.6,57642.4,102.44,0.0,30.31,18.43
2019-08-19,464.22,57507.5,102.4,0.0,27.55,17.79
2019-08-20,439.39,57357.8,102.35,0.0,20.29,11.55
2019-08-21,424.5,57199.1,102.31,0.0,23.97,10.96
2019-08-22,370.54,57008.0,102.25,0.0,18.82,8.52
2019-08-23,340.07,56798.6,102.19,0.0,21.89,11.46
2019-08-24,301.69,56566.3,102.12,0.0,23.09,11.79
2019-08-25,313.82,56341.2,102.05,0.0,23.41,13.27
2019-08-26,301.65,56108.8,101.98,0.0,24.64,15.47
2019-08-27,274.09,55859.8,101.91,0.0,23.78,14.81
2019-08-28,277.61,55613.0,101.83,0.0,24.43,13.99
2019-08-29,266.41,55359.4,101.76,0.0,25.69,14.3
2019-08-30,308.63,55131.2,101.69,0.0,28.35,17.64
2019-08-31,280.47,54886.1,101.61,0.0,30.0,16.29
2019-09-01,274.18,54637.2,101.54,0.0,33.86,22.07
2019-09-02,256.3,54377.6,101.46,0.0,27.56,16.55
2019-09-03,248.11,54113.1,101.38,0.0,30.44,14.66
2019-09-04,252.46,53851.1,101.31,0.0,29.46,18.05
2019-09-05,266.02,53597.4,101.23,0.0,28.27,18.89
2019-09-06,287.59,53356.5,101.16,0.0,25.1,16.88
2019-09-07,269.82,53105.0,101.08,0.0,23.49,12.89
2019-09-08,264.4,52850.3,101.01,0.0,23.63,11.47
2019-09-09,288.53,52610.0,100.93,0.0,21.5,13.27
2019-09-10,333.04,52396.4,100.87,0.0,23.37,12.3
2019-09-11,437.75,52245.7,100.82,11.51,23.84,10.36
2019-09-12,389.96,52066.2,100.77,0.0,31.42,19.42
2019-09-13,415.14,51901.9,100.72,0.0,30.6,19.21
2019-09-14,396.82,51726.6,100.67,0.0,31.31,21.24
2019-09-15,314.88,51502.2,100.6,0.0,30.21,16.56
2019-09-16,335.06,51289.8,100.54,0.0,25.86,15.88
2019-09-17,310.55,51062.7,100.47,0.0,21.29,10.5
2019-09-18,347.87,50858.1,100.41,0.0,23.71,10.74
2019-09-19,346.43,50652.5,100.35,0.0,21.6,13.29
2019-09-20,336.5,50441.0,100.28,0.0,26.55,14.66
2019-09-21,303.01,50209.4,100.22,0.12,20.94,12.28
2019-09-22,345.87,50003.6,100.15,0.0,21.45,10.19
2019-09-23,362.58,49807.7,100.09,0.0,24.53,14.94
2019-09-24,351.36,49605.1,100.03,0.0,21.99,11.14
2019-09-25,382.68,49421.3,99.98,0.0,20.27,7.37
2019-09-26,419.39,49259.6,99.93,0.0,14.68,7.78
2019-09-27,398.41,49085.2,99.88,0.0,22.15,10.84
2019-09-28,404.14,48914.3,99.83,0.0,21.5,10.68
2019-09-29,376.97,48727.1,99.77,0.0,26.07,14.5
2019-09-30,400.71,48554.1,99.72,0.0,25.75,14.29
2019-10-01,399.22,48380.3,99.67,0.0,24.58,13.66
2019-10-02,427.88,48223.6,99.62,0.0,25.47,14.53
2019-10-03,437.44,48072.7,99.58,0.0,23.87,15.77
2019-10-04,457.13,47933.5,99.53,0.0,21.1,10.61
2019-10-05,493.31,47816.1,99.5,0.0,22.97,12.42
2019-10-06,464.17,47681.2,99.46,4.25,22.33,11.58
2019-10-07,447.86,47536.6,99.41,0.0,19.29,10.55
2019-10-08,472.82,47406.9,99.38,0.0,17.81,6.74
2019-10-09,489.91,47287.4,99.34,0.0,20.7,10.04
2019-10-10,541.55,47198.9,99.31,0.0,14.96,2.39
2019-10-11,502.01,47086.7,99.28,0.0,17.35,5.71
2019-10-12,492.36,46968.8,99.25,0.0,15.88,5.49
2019-10-13,475.2,46840.5,99.21,0.0,19.32,9.01
2019-10-14,477.74,46713.7,99.17,1.0,19.13,11.27
2019-10-15,464.84,46579.2,99.13,0.0,17.75,4.64
2019-10-16,788.83,46639.2,99.15,23.42,18.58,7.09
2019-10-17,698.18,46644.7,99.15,0.0,20.29,6.19
2019-10-18,646.24,46619.0,99.14,0.0,17.61,5.38
2019-10-19,649.87,46595.5,99.13,6.54,22.96,11.65
2019-10-20,588.68,46535.3,99.12,2.29,21.7,11.41
2019-10-21,471.63,46404.9,99.08,0.0,21.45,9.3
2019-10-22,499.13,46291.0,99.04,0.0,18.08,7.88
2019-10-23,424.29,46132.2,98.99,0.0,16.71,4.26
2019-10-24,452.92,45990.5,98.95,0.0,11.71,0.52
2019-10-25,442.27,45842.5,98.91,0.0,11.52,2.54
2019-10-26,435.15,45690.2,98.86,0.0,14.51,2.82
2019-10-27,446.14,45544.5,98.82,0.0,17.12,5.64
2019-10-28,487.43,45423.6,98.78,0.0,14.55,7.43
2019-10-29,495.86,45307.7,98.75,0.0,12.73,2.27
2019-10-30,552.42,45225.7,98.72,0.0,15.88,4.35
2019-10-31,547.72,45141.0,98.7,0.0,16.76,7.47
2019-11-01,576.4,45073.4,98.68,0.0,16.69,5.26
2019-11-02,525.06,44975.0,98.65,0.0,17.55,5.36
2019-11-03,574.33,44906.2,98.63,0.63,18.96,6.74
2019-11-04,579.24,44840.4,98.61,0.0,25.3,13.21
2019-11-05,546.83,44755.1,98.58,0.0,14.94,6.98
2019-11-06,510.25,44647.8,98.55,0.0,11.86,2.07
2019-11-07,540.1,44558.5,98.52,0.0,10.36,0.46
2019-11-08,605.86,44508.6,98.51,0.0,14.48,4.35
2019-11-09,674.73,44500.1,98.51,0.0,14.2,3.82
2019-11-10,714.64,44515.5,98.51,0.0,9.58,-1.53
2019-11-11,1133.78,44782.3,98.59,16.93,14.48,1.72
2019-11-12,1049.14,44998.4,98.66,0.0,13.31,2.92
2019-11-13,918.71,45136.3,98.7,0.0,13.55,1.31
2019-11-14,894.44,45259.5,98.73,0.0,17.97,5.31
2019-11-15,924.14,45400.6,98.78,0.0,16.65,5.56
2019-11-16,811.54,45474.1,98.8,0.0,15.47,8.39
2019-11-17,1030.46,45679.0,98.86,12.24,19.09,7.42
2019-11-18,985.73,45857.1,98.91,0.0,17.74,7.68
2019-11-19,1018.24,46054.6,98.97,0.0,16.53,6.97
2019-11-20,961.55,46218.1,99.02,0.0,20.44,10.07
2019-11-21,951.33,46375.5,99.07,0.0,17.34,6.79
2019-11-22,1062.8,46599.8,99.13,1.44,15.62,3.25
2019-11-23,994.64,46783.2,99.19,0.0,16.81,4.73
2019-11-24,968.04,46950.6,99.24,0.0,15.11,3.07
2019-11-25,971.57,47120.2,99.29,0.0,12.7,2.2
2019-11-26,959.31,47282.4,99.34,0.0,11.87,1.25
2019-11-27,913.76,47417.2,99.38,0.0,9.42,1.26
2019-11-28,834.58,47504.6,99.41,0.0,14.16,4.52
2019-11-29,892.45,47626.7,99.44,0.0,9.36,2.15
2019-11-30,1005.59,47816.6,99.5,0.0,9.49,-1.85
2019-12-01,1205.51,48126.5,99.59,8.32,6.11,-5.53
2019-12-02,951.57,48284.1,99.64,0.0,2.06,-8.29
2019-12-03,946.42,48438.5,99.68,0.0,1.11,-10.28
2019-12-04,1067.91,48665.9,99.75,0.0,5.67,-5.58
2019-12-05,986.32,48844.3,99.81,0.0,9.45,-6.05
2019-12-06,1134.68,49111.7,99.89,7.14,7.5,-6.43
2019-12-07,1109.77,49364.2,99.96,0.0,0.9,-8.38
2019-12-08,1055.81,49584.2,100.03,0.0,11.84,0.5
2019-12-09,1075.74,49816.3,100.1,0.0,9.42,-1.61
2019-12-10,1140.56,50087.2,100.18,2.0,5.97,-6.64
2019-12-11,1175.47,50379.1,100.27,0.0,4.94,-8.58
2019-12-12,1156.5,50659.6,100.35,0.0,8.26,-3.24
2019-12-13,1001.64,50847.2,100.41,0.0,5.29,-3.21
2019-12-14,805.58,50917.2,100.43,0.0,7.75,-3.53
2019-12-15,920.84,51056.3,100.47,0.0,10.71,-0.39
2019-12-16,801.23,51123.6,100.49,0.0,8.39,-0.86
2019-12-17,960.39,51286.4,100.54,16.66,11.23,-2.89
2019-12-18,918.76,51424.3,100.58,0.0,9.46,-0.32
2019-12-19,730.11,51449.0,100.59,0.0,7.05,-3.89
2019-12-20,716.62,51465.5,100.59,0.0,5.05,-5.78
2019-12-21,715.52,51481.5,100.6,3.17,8.33,-5.11
2019-12-22,682.59,51477.6,100.59,0.0,2.87,-6.25
2019-12-23,621.09,51436.9,100.58,0.0,3.66,-7.52
2019-12-24,564.67,51362.3,100.56,0.0,5.07,-6.6
2019-12-25,477.22,51235.2,100.52,0.0,3.11,-5.02
2019-12-26,513.38,51129.8,100.49,0.0,4.4,-7.59
2019-12-27,544.04,51042.9,100.46,0.0,4.13,-4.94
2019-12-28,566.49,50969.4,100.44,0.0,4.85,-3.27
2019-12-29,557.12,50890.3,100.42,0.0,8.56,-3.57
2019-12-30,636.03,50858.5,100.41,8.76,5.23,-7.17
2019-12-31,543.05,50770.9,100.38,0.0,7.64,-4.63
2020-01-01,488.81,50650.8,100.35,0.0,6.65,-6.97
2020-01-02,624.36,50612.0,100.34,10.66,9.4,-0.17
2020-01-03,590.47,50552.9,100.32,0.0,7.71,-0.97
2020-01-04,533.92,50459.9,100.29,4.2,8.79,-2.24
2020-01-05,467.15,50326.8,100.25,0.0,6.97,-2.21
2020-01-06,452.68,50185.0,100.21,0.0,5.85,-5.75
2020-01-07,451.85,50042.7,100.17,0.0,7.53,-2.73
2020-01-08,426.17,49885.0,100.12,0.0,7.07,-4.76
2020-01-09,438.93,49734.9,100.07,0.0,8.66,-3.25
2020-01-10,477.84,49608.3,100.04,0.0,6.73,-4.16
2020-01-11,548.76,49524.1,100.01,0.0,6.28,-4.31
2020-01-12,469.66,49392.5,99.97,0.0,7.77,-3.4
2020-01-13,682.65,49388.7,99.97,4.64,7.59,-3.08
2020-01-14,580.77,49323.8,99.95,3.11,8.37,-0.94
2020-01-15,649.73,49300.2,99.94,4.36,9.28,-0.84
2020-01-16,660.7,49283.2,99.94,0.79,3.73,-8.31
2020-01-17,568.65,49211.0,99.92,0.0,4.71,-6.51
2020-01-18,569.73,49139.5,99.89,0.0,5.97,-2.69
2020-01-19,583.52,49076.2,99.88,0.0,5.74,-3.05
2020-01-20,632.43,49042.2,99.87,9.83,7.55,-3.04
2020-01-21,642.22,49014.2,99.86,0.0,4.78,-4.1
2020-01-22,582.58,48950.3,99.84,0.0,0.81,-9.72
2020-01-23,523.29,48850.9,99.81,0.0,-0.54,-12.21
2020-01-24,482.25,48726.9,99.77,0.0,3.35,-4.8
2020-01-25,449.72,48583.3,99.73,2.06,4.21,-5.75
2020-01-26,424.4,48424.5,99.68,1.32,4.87,-7.01
2020-01-27,423.46,48265.2,99.63,0.0,5.08,-6.57
2020-01-28,492.43,48147.3,99.6,0.0,6.03,-7.33
2020-01-29,561.87,48071.0,99.57,3.06,12.26,0.85
2020-01-30,579.51,48005.3,99.56,0.0,10.86,-1.8
2020-01-31,670.05,47994.0,99.55,0.0,11.51,0.27
2020-02-01,747.41,48029.0,99.56,12.7,9.87,0.33
2020-02-02,892.33,48151.0,99.6,10.09,6.16,-3.3
2020-02-03,833.1,48237.5,99.62,0.0,5.22,-6.14
2020-02-04,870.48,48346.4,99.66,0.0,1.93,-11.73
2020-02-05,885.05,48464.0,99.69,0.0,1.08,-10.48
2020-02-06,696.17,48468.3,99.69,0.0,1.12,-7.08
2020-02-07,716.04,48484.5,99.7,0.0,0.3,-13.1
2020-02-08,1208.88,48796.5,99.79,29.16,3.25,-9.05
2020-02-09,1215.36,49112.3,99.89,13.19,6.12,-4.37
2020-02-10,1243.43,49444.9,99.99,10.78,2.19,-12.24
2020-02-11,937.17,49593.8,100.03,1.25,4.28,-8.99
2020-02-12,803.1,49662.3,100.05,0.0,3.95,-7.66
2020-02-13,799.49,49728.6,100.07,0.0,5.11,-5.12
2020-02-14,762.8,49772.9,100.08,0.0,3.76,-7.7
2020-02-15,834.3,49860.1,100.11,0.0,3.12,-8.06
2020-02-16,813.65,49934.9,100.13,0.0,2.86,-10.99
2020-02-17,876.31,50047.3,100.17,0.0,-2.86,-13.98
2020-02-18,751.14,50084.5,100.18,0.0,-0.27,-9.76
2020-02-19,739.33,50114.7,100.19,1.88,4.54,-7.77
2020-02-20,822.58,50194.9,100.21,0.0,4.05,-4.89
2020-02-21,816.38,50271.3,100.23,0.0,3.36,-6.63
2020-02-22,825.01,50352.9,100.26,0.0,4.68,-7.56
2020-02-23,819.48,50431.2,100.28,0.0,0.89,-10.15
2020-02-24,813.05,50505.7,100.3,3.39,-0.08,-11.47
2020-02-25,802.58,50573.8,100.32,0.0,4.08,-3.87
2020-02-26,754.27,50613.0,100.34,0.58,3.7,-6.41
2020-02-27,1009.97,50805.6,100.39,12.47,6.97,-5.42
2020-02-28,1165.52,51091.5,100.48,13.37,9.94,-1.16
2020-02-29,1139.03,51361.5,100.56,10.11,14.65,3.18
2020-03-01,1137.95,51630.9,100.64,0.0,13.35,2.99
2020-03-02,1417.82,52068.2,100.77,17.48,15.59,3.52
2020-03-03,1341.88,52459.9,100.89,0.0,17.96,4.32
2020-03-04,1219.81,52778.4,100.98,0.0,10.9,0.72
2020-03-05,1200.56,53085.3,101.08,0.09,14.88,1.7
2020-03-06,1134.15,53352.4,101.16,0.0,16.97,3.3
2020-03-07,1009.96,53545.0,101.21,0.0,14.44,2.57
2020-03-08,909.53,53677.3,101.25,0.0,10.75,-1.33
2020-03-09,793.09,53739.8,101.27,0.0,8.61,-2.38
2020-03-10,774.51,53791.1,101.29,0.0,5.35,-3.64
2020-03-11,696.06,53795.3,101.29,0.44,5.52,-7.43
2020-03-12,832.5,53881.4,101.31,0.0,11.8,0.99
2020-03-13,746.86,53916.1,101.32,0.0,14.57,2.77
2020-03-14,727.88,53939.5,101.33,0.0,11.44,-1.2
2020-03-15,689.45,53939.7,101.33,0.0,15.59,4.87
2020-03-16,814.52,54015.1,101.35,0.0,21.37,8.8
2020-03-17,740.52,54046.0,101.36,0.08,16.76,4.82
2020-03-18,761.31,54089.4,101.38,1.53,14.02,3.73
2020-03-19,778.27,54142.9,101.39,0.0,11.16,-1.03
2020-03-20,678.78,54136.8,101.39,0.0,10.26,-1.83
2020-03-21,722.07,54156.6,101.4,1.87,14.92,2.65
2020-03-22,761.16,54199.9,101.41,0.0,9.38,-2.34
2020-03-23,877.57,54313.1,101.44,9.57,3.68,-5.67
2020-03-24,956.09,54473.4,101.49,8.88,8.13,-4.55
2020-03-25,792.93,54535.7,101.51,0.0,3.93,-5.23
2020-03-26,750.68,54572.7,101.52,0.0,3.17,-6.74
2020-03-27,625.78,54534.8,101.51,0.0,5.73,-4.04
2020-03-28,658.71,54516.6,101.5,0.0,15.02,1.77
2020-03-29,651.06,54493.9,101.5,0.0,12.81,3.24
2020-03-30,669.89,54482.4,101.49,0.0,14.78,4.03
2020-03-31,686.21,54480.7,101.49,0.0,9.09,-0.7
2020-04-01,666.03,54467.0,101.49,2.65,8.81,-0.53
2020-04-02,643.21,54439.5,101.48,0.0,14.75,2.86
2020-04-03,643.23,54412.0,101.47,0.0,15.54,3.44
2020-04-04,645.85,54386.1,101.47,0.0,13.41,1.47
2020-04-05,709.27,54398.3,101.47,0.0,14.35,5.94
2020-04-06,712.27,54412.3,101.47,0.0,17.5,7.89
2020-04-07,956.91,54573.0,101.52,9.89,18.35,7.96
2020-04-08,895.38,54696.9,101.56,1.07,19.7,10.0
2020-04-09,897.08,54821.7,101.6,0.0,16.85,4.4
2020-04-10,926.18,54964.0,101.64,0.0,17.06,2.83
2020-04-11,1040.8,55175.1,101.7,3.68,16.83,4.77
2020-04-12,887.83,55294.4,101.74,0.0,10.96,0.19
2020-04-13,746.84,55329.1,101.75,0.0,14.07,4.86
2020-04-14,743.17,55361.6,101.76,0.0,16.74,6.7
2020-04-15,749.22,55397.8,101.77,0.0,17.34,2.5
2020-04-16,785.56,55455.7,101.79,0.0,13.76,0.74
2020-04-17,795.01,55519.3,101.8,0.0,12.06,2.16
2020-04-18,735.39,55547.1,101.81,0.0,12.04,2.86
2020-04-19,708.55,55558.9,101.82,0.0,14.54,5.13
2020-04-20,819.06,55636.9,101.84,3.92,15.02,4.29
2020-04-21,900.15,55763.6,101.88,8.93,9.93,1.37
2020-04-22,962.15,55927.5,101.93,0.0,14.0,1.84
2020-04-23,811.63,56001.1,101.95,0.7,17.51,6.22
2020-04-24,791.77,56062.7,101.97,6.98,17.11,6.59
2020-04-25,713.41,56077.4,101.97,0.0,18.55,6.59
2020-04-26,696.56,56081.9,101.97,0.0,12.13,3.24
2020-04-27,673.63,56072.7,101.97,0.0,20.58,7.62
2020-04-28,685.26,56070.5,101.97,0.0,16.4,5.7
2020-04-29,713.69,56085.3,101.97,0.0,15.41,5.16
2020-04-30,640.65,56056.3,101.97,0.0,17.02,6.65
2020-05-01,622.31,56016.3,101.95,0.0,23.27,13.87
2020-05-02,1005.67,56206.3,102.01,18.97,24.63,14.22
2020-05-03,865.83,56312.4,102.04,0.0,15.79,6.42
2020-05-04,711.37,56325.8,102.05,0.0,16.13,6.89
2020-05-05,640.82,56296.9,102.04,0.0,19.09,7.72
2020-05-06,625.46,56258.8,102.03,0.0,16.38,7.1
2020-05-07,624.48,56220.1,102.01,0.0,18.77,6.91
2020-05-08,566.57,56146.6,101.99,0.0,22.17,11.2
2020-05-09,526.86,56049.3,101.96,0.0,20.46,9.67
2020-05-10,483.46,55926.0,101.93,0.0,15.29,6.18
2020-05-11,451.01,55783.2,101.88,0.0,19.43,10.87
2020-05-12,521.88,55683.0,101.85,0.71,21.21,12.45
2020-05-13,452.33,55541.0,101.81,0.0,24.39,12.27
2020-05-14,397.16,55365.9,101.76,0.0,26.25,13.09
2020-05-15,359.58,55168.2,101.7,0.54,24.77,14.08
2020-05-16,384.7,54985.6,101.64,1.94,27.35,17.79
2020-05-17,410.22,54818.4,101.59,0.0,25.11,14.3
2020-05-18,405.51,54648.3,101.54,0.0,26.14,13.77
2020-05-19,418.56,54486.0,101.5,0.0,19.3,8.86
2020-05-20,426.66,54328.6,101.45,0.0,19.22,9.24
2020-05-21,420.32,54167.4,101.4,0.0,20.43,7.17
2020-05-22,503.59,54056.2,101.37,5.35,19.95,9.49
2020-05-23,475.36,53928.0,101.33,0.0,20.96,9.3
2020-05-24,535.93,53836.2,101.3,6.27,20.37,12.4
2020-05-25,520.2,53734.9,101.27,1.31,24.33,12.88
2020-05-26,517.46,53632.0,101.24,0.0,22.59,14.04
2020-05-27,525.23,53533.7,101.21,0.0,28.77,14.75
2020-05-28,564.69,53459.1,101.19,0.0,25.96,18.12
2020-05-29,497.82,53344.4,101.15,0.0,25.96,14.99
2020-05-30,498.49,53230.1,101.12,1.6,23.87,16.34
2020-05-31,471.38,53099.6,101.08,0.0,27.83,16.25
2020-06-01,470.63,52968.5,101.04,0.0,29.57,17.53
2020-06-02,445.34,52822.4,101.0,0.0,26.74,15.54
2020-06-03,452.06,52680.2,100.95,0.0,30.26,20.67
2020-06-04,458.77,52542.1,100.91,0.0,29.92,16.47
2020-06-05,479.53,52416.4,100.88,0.0,31.77,19.28
2020-06-06,440.72,52267.4,100.83,0.0,30.22,21.05
2020-06-07,483.7,52144.2,100.79,0.0,33.46,21.76
2020-06-08,499.35,52030.4,100.76,0.0,29.65,18.56
2020-06-09,500.63,51917.4,100.73,0.0,29.31,19.05
2020-06-10,540.55,51828.4,100.7,0.0,25.94,13.13
2020-06-11,578.84,51762.3,100.68,0.0,24.11,11.62
2020-06-12,619.34,51720.5,100.67,0.0,20.53,8.96
2020-06-13,603.8,51669.4,100.65,0.0,20.94,12.75
2020-06-14,555.58,51589.3,100.63,0.0,26.71,14.33
2020-06-15,620.67,51548.3,100.62,0.0,28.6,18.93
2020-06-16,563.47,51473.0,100.59,0.0,27.77,16.78
2020-06-17,674.74,51464.5,100.59,3.13,31.19,21.69
2020-06-18,659.37,51446.7,100.59,0.0,30.44,21.17
2020-06-19,623.95,51407.7,100.57,0.0,33.41,22.54
2020-06-20,613.83,51362.6,100.56,0.17,33.53,22.37
2020-06-21,613.23,51317.1,100.55,0.0,28.96,19.64
2020-06-22,577.17,51250.0,100.53,0.0,34.8,24.79
2020-06-23,566.19,51176.3,100.5,0.0,36.55,24.33
2020-06-24,542.01,51088.1,100.48,0.0,33.43,20.19
2020-06-25,790.72,51149.2,100.5,16.15,35.57,22.79
2020-06-26,711.95,51162.9,100.5,0.0,36.74,23.01
2020-06-27,668.68,51150.8,100.5,0.0,33.15,24.05
2020-06-28,712.25,51164.7,100.5,7.49,32.86,23.39
2020-06-29,631.82,51130.4,100.49,0.0,34.81,23.81
2020-06-30,621.02,51089.6,100.48,0.0,33.99,24.75
2020-07-01,643.54,51062.4,100.47,0.0,37.31,24.17
2020-07-02,608.47,51014.0,100.46,0.0,32.65,21.03
2020-07-03,496.31,50898.4,100.42,0.0,31.88,20.45
2020-07-04,474.32,50769.6,100.38,1.09,30.27,19.66
2020-07-05,515.36,50665.4,100.35,0.0,32.2,21.24
2020-07-06,564.2,50590.6,100.33,0.0,26.13,16.9
2020-07-07,536.03,50498.8,100.3,0.0,32.14,21.03
2020-07-08,579.66,50433.2,100.28,0.0,28.15,17.42
2020-07-09,772.06,50483.0,100.3,12.09,30.67,18.75
2020-07-10,784.18,50540.1,100.31,0.0,29.4,18.49
2020-07-11,794.89,50603.7,100.33,0.0,31.12,21.26
2020-07-12,767.51,50650.8,100.35,0.0,35.39,23.36
2020-07-13,722.79,50671.1,100.35,3.71,31.05,21.91
2020-07-14,694.96,50674.6,100.35,0.0,29.73,19.94
2020-07-15,673.59,50665.4,100.35,0.0,28.44,20.66
2020-07-16,575.95,50597.6,100.33,1.43,30.47,18.5
2020-07-17,620.72,50556.6,100.32,0.0,27.83,17.55
2020-07-18,656.65,50537.2,100.31,6.85,28.34,18.43
2020-07-19,652.76,50515.5,100.31,0.0,27.18,19.33
2020-07-20,626.98,50478.3,100.3,4.1,29.94,17.01
2020-07-21,562.9,50402.6,100.27,0.0,29.99,20.16
2020-07-22,490.6,50283.6,100.24,0.0,32.5,20.42
2020-07-23,483.97,50160.5,100.2,0.0,28.33,16.22
2020-07-24,559.03,50082.6,100.18,0.0,25.16,14.24
2020-07-25,554.39,50001.8,100.15,0.0,26.4,14.18
2020-07-26,642.81,49974.1,100.14,7.63,26.75,15.0
2020-07-27,667.12,49961.0,100.14,0.0,24.17,11.89
2020-07-28,573.07,49891.4,100.12,0.0,26.48,14.67
2020-07-29,552.11,49809.3,100.1,0.0,28.81,15.97
2020-07-30,487.04,49688.1,100.06,0.0,24.08,13.54
2020-07-31,484.75,49565.6,100.02,0.0,26.16,17.18
2020-08-01,431.74,49411.2,99.98,0.0,27.03,15.72
2020-08-02,414.7,49246.6,99.93,0.0,29.41,19.41
2020-08-03,386.77,49065.3,99.87,0.0,34.33,19.78
2020-08-04,418.84,48903.2,99.82,0.0,30.08,18.64
2020-08-05,458.51,48764.9,99.78,0.0,33.32,22.01
2020-08-06,480.1,48639.6,99.75,0.0,33.74,23.0
2020-08-07,488.65,48519.4,99.71,0.0,33.55,22.6
2020-08-08,448.37,48375.0,99.67,0.0,32.0,21.45
2020-08-09,447.81,48230.3,99.62,0.0,38.96,25.24
2020-08-10,372.47,48040.4,99.57,0.0,34.73,22.06
2020-08-11,411.14,47873.7,99.52,0.0,29.62,20.2
2020-08-12,399.06,47699.7,99.46,0.0,31.36,20.9
2020-08-13,421.4,47539.2,99.42,0.0,30.23,15.35
2020-08-14,451.22,47396.5,99.37,0.0,31.31,19.29
2020-08-15,384.57,47213.8,99.32,0.0,31.93,19.3
2020-08-16,387.7,47033.1,99.26,0.0,32.33,23.15
2020-08-17,342.67,46825.3,99.2,0.0,34.1,22.42
2020-08-18,356.82,46626.0,99.14,0.0,29.76,20.05
2020-08-19,326.8,46408.6,99.08,0.0,31.57,21.51
2020-08-20,319.35,46186.9,99.01,0.0,34.98,22.33
2020-08-21,297.53,45952.0,98.94,0.0,34.6,23.07
2020-08-22,307.01,45722.8,98.87,0.0,33.14,22.59
2020-08-23,352.67,45521.0,98.81,0.0,33.92,24.64
2020-08-24,355.44,45320.9,98.75,0.0,34.99,25.48
2020-08-25,377.75,45134.1,98.7,0.0,30.12,18.18
2020-08-26,428.37,44977.7,98.65,0.0,29.4,17.8
2020-08-27,411.1,44811.0,98.6,0.0,27.12,16.5
2020-08-28,423.01,44651.4,98.55,0.0,29.87,17.84
2020-08-29,421.14,44490.7,98.5,0.0,30.03,17.97
2020-08-30,461.65,44354.3,98.46,0.0,26.06,13.16
2020-08-31,443.87,44207.2,98.42,0.0,22.42,10.6
2020-09-01,421.93,44047.0,98.37,0.0,23.43,13.31
2020-09-02,419.5,43885.3,98.32,0.0,26.25,16.54
2020-09-03,438.64,43735.1,98.28,0.0,31.66,19.84
2020-09-04,396.21,43559.4,98.22,0.21,29.99,20.26
2020-09-05,451.06,43416.6,98.18,0.0,29.74,18.65
2020-09-06,461.67,43280.2,98.14,0.0,31.56,19.75
2020-09-07,482.27,43156.2,98.1,0.0,26.91,15.28
2020-09-08,503.14,43044.7,98.07,0.0,28.59,16.25
2020-09-09,499.0,42930.7,98.04,0.0,23.34,12.77
2020-09-10,448.14,42786.2,97.99,0.0,20.77,14.0
2020-09-11,393.22,42608.7,97.94,0.0,21.05,9.61
2020-09-12,438.97,42458.7,97.9,0.0,23.04,12.67
2020-09-13,462.53,42322.8,97.85,0.0,24.8,15.07
2020-09-14,414.06,42157.9,97.81,0.0,29.79,18.49
2020-09-15,439.2,42008.0,97.76,0.0,24.68,17.65
2020-09-16,490.71,41889.0,97.72,0.0,26.45,15.28
2020-09-17,459.13,41751.1,97.68,0.0,25.3,13.79
2020-09-18,478.17,41624.6,97.65,0.0,26.96,17.99
2020-09-19,441.88,41476.3,97.6,0.0,29.74,15.79
2020-09-20,498.2,41361.9,97.57,0.0,27.67,16.63
2020-09-21,460.23,41224.6,97.53,0.0,28.02,15.53
2020-09-22,765.82,41270.7,97.54,32.91,22.44,11.61
2020-09-23,715.6,41286.7,97.54,0.0,18.84,7.82
2020-09-24,712.57,41300.8,97.55,0.0,20.09,7.79
2020-09-25,591.21,41242.1,97.53,0.0,18.53,7.37
2020-09-26,568.58,41169.9,97.51,0.0,22.59,12.73
2020-09-27,497.38,41054.9,97.47,0.0,26.69,15.5
2020-09-28,468.95,40922.9,97.44,0.0,27.54,14.9
2020-09-29,472.35,40792.9,97.4,0.0,24.51,11.92
2020-09-30,476.84,40665.6,97.36,0.0,23.78,14.16
2020-10-01,483.72,40542.5,97.32,0.0,18.86,8.39
2020-10-02,582.97,40478.8,97.3,8.82,17.72,5.51
2020-10-03,545.4,40392.7,97.28,0.0,21.06,8.51
2020-10-04,517.55,40289.8,97.25,0.0,22.27,11.77
2020-10-05,486.14,40168.1,97.21,0.0,20.73,10.27
2020-10-06,475.61,40040.1,97.17,0.0,20.23,7.94
2020-10-07,443.84,39893.0,97.13,0.0,22.0,10.73
2020-10-08,404.11,39722.0,97.08,0.0,21.64,9.53
2020-10-09,459.36,39584.3,97.03,0.0,25.66,13.14
2020-10-10,517.24,39481.2,97.0,0.0,22.38,9.78
2020-10-11,594.77,39424.7,96.99,7.22,16.14,5.53
2020-10-12,559.86,39347.2,96.96,0.0,19.95,6.88
2020-10-13,498.42,39232.9,96.93,0.0,18.48,8.24
2020-10-14,470.83,39102.0,96.89,0.0,14.58,5.26
2020-10-15,464.73,38967.4,96.85,0.0,13.38,6.81
2020-10-16,444.44,38820.7,96.81,0.0,18.76,9.19
2020-10-17,445.2,38674.4,96.76,0.0,13.45,4.07
2020-10-18,390.55,38495.3,96.71,0.0,16.04,5.89
2020-10-19,400.47,38322.2,96.66,0.0,18.17,6.46
2020-10-20,427.68,38165.4,96.61,0.0,20.54,8.43
2020-10-21,458.55,38027.2,96.57,0.0,18.5,8.0
2020-10-22,492.69,37909.4,96.53,0.0,17.74,4.53
2020-10-23,453.54,37768.1,96.49,0.0,17.29,4.9
2020-10-24,451.82,37625.8,96.45,0.0,17.03,5.73
2020-10-25,464.72,37491.2,96.41,0.0,14.3,4.84
2020-10-26,407.76,37322.5,96.36,0.0,17.73,6.35
2020-10-27,439.09,37172.5,96.31,0.0,16.26,2.04
2020-10-28,385.36,36990.4,96.26,0.0,15.47,4.25
2020-10-29,391.07,36811.6,96.2,0.0,16.39,5.38
2020-10-30,606.06,36761.9,96.19,29.06,17.16,6.11
2020-10-31,560.75,36684.9,96.17,1.32,13.04,1.45
2020-11-01,581.59,36620.5,96.15,0.0,11.96,0.82
2020-11-02,734.52,36647.8,96.16,21.26,11.12,-1.88
2020-11-03,724.35,36669.0,96.16,0.0,10.29,-0.93
2020-11-04,565.17,36594.7,96.14,0.0,14.46,2.01
2020-11-05,501.02,36481.9,96.11,0.0,15.04,4.21
2020-11-06,479.4,36356.2,96.07,0.0,16.98,7.06
2020-11-07,408.26,36187.7,96.02,0.0,11.33,0.49
2020-11-08,470.33,36056.5,95.98,0.0,12.42,-0.22
2020-11-09,450.62,35913.5,95.94,0.0,11.16,1.25
2020-11-10,464.96,35779.1,95.9,0.0,7.43,-3.74
2020-11-11,492.15,35661.0,95.86,0.0,9.9,-0.14
2020-11-12,464.44,35526.2,95.82,0.0,11.33,0.67
2020-11-13,438.63,35376.0,95.78,0.0,10.55,-2.41
2020-11-14,408.9,35208.0,95.72,0.0,8.31,-1.2
2020-11-15,471.68,35077.6,95.69,7.44,8.49,-4.33
2020-11-16,509.53,34969.9,95.65,0.0,7.45,-2.99
2020-11-17,495.87,34854.0,95.62,0.0,5.39,-6.44
2020-11-18,443.51,34706.7,95.57,0.0,7.79,0.48
2020-11-19,431.65,34552.3,95.53,0.0,9.18,-3.12
2020-11-20,393.14,34374.8,95.48,0.0,5.62,-4.34
2020-11-21,426.89,34217.6,95.43,0.0,6.62,-3.53
2020-11-22,488.79,34097.4,95.39,0.0,12.27,-1.98
2020-11-23,515.39,33993.3,95.36,0.0,9.92,-4.1
2020-11-24,631.61,33958.8,95.35,0.0,9.08,-5.21
2020-11-25,593.41,33901.5,95.33,0.0,13.26,1.21
2020-11-26,546.39,33815.9,95.31,0.0,12.86,1.54
2020-11-27,564.83,33741.4,95.29,0.0,17.92,7.77
2020-11-28,573.88,33672.4,95.27,0.0,16.72,3.6
2020-11-29,578.13,33605.9,95.25,0.0,14.07,3.01
2020-11-30,608.92,33557.8,95.23,0.0,11.44,3.29
2020-12-01,629.9,33522.4,95.22,0.0,8.38,-1.15
2020-12-02,557.09,33443.2,95.2,0.0,9.83,-0.64
2020-12-03,530.01,33347.8,95.17,0.0,8.12,-4.93
2020-12-04,529.87,33252.3,95.14,0.0,12.97,1.37
2020-12-05,570.53,33181.3,95.12,0.0,7.9,-3.82
2020-12-06,581.51,33116.8,95.1,0.44,6.14,-3.63
2020-12-07,561.24,33040.1,95.08,0.0,4.48,-8.18
2020-12-08,547.63,32955.3,95.05,0.0,2.34,-6.71
2020-12-09,572.61,32885.5,95.03,0.0,2.34,-8.14
2020-12-10,615.13,32841.2,95.02,0.0,4.56,-7.4
2020-12-11,678.68,32835.0,95.01,0.0,4.75,-6.85
2020-12-12,667.6,32822.1,95.01,0.0,5.69,-6.08
2020-12-13,649.3,32798.3,95.0,0.0,7.08,-3.27
2020-12-14,675.54,32790.3,95.0,0.0,7.35,-3.23
2020-12-15,683.25,32786.8,95.0,0.0,8.03,-3.23
2020-12-16,828.29,32870.4,95.03,0.0,6.17,-2.08
2020-12-17,992.3,33052.4,95.08,0.0,7.93,-0.37
2020-12-18,906.65,33183.0,95.12,0.0,2.95,-6.01
2020-12-19,894.79,33306.4,95.16,0.0,7.31,-3.11
2020-12-20,782.25,33362.4,95.17,0.0,6.04,-2.73
2020-12-21,716.26,33378.8,95.18,0.0,7.03,0.14
2020-12-22,683.47,33375.4,95.18,0.0,8.63,-1.19
2020-12-23,693.09,33377.9,95.18,0.0,10.39,-0.28
2020-12-24,693.74,33380.7,95.18,0.0,12.04,-3.35
2020-12-25,738.51,33410.4,95.19,0.0,8.5,-4.29
2020-12-26,681.23,33405.8,95.19,0.0,3.16,-6.78
2020-12-27,722.76,33426.0,95.19,2.98,7.67,-2.66
2020-12-28,773.05,33476.5,95.21,6.0,4.18,-5.95
2020-12-29,685.22,33474.2,95.21,0.0,3.51,-9.16
2020-12-30,765.44,33520.1,95.22,0.0,2.3,-9.86
2020-12-31,722.13,33540.0,95.23,0.0,5.53,-7.59
2021-01-01,746.98,33574.8,95.24,0.0,3.29,-5.18
2021-01-02,751.14,33612.0,95.25,0.0,5.01,-8.33
2021-01-03,666.93,33598.8,95.24,0.0,3.21,-9.88
2021-01-04,705.89,33608.9,95.25,0.0,2.54,-8.96
2021-01-05,816.03,33685.2,95.27,0.0,-0.14,-11.27
2021-01-06,875.94,33797.3,95.3,0.0,-0.97,-13.16
2021-01-07,1169.95,34085.9,95.39,16.78,-0.46,-13.42
2021-01-08,1048.38,34301.5,95.45,0.0,0.65,-9.76
2021-01-09,907.25,34432.5,95.49,0.0,4.38,-7.16
2021-01-10,775.37,34484.3,95.51,0.0,2.66,-8.07
2021-01-11,793.84,34547.2,95.53,1.14,2.78,-14.61
2021-01-12,809.48,34619.5,95.55,0.0,-2.14,-8.8
2021-01-13,866.16,34725.8,95.58,0.0,0.84,-9.9
2021-01-14,990.57,34906.8,95.63,0.0,-1.48,-12.73
2021-01-15,1031.56,35112.3,95.7,4.56,-0.06,-13.17
2021-01-16,1026.99,35315.1,95.76,0.0,1.22,-8.32
2021-01-17,1352.74,35713.3,95.88,18.38,2.61,-7.8
2021-01-18,1268.97,36061.3,95.98,0.0,3.49,-6.85
2021-01-19,1192.41,36363.4,96.07,1.59,4.89,-8.46
2021-01-20,1187.07,36662.2,96.16,4.08,0.85,-11.86
2021-01-21,1312.27,37036.2,96.27,0.0,2.4,-8.12
2021-01-22,1331.94,37422.0,96.39,0.0,4.54,-7.79
2021-01-23,1472.17,37891.9,96.53,0.0,3.72,-7.08
2021-01-24,1395.17,38315.6,96.65,0.0,3.89,-7.08
2021-01-25,1341.82,38707.3,96.77,0.0,5.11,-4.73
2021-01-26,1439.18,39157.4,96.91,5.15,7.03,-1.39
2021-01-27,1390.95,39578.6,97.03,0.0,4.24,-6.4
2021-01-28,1519.64,40076.9,97.18,0.0,6.43,-6.47
2021-01-29,1542.07,40588.8,97.34,0.0,7.4,-4.11
2021-01-30,2180.0,41483.4,97.6,15.94,11.5,0.76
2021-01-31,2067.86,42310.7,97.85,0.0,8.17,-4.33
2021-02-01,2810.36,43583.5,98.23,17.9,5.52,-8.44
2021-02-02,2668.04,44771.0,98.59,4.89,5.32,-5.22
2021-02-03,2314.09,45746.0,98.88,0.0,6.04,-7.61
2021-02-04,2129.11,46610.1,99.14,0.0,4.55,-6.99
2021-02-05,2120.46,47469.0,99.39,0.0,3.99,-4.86
2021-02-06,1979.07,48243.0,99.63,0.0,5.97,-3.68
2021-02-07,1753.11,48881.5,99.82,0.62,8.68,-2.43
2021-02-08,2116.29,49737.9,100.07,13.14,5.48,-6.53
2021-02-09,1924.31,50479.0,100.3,1.89,6.96,-6.84
2021-02-10,1807.8,51150.3,100.5,0.0,4.54,-7.79
2021-02-11,2593.04,52292.8,100.84,19.97,4.9,-6.77
2021-02-12,1947.26,53047.7,101.06,0.0,0.02,-9.54
2021-02-13,2658.53,54229.4,101.42,31.46,4.04,-6.35
2021-02-14,2345.65,55223.4,101.72,0.22,7.24,-5.37
2021-02-15,2076.0,56055.6,101.96,0.0,-1.28,-10.18
2021-02-16,1708.18,56667.1,102.15,0.0,6.84,-4.88
2021-02-17,2011.82,57460.8,102.39,11.25,10.76,0.09
2021-02-18,2496.72,58545.5,102.71,16.89,14.23,1.34
2021-02-19,2191.92,59447.2,102.98,0.0,9.5,-2.02
2021-02-20,1839.05,60137.3,103.19,0.49,12.09,0.23
2021-02-21,1477.79,60610.5,103.33,6.65,10.38,-0.43
2021-02-22,1322.27,60990.5,103.44,2.37,13.74,0.43
2021-02-23,1187.28,61289.5,103.53,0.0,10.37,-0.77
2021-02-24,978.09,61462.9,103.58,0.0,7.5,-2.58
2021-02-25,1262.18,61806.8,103.69,22.68,6.83,-4.04
2021-02-26,1124.46,62068.1,103.76,0.0,4.33,-5.06
2021-02-27,950.72,62225.2,103.81,0.0,4.2,-8.75
2021-02-28,743.95,62258.1,103.82,0.0,9.48,1.83
2021-03-01,745.25,62291.9,103.83,0.0,3.26,-6.89
2021-03-02,790.91,62353.0,103.85,0.0,2.74,-9.79
2021-03-03,712.78,62367.3,103.85,0.0,3.83,-7.72
2021-03-04,677.19,62360.2,103.85,0.0,12.28,-0.11
2021-03-05,617.87,62317.6,103.84,2.0,11.38,1.12
2021-03-06,664.45,62302.8,103.83,0.0,11.54,-0.3
2021-03-07,704.7,62312.3,103.84,2.45,8.38,-3.3
2021-03-08,1070.54,62541.2,103.91,27.32,10.68,-1.77
2021-03-09,1012.85,62735.5,103.96,0.0,6.51,-5.04
2021-03-10,1179.35,63029.7,104.05,18.95,13.79,1.93
2021-03-11,1174.25,63320.9,104.14,0.0,7.96,-2.42
2021-03-12,1037.29,63529.8,104.2,2.46,12.68,-1.2
2021-03-13,890.13,63650.5,104.24,0.04,4.62,-8.28
2021-03-14,904.24,63779.7,104.28,0.0,7.56,-3.79
2021-03-15,737.83,63809.0,104.29,0.0,14.24,2.25
2021-03-16,769.5,63857.3,104.3,0.0,13.29,2.88
2021-03-17,872.83,63967.6,104.33,0.0,9.49,2.39
2021-03-18,808.24,64039.1,104.35,1.3,7.9,-3.5
2021-03-19,875.53,64151.0,104.39,0.0,16.01,2.77
2021-03-20,963.04,64315.5,104.44,8.95,14.29,3.73
2021-03-21,1063.11,64539.9,104.5,6.87,18.04,3.92
2021-03-22,1006.47,64730.4,104.56,1.3,13.68,2.63
2021-03-23,974.3,64901.6,104.61,0.0,14.69,2.92
2021-03-24,945.33,65055.4,104.66,0.0,15.65,2.95
2021-03-25,940.5,65206.3,104.7,0.0,12.64,2.57
2021-03-26,914.3,65341.5,104.74,0.0,17.02,1.37
2021-03-27,1054.54,65560.8,104.81,0.0,15.51,4.2
2021-03-28,974.66,65732.2,104.86,0.0,15.18,3.22
2021-03-29,991.31,65913.6,104.92,0.0,18.48,5.86
2021-03-30,863.91,66018.6,104.95,0.0,15.84,5.1
2021-03-31,941.52,66170.1,104.99,0.0,15.17,2.16
2021-04-01,970.55,66339.0,105.04,6.31,15.92,3.29
2021-04-02,968.09,66506.5,105.09,0.0,15.18,5.8
2021-04-03,923.0,66646.9,105.14,0.0,10.01,-2.56
2021-04-04,755.36,66686.7,105.15,0.0,11.92,2.21
2021-04-05,738.01,66716.1,105.16,1.35,17.6,5.9
2021-04-06,909.36,66848.3,105.2,0.0,16.83,5.68
2021-04-07,805.24,66918.1,105.22,0.0,16.44,3.48
2021-04-08,805.55,66988.0,105.24,0.0,15.06,1.19
2021-04-09,787.05,67046.8,105.25,0.0,15.75,5.72
2021-04-10,696.5,67051.4,105.26,0.0,19.34,9.27
2021-04-11,710.28,67064.1,105.26,1.97,20.22,8.56
2021-04-12,619.45,67022.4,105.25,1.9,21.57,9.93
2021-04-13,624.33,66983.6,105.24,0.0,20.94,7.44
2021-04-14,776.15,67035.9,105.25,11.51,13.02,5.07
2021-04-15,668.22,67023.4,105.25,0.0,19.85,8.03
2021-04-16,997.44,67208.5,105.3,16.63,24.88,11.38
2021-04-17,887.04,67327.3,105.34,0.0,22.45,11.26
2021-04-18,937.54,67476.5,105.38,2.76,18.18,6.43
2021-04-19,880.28,67591.2,105.42,0.0,14.91,6.12
2021-04-20,774.39,67642.5,105.43,0.0,17.86,4.93
2021-04-21,1380.26,68057.2,105.56,35.89,16.46,7.54
2021-04-22,1184.58,68354.6,105.65,0.0,17.03,5.82
2021-04-23,1047.69,68569.8,105.71,0.0,15.91,8.15
2021-04-24,961.75,68733.5,105.76,0.0,14.28,4.16
2021-04-25,853.91,68832.4,105.79,2.67,18.0,6.51
2021-04-26,722.74,68852.6,105.8,0.0,16.75,4.97
2021-04-27,631.81,68818.3,105.79,0.0,20.29,8.82
2021-04-28,580.72,68753.4,105.77,0.0,17.83,4.51
2021-04-29,541.24,68664.7,105.74,0.0,24.71,14.31
2021-04-30,518.02,68562.1,105.71,0.0,26.23,16.2
2021-05-01,551.81,68479.8,105.68,0.0,26.76,16.8
2021-05-02,548.59,68395.6,105.66,0.0,25.25,15.14
2021-05-03,518.59,68293.3,105.63,0.0,25.82,16.25
2021-05-04,465.23,68159.1,105.59,0.95,23.47,13.1
2021-05-05,466.79,68025.8,105.55,0.0,22.63,14.08
2021-05-06,495.53,67909.7,105.51,2.47,20.1,9.96
2021-05-07,492.04,67791.5,105.48,0.0,24.05,12.75
2021-05-08,538.54,67701.2,105.45,0.0,17.68,9.28
2021-05-09,534.25,67608.4,105.42,0.0,21.64,9.42
2021-05-10,526.05,67510.6,105.39,2.67,22.69,10.6
2021-05-11,542.64,67422.8,105.37,0.0,18.25,8.15
2021-05-12,535.75,67330.9,105.34,2.9,19.38,8.09
2021-05-13,494.52,67214.2,105.31,0.0,15.52,3.44
2021-05-14,483.43,67090.9,105.27,0.0,20.17,5.86
2021-05-15,451.16,66948.2,105.23,0.0,27.1,16.31
2021-05-16,460.44,66811.0,105.18,0.0,21.66,9.1
2021-05-17,462.24,66675.0,105.14,0.0,24.09,14.01
2021-05-18,427.62,66518.1,105.1,0.0,20.92,9.63
2021-05-19,412.84,66352.5,105.05,0.0,20.38,13.54
2021-05-20,408.32,66184.0,105.0,0.0,18.25,7.89
2021-05-21,370.1,65992.7,104.94,0.0,20.01,12.2
2021-05-22,374.61,65804.1,104.88,0.0,24.19,13.35
2021-05-23,346.64,65598.7,104.82,0.0,18.14,7.16
2021-05-24,363.6,65403.4,104.76,0.0,24.22,12.39
2021-05-25,396.92,65228.2,104.71,0.0,23.7,12.53
2021-05-26,396.77,65052.9,104.66,0.0,24.82,14.66
2021-05-27,422.28,64892.8,104.61,0.0,23.11,13.77
2021-05-28,456.55,64753.4,104.57,0.0,24.5,11.66
2021-05-29,450.15,64610.1,104.53,0.0,27.36,15.64
2021-05-30,387.01,64428.9,104.47,0.0,29.19,15.06
2021-05-31,404.32,64258.1,104.42,0.0,26.76,17.52
2021-06-01,493.75,64140.9,104.39,1.66,30.47,20.11
2021-06-02,449.63,63997.3,104.34,0.0,31.6,22.68
2021-06-03,501.87,63885.0,104.31,0.0,35.14,23.75
2021-06-04,520.02,63783.6,104.28,0.0,34.01,23.17
2021-06-05,505.19,63673.4,104.25,0.0,34.69,22.56
2021-06-06,466.8,63540.0,104.21,0.0,30.71,17.22
2021-06-07,508.91,63432.0,104.17,0.0,31.74,19.31
2021-06-08,528.24,63335.6,104.14,0.0,28.19,16.89
2021-06-09,479.52,63209.9,104.11,0.0,30.04,19.85
2021-06-10,573.5,63140.6,104.09,1.04,27.36,18.17
2021-06-11,596.31,63085.0,104.07,0.0,27.52,15.16
2021-06-12,582.73,63021.2,104.05,0.0,25.92,14.84
2021-06-13,676.32,63013.6,104.05,0.0,30.71,20.58
2021-06-14,659.48,62995.9,104.04,0.0,26.13,14.46
2021-06-15,624.43,62957.2,104.03,0.0,29.63,18.17
2021-06-16,589.81,62897.6,104.01,0.0,31.67,21.48
2021-06-17,547.51,62812.7,103.99,0.0,35.14,22.76
2021-06-18,508.08,62704.2,103.96,0.0,32.02,21.14
2021-06-19,534.66,62611.6,103.93,0.0,34.17,22.69
2021-06-20,511.51,62505.1,103.9,0.0,38.51,26.04
2021-06-21,475.76,62377.2,103.86,0.0,35.14,24.81
2021-06-22,516.29,62273.6,103.83,0.0,30.84,19.89
2021-06-23,410.58,62106.5,103.78,0.0,32.85,22.94
2021-06-24,469.27,61974.7,103.74,0.0,32.8,22.05
2021-06-25,473.12,61845.1,103.7,0.0,29.92,20.13
2021-06-26,480.13,61719.8,103.66,0.0,27.26,18.44
2021-06-27,458.79,61581.7,103.62,0.0,30.66,19.01
2021-06-28,826.9,61664.5,103.64,25.42,30.06,19.34
2021-06-29,760.56,61707.4,103.66,0.0,31.25,22.3
2021-06-30,601.69,61655.0,103.64,0.0,31.91,21.32
2021-07-01,539.1,61565.1,103.61,0.0,29.55,18.2
2021-07-02,907.13,61696.0,103.65,30.99,28.58,17.37
2021-07-03,752.46,61734.0,103.66,0.0,32.85,21.69
2021-07-04,644.04,61707.1,103.66,0.0,32.99,19.38
2021-07-05,635.84,61675.2,103.65,0.0,30.78,17.92
2021-07-06,586.84,61613.9,103.63,0.0,28.81,17.4
2021-07-07,537.06,61522.7,103.6,0.0,30.19,19.01
2021-07-08,493.53,61405.4,103.57,0.0,31.35,21.38
2021-07-09,498.92,61291.4,103.53,0.0,30.42,17.64
2021-07-10,444.75,61144.8,103.49,0.0,36.28,24.12
2021-07-11,408.41,60976.5,103.44,0.0,30.97,19.4
2021-07-12,379.54,60790.8,103.38,0.0,33.04,22.02
2021-07-13,405.3,60620.6,103.33,0.0,31.5,20.76
2021-07-14,428.25,60464.2,103.28,0.0,33.82,23.5
2021-07-15,638.12,60433.6,103.28,9.15,29.85,21.0
2021-07-16,501.14,60320.9,103.24,0.3,32.58,21.2
2021-07-17,503.2,60209.5,103.21,0.0,32.91,23.21
2021-07-18,561.36,60132.9,103.19,7.15,32.98,20.45
2021-07-19,607.87,60084.2,103.17,0.0,23.09,12.69
2021-07-20,593.98,60027.2,103.15,0.0,21.66,10.32
2021-07-21,520.96,59926.4,103.12,0.0,23.04,10.24
2021-07-22,496.4,59810.8,103.09,0.0,22.52,11.4
2021-07-23,495.63,59694.8,103.05,0.0,29.68,17.33
2021-07-24,483.56,59571.5,103.02,0.0,32.81,22.02
2021-07-25,529.15,59475.6,102.99,0.0,34.64,22.92
2021-07-26,517.38,59372.7,102.96,0.0,28.83,18.98
2021-07-27,472.16,59242.6,102.92,0.0,30.72,19.76
2021-07-28,512.58,59136.7,102.89,0.0,29.61,16.89
2021-07-29,431.76,58982.4,102.84,0.0,32.65,22.45
2021-07-30,479.46,58856.7,102.8,0.0,34.1,23.08
2021-07-31,517.87,58754.0,102.77,0.0,31.87,19.97
2021-08-01,481.87,58629.7,102.74,0.0,26.75,16.89
2021-08-02,514.84,58525.2,102.7,0.0,27.74,15.1
2021-08-03,439.04,58375.3,102.66,0.0,26.37,16.72
2021-08-04,448.63,58231.0,102.62,0.0,26.9,18.6
2021-08-05,560.51,58153.9,102.59,0.0,26.61,15.71
2021-08-06,524.13,58055.0,102.56,0.0,26.38,15.69
2021-08-07,533.0,57961.4,102.54,0.0,22.39,12.5
2021-08-08,526.48,57863.9,102.51,0.0,27.53,18.58
2021-08-09,468.58,57731.7,102.47,0.0,29.08,17.49
2021-08-10,487.04,57610.5,102.43,0.0,28.45,17.77
2021-08-11,601.81,57558.2,102.41,2.21,30.13,18.78
2021-08-12,623.63,57519.0,102.4,0.0,31.74,21.52
2021-08-13,603.7,57467.8,102.39,0.0,29.92,17.63
2021-08-14,548.27,57383.4,102.36,0.0,26.21,16.7
2021-08-15,525.52,57285.3,102.33,0.0,22.32,13.18
2021-08-16,543.7,57198.1,102.31,0.0,25.6,13.86
2021-08-17,567.99,57125.5,102.29,0.0,24.58,13.3
2021-08-18,562.84,57049.8,102.26,0.0,28.3,16.46
2021-08-19,516.6,56946.4,102.23,0.0,26.76,17.86
2021-08-20,513.48,56841.1,102.2,0.0,29.94,18.04
2021-08-21,526.02,56743.3,102.17,0.0,32.72,21.45
2021-08-22,545.88,56657.4,102.15,0.0,30.13,18.36
2021-08-23,450.88,56514.5,102.1,0.0,31.16,21.52
2021-08-24,454.14,56373.6,102.06,0.0,25.51,15.66
2021-08-25,451.31,56231.0,102.02,0.0,29.32,19.98
2021-08-26,457.74,56092.3,101.98,0.0,32.83,20.72
2021-08-27,437.6,55941.4,101.93,0.89,24.66,17.01
2021-08-28,371.26,55750.8,101.87,0.0,25.2,12.46
2021-08-29,341.37,55542.2,101.81,0.0,23.69,12.65
2021-08-30,377.74,55355.5,101.76,0.0,26.91,14.16
2021-08-31,361.44,55158.9,101.7,0.0,23.02,13.41
2021-09-01,388.03,54978.4,101.64,0.0,25.01,10.66
2021-09-02,439.58,54828.7,101.6,0.0,24.48,12.07
2021-09-03,438.95,54678.7,101.55,0.0,24.15,12.63
2021-09-04,465.93,54544.8,101.51,0.0,25.96,15.62
2021-09-05,452.24,54402.8,101.47,0.0,28.46,16.43
2021-09-06,468.81,54270.7,101.43,0.55,28.4,16.35
2021-09-07,456.28,54131.1,101.39,0.0,28.42,17.98
2021-09-08,491.69,54012.7,101.35,0.0,23.88,11.24
2021-09-09,527.13,53915.6,101.32,0.0,15.26,7.87
2021-09-10,772.4,53965.6,101.34,22.18,15.78,4.64
2021-09-11,670.51,53954.5,101.34,0.0,20.59,11.54
2021-09-12,560.84,53877.6,101.31,0.0,19.59,7.33
2021-09-13,510.1,53770.3,101.28,0.0,18.16,6.97
2021-09-14,578.26,53703.8,101.26,6.46,20.6,10.88
2021-09-15,608.49,53655.5,101.25,0.0,27.24,13.91
2021-09-16,569.31,53583.7,101.23,0.0,24.38,13.01
2021-09-17,561.99,53507.5,101.2,0.0,23.88,11.07
2021-09-18,502.67,53395.7,101.17,0.0,20.42,8.72
2021-09-19,540.57,53306.7,101.14,0.0,15.04,2.99
2021-09-20,538.24,53216.2,101.12,0.0,13.59,1.48
2021-09-21,493.24,53098.8,101.08,0.0,14.46,1.82
2021-09-22,489.76,52979.2,101.04,0.0,16.33,5.43
2021-09-23,494.76,52862.7,101.01,0.0,19.97,9.16
2021-09-24,495.52,52746.6,100.97,0.0,19.17,7.31
2021-09-25,564.29,52671.8,100.95,0.0,17.23,6.84
2021-09-26,524.77,52573.2,100.92,0.0,17.0,5.56
2021-09-27,413.77,52408.1,100.87,0.0,20.21,10.0
2021-09-28,389.74,52228.6,100.82,0.0,19.44,11.09
2021-09-29,422.59,52068.7,100.77,0.0,23.06,12.94
2021-09-30,408.75,51900.6,100.72,0.0,19.81,9.33
2021-10-01,442.04,51752.4,100.68,4.61,25.27,11.14
2021-10-02,457.92,51613.7,100.64,0.0,17.92,8.15
2021-10-03,479.73,51488.2,100.6,0.0,13.92,4.29
2021-10-04,520.68,51387.2,100.57,0.0,18.68,9.32
2021-10-05,474.47,51258.5,100.53,0.0,13.06,3.06
2021-10-06,527.23,51161.4,100.5,0.0,13.57,2.6
2021-10-07,533.85,51068.3,100.47,0.0,12.8,-1.17
2021-10-08,503.74,50957.2,100.44,0.0,13.4,2.62
2021-10-09,509.05,50849.2,100.41,0.0,15.88,5.59
2021-10-10,487.64,50728.4,100.37,0.0,16.44,4.63
2021-10-11,522.16,50628.3,100.34,0.0,19.04,8.86
2021-10-12,511.65,50521.9,100.31,0.0,17.99,8.8
2021-10-13,492.19,50403.8,100.27,0.0,17.47,5.7
2021-10-14,459.23,50266.0,100.23,0.31,14.69,3.96
2021-10-15,405.68,50096.0,100.18,0.0,16.66,6.88
2021-10-16,416.58,49932.5,100.13,7.19,18.97,6.7
2021-10-17,369.97,49741.1,100.07,0.0,15.98,6.31
2021-10-18,347.72,49536.4,100.01,0.0,15.82,5.18
2021-10-19,355.71,49336.4,99.95,0.0,18.19,9.84
2021-10-20,357.78,49137.7,99.89,0.0,21.87,11.26
2021-10-21,386.17,48956.0,99.84,0.0,18.31,6.06
2021-10-22,447.08,48810.8,99.8,0.0,22.03,9.7
2021-10-23,437.97,48660.2,99.75,0.0,20.08,6.96
2021-10-24,455.83,48520.3,99.71,0.0,25.29,12.91
2021-10-25,432.94,48366.7,99.66,0.0,19.1,5.01
2021-10-26,381.62,48182.2,99.61,0.0,21.94,12.03
2021-10-27,375.45,47994.1,99.55,0.0,15.19,5.27
2021-10-28,343.19,47786.6,99.49,0.0,16.04,3.79
2021-10-29,335.94,47574.8,99.43,0.0,12.18,-0.0
2021-10-30,423.93,47415.8,99.38,7.64,9.6,0.78
2021-10-31,509.87,47308.3,99.35,0.0,14.76,4.93
2021-11-01,656.19,47288.6,99.34,7.95,18.21,7.14
2021-11-02,659.4,47270.8,99.34,5.02,19.55,9.31
2021-11-03,657.33,47251.8,99.33,0.0,13.83,4.63
2021-11-04,553.69,47170.7,99.31,0.0,14.08,3.82
2021-11-05,461.58,47034.2,99.26,0.0,16.33,5.4
2021-11-06,469.63,46902.6,99.23,0.0,13.89,1.44
2021-11-07,480.53,46777.5,99.19,4.81,10.66,-2.3
2021-11-08,562.96,46701.9,99.17,0.0,14.14,-3.07
2021-11-09,624.92,46663.5,99.15,0.0,6.82,-4.12
2021-11-10,596.72,46608.1,99.14,0.0,9.43,-3.28
2021-11-11,606.21,46558.4,99.12,0.0,7.16,-5.58
2021-11-12,587.33,46497.4,99.1,0.0,6.16,-4.94
2021-11-13,606.37,46447.9,99.09,0.0,9.29,-0.21
2021-11-14,623.54,46408.6,99.08,0.0,4.18,-6.16
2021-11-15,579.28,46342.8,99.06,0.0,3.3,-8.4
2021-11-16,591.64,46284.3,99.04,0.0,4.97,-4.92
2021-11-17,600.43,46231.2,99.02,0.0,3.57,-7.11
2021-11-18,1014.89,46426.7,99.08,31.61,5.01,-7.07
2021-11-19,928.2,46570.3,99.13,0.0,9.13,-2.03
2021-11-20,766.19,46616.6,99.14,0.0,8.02,-2.31
2021-11-21,751.62,46654.2,99.15,0.0,5.76,-4.19
2021-11-22,774.27,46705.3,99.17,0.0,5.89,-4.57
2021-11-23,649.22,46681.5,99.16,0.0,6.78,-3.52
2021-11-24,651.0,46658.7,99.15,0.0,8.98,-2.69
2021-11-25,573.77,46589.5,99.13,0.0,5.16,-3.12
2021-11-26,517.93,46486.9,99.1,0.0,6.21,-4.59
2021-11-27,522.1,46386.8,99.07,0.0,4.57,-4.95
2021-11-28,571.12,46316.0,99.05,0.0,0.02,-10.12
2021-11-29,512.6,46210.2,99.02,0.0,8.02,-3.25
2021-11-30,493.28,46092.8,98.98,0.0,9.05,-3.46
2021-12-01,519.05,45990.8,98.95,0.0,5.59,-4.01
2021-12-02,527.88,45894.1,98.92,0.0,8.48,-2.73
2021-12-03,445.88,45748.3,98.88,0.0,7.83,-4.54
2021-12-04,473.59,45619.0,98.84,0.0,5.46,-4.9
2021-12-05,566.7,45545.7,98.82,9.94,5.92,-7.28
2021-12-06,561.73,45469.3,98.8,0.0,9.85,-2.42
2021-12-07,455.27,45329.1,98.75,0.0,7.69,-3.88
2021-12-08,483.86,45206.0,98.72,0.0,8.68,-5.06
2021-12-09,435.03,45053.6,98.67,0.0,5.39,-3.49
2021-12-10,444.05,44906.6,98.63,1.15,6.04,-3.61
2021-12-11,462.1,44770.5,98.59,0.0,6.06,-2.53
2021-12-12,339.03,44560.5,98.52,0.0,9.25,-0.81
2021-12-13,445.54,44414.5,98.48,11.83,7.2,-3.97
2021-12-14,433.91,44261.4,98.43,0.0,10.25,-0.36
2021-12-15,416.21,44097.7,98.39,0.0,7.82,0.25
2021-12-16,431.49,43943.2,98.34,0.0,8.49,-2.02
2021-12-17,373.6,43754.0,98.28,0.0,3.87,-6.99
2021-12-18,339.16,43544.1,98.22,0.0,9.21,-4.3
2021-12-19,421.08,43383.4,98.17,5.92,9.16,-0.98
2021-12-20,533.4,43290.0,98.14,13.12,8.94,-3.35
2021-12-21,802.96,43358.4,98.16,29.76,9.53,1.08
2021-12-22,733.31,43385.0,98.17,0.0,10.75,-0.34
2021-12-23,707.98,43396.4,98.18,0.0,7.54,-0.26
2021-12-24,682.85,43392.7,98.17,0.0,11.01,1.82
2021-12-25,717.46,43409.7,98.18,0.0,2.87,-6.45
2021-12-26,737.21,43438.7,98.19,0.07,1.31,-10.32
2021-12-27,638.97,43408.7,98.18,0.0,1.67,-9.68
2021-12-28,650.31,43385.4,98.17,0.0,3.16,-6.7
2021-12-29,602.29,43333.4,98.16,0.0,0.18,-10.07
2021-12-30,640.91,43304.6,98.15,0.0,1.98,-9.47
2021-12-31,584.4,43241.8,98.13,0.0,4.46,-8.41
