date,inflow,storage,elevation,precip,tmax,tmin
2010-01-01,957.18,57600.0,125.25,5.56,6.19,-6.67
2010-01-02,1044.5,57701.0,125.28,0.0,8.97,0.1
2010-01-03,984.27,57765.8,125.3,0.0,14.0,0.7
2010-01-04,971.95,57823.2,125.31,0.0,7.33,-4.83
2010-01-05,1086.28,57949.2,125.34,0.0,4.93,-5.6
2010-01-06,1019.89,58035.4,125.37,0.0,5.69,-5.71
2010-01-07,1006.53,58113.6,125.39,0.0,5.33,-8.28
2010-01-08,1009.27,58193.4,125.41,0.0,0.1,-9.14
2010-01-09,952.09,58238.9,125.42,0.0,2.9,-6.62
2010-01-10,1154.49,58405.9,125.46,0.64,4.1,-8.75
2010-01-11,1105.41,58543.4,125.5,0.0,4.09,-5.98
2010-01-12,1033.97,58638.0,125.52,0.0,3.99,-4.83
2010-01-13,932.96,58672.0,125.53,0.0,7.51,-5.38
2010-01-14,969.79,58728.2,125.55,0.0,11.59,1.0
2010-01-15,973.13,58786.3,125.56,0.0,6.55,-4.89
2010-01-16,1367.91,59081.3,125.64,10.84,1.3,-9.44
2010-01-17,1333.76,59355.8,125.71,0.0,2.35,-9.57
2010-01-18,1229.42,59567.7,125.76,0.0,4.25,-6.23
2010-01-19,1144.82,59728.9,125.81,0.0,4.65,-3.21
2010-01-20,1087.96,59855.9,125.84,0.0,3.14,-9.3
2010-01-21,961.12,59906.8,125.85,0.0,4.35,-5.94
2010-01-22,981.19,59969.8,125.87,0.0,6.44,-4.81
2010-01-23,1498.39,60343.1,125.97,18.9,5.91,-4.54
2010-01-24,1374.78,60642.2,126.04,0.0,8.07,-1.0
2010-01-25,1428.93,60973.8,126.13,7.55,9.34,-2.4
2010-01-26,1281.12,61216.8,126.19,0.0,9.27,-2.93
2010-01-27,1147.29,61379.4,126.24,0.0,6.79,-2.36
2010-01-28,1123.64,61527.8,126.27,0.0,10.96,-3.2
2010-01-29,1161.45,61698.9,126.32,0.0,4.29,-6.94
2010-01-30,1007.71,61777.8,126.34,0.0,-0.2,-8.06
2010-01-31,999.79,61852.0,126.36,0.0,5.14,-4.63
2010-02-01,1019.04,61937.6,126.38,0.0,7.57,-5.29
2010-02-02,1064.35,62050.5,126.41,0.0,0.43,-7.34
2010-02-03,1062.58,62162.3,126.44,0.0,-1.57,-12.99
2010-02-04,1389.37,62470.2,126.52,9.06,-0.57,-13.6
2010-02-05,1167.8,62645.1,126.56,0.0,2.1,-10.31
2010-02-06,940.54,62683.7,126.57,0.0,3.01,-10.07
2010-02-07,962.88,62735.7,126.59,0.0,4.09,-6.99
2010-02-08,1047.31,62838.3,126.61,1.68,7.45,-4.88
2010-02-09,1067.71,62953.2,126.64,0.0,9.68,-0.64
2010-02-10,944.18,62994.0,126.65,0.0,11.03,-0.73
2010-02-11,869.17,62989.7,126.65,0.0,10.74,0.36
2010-02-12,853.01,62975.8,126.65,0.0,10.51,0.03
2010-02-13,912.64,62997.6,126.66,0.0,8.35,-2.98
2010-02-14,886.63,63003.9,126.66,3.13,4.48,-3.89
2010-02-15,804.53,62960.8,126.65,0.0,6.25,-3.12
2010-02-16,1257.33,63189.5,126.71,25.62,5.8,-7.13
2010-02-17,1113.43,63331.8,126.74,0.0,0.82,-11.4
2010-02-18,1004.84,63409.0,126.76,0.0,4.52,-7.95
2010-02-19,803.54,63365.3,126.75,0.32,4.43,-6.76
2010-02-20,964.51,63418.3,126.76,5.08,0.8,-10.66
2010-02-21,933.38,63452.6,126.77,0.0,3.18,-8.85
2010-02-22,1023.47,63540.9,126.8,0.0,5.56,-4.93
2010-02-23,947.09,63583.4,126.81,0.0,10.05,0.28
2010-02-24,865.19,63576.8,126.81,0.0,10.13,0.8
2010-02-25,785.14,63522.1,126.79,0.0,10.52,-0.43
2010-02-26,706.82,63420.5,126.77,0.0,9.84,0.17
2010-02-27,708.24,63319.7,126.74,0.61,6.89,-1.64
2010-02-28,710.38,63220.2,126.71,1.31,11.07,1.69
2010-03-01,651.59,63085.4,126.68,0.0,9.66,-2.12
2010-03-02,641.3,62944.4,126.64,0.45,9.67,0.47
2010-03-03,680.73,62827.1,126.61,0.0,20.04,9.14
2010-03-04,660.96,62697.9,126.58,0.0,13.67,0.36
2010-03-05,1400.27,63012.4,126.66,34.29,11.69,0.61
2010-03-06,1301.69,63267.6,126.73,6.3,14.54,2.02
2010-03-07,1184.9,63452.8,126.77,0.0,11.5,-0.65
2010-03-08,981.14,63515.8,126.79,0.0,6.32,-5.78
2010-03-09,1104.72,63652.8,126.83,0.0,7.43,-2.57
2010-03-10,1096.28,63784.9,126.86,4.03,9.13,1.74
2010-03-11,1000.37,63859.3,126.88,0.0,11.38,4.7
2010-03-12,1017.18,63943.9,126.9,0.0,13.79,2.7
2010-03-13,995.02,64015.2,126.92,0.0,15.39,1.12
2010-03-14,899.85,64029.3,126.92,0.0,18.01,7.29
2010-03-15,924.88,64058.5,126.93,0.0,17.02,5.28
2010-03-16,942.89,64098.5,126.94,0.0,16.08,3.93
2010-03-17,959.19,64148.3,126.95,0.0,14.8,3.8
2010-03-18,1076.9,64268.7,126.99,1.74,8.59,-3.75
2010-03-19,1196.8,64461.0,127.04,0.0,11.45,-2.1
2010-03-20,1451.16,64806.0,127.12,3.24,14.27,0.17
2010-03-21,1444.19,65146.7,127.21,0.0,12.88,1.2
2010-03-22,1505.33,65524.2,127.31,0.0,10.59,2.45
2010-03-23,1541.6,65923.4,127.42,0.0,11.56,2.43
2010-03-24,1535.22,66318.8,127.52,0.0,8.96,-2.3
2010-03-25,1539.84,66716.9,127.62,0.0,11.64,-0.63
2010-03-26,1419.73,67043.0,127.71,0.53,8.22,-3.32
2010-03-27,1152.43,67208.7,127.75,0.0,13.12,1.1
2010-03-28,1313.08,67470.9,127.82,0.0,15.07,3.16
2010-03-29,1691.11,67959.8,127.94,6.88,20.24,10.13
2010-03-30,1315.35,68223.2,128.01,0.0,22.17,11.46
2010-03-31,1298.45,68476.6,128.08,3.15,25.67,14.89
2010-04-01,1152.74,68642.5,128.12,0.0,19.45,7.88
2010-04-02,1039.59,68740.5,128.15,0.0,14.13,5.93
2010-04-03,1022.72,68828.4,128.17,0.0,16.71,4.07
2010-04-04,1200.1,69022.7,128.22,0.0,12.82,2.6
2010-04-05,1357.81,69311.6,128.3,0.0,12.67,1.86
2010-04-06,1464.61,69664.6,128.39,0.0,13.03,4.82
2010-04-07,1292.25,69914.2,128.45,0.0,18.21,7.03
2010-04-08,1204.88,70111.4,128.5,0.0,16.06,6.24
2010-04-09,1083.6,70235.8,128.54,0.0,18.25,8.11
2010-04-10,1048.86,70339.4,128.56,0.06,18.38,7.8
2010-04-11,1041.32,70438.5,128.59,0.0,20.19,7.95
2010-04-12,943.98,70479.1,128.6,0.0,19.83,7.98
2010-04-13,968.26,70534.3,128.61,0.0,16.97,3.49
2010-04-14,957.62,70583.1,128.63,0.0,20.35,9.35
2010-04-15,1074.63,70702.2,128.66,0.0,19.9,7.2
2010-04-16,970.85,70758.9,128.67,0.0,15.73,7.84
2010-04-17,983.98,70823.6,128.69,0.0,20.9,10.62
2010-04-18,937.84,70860.5,128.7,0.0,19.38,7.69
2010-04-19,1153.46,71026.9,128.74,7.86,14.21,1.49
2010-04-20,1017.82,71111.8,128.76,0.0,11.98,0.03
2010-04-21,1049.51,71215.8,128.79,1.59,14.74,4.57
2010-04-22,934.06,71250.5,128.8,0.0,16.75,2.83
2010-04-23,816.36,71214.5,128.79,0.0,13.32,1.93
2010-04-24,1041.4,71313.6,128.81,17.07,10.95,4.3
2010-04-25,986.73,71379.9,128.83,0.0,16.88,8.36
2010-04-26,899.53,71393.9,128.84,0.0,19.95,8.35
2010-04-27,945.64,71435.5,128.85,0.0,20.7,9.46
2010-04-28,837.87,71412.5,128.84,0.0,22.22,10.83
2010-04-29,781.69,71355.8,128.83,0.0,17.09,7.17
2010-04-30,851.81,71341.1,128.82,0.0,15.29,6.8
2010-05-01,839.45,71319.0,128.82,0.93,15.76,2.93
2010-05-02,855.85,71306.8,128.81,1.82,19.28,12.01
2010-05-03,806.22,71264.8,128.8,0.0,19.66,8.79
2010-05-04,858.01,71253.9,128.8,0.0,18.86,8.5
2010-05-05,706.25,71151.9,128.77,0.16,16.87,5.43
2010-05-06,633.77,71006.4,128.74,0.74,19.77,8.51
2010-05-07,626.65,70856.6,128.7,0.0,19.48,9.64
2010-05-08,637.19,70713.2,128.66,0.0,22.69,13.4
2010-05-09,605.62,70550.8,128.62,0.0,27.96,16.62
2010-05-10,589.21,70378.6,128.57,0.0,30.71,19.8
2010-05-11,544.7,70179.7,128.52,2.53,27.83,13.71
2010-05-12,582.38,70003.4,128.47,0.0,21.04,10.88
2010-05-13,610.3,69843.8,128.43,0.0,21.06,11.56
2010-05-14,597.88,69676.8,128.39,0.0,27.25,17.51
2010-05-15,566.01,69490.6,128.34,0.0,26.9,14.94
2010-05-16,549.97,69294.9,128.29,0.0,23.55,10.62
2010-05-17,744.7,69215.9,128.27,10.78,18.86,6.7
2010-05-18,729.7,69128.0,128.25,0.0,15.9,5.73
2010-05-19,882.94,69132.0,128.25,5.25,21.69,10.73
2010-05-20,1099.01,69265.7,128.28,6.19,14.66,5.12
2010-05-21,908.09,69284.8,128.29,0.0,14.73,4.36
2010-05-22,1023.45,69373.1,128.31,9.62,16.49,5.96
2010-05-23,924.0,69401.8,128.32,0.0,18.39,6.99
2010-05-24,805.03,69359.1,128.31,0.0,17.4,3.69
2010-05-25,1425.88,69688.8,128.39,38.2,18.01,5.73
2010-05-26,1119.88,69835.0,128.43,0.0,22.81,8.87
2010-05-27,940.07,69873.3,128.44,0.0,23.02,13.59
2010-05-28,977.4,69934.0,128.46,0.0,24.23,13.85
2010-05-29,867.64,69928.9,128.46,0.0,24.68,11.46
2010-05-30,880.47,69931.4,128.46,5.11,25.37,12.84
2010-05-31,818.61,69896.8,128.45,0.0,21.82,11.54
2010-06-01,765.3,69830.3,128.43,0.0,19.54,7.44
2010-06-02,783.18,69774.4,128.42,0.0,15.6,3.12
2010-06-03,722.07,69681.9,128.39,0.0,23.87,10.19
2010-06-04,771.62,69619.1,128.37,0.0,24.87,14.61
2010-06-05,709.49,69519.1,128.35,0.0,27.81,17.9
2010-06-06,742.89,69439.1,128.33,0.0,29.87,19.52
2010-06-07,643.44,69299.4,128.29,0.0,29.06,17.9
2010-06-08,632.17,69153.0,128.25,0.0,27.69,17.15
2010-06-09,638.08,69010.1,128.22,0.0,28.57,13.79
2010-06-10,641.86,68869.4,128.18,0.0,26.57,15.34
2010-06-11,857.6,68858.2,128.18,15.88,24.51,16.53
2010-06-12,894.13,68869.0,128.18,0.0,27.56,14.99
2010-06-13,889.75,68877.1,128.18,0.0,25.1,12.95
2010-06-14,765.56,68810.7,128.16,0.0,25.75,16.89
2010-06-15,859.65,68800.7,128.16,11.5,30.76,19.13
2010-06-16,737.33,68717.4,128.14,0.0,35.56,21.37
2010-06-17,652.94,68583.4,128.11,0.0,32.71,20.97
2010-06-18,602.6,68419.2,128.06,0.0,36.49,23.15
2010-06-19,571.52,68236.4,128.02,0.0,31.24,22.04
2010-06-20,542.69,68036.2,127.96,0.0,27.03,17.63
2010-06-21,539.22,67834.0,127.91,0.0,24.81,14.4
2010-06-22,562.35,67645.7,127.86,0.0,27.08,14.26
2010-06-23,447.7,67388.6,127.8,0.0,28.6,16.55
2010-06-24,450.08,67132.9,127.73,0.0,25.47,13.08
2010-06-25,503.13,66909.0,127.67,4.66,27.88,17.52
2010-06-26,518.1,66694.1,127.62,0.0,33.03,18.72
2010-06-27,522.39,66481.8,127.56,3.94,28.56,16.25
2010-06-28,496.78,66254.1,127.5,0.0,31.75,21.22
2010-06-29,493.81,66024.7,127.44,0.0,27.2,15.9
2010-06-30,551.42,65829.8,127.39,0.0,30.1,19.41
2010-07-01,608.16,65668.9,127.35,0.0,33.73,21.58
2010-07-02,608.59,65508.4,127.31,0.0,29.24,18.52
2010-07-03,613.3,65350.6,127.27,0.0,32.38,17.78
2010-07-04,681.95,65234.0,127.24,0.0,28.38,16.51
2010-07-05,706.49,65132.2,127.21,0.0,22.74,11.57
2010-07-06,762.52,65063.9,127.19,0.0,24.84,13.65
2010-07-07,664.73,64937.0,127.16,0.0,30.44,20.92
2010-07-08,687.57,64823.8,127.13,0.0,30.91,19.73
2010-07-09,732.41,64737.5,127.11,0.0,28.34,17.44
2010-07-10,748.51,64660.9,127.09,0.0,27.37,17.45
2010-07-11,733.35,64575.2,127.07,0.0,34.73,20.78
2010-07-12,670.13,64451.5,127.03,0.0,33.71,20.44
2010-07-13,642.92,64311.5,127.0,0.0,28.81,16.2
2010-07-14,864.82,64304.6,126.99,11.77,31.23,21.07
2010-07-15,836.62,64280.9,126.99,0.0,29.52,19.17
2010-07-16,818.07,64246.0,126.98,0.0,26.96,16.82
2010-07-17,744.82,64167.1,126.96,0.0,28.73,17.16
2010-07-18,776.26,64107.1,126.94,0.0,23.84,12.7
2010-07-19,762.48,64038.9,126.93,0.0,27.47,18.2
2010-07-20,823.34,64007.1,126.92,0.0,29.69,18.78
2010-07-21,802.54,63962.9,126.91,0.0,31.71,21.26
2010-07-22,790.94,63911.7,126.89,0.0,33.14,20.57
2010-07-23,880.47,63914.3,126.89,0.0,33.85,20.59
2010-07-24,821.87,63881.6,126.88,0.0,33.34,20.83
2010-07-25,790.09,63830.0,126.87,0.0,34.68,22.52
2010-07-26,766.56,63764.1,126.85,0.0,30.46,18.79
2010-07-27,830.57,63736.7,126.85,0.0,30.71,19.27
2010-07-28,748.27,63660.0,126.83,0.0,30.5,20.44
2010-07-29,705.44,63557.5,126.8,0.0,28.98,18.54
2010-07-30,654.71,63424.6,126.77,0.0,32.54,19.74
2010-07-31,593.5,63254.9,126.72,0.0,33.88,22.79
2010-08-01,542.29,63054.5,126.67,0.0,35.52,24.47
2010-08-02,541.62,62853.8,126.62,0.0,33.61,23.31
2010-08-03,592.66,62683.6,126.57,0.0,35.7,25.94
2010-08-04,552.51,62489.4,126.52,0.0,32.74,20.05
2010-08-05,538.62,62286.8,126.47,0.0,31.04,20.93
2010-08-06,512.1,62068.3,126.41,0.0,30.83,17.55
2010-08-07,501.95,61843.8,126.36,0.97,31.84,19.15
2010-08-08,512.56,61625.5,126.3,0.0,31.75,21.47
2010-08-09,467.17,61380.1,126.24,0.0,34.53,23.22
2010-08-10,451.81,61125.4,126.17,0.0,37.77,27.34
2010-08-11,514.57,60908.4,126.11,0.0,31.8,22.14
2010-08-12,495.32,60679.9,126.05,0.0,32.66,20.2
2010-08-13,502.7,60455.8,126.0,0.0,30.82,19.45
2010-08-14,427.99,60186.8,125.93,0.0,27.5,18.33
2010-08-15,443.11,59926.9,125.86,0.0,29.24,22.22
2010-08-16,527.92,59717.9,125.8,0.0,28.76,17.99
2010-08-17,593.12,59548.1,125.76,0.0,26.41,14.08
2010-08-18,648.93,59411.7,125.72,0.0,25.03,15.19
2010-08-19,648.46,59275.0,125.69,0.0,26.97,13.82
2010-08-20,610.26,59115.4,125.65,0.0,26.81,13.27
2010-08-21,614.39,58958.3,125.61,0.0,21.62,11.95
2010-08-22,626.07,58808.2,125.57,1.51,21.18,11.42
2010-08-23,642.31,58667.8,125.53,0.0,22.64,10.8
2010-08-24,714.04,58570.5,125.51,0.0,23.71,11.47
2010-08-25,700.49,58465.1,125.48,0.0,25.75,16.87
2010-08-26,721.51,58372.2,125.45,0.0,20.73,7.86
2010-08-27,701.56,58267.4,125.43,0.0,23.43,13.56
2010-08-28,726.92,58177.8,125.4,0.0,28.13,18.05
2010-08-29,741.95,58097.3,125.38,0.0,28.94,16.35
2010-08-30,679.88,57979.4,125.35,0.0,33.36,22.16
2010-08-31,676.89,57859.8,125.32,0.0,31.24,18.55
2010-09-01,651.27,57724.8,125.29,0.0,29.16,19.17
2010-09-02,594.63,57555.9,125.24,0.0,28.43,17.39
2010-09-03,669.26,57431.7,125.21,0.0,25.4,10.99
2010-09-04,912.22,57453.3,125.22,0.0,28.43,17.57
2010-09-05,863.59,57445.7,125.21,0.0,33.11,22.49
2010-09-06,878.74,57447.2,125.21,0.0,34.41,23.79
2010-09-07,1074.8,57566.3,125.24,9.89,30.83,19.72
2010-09-08,919.32,57592.2,125.25,0.0,28.01,16.91
2010-09-09,956.2,57640.1,125.26,0.0,22.54,13.1
2010-09-10,969.39,57696.0,125.28,0.0,25.24,12.84
2010-09-11,950.16,57740.4,125.29,0.0,23.66,13.26
2010-09-12,836.89,57716.8,125.28,0.0,20.98,10.73
2010-09-13,795.4,57668.3,125.27,0.0,23.31,10.15
2010-09-14,731.18,57581.2,125.25,0.0,24.78,13.21
2010-09-15,714.52,57484.2,125.22,0.0,22.01,13.0
2010-09-16,751.42,57409.3,125.2,0.0,23.42,10.97
2010-09-17,716.78,57313.6,125.18,0.26,26.31,14.63
2010-09-18,613.35,57155.9,125.14,0.0,21.88,11.46
2010-09-19,583.92,56980.5,125.09,0.0,19.36,10.23
2010-09-20,597.72,56813.4,125.05,0.0,20.45,8.85
2010-09-21,701.04,56708.3,125.02,0.0,18.89,8.21
2010-09-22,768.96,56643.9,125.01,0.0,19.53,10.35
2010-09-23,703.87,56540.5,124.98,0.0,19.3,9.52
2010-09-24,721.19,56447.5,124.95,0.0,19.6,7.01
2010-09-25,713.22,56349.6,124.93,0.0,23.3,12.32
2010-09-26,784.76,56294.8,124.91,0.0,16.78,5.1
2010-09-27,804.36,56251.6,124.9,0.0,17.11,7.43
2010-09-28,683.0,56135.7,124.87,0.0,20.76,8.99
2010-09-29,774.86,56074.8,124.86,0.0,21.11,11.28
2010-09-30,877.79,56075.8,124.86,0.18,22.33,13.07
2010-10-01,873.15,56073.9,124.86,0.0,13.65,5.26
2010-10-02,781.72,56017.2,124.84,0.0,15.51,5.5
2010-10-03,773.61,55955.6,124.83,0.0,21.69,11.17
2010-10-04,729.36,55867.5,124.8,0.0,24.2,12.72
2010-10-05,759.07,55797.2,124.79,0.0,21.3,11.21
2010-10-06,2112.51,56539.0,124.98,52.75,15.11,5.24
2010-10-07,1820.28,57105.4,125.13,0.0,17.67,9.39
2010-10-08,1494.91,57476.6,125.22,0.0,21.04,10.08
2010-10-09,1575.79,57896.3,125.33,8.34,19.1,4.9
2010-10-10,1125.52,58045.9,125.37,0.0,18.05,5.71
2010-10-11,902.53,58061.7,125.37,0.0,18.7,7.36
2010-10-12,804.84,58018.8,125.36,0.0,16.83,4.7
2010-10-13,656.95,57887.2,125.33,0.0,15.98,5.66
2010-10-14,537.94,57684.3,125.28,0.0,16.49,6.02
2010-10-15,507.09,57462.8,125.22,0.0,15.87,5.34
2010-10-16,505.78,57240.5,125.16,0.0,15.52,4.83
2010-10-17,459.55,56990.5,125.1,0.0,12.9,3.86
2010-10-18,419.19,56716.2,125.02,0.0,15.21,3.72
2010-10-19,415.26,56439.7,124.95,0.0,14.69,4.79
2010-10-20,399.35,56153.5,124.88,0.0,18.87,7.0
2010-10-21,379.29,55855.4,124.8,0.0,17.5,9.14
2010-10-22,391.21,55564.3,124.73,0.0,14.38,1.93
2010-10-23,427.73,55295.2,124.66,0.0,16.65,7.12
2010-10-24,424.21,55024.0,124.58,0.0,14.39,1.69
2010-10-25,412.56,54745.8,124.51,0.0,11.88,2.74
2010-10-26,413.84,54468.4,124.44,0.0,11.98,-1.46
2010-10-27,533.73,54262.8,124.39,0.0,12.94,1.65
2010-10-28,514.13,54045.6,124.33,0.0,15.58,5.73
2010-10-29,555.73,53853.3,124.28,0.0,17.57,8.17
2010-10-30,539.72,53651.4,124.23,3.29,19.8,9.78
2010-10-31,520.35,53437.8,124.17,0.0,17.05,5.33
2010-11-01,540.65,53236.5,124.12,0.0,16.11,6.7
2010-11-02,531.42,53029.6,124.07,0.0,14.42,3.82
2010-11-03,560.18,52840.0,124.02,7.67,18.46,5.48
2010-11-04,539.84,52638.1,123.97,0.0,10.66,2.61
2010-11-05,513.14,52420.2,123.91,1.36,10.08,0.49
2010-11-06,502.67,52196.1,123.85,0.0,12.23,0.52
2010-11-07,533.62,51990.5,123.8,0.0,9.68,0.22
2010-11-08,489.25,51758.3,123.74,0.0,11.75,3.3
2010-11-09,1154.19,51925.1,123.78,46.0,6.38,-4.85
2010-11-10,1592.79,52355.0,123.89,18.26,9.78,-2.2
2010-11-11,1511.27,52736.1,123.99,0.0,8.25,-2.23
2010-11-12,1216.13,52940.0,124.04,0.0,12.65,1.23
2010-11-13,1122.35,53087.7,124.08,0.0,12.69,2.15
2010-11-14,963.0,53139.7,124.1,0.0,10.81,1.28
2010-11-15,900.4,53154.2,124.1,0.0,12.6,3.81
2010-11-16,989.29,53222.0,124.12,0.0,11.15,-0.31
2010-11-17,814.7,53185.1,124.11,0.0,12.18,1.25
2010-11-18,886.15,53191.1,124.11,0.0,10.78,-1.19
2010-11-19,884.23,53195.9,124.11,0.0,5.63,-5.66
2010-11-20,742.66,53115.7,124.09,0.0,4.79,-6.47
2010-11-21,660.24,52986.1,124.06,0.0,2.67,-7.79
2010-11-22,590.87,52814.9,124.01,0.0,10.63,-2.61
2010-11-23,527.18,52605.4,123.96,0.0,2.5,-7.52
2010-11-24,665.67,52479.1,123.92,0.0,8.9,-4.66
2010-11-25,648.08,52342.2,123.89,0.0,5.93,-3.3
2010-11-26,665.76,52215.9,123.86,0.0,5.3,-5.71
2010-11-27,653.1,52082.0,123.82,0.0,4.11,-6.89
2010-11-28,823.27,52050.2,123.81,12.22,3.62,-7.6
2010-11-29,769.92,51986.5,123.8,0.0,-1.61,-10.51
2010-11-30,757.01,51914.9,123.78,0.0,-3.01,-13.01
2010-12-01,734.47,51829.9,123.76,0.0,1.66,-12.19
2010-12-02,763.08,51762.0,123.74,0.82,2.48,-8.64
2010-12-03,702.38,51657.6,123.71,0.0,0.13,-9.68
2010-12-04,762.68,51589.5,123.69,0.36,0.01,-12.02
2010-12-05,798.57,51542.9,123.68,0.0,0.33,-9.29
2010-12-06,1651.12,52007.8,123.8,37.85,2.61,-9.79
2010-12-07,1504.09,52384.5,123.9,0.0,-2.04,-10.48
2010-12-08,1275.0,52623.8,123.96,0.0,1.38,-7.7
2010-12-09,1320.35,52890.3,124.03,14.01,1.77,-9.11
2010-12-10,1217.2,53094.8,124.08,0.0,-2.81,-13.8
2010-12-11,959.76,53144.9,124.1,0.0,-0.27,-11.39
2010-12-12,966.81,53199.3,124.11,1.24,0.94,-6.7
2010-12-13,919.37,53225.2,124.12,0.0,2.09,-8.3
2010-12-14,861.79,53216.5,124.12,0.0,3.33,-7.69
2010-12-15,722.42,53124.2,124.09,0.0,2.88,-8.0
2010-12-16,734.36,53039.1,124.07,3.48,0.48,-9.97
2010-12-17,739.83,52957.2,124.05,0.0,4.01,-6.02
2010-12-18,723.42,52865.5,124.02,0.0,0.31,-8.29
2010-12-19,721.87,52772.9,124.0,0.0,6.51,-4.28
2010-12-20,733.76,52687.4,123.98,0.0,5.19,-6.16
2010-12-21,755.34,52614.9,123.96,3.58,9.06,-2.53
2010-12-22,956.7,52663.1,123.97,8.24,3.76,-8.58
2010-12-23,914.16,52685.9,123.98,0.0,4.99,-4.42
2010-12-24,933.1,52720.0,123.99,0.0,9.61,-0.26
2010-12-25,833.29,52694.2,123.98,0.0,6.71,-2.94
2010-12-26,1677.85,53175.2,124.1,38.75,5.8,-6.45
2010-12-27,1533.71,53569.7,124.21,0.5,7.84,-2.44
2010-12-28,1422.38,53897.4,124.29,0.0,4.74,-5.43
2010-12-29,1137.97,54054.4,124.33,1.42,5.34,-4.17
2010-12-30,1406.86,54372.8,124.42,15.44,9.12,-2.87
2010-12-31,1407.3,54691.4,124.5,2.38,7.89,-2.14
2011-01-01,1417.94,55016.4,124.58,1.47,10.39,-1.32
2011-01-02,1247.27,55239.0,124.64,0.0,13.82,0.01
2011-01-03,1382.73,55542.9,124.72,0.0,7.92,-1.5
2011-01-04,1150.91,55707.7,124.76,0.0,9.94,0.91
2011-01-05,1075.09,55827.0,124.79,0.0,7.97,-2.86
2011-01-06,911.91,55848.4,124.8,0.0,6.28,-4.1
2011-01-07,1071.1,55965.4,124.83,7.9,7.67,-5.08
2011-01-08,944.24,56006.2,124.84,0.0,6.81,-2.69
2011-01-09,842.7,55986.0,124.83,0.0,7.09,-3.03
2011-01-10,914.21,56008.8,124.84,0.0,4.61,-3.52
2011-01-11,919.24,56034.6,124.85,0.49,6.69,-4.93
2011-01-12,918.75,56060.1,124.85,0.0,5.29,-4.53
2011-01-13,902.25,56075.7,124.86,0.0,5.16,-5.49
2011-01-14,1391.23,56384.7,124.94,15.59,3.95,-5.86
2011-01-15,2201.11,57179.6,125.14,35.24,2.85,-8.63
2011-01-16,1899.6,57793.7,125.3,0.0,4.82,-6.71
2011-01-17,1697.75,58286.6,125.43,2.74,4.73,-4.36
2011-01-18,1996.88,58958.9,125.61,10.54,6.79,-2.54
2011-01-19,1832.0,59532.4,125.76,0.0,16.62,3.92
2011-01-20,1667.5,60007.2,125.88,0.0,12.11,1.39
2011-01-21,1439.15,60344.9,125.97,0.0,8.71,-3.35
2011-01-22,1206.62,60543.1,126.02,0.0,2.81,-9.14
2011-01-23,1092.49,60672.9,126.05,0.0,-3.3,-11.7
2011-01-24,1083.94,60797.5,126.08,0.0,-4.0,-16.13
2011-01-25,1160.34,60967.9,126.13,0.0,-4.84,-16.27
2011-01-26,1363.64,61260.4,126.2,7.7,-5.63,-15.55
2011-01-27,1282.29,61504.0,126.27,0.0,-2.34,-10.74
2011-01-28,1280.46,61746.5,126.33,1.97,4.64,-9.09
2011-01-29,1301.74,62001.8,126.4,3.75,5.55,-5.29
2011-01-30,1275.92,62241.6,126.46,0.0,4.8,-5.02
2011-01-31,1316.51,62505.8,126.53,0.0,-0.12,-10.48
2011-02-01,1410.77,62826.5,126.61,0.0,-0.07,-11.18
2011-02-02,1913.26,63448.7,126.77,14.94,-2.26,-11.01
2011-02-03,1997.81,64121.7,126.95,2.8,4.47,-8.74
2011-02-04,1816.67,64685.9,127.09,0.93,4.37,-7.13
2011-02-05,2063.6,65398.4,127.28,3.5,2.41,-10.22
2011-02-06,1860.6,65989.0,127.43,0.0,-0.38,-10.64
2011-02-07,1769.86,66525.1,127.57,4.44,3.61,-5.7
2011-02-08,1686.54,67011.3,127.7,0.0,8.1,-3.33
2011-02-09,1879.28,67613.1,127.85,0.0,10.88,-0.35
2011-02-10,1763.13,68145.3,127.99,0.0,5.22,-4.71
2011-02-11,1487.58,68512.1,128.09,0.0,3.45,-10.77
2011-02-12,1189.13,68699.8,128.14,0.0,5.95,-5.94
2011-02-13,1212.59,68901.6,128.19,0.0,10.36,-2.32
2011-02-14,1182.71,69085.5,128.24,1.53,8.22,-2.4
2011-02-15,1098.71,69219.0,128.27,0.0,8.14,-4.49
2011-02-16,1210.1,69419.3,128.32,3.13,10.53,-0.68
2011-02-17,1187.93,69606.3,128.37,0.0,11.42,-0.27
2011-02-18,977.18,69666.9,128.39,0.0,11.71,0.38
2011-02-19,871.3,69663.9,128.39,0.0,8.09,-1.44
2011-02-20,797.95,69616.9,128.37,0.96,11.71,1.27
2011-02-21,666.08,69490.8,128.34,0.0,6.3,-2.96
2011-02-22,840.29,69469.3,128.34,7.32,7.27,-5.15
2011-02-23,804.94,69426.5,128.32,0.0,10.17,-1.25
2011-02-24,806.42,69384.6,128.31,0.0,7.67,-1.1
2011-02-25,799.2,69338.4,128.3,0.0,11.58,1.75
2011-02-26,1189.11,69526.1,128.35,8.42,7.7,-4.1
2011-02-27,1408.7,69845.6,128.43,7.14,6.89,-4.98
2011-02-28,1362.89,70137.6,128.51,2.82,11.02,-0.95
2011-03-01,1241.62,70356.8,128.57,0.0,8.59,0.35
2011-03-02,1148.25,70520.0,128.61,0.0,8.49,1.03
2011-03-03,1229.65,70732.0,128.66,0.0,12.62,0.63
2011-03-04,1244.76,70953.1,128.72,0.0,11.64,0.68
2011-03-05,1160.42,71123.6,128.77,0.0,10.57,-2.19
2011-03-06,1130.31,71276.1,128.81,0.0,10.46,-2.05
2011-03-07,1113.9,71418.7,128.84,0.0,5.99,-4.8
2011-03-08,894.4,71429.6,128.85,0.0,5.21,-3.0
2011-03-09,942.18,71469.1,128.86,0.0,8.58,0.03
2011-03-10,994.12,71539.9,128.87,0.0,6.26,-5.4
2011-03-11,1191.6,71729.1,128.92,0.0,6.7,-5.47
2011-03-12,1209.23,71928.9,128.97,1.76,10.6,-1.4
2011-03-13,1207.47,72127.6,129.03,0.82,13.25,-0.52
2011-03-14,1290.7,72376.3,129.09,5.67,11.03,-1.47
2011-03-15,1238.07,72593.4,129.15,0.0,9.72,-0.96
2011-03-16,1440.88,72932.2,129.24,0.0,8.86,-1.06
2011-03-17,1446.96,73274.6,129.32,2.13,3.72,-4.11
2011-03-18,1285.86,73520.4,129.39,0.0,9.03,1.65
2011-03-19,1302.06,73775.9,129.45,0.0,11.24,-0.9
2011-03-20,1291.42,74025.0,129.52,0.0,9.08,-4.38
2011-03-21,1550.9,74429.8,129.62,4.7,5.23,-5.16
2011-03-22,2530.88,75422.6,129.88,20.22,8.76,-1.06
2011-03-23,2160.15,76192.9,130.08,1.72,15.27,2.61
2011-03-24,1830.83,76765.7,130.23,0.0,13.7,3.03
2011-03-25,1689.76,77253.8,130.36,0.0,15.67,5.44
2011-03-26,1570.71,77670.4,130.47,0.0,14.94,5.19
2011-03-27,1411.74,77991.7,130.55,0.0,15.5,6.16
2011-03-28,1909.96,78612.0,130.71,17.01,11.1,1.06
2011-03-29,1777.67,79152.8,130.85,0.0,11.91,-1.22
2011-03-30,1767.02,79687.3,130.99,0.0,7.52,-3.52
2011-03-31,1585.12,80112.6,131.1,0.0,2.65,-7.81
2011-04-01,1695.31,80604.1,131.23,5.56,7.53,-2.85
2011-04-02,1733.7,81118.5,131.36,0.0,8.42,0.25
2011-04-03,1686.59,81604.7,131.49,3.38,13.53,1.93
2011-04-04,1871.39,82201.8,131.64,6.64,6.81,-2.7
2011-04-05,1611.34,82642.9,131.76,0.0,7.41,-6.12
2011-04-06,1840.36,83221.4,131.91,7.91,11.88,0.62
2011-04-07,1688.31,83708.6,132.03,2.34,9.13,-2.08
2011-04-08,1621.86,84156.0,132.15,0.0,15.06,3.17
2011-04-09,1475.95,84515.8,132.24,0.0,13.39,2.53
2011-04-10,1456.29,84863.8,132.33,0.0,16.05,7.84
2011-04-11,1455.32,85211.3,132.42,0.0,16.28,6.39
2011-04-12,1416.07,85535.2,132.51,0.0,17.22,9.93
2011-04-13,1449.92,85879.4,132.6,0.0,14.29,5.03
2011-04-14,1549.39,86283.3,132.7,0.0,14.24,3.16
2011-04-15,1806.3,86841.3,132.85,5.54,15.44,4.69
2011-04-16,1975.46,87500.8,133.02,3.01,16.72,6.22
2011-04-17,1892.81,88110.8,133.18,0.0,16.42,4.0
2011-04-18,1730.24,88623.2,133.31,0.0,15.68,6.01
2011-04-19,1557.8,89032.1,133.42,0.0,12.97,2.02
2011-04-20,1302.57,89287.9,133.48,0.0,13.39,3.41
2011-04-21,1127.12,89438.4,133.52,0.0,15.22,5.45
2011-04-22,1088.18,89565.6,133.55,0.0,20.5,9.65
2011-04-23,1606.51,90003.8,133.67,14.93,21.33,9.44
2011-04-24,1932.91,90637.8,133.83,13.1,20.32,8.24
2011-04-25,1675.72,91117.5,133.96,0.0,18.96,5.44
2011-04-26,1631.03,91570.3,134.08,0.0,11.55,1.24
2011-04-27,1371.96,91867.8,134.15,0.0,14.87,4.21
2011-04-28,1268.65,92103.2,134.21,0.0,20.62,8.68
2011-04-29,1213.32,92305.5,134.27,0.0,21.17,10.55
2011-04-30,1121.25,92452.5,134.3,0.0,17.65,4.52
2011-05-01,974.44,92511.4,134.32,0.0,17.12,6.45
2011-05-02,1175.05,92690.7,134.37,12.78,19.44,7.89
2011-05-03,962.53,92742.4,134.38,0.0,24.08,16.1
2011-05-04,1023.33,92830.7,134.4,0.0,24.23,15.09
2011-05-05,972.69,92888.6,134.42,0.0,25.77,12.77
2011-05-06,875.12,92887.9,134.42,0.0,21.69,11.89
2011-05-07,850.24,92872.3,134.41,0.0,21.34,10.25
2011-05-08,815.38,92835.8,134.4,0.0,23.19,12.63
2011-05-09,810.35,92796.2,134.39,0.0,23.08,12.38
2011-05-10,815.01,92759.5,134.38,0.0,25.36,14.72
2011-05-11,822.81,92727.4,134.38,0.0,22.13,9.97
2011-05-12,891.39,92736.5,134.38,2.05,22.5,13.49
2011-05-13,849.36,92720.4,134.37,0.0,25.77,13.23
2011-05-14,797.75,92673.3,134.36,1.49,23.19,13.41
2011-05-15,807.51,92632.1,134.35,0.0,27.64,17.71
2011-05-16,811.36,92593.1,134.34,0.0,24.41,15.12
2011-05-17,758.8,92522.7,134.32,3.57,30.37,17.59
2011-05-18,732.44,92436.4,134.3,0.0,24.48,13.91
2011-05-19,664.87,92309.6,134.27,0.0,22.91,13.09
2011-05-20,581.93,92133.0,134.22,0.0,24.85,12.89
2011-05-21,600.24,91967.4,134.18,0.0,29.92,19.42
2011-05-22,602.46,91803.1,134.14,0.0,26.87,15.61
2011-05-23,619.19,91648.9,134.1,0.77,27.83,16.39
2011-05-24,612.24,91490.5,134.05,0.0,33.48,21.47
2011-05-25,643.69,91350.9,134.02,0.0,31.04,21.37
2011-05-26,633.54,91205.3,133.98,0.0,31.78,20.81
2011-05-27,654.6,91072.3,133.95,0.0,31.49,21.98
2011-05-28,608.63,90911.8,133.9,0.0,32.41,20.63
2011-05-29,599.98,90746.0,133.86,0.0,32.6,21.11
2011-05-30,639.48,90604.0,133.82,0.03,32.27,20.0
2011-05-31,628.27,90455.2,133.79,0.0,25.77,16.64
2011-06-01,567.26,90269.8,133.74,0.73,24.28,12.5
2011-06-02,566.91,90084.2,133.69,0.0,25.78,15.93
2011-06-03,631.03,89937.1,133.65,3.03,21.66,10.37
2011-06-04,589.19,89764.8,133.61,0.0,23.32,12.11
2011-06-05,672.32,89642.5,133.57,3.16,26.18,12.51
2011-06-06,693.44,89532.8,133.55,9.26,24.4,13.94
2011-06-07,551.37,89337.9,133.5,0.0,30.76,17.73
2011-06-08,685.04,89223.2,133.47,8.93,31.97,19.83
2011-06-09,589.32,89051.0,133.42,0.0,29.39,19.86
2011-06-10,560.98,88861.8,133.37,0.0,31.97,20.86
2011-06-11,554.39,88668.7,133.32,0.0,31.86,20.37
2011-06-12,489.48,88436.7,133.26,0.0,29.18,17.25
2011-06-13,505.2,88214.1,133.2,0.0,27.62,17.42
2011-06-14,450.66,87958.7,133.14,0.0,24.34,18.09
2011-06-15,515.81,87742.4,133.08,3.99,23.1,14.09
2011-06-16,475.68,87502.1,133.02,0.0,23.22,13.22
2011-06-17,485.93,87267.9,132.96,0.0,24.01,15.96
2011-06-18,494.49,87038.9,132.9,0.0,28.73,16.81
2011-06-19,521.78,86826.2,132.84,0.0,31.95,22.94
2011-06-20,464.28,86579.0,132.78,0.0,29.67,15.93
2011-06-21,495.62,86350.6,132.72,0.0,30.77,20.11
2011-06-22,492.78,86120.6,132.66,0.0,30.4,22.11
2011-06-23,476.42,85880.7,132.6,0.0,29.35,19.45
2011-06-24,444.42,85621.6,132.53,0.0,31.37,19.01
2011-06-25,511.25,85402.6,132.47,0.0,28.7,19.8
2011-06-26,523.84,85191.1,132.42,0.0,26.73,16.26
2011-06-27,602.58,85026.9,132.38,0.0,28.91,17.4
2011-06-28,610.57,84867.5,132.33,0.0,35.23,22.84
2011-06-29,608.85,84707.1,132.29,0.0,36.68,26.67
2011-06-30,684.71,84592.2,132.26,0.0,37.31,25.06
2011-07-01,656.71,84460.5,132.23,0.0,36.4,23.9
2011-07-02,597.52,84293.2,132.19,0.0,36.17,26.12
2011-07-03,520.14,84079.6,132.13,0.0,37.38,26.09
2011-07-04,517.53,83864.3,132.07,0.0,35.39,24.2
2011-07-05,548.74,83667.8,132.02,0.65,35.31,23.63
2011-07-06,564.35,83480.7,131.97,0.0,36.19,25.45
2011-07-07,622.47,83328.4,131.94,0.0,38.07,27.13
2011-07-08,636.78,83184.8,131.9,1.3,37.16,27.05
2011-07-09,668.19,83059.9,131.87,0.0,37.25,25.38
2011-07-10,669.03,82935.6,131.83,0.0,31.52,22.12
2011-07-11,610.66,82776.3,131.79,0.0,28.86,18.87
2011-07-12,610.67,82616.9,131.75,0.0,30.33,19.57
2011-07-13,632.19,82470.5,131.71,2.0,32.67,22.51
2011-07-14,682.76,82354.4,131.68,0.0,27.28,16.16
2011-07-15,650.25,82218.8,131.65,0.0,28.01,17.29
2011-07-16,654.62,82085.8,131.61,0.0,27.04,18.27
2011-07-17,617.87,81930.8,131.57,0.0,29.58,15.86
2011-07-18,625.34,81780.3,131.53,0.0,27.52,15.61
2011-07-19,559.51,81590.2,131.48,0.0,29.17,16.72
2011-07-20,539.44,81388.2,131.43,0.0,26.31,15.02
2011-07-21,632.4,81241.8,131.39,0.0,29.83,20.08
2011-07-22,620.97,81088.7,131.35,0.0,27.12,16.57
2011-07-23,640.01,80946.9,131.32,0.0,29.28,19.31
2011-07-24,699.13,80840.7,131.29,0.0,34.49,22.98
2011-07-25,607.16,80679.2,131.25,0.0,33.71,22.58
2011-07-26,556.96,80487.7,131.2,0.0,33.36,22.64
2011-07-27,578.78,80309.2,131.15,0.0,35.62,22.95
2011-07-28,686.6,80195.4,131.12,8.68,34.94,23.9
2011-07-29,698.22,80088.6,131.09,0.0,34.77,27.39
2011-07-30,733.61,80003.0,131.07,0.0,27.25,15.72
2011-07-31,701.15,79898.0,131.04,0.0,28.62,14.04
2011-08-01,721.14,79804.9,131.02,0.0,28.43,20.58
2011-08-02,761.71,79736.2,131.0,0.0,26.85,14.85
2011-08-03,789.04,79683.9,130.99,0.0,24.07,13.46
2011-08-04,735.69,79599.5,130.97,0.0,27.29,17.54
2011-08-05,710.74,79500.2,130.94,0.0,25.98,14.41
2011-08-06,659.65,79370.3,130.91,0.0,24.42,14.55
2011-08-07,633.08,79224.4,130.87,0.0,25.42,14.87
2011-08-08,655.49,79091.9,130.83,0.0,28.06,17.35
2011-08-09,695.54,78983.5,130.81,0.0,28.61,19.91
2011-08-10,669.42,78859.4,130.77,0.0,24.69,15.3
2011-08-11,674.51,78738.4,130.74,0.0,24.15,12.48
2011-08-12,682.23,78622.0,130.71,0.0,24.86,13.87
2011-08-13,624.8,78471.1,130.67,0.0,29.18,18.66
2011-08-14,646.44,78333.2,130.64,0.0,33.29,23.44
2011-08-15,622.42,78180.9,130.6,0.0,35.36,25.24
2011-08-16,642.23,78040.5,130.56,0.0,29.09,16.28
2011-08-17,695.95,77932.4,130.53,0.0,29.25,19.55
2011-08-18,677.66,77813.2,130.5,0.0,29.8,19.48
2011-08-19,655.09,77680.5,130.47,0.0,28.51,19.19
2011-08-20,744.88,77601.7,130.45,0.0,26.12,17.42
2011-08-21,725.76,77511.4,130.42,0.0,28.01,18.96
2011-08-22,723.96,77420.0,130.4,3.63,31.65,19.68
2011-08-23,665.36,77293.5,130.37,0.0,31.66,19.06
2011-08-24,757.28,77222.1,130.35,0.0,32.62,20.06
2011-08-25,687.21,77108.7,130.32,0.0,35.29,22.85
2011-08-26,612.68,76950.6,130.28,0.0,35.49,22.67
2011-08-27,584.94,76775.8,130.23,0.0,30.67,20.17
2011-08-28,633.02,76629.9,130.2,0.0,30.12,20.99
2011-08-29,650.67,76494.5,130.16,0.0,29.68,17.66
2011-08-30,529.72,76286.6,130.11,0.0,28.33,15.6
2011-08-31,526.98,76077.1,130.05,3.87,27.75,15.08
2011-09-01,565.64,75890.7,130.0,0.0,25.24,15.39
2011-09-02,622.07,75738.2,129.96,0.47,24.73,12.92
2011-09-03,675.97,75618.0,129.93,0.0,25.45,12.63
2011-09-04,612.46,75459.8,129.89,0.0,22.27,12.48
2011-09-05,654.84,75326.9,129.86,0.0,21.96,12.42
2011-09-06,654.84,75194.1,129.82,0.0,25.67,14.37
2011-09-07,571.73,75011.4,129.78,0.0,27.06,17.1
2011-09-08,628.72,74862.9,129.74,0.0,27.72,16.94
2011-09-09,597.34,74695.5,129.69,0.0,30.39,21.69
2011-09-10,645.95,74557.3,129.66,0.0,29.43,18.96
2011-09-11,595.78,74389.1,129.61,0.0,30.5,18.2
2011-09-12,676.46,74269.2,129.58,0.0,24.98,17.26
2011-09-13,625.95,74119.0,129.54,0.0,25.3,16.17
2011-09-14,649.91,73983.2,129.51,0.0,25.09,14.6
2011-09-15,726.72,73893.5,129.48,0.0,21.15,13.01
2011-09-16,813.36,73855.8,129.48,2.56,24.91,14.08
2011-09-17,774.52,73794.8,129.46,0.0,26.82,13.96
2011-09-18,677.48,73675.5,129.43,0.63,26.02,13.31
2011-09-19,638.03,73532.6,129.39,0.0,24.79,12.13
2011-09-20,666.83,73406.9,129.36,0.52,23.78,12.97
2011-09-21,677.02,73287.4,129.33,0.0,25.01,11.97
2011-09-22,646.28,73149.4,129.29,0.0,23.38,12.41
2011-09-23,646.8,73011.8,129.26,0.0,22.46,10.54
2011-09-24,698.54,72905.1,129.23,0.0,19.57,8.01
2011-09-25,766.66,72839.4,129.21,0.0,21.46,10.34
2011-09-26,618.57,72684.8,129.17,0.0,22.32,11.05
2011-09-27,625.7,72534.5,129.13,0.0,23.92,11.66
2011-09-28,614.91,72377.7,129.09,0.0,20.9,14.04
2011-09-29,603.53,72214.0,129.05,0.0,26.19,14.91
2011-09-30,640.88,72072.8,129.01,0.0,22.69,12.24
2011-10-01,760.78,72003.5,128.99,1.96,19.82,11.44
2011-10-02,729.67,71915.6,128.97,0.0,20.24,7.4
2011-10-03,637.7,71772.5,128.93,0.0,20.78,10.11
2011-10-04,613.16,71614.6,128.89,0.0,22.12,10.37
2011-10-05,617.13,71459.2,128.85,0.0,21.24,9.74
2011-10-06,665.12,71332.5,128.82,0.0,17.54,8.19
2011-10-07,769.62,71268.5,128.8,0.0,20.37,7.92
2011-10-08,676.1,71148.4,128.77,0.0,16.37,9.39
2011-10-09,735.91,71064.2,128.75,0.0,17.48,6.84
2011-10-10,717.61,70969.0,128.73,0.0,14.88,5.99
2011-10-11,692.81,70859.0,128.7,0.0,13.77,2.65
2011-10-12,621.46,70706.1,128.66,0.0,16.82,7.2
2011-10-13,575.45,70525.6,128.61,0.0,15.93,3.6
2011-10-14,599.72,70359.7,128.57,0.0,16.75,4.96
2011-10-15,532.23,70153.3,128.51,0.0,16.23,8.29
2011-10-16,906.31,70171.4,128.52,19.03,21.12,8.54
2011-10-17,846.02,70153.2,128.51,0.0,21.55,11.6
2011-10-18,790.23,70101.6,128.5,0.0,19.44,9.0
2011-10-19,780.99,70044.5,128.49,0.0,17.81,4.86
2011-10-20,725.37,69953.9,128.46,0.0,11.02,-0.74
2011-10-21,800.16,69908.3,128.45,0.0,12.48,2.43
2011-10-22,794.33,69859.1,128.44,0.0,12.72,-0.9
2011-10-23,901.72,69874.4,128.44,7.97,11.56,1.33
2011-10-24,1037.46,69971.2,128.47,0.0,12.57,-0.11
2011-10-25,1002.13,70046.7,128.49,0.0,4.65,-5.98
2011-10-26,991.08,70115.6,128.5,1.51,8.02,-5.57
2011-10-27,925.26,70145.0,128.51,0.0,14.04,2.45
2011-10-28,913.1,70167.1,128.52,0.0,16.85,4.03
2011-10-29,1028.46,70258.5,128.54,2.86,13.91,3.98
2011-10-30,1127.52,70409.2,128.58,0.0,15.79,5.64
2011-10-31,1279.56,70651.2,128.64,0.0,13.44,1.69
2011-11-01,1132.01,70804.7,128.68,0.0,12.4,3.03
2011-11-02,1072.74,70922.6,128.71,0.0,14.29,0.23
2011-11-03,946.16,70964.5,128.72,0.0,11.81,-0.05
2011-11-04,905.56,70982.1,128.73,0.0,9.32,1.66
2011-11-05,811.28,70943.1,128.72,0.0,11.41,0.76
2011-11-06,826.46,70913.3,128.71,0.0,8.28,-0.18
2011-11-07,897.43,70926.0,128.71,0.0,16.6,5.65
2011-11-08,759.59,70856.0,128.7,0.0,15.52,6.3
2011-11-09,716.55,70760.2,128.67,0.0,11.48,-2.65
2011-11-10,634.03,70614.9,128.63,0.0,11.48,-0.63
2011-11-11,657.22,70483.4,128.6,0.0,12.16,-1.69
2011-11-12,982.9,70547.4,128.62,33.29,9.12,-1.25
2011-11-13,808.51,70506.8,128.61,0.0,12.32,0.82
2011-11-14,1277.39,70747.5,128.67,29.8,16.67,4.77
2011-11-15,1089.52,70875.5,128.7,0.0,16.68,6.03
2011-11-16,986.14,70941.4,128.72,0.0,13.57,-0.74
2011-11-17,1113.05,71083.5,128.76,16.59,9.1,0.5
2011-11-18,1129.0,71235.2,128.79,3.66,9.41,-0.19
2011-11-19,1086.15,71361.1,128.83,3.1,10.08,-1.76
2011-11-20,831.82,71334.4,128.82,0.0,6.95,-3.68
2011-11-21,792.94,71284.5,128.81,0.0,7.6,-5.81
2011-11-22,708.85,71184.0,128.78,0.0,12.31,0.12
2011-11-23,706.42,71082.1,128.75,0.0,8.31,-1.71
2011-11-24,720.86,70988.9,128.73,0.0,12.22,1.23
2011-11-25,673.1,70867.0,128.7,0.0,10.35,-1.54
2011-11-26,616.12,70710.9,128.66,0.03,12.71,3.97
2011-11-27,669.94,70587.2,128.63,0.0,14.18,2.85
2011-11-28,652.84,70453.1,128.59,0.0,13.37,0.06
2011-11-29,633.06,70307.2,128.55,0.0,12.26,2.61
2011-11-30,759.5,70237.2,128.54,5.14,12.56,-0.95
2011-12-01,918.21,70262.3,128.54,14.15,9.73,-5.56
2011-12-02,843.9,70242.9,128.54,0.0,8.79,-2.09
2011-12-03,854.86,70230.1,128.53,0.0,8.09,-3.87
2011-12-04,828.79,70201.6,128.53,0.0,10.65,1.32
2011-12-05,722.56,70109.4,128.5,0.0,2.45,-4.92
2011-12-06,681.4,69992.5,128.47,0.0,5.03,-7.29
2011-12-07,665.82,69866.3,128.44,0.0,1.2,-10.64
2011-12-08,667.62,69741.1,128.41,0.0,4.63,-6.0
2011-12-09,733.39,69655.4,128.38,0.0,3.81,-6.55
2011-12-10,728.01,69566.5,128.36,3.53,2.69,-9.72
2011-12-11,747.0,69488.9,128.34,0.0,-0.3,-12.06
2011-12-12,758.16,69418.1,128.32,0.0,1.8,-9.05
2011-12-13,705.23,69315.5,128.3,0.0,1.26,-10.31
2011-12-14,700.91,69210.3,128.27,0.0,5.4,-6.47
2011-12-15,694.81,69101.4,128.24,0.0,7.24,-3.21
2011-12-16,666.62,68975.6,128.21,0.0,4.65,-6.62
2011-12-17,626.45,68825.8,128.17,0.0,2.25,-8.87
2011-12-18,594.46,68656.7,128.12,0.0,2.34,-8.84
2011-12-19,555.1,68464.0,128.07,0.0,2.41,-5.46
2011-12-20,628.82,68315.6,128.04,0.0,6.19,-7.42
2011-12-21,717.38,68220.2,128.01,0.78,4.93,-5.5
2011-12-22,827.69,68191.1,128.0,0.0,2.02,-8.26
2011-12-23,927.67,68222.0,128.01,0.43,1.34,-9.07
2011-12-24,875.8,68221.7,128.01,0.0,1.22,-10.09
2011-12-25,938.37,68259.0,128.02,0.0,1.3,-7.4
2011-12-26,985.01,68324.2,128.04,0.0,3.18,-9.13
2011-12-27,954.24,68371.0,128.05,0.0,5.16,-6.74
2011-12-28,935.85,68406.8,128.06,0.0,-0.27,-10.69
2011-12-29,965.94,68460.6,128.07,0.0,2.52,-8.57
2011-12-30,1077.8,68581.6,128.11,0.0,3.21,-7.83
2011-12-31,1143.5,68741.9,128.15,0.0,7.09,-1.27
2012-01-01,1172.25,68919.5,128.19,2.06,7.72,-2.34
2012-01-02,1159.98,69089.8,128.24,0.0,6.57,-4.46
2012-01-03,1095.72,69221.4,128.27,0.0,7.2,-6.72
2012-01-04,958.93,69271.1,128.28,0.0,1.86,-8.44
2012-01-05,937.21,69307.6,128.29,0.0,6.34,-5.6
2012-01-06,1050.32,69412.1,128.32,0.0,3.78,-9.53
2012-01-07,921.67,69439.3,128.33,0.0,2.08,-10.84
2012-01-08,933.79,69473.9,128.34,0.0,1.94,-7.58
2012-01-09,853.29,69460.1,128.33,0.0,3.91,-8.82
2012-01-10,941.8,69499.4,128.34,5.43,4.6,-6.63
2012-01-11,918.08,69524.5,128.35,0.0,4.8,-8.16
2012-01-12,824.49,69493.5,128.34,0.0,8.2,-5.85
2012-01-13,724.41,69402.4,128.32,0.0,10.47,-3.92
2012-01-14,708.47,69301.7,128.29,0.0,8.11,-5.38
2012-01-15,782.67,69245.6,128.28,0.0,6.76,-3.65
2012-01-16,941.69,69284.9,128.29,0.57,6.73,-4.69
2012-01-17,1050.29,69389.3,128.32,0.0,3.58,-10.25
2012-01-18,1565.15,69802.6,128.42,24.92,3.93,-8.33
2012-01-19,1697.79,70295.6,128.55,0.0,3.9,-6.03
2012-01-20,1486.19,70661.5,128.65,0.0,1.38,-10.33
2012-01-21,1480.45,71024.0,128.74,0.0,10.94,-1.46
2012-01-22,1373.65,71322.5,128.82,0.21,4.38,-4.33
2012-01-23,1381.02,71625.4,128.9,3.28,7.83,-3.19
2012-01-24,1217.13,71829.9,128.95,0.0,4.46,-7.59
2012-01-25,1023.77,71918.4,128.97,0.0,4.89,-6.27
2012-01-26,1078.3,72039.6,129.0,1.43,7.37,-4.3
2012-01-27,1232.93,72253.7,129.06,0.44,6.01,-5.82
2012-01-28,1252.55,72479.4,129.12,0.0,3.41,-7.49
2012-01-29,1617.72,72924.3,129.23,12.6,0.88,-10.17
2012-01-30,2409.16,73844.1,129.47,25.22,0.83,-8.51
2012-01-31,2320.15,74710.4,129.7,0.0,7.15,-5.16
2012-02-01,1592.23,75140.0,129.81,0.0,8.84,-3.38
2012-02-02,1449.66,75484.1,129.9,3.83,6.5,-3.92
2012-02-03,1198.9,75677.7,129.95,0.04,2.99,-5.66
2012-02-04,1328.24,75948.9,130.02,9.92,8.21,-3.69
2012-02-05,1325.46,76218.4,130.09,4.12,10.22,-0.45
2012-02-06,1175.07,76397.7,130.14,0.0,6.58,-0.94
2012-02-07,1202.02,76593.2,130.19,2.8,4.2,-7.28
2012-02-08,1020.49,76679.7,130.21,0.0,3.02,-7.76
2012-02-09,952.5,76725.5,130.22,0.0,3.7,-7.77
2012-02-10,1067.26,76840.1,130.25,0.0,2.92,-7.11
2012-02-11,1192.4,77029.8,130.3,0.0,6.56,-4.29
2012-02-12,1378.0,77330.8,130.38,4.6,7.57,-3.47
2012-02-13,1277.32,77571.5,130.44,0.0,2.28,-6.55
2012-02-14,1262.67,77803.3,130.5,3.01,1.65,-8.5
2012-02-15,1157.76,77972.3,130.54,0.0,4.88,-7.29
2012-02-16,1068.97,78087.9,130.57,0.0,7.29,-2.56
2012-02-17,1020.24,78174.3,130.6,0.0,3.85,-6.4
2012-02-18,1286.3,78420.3,130.66,9.12,3.18,-6.66
2012-02-19,1668.34,78895.6,130.78,16.76,2.89,-7.07
2012-02-20,1476.04,79255.5,130.88,0.0,4.63,-4.38
2012-02-21,1412.96,79577.5,130.96,0.0,4.85,-6.33
2012-02-22,1517.99,79962.5,131.06,3.47,5.17,-3.22
2012-02-23,1648.87,80426.1,131.18,0.0,5.58,-3.56
2012-02-24,1589.83,80854.3,131.29,0.0,3.87,-7.36
2012-02-25,1530.3,81246.7,131.39,0.0,5.44,-5.8
2012-02-26,1258.25,81475.9,131.45,0.0,11.23,-1.34
2012-02-27,1117.51,81620.7,131.49,0.0,11.06,-0.95
2012-02-28,1011.94,81702.1,131.51,0.0,15.33,5.36
2012-02-29,1606.43,82140.2,131.63,22.14,11.56,-1.16
2012-03-01,1536.4,82536.3,131.73,0.0,8.6,-3.8
2012-03-02,1716.21,83040.3,131.86,9.78,7.37,-1.82
2012-03-03,1667.25,83514.9,131.98,0.0,7.54,-1.39
2012-03-04,1456.67,83863.1,132.07,0.0,6.39,-4.57
2012-03-05,1100.49,83997.7,132.11,0.0,8.0,-0.68
2012-03-06,1160.07,84168.0,132.15,1.74,13.71,-1.46
2012-03-07,1150.94,84332.8,132.2,0.0,12.78,1.43
2012-03-08,1251.27,84557.8,132.25,5.48,9.79,-3.53
2012-03-09,1099.98,84692.1,132.29,0.0,5.25,-6.17
2012-03-10,1050.19,84796.4,132.32,0.0,7.63,-1.87
2012-03-11,1102.59,84932.2,132.35,0.0,4.32,-4.46
2012-03-12,1082.86,85056.2,132.38,0.0,4.67,-6.32
2012-03-13,1600.36,85490.7,132.5,17.56,11.4,-1.27
2012-03-14,1300.77,85745.4,132.56,0.0,7.63,-2.23
2012-03-15,1073.99,85864.0,132.59,0.0,13.67,2.34
2012-03-16,1010.44,85944.6,132.61,0.0,14.91,4.52
2012-03-17,941.8,85983.9,132.62,1.12,12.33,1.05
2012-03-18,834.2,85958.7,132.62,0.0,11.52,-0.57
2012-03-19,862.06,85950.2,132.62,0.0,8.37,-4.25
2012-03-20,977.96,86011.2,132.63,5.74,6.72,-2.05
2012-03-21,1112.35,86152.9,132.67,7.46,15.99,4.13
2012-03-22,998.72,86226.4,132.69,0.0,13.71,2.16
2012-03-23,952.17,86271.9,132.7,0.51,17.87,4.13
2012-03-24,801.24,86226.9,132.69,0.0,16.62,7.28
2012-03-25,779.84,86169.1,132.67,0.0,13.05,3.91
2012-03-26,730.79,86081.8,132.65,0.0,12.7,3.84
2012-03-27,746.15,86003.8,132.63,0.0,19.47,9.34
2012-03-28,784.93,85949.0,132.62,3.48,16.76,4.09
2012-03-29,735.01,85864.2,132.59,0.0,15.26,5.8
2012-03-30,778.09,85805.3,132.58,0.0,10.04,2.56
2012-03-31,749.35,85729.2,132.56,0.0,13.49,2.51
2012-04-01,707.2,85627.8,132.53,0.0,15.88,1.39
2012-04-02,673.19,85506.0,132.5,0.0,12.68,3.49
2012-04-03,620.76,85352.7,132.46,0.08,15.41,1.23
2012-04-04,821.42,85319.8,132.45,13.0,15.08,4.54
2012-04-05,741.03,85238.6,132.43,0.0,17.76,6.22
2012-04-06,731.62,85151.9,132.41,0.0,16.96,4.68
2012-04-07,1028.33,85243.1,132.43,15.36,12.54,2.6
2012-04-08,991.05,85312.0,132.45,2.85,14.0,3.08
2012-04-09,939.25,85349.8,132.46,3.21,11.16,-2.83
2012-04-10,838.19,85327.0,132.45,0.0,10.6,3.26
2012-04-11,599.95,85161.2,132.41,0.0,10.65,-1.7
2012-04-12,528.97,84952.9,132.36,0.0,8.62,-2.66
2012-04-13,555.09,84760.2,132.31,0.0,10.55,-2.8
2012-04-14,720.15,84666.5,132.28,9.82,10.34,1.16
2012-04-15,702.69,84562.4,132.26,0.0,15.31,3.67
2012-04-16,661.68,84433.6,132.22,0.0,18.48,5.41
2012-04-17,635.33,84289.1,132.18,0.0,14.2,5.8
2012-04-18,653.24,84155.3,132.15,0.0,19.5,8.77
2012-04-19,574.92,83974.5,132.1,0.0,22.9,11.38
2012-04-20,552.81,83780.4,132.05,0.0,23.22,11.45
2012-04-21,491.32,83549.5,131.99,0.0,24.38,15.27
2012-04-22,646.93,83411.9,131.96,14.81,23.64,14.48
2012-04-23,613.42,83254.2,131.92,0.0,21.63,12.11
2012-04-24,543.81,83054.8,131.86,0.0,26.36,15.13
2012-04-25,574.77,82873.9,131.82,0.0,31.24,20.01
2012-04-26,733.17,82788.0,131.79,7.95,27.86,16.95
2012-04-27,629.86,82640.2,131.76,0.0,28.03,18.46
2012-04-28,541.87,82439.6,131.7,0.0,23.34,13.53
2012-04-29,499.99,82213.8,131.65,0.0,24.16,11.74
2012-04-30,561.48,82025.0,131.6,0.0,18.73,8.41
2012-05-01,565.29,81838.4,131.55,1.7,15.1,2.94
2012-05-02,477.69,81599.3,131.49,0.0,16.71,6.15
2012-05-03,460.32,81349.7,131.42,0.0,18.29,5.22
2012-05-04,490.17,81118.1,131.36,0.0,21.01,7.34
2012-05-05,585.07,80943.4,131.32,11.61,22.12,10.86
2012-05-06,552.22,80749.0,131.27,0.0,20.5,10.35
2012-05-07,554.16,80555.7,131.21,0.0,25.87,14.45
2012-05-08,617.87,80400.7,131.17,0.0,24.0,13.51
2012-05-09,958.47,80450.0,131.19,18.16,16.99,4.54
2012-05-10,930.97,80482.9,131.2,0.0,16.83,7.51
2012-05-11,851.76,80468.2,131.19,0.0,23.77,11.5
2012-05-12,830.97,80441.0,131.19,0.0,24.32,12.84
2012-05-13,785.72,80386.7,131.17,0.0,25.75,14.79
2012-05-14,802.21,80342.3,131.16,0.0,21.95,12.62
2012-05-15,988.33,80409.5,131.18,0.0,22.64,11.46
2012-05-16,1239.57,80627.5,131.23,0.0,23.83,12.37
2012-05-17,1136.02,80783.4,131.27,0.0,23.78,13.59
2012-05-18,1004.68,80860.5,131.29,0.0,29.7,16.98
2012-05-19,976.89,80920.8,131.31,0.0,32.46,17.69
2012-05-20,843.31,80901.1,131.3,0.0,27.75,15.27
2012-05-21,849.86,80885.3,131.3,0.0,27.17,13.92
2012-05-22,673.34,80763.5,131.27,0.0,24.47,12.83
2012-05-23,629.46,80615.4,131.23,0.0,28.35,16.6
2012-05-24,559.8,80425.6,131.18,0.0,25.17,15.31
2012-05-25,989.39,80493.5,131.2,32.57,23.26,13.63
2012-05-26,799.15,80447.2,131.19,0.0,30.97,16.5
2012-05-27,767.96,80382.3,131.17,0.0,27.0,18.25
2012-05-28,718.36,80287.5,131.15,0.0,26.83,15.24
2012-05-29,643.19,80147.7,131.11,1.8,30.04,18.25
2012-05-30,607.86,79986.7,131.07,0.0,32.65,21.22
2012-05-31,596.26,79818.7,131.02,0.0,29.35,17.47
2012-06-01,540.59,79617.3,130.97,0.0,27.53,17.53
2012-06-02,581.79,79440.6,130.93,0.0,29.33,17.79
2012-06-03,594.05,79271.3,130.88,0.0,29.98,18.01
2012-06-04,588.76,79098.8,130.84,0.0,28.83,21.03
2012-06-05,538.22,78896.0,130.78,0.0,30.31,18.93
2012-06-06,621.43,78743.1,130.74,3.55,31.67,20.02
2012-06-07,587.35,78569.8,130.7,0.0,29.07,18.62
2012-06-08,620.1,78416.1,130.66,0.0,27.99,15.62
2012-06-09,616.54,78260.3,130.62,0.0,28.59,20.06
2012-06-10,532.98,78054.3,130.57,0.0,34.63,21.91
2012-06-11,575.24,77873.7,130.52,0.0,28.59,17.72
2012-06-12,580.29,77696.1,130.47,0.0,30.17,18.11
2012-06-13,556.78,77504.5,130.42,0.0,26.15,18.61
2012-06-14,559.24,77314.3,130.37,0.0,32.63,23.0
2012-06-15,568.01,77129.3,130.33,0.0,32.71,20.04
2012-06-16,532.81,76923.3,130.27,0.0,35.55,24.34
2012-06-17,430.22,76655.7,130.2,0.0,40.34,29.92
2012-06-18,452.0,76401.1,130.14,0.0,42.96,33.19
2012-06-19,539.92,76199.3,130.08,0.0,38.43,25.81
2012-06-20,586.96,76025.7,130.04,0.0,35.03,26.33
2012-06-21,597.14,75858.3,130.0,0.0,38.58,27.3
2012-06-22,536.61,75654.5,129.94,0.0,29.76,21.97
2012-06-23,1290.07,75902.8,130.01,46.05,32.58,23.11
2012-06-24,1242.58,76122.6,130.06,0.0,32.08,20.88
2012-06-25,1102.04,76258.1,130.1,0.0,29.7,17.98
2012-06-26,919.88,76284.3,130.11,0.0,33.39,23.51
2012-06-27,835.81,76260.0,130.1,0.0,33.18,22.89
2012-06-28,755.32,76187.5,130.08,0.0,30.76,19.44
2012-06-29,625.36,76036.9,130.04,0.0,31.69,20.67
2012-06-30,666.57,75911.1,130.01,0.0,32.77,22.38
2012-07-01,665.34,75784.6,129.98,0.0,25.95,15.01
2012-07-02,617.57,75629.4,129.94,0.0,26.2,16.04
2012-07-03,570.42,75445.9,129.89,0.0,31.5,19.34
2012-07-04,586.0,75271.7,129.84,0.0,29.23,16.95
2012-07-05,595.94,75103.6,129.8,0.0,26.18,13.86
2012-07-06,646.06,74965.5,129.76,0.0,25.2,15.63
2012-07-07,665.78,74839.2,129.73,0.0,26.23,16.11
2012-07-08,649.73,74703.3,129.7,0.0,29.23,21.44
2012-07-09,595.91,74535.1,129.65,0.0,33.33,23.68
2012-07-10,570.89,74351.9,129.6,5.24,33.96,23.39
2012-07-11,545.41,74153.4,129.55,0.0,27.68,13.61
2012-07-12,552.38,73959.1,129.5,0.0,30.44,22.06
2012-07-13,529.9,73751.3,129.45,0.0,32.47,21.93
2012-07-14,561.55,73562.4,129.4,0.0,30.82,21.44
2012-07-15,505.36,73339.9,129.34,0.0,31.74,22.52
2012-07-16,558.68,73149.4,129.29,0.0,31.03,18.99
2012-07-17,556.04,72957.2,129.24,0.0,32.56,19.96
2012-07-18,564.08,72770.0,129.19,0.0,33.25,19.88
2012-07-19,771.08,72706.9,129.18,5.13,35.13,23.27
2012-07-20,690.52,72595.4,129.15,0.0,32.04,20.09
2012-07-21,705.54,72493.0,129.12,0.0,30.49,19.04
2012-07-22,681.34,72376.1,129.09,1.81,33.71,24.53
2012-07-23,890.29,72384.5,129.09,13.47,35.26,23.79
2012-07-24,675.0,72263.7,129.06,0.0,32.24,18.92
2012-07-25,617.06,72108.2,129.02,0.0,28.8,19.69
2012-07-26,583.53,71932.6,128.98,0.0,27.25,14.59
2012-07-27,574.92,71751.8,128.93,0.0,29.29,20.42
2012-07-28,490.35,71520.3,128.87,0.0,26.57,16.73
2012-07-29,507.37,71299.0,128.81,1.48,30.29,15.31
2012-07-30,517.44,71083.7,128.76,0.0,33.16,21.58
2012-07-31,485.72,70849.4,128.69,0.0,31.23,21.44
2012-08-01,539.31,70647.2,128.64,0.0,31.5,18.35
2012-08-02,577.34,70467.9,128.6,0.0,27.89,18.92
2012-08-03,585.49,70293.4,128.55,0.0,31.1,21.15
2012-08-04,553.26,70099.6,128.5,0.0,31.98,20.33
2012-08-05,543.89,69900.2,128.45,0.0,33.13,20.93
2012-08-06,643.71,69760.7,128.41,0.0,32.53,25.05
2012-08-07,617.55,69605.5,128.37,0.0,37.7,25.63
2012-08-08,553.22,69411.7,128.32,0.0,39.35,29.73
2012-08-09,548.12,69214.8,128.27,0.0,34.4,23.79
2012-08-10,690.65,69103.4,128.24,0.0,33.52,22.13
2012-08-11,629.19,68955.2,128.2,0.0,35.57,24.51
2012-08-12,718.03,68860.3,128.18,0.0,36.43,25.76
2012-08-13,754.17,68787.0,128.16,0.0,36.74,23.58
2012-08-14,863.85,68779.6,128.16,0.0,35.55,24.96
2012-08-15,862.39,68771.3,128.15,0.0,30.27,21.62
2012-08-16,967.52,68826.1,128.17,0.0,36.2,25.84
2012-08-17,1014.51,68909.0,128.19,0.0,36.4,27.39
2012-08-18,904.65,68926.1,128.19,0.0,28.91,18.52
2012-08-19,812.79,68888.0,128.19,0.0,32.29,19.47
2012-08-20,750.32,68812.4,128.17,0.0,31.27,20.3
2012-08-21,830.03,68784.7,128.16,5.07,29.64,16.35
2012-08-22,832.46,68758.4,128.15,0.0,34.5,20.17
2012-08-23,911.86,68779.8,128.16,0.0,28.18,17.63
2012-08-24,747.04,68702.3,128.14,0.0,27.53,16.43
2012-08-25,683.41,68586.6,128.11,0.0,28.81,19.32
2012-08-26,658.47,68455.9,128.07,0.0,30.29,18.67
2012-08-27,558.99,68265.6,128.02,0.0,28.27,16.03
2012-08-28,631.33,68118.6,127.99,0.0,24.68,13.14
2012-08-29,597.18,67951.2,127.94,0.0,26.83,15.22
2012-08-30,601.31,67786.2,127.9,0.0,28.62,17.35
2012-08-31,576.55,67606.4,127.85,0.0,24.77,14.49
2012-09-01,636.58,67462.6,127.81,0.0,25.33,15.96
2012-09-02,544.75,67263.7,127.76,0.0,27.21,16.97
2012-09-03,593.35,67094.0,127.72,0.0,28.21,17.53
2012-09-04,595.97,66925.8,127.68,0.0,26.73,17.05
2012-09-05,550.89,66730.6,127.62,0.0,26.66,15.85
2012-09-06,529.95,66522.8,127.57,0.0,26.42,14.94
2012-09-07,522.3,66310.5,127.52,0.0,21.87,11.9
2012-09-08,588.15,66137.6,127.47,0.0,22.87,9.91
2012-09-09,589.46,65965.6,127.43,0.0,27.09,15.53
2012-09-10,685.08,65850.9,127.4,0.0,21.56,10.12
2012-09-11,702.31,65746.5,127.37,0.0,24.19,12.44
2012-09-12,767.36,65681.2,127.35,0.0,26.54,16.65
2012-09-13,784.73,65626.3,127.34,0.0,24.89,13.96
2012-09-14,825.12,65595.6,127.33,0.0,22.09,9.33
2012-09-15,968.85,65651.2,127.34,9.58,21.74,12.23
2012-09-16,873.1,65649.3,127.34,0.0,25.42,10.9
2012-09-17,859.85,65639.5,127.34,0.0,20.13,7.62
2012-09-18,765.5,65573.0,127.32,0.0,17.96,7.44
2012-09-19,865.29,65566.4,127.32,0.0,19.07,11.21
2012-09-20,826.95,65536.9,127.31,0.0,18.77,10.12
2012-09-21,737.59,65453.7,127.29,0.0,16.94,7.33
2012-09-22,705.57,65351.3,127.27,0.0,22.23,9.88
2012-09-23,665.36,65224.7,127.23,0.0,22.94,12.1
2012-09-24,549.58,65028.7,127.18,0.0,21.46,12.96
2012-09-25,549.2,64832.5,127.13,0.0,20.64,8.39
2012-09-26,502.85,64608.5,127.07,0.0,13.47,2.16
2012-09-27,491.8,64377.8,127.01,0.0,16.4,4.44
2012-09-28,481.95,64141.2,126.95,0.0,19.47,7.66
2012-09-29,507.24,63919.9,126.89,0.0,18.64,7.83
2012-09-30,483.19,63684.0,126.83,0.0,21.67,10.0
2012-10-01,469.26,63439.8,126.77,0.0,20.91,10.27
2012-10-02,533.73,63234.3,126.72,0.0,22.05,7.83
2012-10-03,522.76,63022.2,126.66,0.0,20.75,7.86
2012-10-04,630.86,62875.0,126.62,0.0,17.85,8.17
2012-10-05,1058.56,62984.4,126.65,25.08,14.15,4.58
2012-10-06,950.0,63028.7,126.66,0.0,17.41,7.24
2012-10-07,780.26,62971.1,126.65,0.0,21.23,10.14
2012-10-08,782.14,62914.6,126.63,0.0,19.25,9.84
2012-10-09,708.92,62814.2,126.61,0.0,14.86,3.22
2012-10-10,750.08,62738.5,126.59,0.0,17.91,5.86
2012-10-11,642.12,62598.0,126.55,0.0,18.58,9.7
2012-10-12,659.04,62467.7,126.52,0.0,16.88,6.34
2012-10-13,630.37,62320.2,126.48,0.0,19.07,6.0
2012-10-14,637.17,62176.8,126.44,0.0,19.11,7.7
2012-10-15,615.48,62020.3,126.4,0.0,21.46,8.23
2012-10-16,601.51,61855.5,126.36,0.0,18.21,7.51
2012-10-17,749.67,61779.5,126.34,7.77,18.86,8.74
2012-10-18,745.22,61700.9,126.32,0.0,16.4,6.87
2012-10-19,655.54,61568.5,126.28,0.0,17.24,7.21
2012-10-20,633.17,61422.7,126.25,0.0,19.47,10.63
2012-10-21,687.57,61309.4,126.22,0.0,17.61,8.84
2012-10-22,620.19,61155.8,126.18,0.0,15.6,2.71
2012-10-23,607.79,60994.7,126.14,0.0,13.57,1.62
2012-10-24,549.19,60798.5,126.08,0.0,14.04,4.48
2012-10-25,544.21,60599.3,126.03,0.0,16.25,4.57
2012-10-26,575.13,60418.6,125.99,0.0,18.14,6.09
2012-10-27,551.16,60223.6,125.94,0.0,20.72,10.56
2012-10-28,507.51,60002.3,125.88,0.0,18.69,6.81
2012-10-29,539.13,59800.1,125.83,0.0,18.86,6.39
2012-10-30,465.11,59553.4,125.76,0.0,18.62,9.09
2012-10-31,421.71,59280.7,125.69,0.0,16.32,6.85
2012-11-01,394.68,58991.8,125.62,0.0,17.44,6.08
2012-11-02,401.58,58707.0,125.54,0.0,14.2,0.69
2012-11-03,440.29,58445.4,125.47,5.81,16.08,5.47
2012-11-04,442.39,58185.1,125.41,0.0,17.44,9.07
2012-11-05,438.15,57922.2,125.34,0.0,14.25,5.96
2012-11-06,500.51,57696.8,125.28,0.0,13.67,4.12
2012-11-07,468.73,57452.3,125.22,0.0,11.41,1.0
2012-11-08,489.41,57220.2,125.16,0.0,11.53,2.79
2012-11-09,526.08,57010.1,125.1,0.0,9.63,-4.17
2012-11-10,566.13,56824.0,125.05,0.0,10.1,0.42
2012-11-11,593.62,56654.4,125.01,0.0,15.53,2.92
2012-11-12,640.05,56512.7,124.97,0.0,16.14,5.69
2012-11-13,732.93,56426.7,124.95,0.0,12.63,1.87
2012-11-14,727.02,56337.2,124.93,0.0,14.47,3.75
2012-11-15,786.54,56283.4,124.91,0.0,13.56,1.58
2012-11-16,769.73,56219.5,124.9,0.0,17.55,10.17
2012-11-17,711.98,56120.9,124.87,0.0,15.59,5.12
2012-11-18,782.21,56064.5,124.85,0.0,15.75,4.64
2012-11-19,816.66,56028.8,124.85,0.0,16.32,5.31
2012-11-20,790.55,55977.3,124.83,0.0,14.13,0.92
2012-11-21,784.2,55922.1,124.82,0.0,12.22,1.29
2012-11-22,685.32,55807.6,124.79,0.0,9.72,0.62
2012-11-23,750.76,55732.3,124.77,0.0,9.18,-2.13
2012-11-24,727.44,55643.0,124.75,0.0,4.13,-6.1
2012-11-25,693.47,55533.3,124.72,0.0,6.23,-4.74
2012-11-26,692.74,55423.2,124.69,0.0,6.37,-4.86
2012-11-27,839.64,55401.3,124.68,0.0,6.32,-3.92
2012-11-28,764.16,55334.0,124.67,0.0,8.07,-3.69
2012-11-29,722.12,55241.6,124.64,0.0,6.37,-5.62
2012-11-30,823.18,55209.7,124.63,0.0,8.63,-4.34
2012-12-01,733.66,55124.2,124.61,0.0,7.45,-2.58
2012-12-02,673.22,55002.4,124.58,0.0,9.53,-0.46
2012-12-03,636.35,54858.4,124.54,0.0,7.11,-2.76
2012-12-04,578.22,54679.6,124.5,0.0,3.75,-7.49
2012-12-05,612.88,54521.6,124.45,0.0,9.12,-1.75
2012-12-06,721.3,54428.6,124.43,4.38,3.29,-6.04
2012-12-07,674.21,54307.4,124.4,0.0,7.31,-8.48
2012-12-08,717.03,54211.9,124.37,0.0,6.94,-2.7
2012-12-09,755.15,54139.2,124.35,0.0,3.08,-8.09
2012-12-10,799.27,54093.1,124.34,0.0,5.91,-5.34
2012-12-11,790.11,54041.4,124.33,0.0,5.94,-7.27
2012-12-12,916.7,54065.6,124.34,8.54,6.59,-7.17
2012-12-13,713.37,53967.9,124.31,0.0,6.01,-4.92
2012-12-14,723.55,53876.3,124.29,0.0,2.8,-5.51
2012-12-15,707.5,53775.1,124.26,0.0,10.64,-5.23
2012-12-16,669.18,53650.8,124.23,0.0,6.3,-5.21
2012-12-17,651.37,53515.9,124.19,0.0,5.49,-7.67
2012-12-18,675.11,53395.2,124.16,0.0,3.6,-5.25
2012-12-19,720.32,53301.7,124.14,0.13,13.38,3.45
2012-12-20,776.02,53241.5,124.12,1.23,3.93,-4.99
2012-12-21,668.98,53117.2,124.09,0.0,8.43,-0.86
2012-12-22,685.4,53002.7,124.06,0.0,8.57,-3.25
2012-12-23,623.16,52850.8,124.02,0.0,7.28,-2.96
2012-12-24,708.12,52749.9,123.99,0.0,6.41,-2.29
2012-12-25,739.09,52667.7,123.97,0.38,5.56,-9.18
2012-12-26,1110.66,52808.3,124.01,10.62,1.77,-9.17
2012-12-27,1084.37,52933.2,124.04,0.55,-1.76,-9.06
2012-12-28,1093.07,53063.3,124.08,0.0,4.0,-8.51
2012-12-29,1067.85,53178.2,124.11,0.0,6.25,-3.88
2012-12-30,1058.37,53287.5,124.13,0.0,3.6,-6.95
2012-12-31,1007.28,53366.1,124.15,0.0,6.52,-4.08
2013-01-01,938.09,53403.3,124.16,0.0,9.63,-0.78
2013-01-02,1194.37,53594.1,124.21,11.81,4.27,-5.47
2013-01-03,1038.29,53691.4,124.24,0.0,3.37,-6.91
2013-01-04,982.74,53755.3,124.26,0.0,3.38,-6.9
2013-01-05,1021.19,53842.2,124.28,0.0,0.22,-10.44
2013-01-06,2042.5,54542.0,124.46,38.74,0.65,-8.41
2013-01-07,1552.85,54947.9,124.57,0.0,3.39,-9.01
2013-01-08,1191.5,55137.1,124.61,0.0,9.25,-5.66
2013-01-09,1265.58,55370.7,124.67,2.34,4.38,-6.48
2013-01-10,1422.08,55698.2,124.76,5.36,4.18,-6.23
2013-01-11,1342.19,55977.8,124.83,0.0,3.21,-8.37
2013-01-12,1177.52,56158.5,124.88,0.0,2.58,-10.22
2013-01-13,1219.32,56364.4,124.93,6.53,5.0,-3.73
2013-01-14,1342.03,56643.9,125.01,0.0,3.51,-8.88
2013-01-15,1290.44,56892.4,125.07,0.0,-1.2,-13.35
2013-01-16,1316.5,57156.5,125.14,0.0,-3.47,-15.06
2013-01-17,1205.03,57353.8,125.19,0.0,-0.13,-11.65
2013-01-18,2510.82,58334.6,125.44,40.09,-4.19,-12.52
2013-01-19,2081.09,59057.5,125.63,1.75,-1.83,-15.64
2013-01-20,1714.46,59560.4,125.76,0.0,-2.07,-10.94
2013-01-21,1372.46,59858.1,125.84,0.0,2.44,-10.77
2013-01-22,1160.96,60029.0,125.88,0.0,3.93,-9.53
2013-01-23,1205.88,60226.8,125.94,0.0,4.2,-6.08
2013-01-24,1126.52,60376.9,125.97,0.0,6.25,-4.5
2013-01-25,1099.06,60510.6,126.01,0.0,6.4,-3.09
2013-01-26,1008.85,60590.2,126.03,0.0,3.96,-9.02
2013-01-27,999.0,60663.8,126.05,0.0,4.8,-9.98
2013-01-28,988.54,60731.2,126.07,0.0,0.85,-11.04
2013-01-29,917.37,60755.9,126.07,0.0,4.67,-5.42
2013-01-30,1357.41,61044.6,126.15,22.14,5.93,-3.19
2013-01-31,1154.65,61211.6,126.19,0.0,4.58,-5.31
2013-02-01,1103.92,61348.2,126.23,0.0,4.68,-5.55
2013-02-02,1381.48,61651.4,126.31,15.14,1.22,-7.63
2013-02-03,1272.09,61888.9,126.37,0.0,8.17,-4.35
2013-02-04,1338.29,62166.1,126.44,4.42,9.67,-3.38
2013-02-05,1687.76,62653.0,126.57,14.38,13.24,1.84
2013-02-06,1576.29,63073.1,126.67,0.0,10.18,-2.32
2013-02-07,1456.05,63421.0,126.77,0.0,6.19,-4.18
2013-02-08,1206.42,63619.1,126.82,0.0,2.32,-7.91
2013-02-09,1520.23,64005.5,126.92,17.24,6.78,-3.8
2013-02-10,1449.09,64349.2,127.01,3.58,5.12,-8.25
2013-02-11,1340.96,64628.0,127.08,0.0,2.21,-9.63
2013-02-12,1222.93,64836.0,127.13,0.0,9.28,-2.41
2013-02-13,1274.96,65075.2,127.19,0.0,12.23,0.9
2013-02-14,1256.81,65303.6,127.25,3.13,8.0,-0.21
2013-02-15,1168.22,65478.8,127.3,0.0,12.86,1.12
2013-02-16,1146.04,65640.7,127.34,0.0,7.5,-5.56
2013-02-17,1091.51,65769.8,127.38,4.31,2.04,-7.26
2013-02-18,1063.6,65882.2,127.4,0.0,6.25,-5.04
2013-02-19,1019.85,65968.4,127.43,0.93,6.78,-5.03
2013-02-20,1000.7,66043.1,127.45,0.0,8.25,-3.59
2013-02-21,1281.54,66286.2,127.51,11.89,9.42,-1.96
2013-02-22,1152.67,66452.1,127.55,0.0,9.68,-1.61
2013-02-23,1103.58,66588.5,127.59,0.0,4.71,-5.22
2013-02-24,1463.41,66940.8,127.68,12.75,6.91,-3.33
2013-02-25,1131.35,67093.9,127.72,0.0,1.07,-8.64
2013-02-26,1064.73,67207.0,127.75,0.0,7.93,-1.03
2013-02-27,1053.15,67313.1,127.78,8.08,6.67,-6.03
2013-02-28,969.13,67368.9,127.79,1.4,7.44,-0.61
2013-03-01,1082.29,67492.5,127.82,5.3,6.29,-6.6
2013-03-02,1047.48,67595.2,127.85,0.0,7.29,-0.98
2013-03-03,914.49,67618.2,127.86,0.0,9.58,-2.43
2013-03-04,910.67,67638.8,127.86,0.19,14.33,1.73
2013-03-05,860.76,67629.5,127.86,0.0,12.47,2.14
2013-03-06,756.28,67557.6,127.84,0.0,11.6,2.78
2013-03-07,755.94,67485.4,127.82,0.0,18.24,4.56
2013-03-08,864.95,67478.6,127.82,5.01,15.25,3.97
2013-03-09,965.81,67532.4,127.83,8.16,15.77,4.47
2013-03-10,977.39,67593.0,127.85,0.0,13.88,2.2
2013-03-11,918.06,67618.1,127.86,0.0,15.1,2.8
2013-03-12,899.41,67632.0,127.86,1.33,14.5,2.93
2013-03-13,914.87,67655.2,127.86,0.0,12.31,3.15
2013-03-14,971.47,67712.4,127.88,0.71,9.6,-2.3
2013-03-15,950.76,67757.1,127.89,0.0,8.79,-1.77
2013-03-16,952.85,67803.0,127.9,0.0,11.52,3.39
2013-03-17,1016.65,67887.3,127.93,4.03,17.06,6.0
2013-03-18,1107.53,68026.1,127.96,0.0,13.83,1.26
2013-03-19,993.34,68096.3,127.98,0.0,10.74,-1.72
2013-03-20,929.47,68128.3,127.99,2.92,12.71,1.51
2013-03-21,864.43,68121.2,127.99,0.0,11.39,0.21
2013-03-22,769.73,68057.3,127.97,0.0,6.98,-0.47
2013-03-23,713.07,67959.4,127.94,0.0,8.34,-5.57
2013-03-24,821.95,67926.8,127.94,0.0,11.18,0.21
2013-03-25,770.68,67863.5,127.92,0.0,9.67,-2.28
2013-03-26,777.69,67804.3,127.9,1.23,12.53,-0.48
2013-03-27,888.65,67811.8,127.91,0.0,11.59,-0.71
2013-03-28,783.14,67755.9,127.89,0.0,12.9,2.16
2013-03-29,716.39,67660.0,127.87,0.0,10.3,1.13
2013-03-30,762.52,67591.8,127.85,0.0,14.35,5.31
2013-03-31,653.65,67458.2,127.81,0.0,16.19,6.47
2013-04-01,664.08,67330.9,127.78,0.0,18.94,7.97
2013-04-02,616.44,67175.0,127.74,0.0,12.65,2.48
2013-04-03,575.73,66994.7,127.69,0.0,12.88,2.92
2013-04-04,548.73,66798.2,127.64,2.39,11.48,0.09
2013-04-05,815.63,66761.9,127.63,14.01,10.43,-1.61
2013-04-06,826.97,66732.3,127.63,0.0,17.39,3.54
2013-04-07,762.77,66664.2,127.61,0.0,20.2,6.43
2013-04-08,788.41,66611.5,127.59,0.0,15.83,5.1
2013-04-09,735.09,66526.8,127.57,0.0,14.81,4.09
2013-04-10,711.39,66427.9,127.55,0.0,12.56,2.97
2013-04-11,796.55,66380.1,127.53,2.07,13.1,-0.14
2013-04-12,810.25,66340.5,127.52,0.0,14.25,4.21
2013-04-13,832.28,66314.1,127.52,1.57,15.2,4.16
2013-04-14,863.78,66306.7,127.51,0.0,17.74,9.03
2013-04-15,885.9,66312.5,127.52,3.37,16.04,4.01
2013-04-16,994.2,66383.2,127.53,7.13,21.91,10.56
2013-04-17,929.93,66415.4,127.54,0.0,21.25,13.5
2013-04-18,1459.14,66765.2,127.63,26.18,25.01,12.13
2013-04-19,1244.64,66986.2,127.69,0.0,23.74,11.26
2013-04-20,1190.98,67175.1,127.74,0.0,22.72,10.25
2013-04-21,1128.71,67326.5,127.78,0.0,21.88,10.73
2013-04-22,1081.81,67449.9,127.81,0.0,17.95,6.92
2013-04-23,928.69,67481.4,127.82,0.0,19.13,4.88
2013-04-24,876.99,67481.8,127.82,0.0,15.37,7.04
2013-04-25,809.51,67441.8,127.81,0.0,17.28,5.84
2013-04-26,825.62,67411.4,127.8,0.17,20.75,9.11
2013-04-27,875.12,67410.7,127.8,0.0,23.89,11.06
2013-04-28,1096.49,67542.9,127.84,7.81,20.66,10.96
2013-04-29,1121.43,67690.0,127.87,0.0,23.13,14.73
2013-04-30,954.05,67736.7,127.89,0.0,19.39,9.21
2013-05-01,1114.06,67879.4,127.92,9.93,20.57,9.45
2013-05-02,1061.26,67990.4,127.95,0.0,29.36,15.87
2013-05-03,863.42,67982.7,127.95,0.0,26.39,15.29
2013-05-04,803.73,67939.2,127.94,0.0,25.68,14.89
2013-05-05,721.83,67846.5,127.91,0.0,21.04,10.64
2013-05-06,667.35,67721.2,127.88,0.0,20.89,11.03
2013-05-07,788.04,67668.3,127.87,1.92,24.21,14.23
2013-05-08,717.23,67572.9,127.84,0.0,23.27,11.92
2013-05-09,703.04,67468.9,127.82,0.0,27.23,14.35
2013-05-10,647.38,67331.6,127.78,0.0,20.59,11.11
2013-05-11,658.36,67200.9,127.75,0.0,19.71,10.4
2013-05-12,660.36,67071.4,127.71,1.32,22.55,10.95
2013-05-13,808.53,67030.7,127.7,3.14,19.11,9.42
2013-05-14,1415.08,67354.0,127.79,23.09,20.76,10.56
2013-05-15,1244.23,67574.8,127.84,0.0,17.72,7.9
2013-05-16,1253.22,67801.0,127.9,0.0,15.2,5.97
2013-05-17,1259.14,68030.8,127.96,0.0,19.86,7.72
2013-05-18,1120.33,68177.2,128.0,0.0,18.59,9.93
2013-05-19,954.63,68224.2,128.01,0.0,22.51,12.72
2013-05-20,975.12,68283.6,128.03,0.0,19.98,8.58
2013-05-21,927.36,68314.2,128.04,0.0,23.88,12.98
2013-05-22,944.97,68355.5,128.05,0.0,25.76,13.35
2013-05-23,991.92,68424.9,128.06,3.37,24.8,17.02
2013-05-24,1200.5,68619.4,128.12,9.69,26.78,15.0
2013-05-25,1172.83,68797.4,128.16,0.0,19.83,13.34
2013-05-26,1031.45,68890.5,128.19,0.0,22.27,14.92
2013-05-27,917.6,68915.3,128.19,0.0,25.95,15.18
2013-05-28,839.45,68893.3,128.19,0.0,24.13,13.46
2013-05-29,789.45,68841.2,128.17,0.0,30.13,17.98
2013-05-30,767.21,68775.8,128.16,1.7,25.92,16.0
2013-05-31,668.41,68651.1,128.12,0.0,29.2,18.61
2013-06-01,628.41,68502.4,128.08,0.0,28.29,17.25
2013-06-02,553.3,68308.6,128.03,0.0,36.18,24.27
2013-06-03,589.12,68136.3,127.99,0.0,34.85,23.21
2013-06-04,590.75,67965.0,127.95,0.0,32.5,22.49
2013-06-05,514.76,67748.2,127.89,0.0,27.87,19.12
2013-06-06,633.04,67602.2,127.85,0.0,32.84,20.74
2013-06-07,668.61,67477.7,127.82,0.0,32.4,21.02
2013-06-08,636.48,67333.8,127.78,0.0,36.3,23.96
2013-06-09,804.48,67290.7,127.77,8.56,36.21,26.78
2013-06-10,791.39,67239.8,127.76,0.0,35.7,24.27
2013-06-11,739.03,67157.5,127.74,0.0,34.95,22.15
2013-06-12,719.65,67063.6,127.71,0.0,29.75,18.14
2013-06-13,775.12,67002.9,127.7,0.0,31.62,21.51
2013-06-14,694.4,66893.8,127.67,0.0,43.45,33.41
2013-06-15,735.51,66809.3,127.65,0.0,38.14,28.42
2013-06-16,737.06,66725.8,127.62,0.0,37.53,25.95
2013-06-17,780.58,66668.4,127.61,0.0,36.05,23.32
2013-06-18,812.57,66630.2,127.6,0.0,34.96,25.5
2013-06-19,782.16,66573.8,127.58,0.0,36.94,26.48
2013-06-20,996.21,66645.8,127.6,7.88,36.09,25.55
2013-06-21,949.58,66689.8,127.61,0.0,36.05,23.89
2013-06-22,951.13,66734.7,127.63,0.0,35.41,27.34
2013-06-23,1025.63,66824.3,127.65,0.0,36.37,23.63
2013-06-24,969.12,66880.1,127.66,0.0,32.71,20.03
2013-06-25,947.46,66922.8,127.67,0.0,30.67,18.33
2013-06-26,850.7,66907.5,127.67,0.0,33.69,25.01
2013-06-27,766.46,66841.6,127.65,0.0,34.33,23.63
2013-06-28,817.09,66806.1,127.64,0.0,33.82,23.06
2013-06-29,918.86,66831.7,127.65,0.94,36.1,25.32
2013-06-30,875.45,66831.2,127.65,0.0,36.74,29.98
2013-07-01,928.51,66862.6,127.66,11.55,34.05,22.67
2013-07-02,881.29,66865.6,127.66,0.0,29.75,17.81
2013-07-03,767.66,66800.4,127.64,0.0,28.3,16.68
2013-07-04,644.37,66661.3,127.61,0.0,30.67,18.82
2013-07-05,648.23,66524.5,127.57,2.0,34.08,20.42
2013-07-06,587.18,66351.1,127.53,0.0,34.11,22.02
2013-07-07,531.19,66144.0,127.47,0.0,34.7,24.66
2013-07-08,548.75,65947.5,127.42,0.0,32.3,20.93
2013-07-09,521.53,65734.7,127.37,2.86,29.98,17.34
2013-07-10,594.07,65565.4,127.32,0.0,30.58,21.01
2013-07-11,613.92,65408.0,127.28,0.0,34.07,25.05
2013-07-12,667.47,65282.8,127.25,0.0,36.98,26.22
2013-07-13,788.52,65230.1,127.24,0.0,36.44,25.16
2013-07-14,713.82,65132.7,127.21,0.0,34.31,23.5
2013-07-15,888.83,65140.2,127.21,5.57,34.21,22.47
2013-07-16,732.32,65053.9,127.19,0.0,33.75,25.75
2013-07-17,641.18,64912.8,127.15,1.44,37.29,26.94
2013-07-18,720.54,64819.4,127.13,0.0,34.23,22.9
2013-07-19,812.76,64781.3,127.12,0.0,33.51,20.24
2013-07-20,790.97,64730.2,127.11,0.0,32.14,22.32
2013-07-21,677.49,64610.9,127.07,0.0,25.96,18.17
2013-07-22,775.4,64550.4,127.06,0.0,29.29,16.72
2013-07-23,615.73,64394.1,127.02,0.0,36.88,27.06
2013-07-24,582.18,64217.7,126.97,0.0,35.78,27.38
2013-07-25,568.24,64032.9,126.92,0.0,39.52,27.28
2013-07-26,591.57,63862.1,126.88,0.0,40.35,30.89
2013-07-27,564.71,63675.1,126.83,0.0,36.01,24.99
2013-07-28,629.79,63527.3,126.79,0.0,35.33,24.57
2013-07-29,663.09,63399.4,126.76,0.0,36.64,25.36
2013-07-30,546.22,63201.4,126.71,0.0,35.63,24.15
2013-07-31,582.93,63025.4,126.66,0.0,31.91,20.26
2013-08-01,518.13,62810.5,126.61,0.0,28.39,18.67
2013-08-02,606.7,62648.8,126.56,0.0,32.22,21.54
2013-08-03,531.7,62442.1,126.51,0.0,35.27,24.68
2013-08-04,536.05,62238.0,126.46,0.0,29.49,21.0
2013-08-05,474.0,61996.6,126.4,0.0,25.5,12.67
2013-08-06,483.28,61760.8,126.33,0.0,25.64,12.36
2013-08-07,477.33,61521.5,126.27,0.0,27.16,16.28
2013-08-08,480.55,61284.1,126.21,0.0,22.69,11.72
2013-08-09,423.59,61012.5,126.14,0.0,25.91,16.01
2013-08-10,465.81,60766.2,126.08,0.0,29.02,19.15
2013-08-11,539.48,60564.2,126.02,0.0,27.73,18.16
2013-08-12,576.6,60384.4,125.98,0.0,29.58,16.02
2013-08-13,635.64,60240.0,125.94,0.0,30.14,19.71
2013-08-14,610.45,60080.5,125.9,0.0,32.2,19.81
2013-08-15,608.84,59920.1,125.86,0.0,31.14,20.19
2013-08-16,592.74,59750.0,125.81,0.0,31.28,20.84
2013-08-17,643.81,59610.5,125.78,0.0,31.66,20.13
2013-08-18,732.01,59524.0,125.75,0.0,32.35,21.87
2013-08-19,674.53,59403.0,125.72,0.0,29.08,20.65
2013-08-20,671.51,59280.1,125.69,0.0,25.36,14.98
2013-08-21,610.79,59120.9,125.65,0.0,25.76,13.69
2013-08-22,596.55,58953.1,125.61,0.0,27.56,17.34
2013-08-23,583.78,58777.6,125.56,0.2,26.04,14.8
2013-08-24,773.22,58715.8,125.54,10.69,26.41,14.77
2013-08-25,650.91,58580.6,125.51,0.0,29.01,16.68
2013-08-26,689.4,58468.5,125.48,1.67,30.25,20.59
2013-08-27,726.09,58378.4,125.46,0.0,30.42,20.59
2013-08-28,1152.86,58544.4,125.5,25.26,29.64,18.19
2013-08-29,993.96,58615.0,125.52,0.0,28.19,17.71
2013-08-30,924.3,58643.8,125.52,0.0,27.71,13.96
2013-08-31,810.35,58604.3,125.51,0.0,28.86,18.55
2013-09-01,825.35,58573.7,125.51,0.0,25.41,15.59
2013-09-02,825.83,58543.5,125.5,0.0,28.17,17.28
2013-09-03,803.75,58500.0,125.49,0.0,28.94,17.86
2013-09-04,664.37,58372.9,125.45,0.0,26.45,16.09
2013-09-05,651.74,58238.2,125.42,0.0,25.05,13.82
2013-09-06,685.87,58124.0,125.39,0.0,29.34,16.82
2013-09-07,664.19,57996.7,125.36,0.0,29.83,17.54
2013-09-08,611.29,57837.8,125.32,0.0,27.87,18.41
2013-09-09,572.85,57655.7,125.27,0.0,26.1,13.08
2013-09-10,640.05,57514.0,125.23,0.0,22.65,13.5
2013-09-11,671.7,57391.3,125.2,0.0,21.13,11.06
2013-09-12,623.1,57239.4,125.16,0.0,21.14,11.2
2013-09-13,617.37,57084.1,125.12,0.0,22.96,11.89
2013-09-14,1042.18,57183.6,125.15,21.41,22.93,11.57
2013-09-15,893.27,57193.9,125.15,0.0,23.16,14.18
2013-09-16,744.29,57114.7,125.13,0.0,19.22,10.17
2013-09-17,725.14,57024.0,125.1,0.0,25.96,17.29
2013-09-18,663.5,56896.4,125.07,0.0,23.47,11.02
2013-09-19,715.8,56800.1,125.05,0.0,21.62,11.66
2013-09-20,685.61,56685.7,125.02,0.0,21.56,7.25
2013-09-21,698.61,56579.2,124.99,0.0,18.61,8.84
2013-09-22,642.51,56438.9,124.95,0.0,20.52,8.45
2013-09-23,674.71,56318.0,124.92,0.0,23.57,10.27
2013-09-24,707.03,56216.5,124.89,0.0,19.38,8.72
2013-09-25,699.29,56110.3,124.87,0.0,23.69,12.87
2013-09-26,759.14,56040.0,124.85,0.46,25.92,12.47
2013-09-27,747.42,55962.7,124.83,0.0,23.65,16.34
2013-09-28,800.13,55917.1,124.82,0.0,19.42,10.0
2013-09-29,834.14,55891.8,124.81,0.0,16.79,5.42
2013-09-30,916.33,55915.9,124.82,0.0,18.71,9.19
2013-10-01,2015.31,56599.3,124.99,42.9,22.2,10.25
2013-10-02,1768.8,57134.8,125.13,0.0,19.1,8.78
2013-10-03,1353.19,57421.0,125.21,0.0,20.16,9.47
2013-10-04,1174.89,57600.2,125.25,0.0,17.92,6.82
2013-10-05,1106.39,57738.3,125.29,0.0,20.26,7.76
2013-10-06,1226.56,57948.5,125.34,0.0,18.07,8.84
2013-10-07,1225.58,58158.1,125.4,0.0,17.48,7.52
2013-10-08,1131.6,58311.3,125.44,0.0,15.93,7.87
2013-10-09,959.51,58361.3,125.45,0.0,14.24,5.74
2013-10-10,964.71,58414.4,125.47,0.0,22.56,9.64
2013-10-11,837.5,58391.1,125.46,0.0,17.44,2.42
2013-10-12,778.75,58332.6,125.44,0.0,15.32,4.76
2013-10-13,953.69,58379.1,125.46,0.0,17.81,7.63
2013-10-14,1167.7,58554.0,125.5,1.49,21.8,10.04
2013-10-15,1034.96,58649.2,125.53,0.0,20.73,6.93
2013-10-16,913.43,58671.5,125.53,0.0,22.31,12.4
2013-10-17,1501.18,59046.5,125.63,37.58,14.9,2.56
2013-10-18,1233.97,59261.1,125.69,0.0,10.13,-0.66
2013-10-19,857.53,59249.9,125.68,0.0,10.89,0.93
2013-10-20,713.86,59152.4,125.66,0.0,14.89,3.17
2013-10-21,718.63,59057.9,125.63,0.0,10.94,-0.51
2013-10-22,629.92,58910.1,125.59,0.0,14.56,1.93
2013-10-23,630.32,58762.5,125.56,0.0,8.28,-2.95
2013-10-24,677.47,58643.3,125.52,0.0,10.36,-5.72
2013-10-25,611.78,58484.6,125.48,0.0,13.91,1.97
2013-10-26,522.74,58272.5,125.43,0.0,11.49,-0.79
2013-10-27,486.21,58038.5,125.37,0.0,11.46,0.85
2013-10-28,437.51,57775.2,125.3,0.0,14.33,2.55
2013-10-29,456.42,57523.3,125.23,0.0,11.04,2.9
2013-10-30,500.64,57298.0,125.18,3.51,13.85,4.46
2013-10-31,855.97,57285.8,125.17,28.21,12.65,1.89
2013-11-01,781.53,57229.0,125.16,0.0,7.9,-4.2
2013-11-02,804.06,57185.7,125.15,7.45,9.62,-0.52
2013-11-03,846.09,57167.6,125.14,0.0,11.95,1.01
2013-11-04,811.42,57128.7,125.13,0.0,12.67,1.32
2013-11-05,711.43,57029.8,125.11,0.0,10.43,-1.03
2013-11-06,703.35,56926.1,125.08,0.0,10.81,1.76
2013-11-07,654.1,56792.8,125.04,0.0,7.75,-0.86
2013-11-08,616.77,56637.1,125.0,0.0,2.13,-7.61
2013-11-09,627.46,56487.8,124.96,0.0,3.12,-8.78
2013-11-10,582.27,56311.5,124.92,0.0,9.22,-0.97
2013-11-11,515.17,56094.8,124.86,0.0,9.88,-2.46
2013-11-12,528.62,55886.2,124.81,5.09,8.89,-2.26
2013-11-13,500.57,55660.8,124.75,0.0,12.92,1.58
2013-11-14,503.68,55437.3,124.69,0.0,12.73,2.2
2013-11-15,494.79,55208.4,124.63,0.0,13.18,1.7
2013-11-16,478.38,54969.7,124.57,0.0,12.26,1.71
2013-11-17,456.18,54717.7,124.51,0.0,9.62,-3.69
2013-11-18,463.08,54469.8,124.44,0.0,9.67,-3.16
2013-11-19,462.97,54221.8,124.38,1.59,11.91,0.31
2013-11-20,424.85,53951.0,124.31,0.0,10.26,-0.82
2013-11-21,385.72,53656.7,124.23,0.0,7.79,-2.31
2013-11-22,370.18,53353.0,124.15,0.0,8.46,-0.52
2013-11-23,321.56,53020.2,124.06,0.0,7.95,-3.56
2013-11-24,316.98,52684.7,123.98,0.0,2.73,-7.16
2013-11-25,365.37,52378.2,123.9,4.96,6.97,-4.21
2013-11-26,464.6,52131.2,123.83,9.12,6.43,-2.98
2013-11-27,436.9,51867.6,123.77,0.0,7.57,-6.58
2013-11-28,520.56,51654.2,123.71,6.95,8.82,0.03
2013-11-29,556.24,51462.2,123.66,4.55,7.48,-4.92
2013-11-30,467.33,51216.8,123.6,0.0,10.92,-1.68
2013-12-01,523.66,51005.3,123.54,2.27,8.65,-3.6
2013-12-02,460.42,50755.8,123.48,0.0,5.41,-8.66
2013-12-03,439.9,50494.0,123.41,0.0,4.86,-7.79
2013-12-04,439.21,50231.7,123.34,0.0,3.68,-4.98
2013-12-05,465.05,49985.0,123.28,0.0,2.01,-8.15
2013-12-06,474.81,49744.2,123.21,0.0,5.76,-5.14
2013-12-07,485.59,49509.8,123.15,0.0,2.98,-8.75
2013-12-08,497.3,49282.4,123.09,0.0,7.78,-3.47
2013-12-09,521.61,49069.6,123.04,0.0,10.29,-2.53
2013-12-10,545.71,48871.3,122.99,0.0,5.95,-5.44
2013-12-11,577.4,48692.0,122.94,0.0,7.8,-3.08
2013-12-12,603.81,48528.6,122.9,0.0,4.91,-7.22
2013-12-13,670.95,48405.4,122.87,0.0,5.97,-5.24
2013-12-14,700.79,48300.1,122.84,0.0,4.94,-2.6
2013-12-15,653.41,48166.4,122.8,0.0,9.44,0.49
2013-12-16,641.35,48025.5,122.77,0.0,8.4,-3.18
2013-12-17,643.29,47885.7,122.73,0.0,3.9,-4.19
2013-12-18,617.83,47730.7,122.69,0.0,6.95,-3.45
2013-12-19,591.61,47559.9,122.65,1.53,13.41,-1.19
2013-12-20,1229.28,47771.7,122.7,36.64,12.1,-0.17
2013-12-21,1035.18,47867.1,122.73,0.0,13.32,1.29
2013-12-22,895.86,47878.8,122.73,0.0,10.0,-1.1
2013-12-23,910.12,47899.2,122.73,0.0,10.95,1.37
2013-12-24,833.58,47873.6,122.73,0.0,3.11,-6.03
2013-12-25,881.95,47877.0,122.73,0.03,8.62,-2.55
2013-12-26,920.74,47903.7,122.74,0.0,12.28,0.14
2013-12-27,830.12,47876.0,122.73,0.0,8.02,-1.74
2013-12-28,764.89,47809.2,122.71,0.0,6.18,-3.05
2013-12-29,835.1,47784.5,122.7,7.71,8.25,-1.46
2013-12-30,1138.22,47941.7,122.75,20.78,8.22,-3.76
2013-12-31,1125.65,48091.4,122.78,0.0,4.11,-7.02
2014-01-01,1024.68,48180.4,122.81,0.0,-0.48,-8.69
2014-01-02,968.6,48235.8,122.82,1.13,7.14,-3.71
2014-01-03,813.09,48197.9,122.81,0.0,4.61,-6.07
2014-01-04,847.15,48180.5,122.81,0.0,0.89,-10.86
2014-01-05,1265.49,48414.0,122.87,10.43,0.39,-12.4
2014-01-06,1182.52,48597.8,122.92,0.0,3.83,-7.01
2014-01-07,1097.3,48730.4,122.95,0.0,2.86,-7.8
2014-01-08,1114.72,48873.5,122.99,5.86,-1.54,-12.15
2014-01-09,957.41,48922.2,123.0,0.0,-3.01,-17.24
2014-01-10,972.92,48980.2,123.02,1.23,2.23,-7.38
2014-01-11,970.7,49036.9,123.03,0.0,4.49,-5.79
2014-01-12,909.59,49056.9,123.04,0.0,2.88,-7.03
2014-01-13,943.27,49097.1,123.05,0.0,2.31,-7.22
2014-01-14,827.34,49067.8,123.04,0.0,0.08,-10.27
2014-01-15,848.24,49051.0,123.03,0.13,-2.71,-10.3
2014-01-16,1361.63,49342.2,123.11,32.27,-2.24,-14.97
2014-01-17,2227.23,50152.8,123.32,43.24,0.38,-11.66
2014-01-18,1757.88,50681.8,123.46,0.0,1.14,-9.18
2014-01-19,1491.92,51051.2,123.55,0.0,1.66,-9.64
2014-01-20,1303.53,51307.6,123.62,0.0,-0.48,-10.13
2014-01-21,1299.52,51561.6,123.69,0.0,1.3,-8.68
2014-01-22,1425.87,51891.3,123.77,0.0,1.39,-9.05
2014-01-23,1434.28,52226.2,123.86,8.79,0.16,-11.08
2014-01-24,1335.87,52501.9,123.93,0.0,-0.88,-11.83
2014-01-25,1557.86,52910.9,124.04,5.36,-1.58,-15.88
2014-01-26,1614.2,53353.7,124.15,12.2,-0.61,-13.07
2014-01-27,1366.7,53648.0,124.23,0.0,2.09,-7.55
2014-01-28,1237.3,53864.6,124.28,0.0,5.54,-6.03
2014-01-29,1125.15,54013.9,124.32,0.0,1.94,-9.27
2014-01-30,1058.58,54123.4,124.35,0.0,-0.33,-11.72
2014-01-31,982.27,54187.0,124.37,0.0,3.41,-10.34
2014-02-01,891.08,54195.9,124.37,0.0,1.52,-9.78
2014-02-02,905.17,54213.2,124.37,0.0,-1.98,-15.51
2014-02-03,1086.86,54339.6,124.41,13.22,-1.2,-10.59
2014-02-04,914.69,54362.7,124.41,0.0,5.59,-6.41
2014-02-05,786.16,54308.6,124.4,0.0,2.8,-8.44
2014-02-06,788.31,54255.9,124.39,0.0,-1.96,-9.74
2014-02-07,705.87,54153.6,124.36,0.0,1.47,-8.41
2014-02-08,705.91,54051.4,124.33,0.0,0.49,-7.27
2014-02-09,718.71,53956.9,124.31,4.12,0.9,-8.35
2014-02-10,632.74,53810.8,124.27,0.0,2.02,-7.69
2014-02-11,556.43,53618.9,124.22,0.0,0.38,-9.95
2014-02-12,497.86,53391.9,124.16,0.0,3.09,-10.09
2014-02-13,499.05,53165.6,124.1,0.0,4.71,-9.54
2014-02-14,565.64,52979.2,124.05,0.0,4.24,-8.84
2014-02-15,654.04,52845.9,124.02,2.35,4.02,-6.18
2014-02-16,729.68,52758.0,124.0,0.0,7.85,-0.93
2014-02-17,739.8,52676.1,123.98,1.61,6.07,-6.46
2014-02-18,755.16,52603.5,123.96,0.0,3.34,-5.19
2014-02-19,749.51,52527.4,123.94,0.0,10.86,0.87
2014-02-20,681.0,52410.3,123.91,0.0,10.31,2.52
2014-02-21,612.01,52251.7,123.86,0.0,10.01,-0.69
2014-02-22,560.94,52062.6,123.82,0.0,8.8,-1.8
2014-02-23,519.5,51848.5,123.76,0.0,8.52,-3.92
2014-02-24,648.37,51711.8,123.72,0.0,8.21,-3.65
2014-02-25,679.75,51593.9,123.69,0.0,10.91,-4.01
2014-02-26,592.95,51423.9,123.65,0.0,6.45,-4.58
2014-02-27,626.38,51274.0,123.61,0.0,4.47,-6.87
2014-02-28,621.71,51121.3,123.57,0.0,2.12,-8.51
2014-03-01,643.68,50981.8,123.54,0.0,0.62,-9.91
2014-03-02,705.43,50879.3,123.51,5.54,8.6,-3.71
2014-03-03,674.17,50758.0,123.48,0.0,10.11,-3.32
2014-03-04,787.79,50705.0,123.46,2.11,10.32,-3.06
2014-03-05,909.62,50725.0,123.47,0.87,8.8,-2.19
2014-03-06,894.03,50735.7,123.47,0.0,10.17,-1.11
2014-03-07,831.95,50709.1,123.46,0.68,8.65,-1.06
2014-03-08,779.58,50651.1,123.45,0.0,8.26,-0.22
2014-03-09,756.25,50579.1,123.43,0.0,13.79,0.93
2014-03-10,716.17,50483.0,123.41,0.0,12.31,2.19
2014-03-11,667.56,50357.8,123.37,0.0,8.56,-1.32
2014-03-12,732.17,50271.4,123.35,0.0,2.56,-3.98
2014-03-13,778.1,50212.5,123.34,0.0,5.66,-6.44
2014-03-14,722.16,50120.1,123.31,0.0,10.99,1.04
2014-03-15,1138.8,50277.6,123.35,15.42,8.56,-1.71
2014-03-16,1062.58,50389.4,123.38,0.0,4.91,-5.48
2014-03-17,1159.54,50559.4,123.43,3.1,9.47,-1.11
2014-03-18,1089.23,50687.2,123.46,0.0,8.66,-2.7
2014-03-19,998.53,50760.5,123.48,0.0,10.44,1.56
2014-03-20,949.17,50804.3,123.49,0.0,4.82,-5.46
2014-03-21,846.15,50786.2,123.48,0.0,5.12,-6.68
2014-03-22,901.36,50801.3,123.49,3.13,5.98,-3.31
2014-03-23,1100.6,50935.9,123.52,18.32,8.27,-3.72
2014-03-24,1029.95,51028.2,123.55,0.0,7.49,-3.25
2014-03-25,1047.79,51131.1,123.57,0.0,9.51,-1.9
2014-03-26,1102.86,51267.1,123.61,0.01,10.54,1.11
2014-03-27,1006.87,51345.4,123.63,0.0,14.33,0.98
2014-03-28,1223.6,51553.9,123.68,9.16,10.8,1.57
2014-03-29,1104.85,51691.0,123.72,3.59,20.95,9.0
2014-03-30,1017.14,51775.6,123.74,0.0,18.44,6.13
2014-03-31,937.43,51812.3,123.75,0.0,19.01,8.61
2014-04-01,1039.2,51910.0,123.78,3.06,20.61,6.04
2014-04-02,968.51,51965.4,123.79,0.0,17.44,4.8
2014-04-03,886.67,51971.7,123.79,0.0,18.47,6.71
2014-04-04,842.82,51951.6,123.79,0.0,19.07,6.34
2014-04-05,853.89,51938.2,123.78,0.0,21.27,10.54
2014-04-06,843.88,51918.8,123.78,0.0,24.3,13.2
2014-04-07,1097.01,52051.2,123.81,13.62,20.56,8.67
2014-04-08,1958.36,52700.5,123.98,44.08,17.57,6.77
2014-04-09,2129.36,53452.4,124.18,15.21,23.14,11.97
2014-04-10,1903.41,54068.7,124.34,0.0,18.98,6.11
2014-04-11,1543.98,54469.3,124.44,0.0,17.46,6.99
2014-04-12,1382.95,54773.4,124.52,0.0,21.09,11.26
2014-04-13,1012.01,54854.8,124.54,0.0,20.72,8.69
2014-04-14,969.0,54910.5,124.56,0.18,21.55,6.76
2014-04-15,905.12,54927.8,124.56,0.0,20.28,7.38
2014-04-16,931.67,54961.1,124.57,0.0,19.79,10.91
2014-04-17,828.75,54932.6,124.56,0.0,19.87,7.28
2014-04-18,841.31,54911.6,124.56,0.0,14.95,1.71
2014-04-19,934.35,54946.5,124.56,0.0,19.48,10.72
2014-04-20,981.83,55009.8,124.58,1.01,21.23,10.07
2014-04-21,888.59,55017.2,124.58,0.0,24.2,11.22
2014-04-22,845.06,54998.5,124.58,0.0,22.3,11.61
2014-04-23,852.73,54984.4,124.57,0.0,19.35,10.98
2014-04-24,756.37,54912.5,124.56,0.0,21.55,13.13
2014-04-25,756.87,54840.9,124.54,0.0,23.28,12.26
2014-04-26,775.32,54780.3,124.52,0.01,19.63,9.24
2014-04-27,737.0,54696.8,124.5,0.0,16.21,5.36
2014-04-28,732.54,54610.6,124.48,0.0,18.71,8.63
2014-04-29,855.59,54598.2,124.47,0.04,19.59,7.98
2014-04-30,914.14,54620.9,124.48,0.0,20.12,9.6
2014-05-01,954.25,54667.7,124.49,0.0,20.68,11.16
2014-05-02,922.35,54695.4,124.5,0.0,22.51,11.44
2014-05-03,914.42,54718.3,124.51,0.0,27.15,16.44
2014-05-04,825.59,54687.9,124.5,0.0,22.95,15.72
2014-05-05,792.79,54637.8,124.48,0.0,24.72,10.59
2014-05-06,830.97,54610.7,124.48,0.0,23.75,12.25
2014-05-07,852.66,54596.5,124.47,0.0,22.38,12.64
2014-05-08,1676.08,55076.4,124.6,36.25,20.93,7.06
2014-05-09,1597.56,55509.2,124.71,0.0,24.01,12.68
2014-05-10,1456.32,55857.3,124.8,0.43,24.35,13.15
2014-05-11,1137.47,56014.0,124.84,0.0,22.04,10.04
2014-05-12,1114.19,56156.8,124.88,0.66,23.16,13.97
2014-05-13,1060.87,56267.5,124.91,0.0,21.73,11.71
2014-05-14,1009.58,56347.5,124.93,0.0,20.9,12.57
2014-05-15,1644.93,56808.8,125.05,31.14,22.85,11.7
2014-05-16,1330.96,57081.6,125.12,0.3,26.15,12.18
2014-05-17,1151.3,57246.6,125.16,0.0,23.49,14.28
2014-05-18,1167.62,57421.4,125.21,0.0,27.52,17.73
2014-05-19,1017.59,57506.3,125.23,0.0,28.35,15.09
2014-05-20,980.46,57568.8,125.25,0.0,25.38,14.62
2014-05-21,845.57,57550.4,125.24,0.0,23.88,12.53
2014-05-22,742.1,57469.9,125.22,0.0,17.96,5.99
2014-05-23,725.07,57379.2,125.2,0.0,21.0,9.97
2014-05-24,575.08,57198.5,125.15,0.0,22.33,11.67
2014-05-25,616.07,57042.4,125.11,0.0,22.8,13.19
2014-05-26,578.52,56863.8,125.06,0.0,30.79,18.08
2014-05-27,515.07,56647.1,125.01,0.0,32.75,20.7
2014-05-28,492.37,56416.7,124.95,0.0,32.2,22.47
2014-05-29,1077.11,56537.3,124.98,40.5,30.1,16.69
2014-05-30,948.93,56580.9,124.99,0.0,26.19,15.36
2014-05-31,881.09,56583.8,124.99,0.0,30.21,18.6
2014-06-01,744.94,56505.0,124.97,0.0,27.96,17.89
2014-06-02,709.04,56404.7,124.94,0.0,30.14,18.7
2014-06-03,784.93,56349.9,124.93,0.0,28.88,16.95
2014-06-04,702.12,56245.4,124.9,0.0,25.75,15.21
2014-06-05,672.82,56123.4,124.87,0.0,29.89,17.49
2014-06-06,775.57,56063.0,124.85,4.2,26.93,15.91
2014-06-07,782.25,56006.6,124.84,0.0,31.75,19.71
2014-06-08,870.69,56003.2,124.84,0.0,28.58,20.82
2014-06-09,1031.11,56096.2,124.86,6.95,27.31,16.44
2014-06-10,916.96,56120.6,124.87,0.0,26.14,12.91
2014-06-11,993.96,56191.2,124.89,0.0,24.31,12.33
2014-06-12,878.95,56192.9,124.89,0.0,27.72,14.67
2014-06-13,863.81,56185.4,124.89,0.0,31.1,19.52
2014-06-14,881.76,56188.7,124.89,0.0,31.26,18.6
2014-06-15,911.04,56209.6,124.89,6.31,33.17,21.72
2014-06-16,904.85,56226.7,124.9,0.0,33.24,22.36
2014-06-17,848.08,56209.9,124.89,0.0,29.57,21.15
2014-06-18,786.29,56155.9,124.88,0.0,29.79,19.36
2014-06-19,786.31,56101.9,124.86,0.0,31.14,20.26
2014-06-20,701.46,55997.0,124.84,0.0,30.16,17.21
2014-06-21,742.15,55916.6,124.82,0.0,29.08,16.79
2014-06-22,744.5,55837.6,124.8,0.0,25.01,13.76
2014-06-23,853.34,55823.8,124.79,0.0,30.72,19.79
2014-06-24,842.51,55803.6,124.79,0.0,30.75,20.31
2014-06-25,769.1,55739.3,124.77,0.0,30.91,16.19
2014-06-26,840.37,55717.8,124.76,1.04,26.87,15.4
2014-06-27,756.98,55646.2,124.75,0.0,25.15,14.45
2014-06-28,863.91,55638.8,124.74,0.0,23.93,15.86
2014-06-29,867.64,55633.6,124.74,0.0,27.86,14.18
2014-06-30,887.87,55640.6,124.74,0.0,27.22,16.89
2014-07-01,800.05,55594.9,124.73,0.0,26.74,16.04
2014-07-02,683.74,55479.4,124.7,0.0,31.04,18.0
2014-07-03,735.53,55395.0,124.68,0.0,29.9,18.73
2014-07-04,707.3,55293.6,124.65,0.0,33.54,20.91
2014-07-05,662.47,55165.4,124.62,0.0,32.74,20.47
2014-07-06,638.33,55022.6,124.58,0.0,32.59,23.71
2014-07-07,622.19,54870.2,124.54,0.0,36.13,21.98
2014-07-08,681.62,54753.4,124.51,0.0,31.02,19.81
2014-07-09,712.93,54655.4,124.49,3.0,30.76,19.67
2014-07-10,736.02,54571.3,124.47,0.0,32.97,22.17
2014-07-11,758.11,54500.4,124.45,0.0,33.48,23.78
2014-07-12,708.49,54399.8,124.42,0.0,27.21,17.12
2014-07-13,715.31,54303.2,124.4,0.0,30.25,16.36
2014-07-14,1279.68,54545.3,124.46,35.01,27.47,16.15
2014-07-15,1239.57,54763.3,124.52,0.0,29.49,20.06
2014-07-16,1012.96,54845.3,124.54,0.0,31.1,22.02
2014-07-17,926.45,54875.4,124.55,0.0,32.08,23.43
2014-07-18,822.02,54842.9,124.54,0.0,33.99,21.44
2014-07-19,698.26,54736.1,124.51,0.0,30.53,21.76
2014-07-20,681.33,54619.1,124.48,0.0,27.31,16.43
2014-07-21,575.43,54438.7,124.43,0.0,25.9,17.56
2014-07-22,546.69,54240.9,124.38,0.0,26.84,15.4
2014-07-23,578.41,54062.2,124.33,0.0,28.85,17.05
2014-07-24,532.01,53855.7,124.28,0.0,26.57,15.51
2014-07-25,523.64,53644.1,124.23,0.0,25.63,13.57
2014-07-26,470.73,53400.8,124.16,0.0,25.11,13.76
2014-07-27,529.36,53192.7,124.11,0.0,23.77,10.59
2014-07-28,551.96,52998.1,124.06,0.0,20.82,9.48
2014-07-29,555.41,52805.6,124.01,0.0,25.62,12.96
2014-07-30,499.57,52579.6,123.95,0.0,28.65,16.4
2014-07-31,580.71,52402.3,123.9,0.0,31.21,21.41
2014-08-01,555.23,52209.7,123.85,0.0,31.3,19.84
2014-08-02,524.41,51998.6,123.8,0.0,26.29,15.54
2014-08-03,1224.65,52207.7,123.85,50.2,30.14,18.79
2014-08-04,1003.71,52284.1,123.87,0.0,34.61,24.05
2014-08-05,846.58,52266.3,123.87,0.0,33.87,25.75
2014-08-06,743.37,52186.6,123.85,0.0,32.56,21.67
2014-08-07,677.06,52067.1,123.82,0.0,33.16,22.55
2014-08-08,595.84,51898.9,123.77,0.0,35.87,26.13
2014-08-09,612.7,51740.7,123.73,0.0,31.14,19.85
2014-08-10,616.18,51584.7,123.69,2.6,33.13,21.61
2014-08-11,617.49,51429.4,123.65,0.0,32.55,19.99
2014-08-12,612.67,51271.3,123.61,0.0,32.42,21.29
2014-08-13,563.24,51083.5,123.56,1.51,33.49,20.87
2014-08-14,591.02,50912.4,123.52,0.0,29.02,18.82
2014-08-15,585.65,50738.0,123.47,0.0,28.46,18.96
2014-08-16,620.43,50584.5,123.43,0.0,29.39,18.77
2014-08-17,640.26,50442.9,123.4,0.0,30.76,22.28
2014-08-18,648.38,50306.2,123.36,0.0,32.4,21.01
2014-08-19,595.72,50137.9,123.32,0.0,37.0,22.59
2014-08-20,679.48,50019.9,123.29,0.0,30.27,17.81
2014-08-21,712.92,49921.9,123.26,0.0,26.07,15.29
2014-08-22,746.03,49843.7,123.24,0.0,23.33,11.17
2014-08-23,977.41,49904.4,123.26,0.0,22.93,13.18
2014-08-24,1160.62,50075.1,123.3,14.51,28.56,18.92
2014-08-25,1069.03,50190.7,123.33,1.26,30.44,20.85
2014-08-26,1037.59,50287.5,123.35,0.0,25.47,15.79
2014-08-27,1085.91,50413.3,123.39,0.0,28.64,17.43
2014-08-28,944.25,50454.1,123.4,0.0,27.19,16.15
2014-08-29,973.26,50512.4,123.41,0.0,26.32,14.05
2014-08-30,951.7,50557.6,123.42,0.0,22.75,12.5
2014-08-31,997.8,50630.6,123.44,0.0,25.5,15.82
2014-09-01,921.0,50657.4,123.45,0.0,27.84,13.86
2014-09-02,939.25,50695.2,123.46,0.0,24.76,11.24
2014-09-03,955.35,50742.7,123.47,0.0,24.87,14.6
2014-09-04,1070.1,50859.0,123.5,0.0,24.32,10.82
2014-09-05,969.91,50915.2,123.52,0.0,24.04,11.66
2014-09-06,902.8,50931.2,123.52,0.0,26.53,12.28
2014-09-07,877.58,50932.0,123.52,0.0,24.4,13.85
2014-09-08,1005.13,51009.3,123.54,0.0,31.09,20.37
2014-09-09,982.36,51073.0,123.56,0.0,26.48,15.05
2014-09-10,879.84,51075.1,123.56,0.0,18.9,8.41
2014-09-11,844.96,51056.3,123.55,0.0,24.13,14.39
2014-09-12,920.39,51082.8,123.56,7.04,25.56,16.45
2014-09-13,724.25,50991.6,123.54,0.0,21.97,11.64
2014-09-14,679.95,50873.9,123.51,0.0,22.09,12.58
2014-09-15,624.5,50722.8,123.47,0.0,21.07,11.04
2014-09-16,564.32,50535.7,123.42,0.0,23.77,13.57
2014-09-17,495.66,50307.3,123.36,0.0,28.37,17.15
2014-09-18,532.06,50100.8,123.31,0.0,22.78,9.15
2014-09-19,590.99,49929.7,123.26,5.44,21.42,9.85
2014-09-20,580.94,49752.5,123.22,0.0,19.14,9.53
2014-09-21,578.2,49573.7,123.17,0.0,19.09,7.58
2014-09-22,618.54,49419.0,123.13,0.0,20.92,10.21
2014-09-23,549.66,49223.1,123.08,0.0,16.16,3.7
2014-09-24,601.62,49058.3,123.04,0.0,17.86,5.46
2014-09-25,583.32,48882.6,122.99,0.0,16.72,2.81
2014-09-26,592.43,48712.3,122.95,0.0,16.93,4.8
2014-09-27,551.79,48517.6,122.9,0.0,17.81,6.23
2014-09-28,535.16,48313.0,122.84,0.0,21.59,9.4
2014-09-29,518.4,48098.3,122.79,0.0,19.63,5.76
2014-09-30,486.81,47864.6,122.73,0.0,16.64,4.16
2014-10-01,503.47,47640.9,122.67,0.0,16.6,5.24
2014-10-02,454.99,47388.2,122.6,0.0,18.43,5.02
2014-10-03,400.88,47103.0,122.53,0.0,25.51,15.44
2014-10-04,407.9,46822.0,122.45,0.0,23.55,10.02
2014-10-05,464.51,46574.9,122.39,0.0,22.16,9.2
2014-10-06,543.97,46375.6,122.34,0.0,22.42,9.97
2014-10-07,565.06,46188.8,122.29,0.0,15.3,5.38
2014-10-08,603.9,46025.4,122.25,0.0,22.64,10.88
2014-10-09,576.46,45845.6,122.2,0.0,22.39,10.29
2014-10-10,563.5,45657.9,122.15,0.0,23.09,14.43
2014-10-11,614.2,45500.7,122.11,0.0,25.86,14.62
2014-10-12,582.06,45324.2,122.07,0.0,18.86,6.26
2014-10-13,546.67,45126.5,122.01,0.0,16.36,6.38
2014-10-14,577.01,44946.9,121.97,0.0,12.61,1.93
2014-10-15,526.6,44737.1,121.91,0.0,15.15,3.04
2014-10-16,491.04,44506.0,121.85,0.0,9.71,0.91
2014-10-17,463.67,44258.5,121.79,0.0,12.23,-1.67
2014-10-18,455.82,44006.2,121.72,0.0,14.0,3.34
2014-10-19,490.66,43774.9,121.66,0.0,16.13,7.62
2014-10-20,516.91,43559.3,121.61,0.0,16.56,7.35
2014-10-21,506.1,43337.2,121.55,0.0,14.78,1.68
2014-10-22,477.86,43098.2,121.49,0.0,12.82,1.66
2014-10-23,446.92,42840.6,121.42,0.0,12.73,2.95
2014-10-24,445.4,42582.1,121.35,0.0,14.98,5.46
2014-10-25,438.64,42319.5,121.29,0.0,7.4,0.82
2014-10-26,423.74,42048.0,121.22,0.0,6.95,-5.33
2014-10-27,422.19,41775.6,121.14,0.0,10.57,0.23
2014-10-28,415.85,41499.3,121.07,0.0,10.61,-1.06
2014-10-29,547.01,41301.8,121.02,8.3,10.54,-0.94
2014-10-30,498.61,41075.2,120.96,0.0,9.05,-2.8
2014-10-31,521.05,40862.1,120.91,0.0,9.14,0.56
2014-11-01,599.91,40696.3,120.86,0.0,10.18,-1.89
2014-11-02,617.05,40540.8,120.82,0.0,9.68,-1.79
2014-11-03,724.01,40449.4,120.8,0.0,10.29,0.37
2014-11-04,697.3,40342.1,120.77,0.0,17.52,5.94
2014-11-05,667.36,40216.8,120.74,0.0,17.3,3.43
2014-11-06,607.62,40055.6,120.7,0.0,13.41,4.37
2014-11-07,611.03,39896.5,120.66,0.0,11.9,2.02
2014-11-08,687.59,39783.3,120.63,0.0,11.73,-1.06
2014-11-09,598.88,39616.8,120.58,0.0,8.96,-0.62
2014-11-10,579.11,39438.6,120.54,0.0,9.61,-0.64
2014-11-11,647.91,39301.6,120.5,0.0,5.17,-3.2
2014-11-12,639.32,39159.4,120.46,0.0,8.19,-2.14
2014-11-13,651.47,39024.6,120.43,2.15,6.0,-6.45
2014-11-14,595.63,38856.2,120.39,0.0,11.13,1.42
2014-11-15,778.21,38797.4,120.37,10.26,9.16,-3.83
2014-11-16,756.05,38725.3,120.35,0.0,10.42,-1.82
2014-11-17,774.54,38664.2,120.34,0.0,13.69,0.67
2014-11-18,745.41,38585.7,120.32,0.0,14.09,4.68
2014-11-19,756.62,38514.0,120.3,0.0,13.31,0.08
2014-11-20,1023.98,38602.6,120.32,12.81,7.95,-3.32
2014-11-21,954.79,38649.7,120.33,0.0,6.28,-5.95
2014-11-22,987.29,38716.4,120.35,0.0,5.92,-4.05
2014-11-23,994.06,38787.1,120.37,0.0,6.97,-6.19
2014-11-24,1077.52,38907.8,120.4,0.0,7.68,-5.82
2014-11-25,939.85,38946.0,120.41,0.0,11.46,1.37
2014-11-26,1058.95,39055.6,120.44,3.03,15.42,2.67
2014-11-27,1124.13,39204.4,120.48,0.0,16.03,5.2
2014-11-28,887.19,39210.9,120.48,0.0,8.64,-1.55
2014-11-29,896.12,39222.9,120.48,0.0,8.84,-1.44
2014-11-30,895.68,39234.5,120.48,0.0,5.0,-7.72
2014-12-01,745.8,39156.3,120.46,0.0,5.82,-2.22
2014-12-02,738.16,39073.4,120.44,0.0,8.41,-2.14
2014-12-03,877.38,39074.1,120.44,6.0,7.56,-1.42
2014-12-04,1037.58,39170.9,120.47,8.46,7.98,-3.12
2014-12-05,907.33,39189.5,120.47,0.0,4.67,-7.41
2014-12-06,830.6,39162.2,120.47,0.0,6.42,-3.93
2014-12-07,846.86,39144.5,120.46,0.0,5.51,-4.88
2014-12-08,1026.81,39234.9,120.48,12.41,3.99,-6.46
2014-12-09,934.22,39269.7,120.49,1.17,7.69,-2.05
2014-12-10,1009.54,39349.6,120.51,0.0,10.03,-0.32
2014-12-11,934.04,39384.3,120.52,0.0,9.89,1.01
2014-12-12,735.1,39299.6,120.5,0.0,15.46,3.93
2014-12-13,782.47,39243.4,120.49,0.0,13.94,3.03
2014-12-14,800.1,39197.7,120.47,0.0,7.41,-1.92
2014-12-15,791.35,39146.8,120.46,0.0,8.78,-1.91
2014-12-16,769.6,39082.8,120.45,1.48,6.54,-2.97
2014-12-17,903.08,39098.9,120.45,2.3,12.73,-0.24
2014-12-18,935.21,39134.3,120.46,0.0,5.27,-4.8
2014-12-19,873.22,39132.5,120.46,0.0,6.08,-3.52
2014-12-20,917.5,39157.2,120.46,0.0,10.24,0.14
2014-12-21,899.92,39171.4,120.47,0.0,6.42,-4.22
2014-12-22,854.0,39158.1,120.46,0.0,4.64,-7.08
2014-12-23,1438.89,39495.7,120.55,18.69,-0.03,-10.98
2014-12-24,1285.68,39741.3,120.62,0.0,2.12,-11.57
2014-12-25,1090.88,39870.1,120.65,0.0,4.17,-6.96
2014-12-26,932.87,39904.1,120.66,0.0,3.31,-4.77
2014-12-27,1042.75,40004.0,120.68,0.0,4.85,-7.33
2014-12-28,1053.57,40110.4,120.71,0.0,-0.75,-11.68
2014-12-29,997.09,40182.9,120.73,0.38,4.56,-7.89
2014-12-30,1043.24,40283.1,120.76,0.0,5.68,-7.37
2014-12-31,1028.46,40374.4,120.78,0.0,4.78,-7.5
2015-01-01,1072.37,40492.1,120.81,0.0,1.94,-10.47
2015-01-02,1285.03,40737.4,120.87,0.0,3.7,-7.7
2015-01-03,1232.05,40950.9,120.93,0.0,4.71,-8.33
2015-01-04,1214.14,41153.6,120.98,1.27,5.57,-6.93
2015-01-05,1176.44,41333.7,121.03,0.0,8.97,-0.14
2015-01-06,1110.44,41474.2,121.07,0.0,14.29,1.06
2015-01-07,1075.55,41593.8,121.1,0.0,10.36,1.07
2015-01-08,943.3,41634.1,121.11,0.0,15.34,5.49
2015-01-09,1002.84,41710.0,121.13,0.0,14.65,2.88
2015-01-10,906.61,41728.2,121.13,0.0,8.98,-0.24
2015-01-11,1501.3,42103.3,121.23,12.18,6.61,-5.35
2015-01-12,1258.19,42332.5,121.29,0.0,5.84,-9.73
2015-01-13,1081.0,42455.3,121.32,0.0,-3.52,-14.7
2015-01-14,1075.06,42574.6,121.35,0.0,1.49,-9.14
2015-01-15,1094.91,42705.8,121.39,0.96,3.36,-9.54
2015-01-16,1102.58,42841.6,121.42,0.0,-0.79,-12.48
2015-01-17,1077.84,42962.6,121.45,0.0,0.77,-8.58
2015-01-18,1082.19,43086.1,121.48,1.26,0.57,-9.43
2015-01-19,1068.31,43201.4,121.51,0.0,3.48,-7.83
2015-01-20,1055.5,43308.9,121.54,0.0,3.7,-8.0
2015-01-21,1117.13,43453.4,121.58,0.0,2.97,-7.14
2015-01-22,1129.79,43605.6,121.62,0.0,4.2,-6.51
2015-01-23,2100.98,44340.4,121.81,35.4,0.83,-9.94
2015-01-24,2057.39,45049.1,121.99,0.0,2.35,-8.55
2015-01-25,1591.02,45478.0,122.11,0.0,0.1,-9.76
2015-01-26,1329.72,45750.1,122.18,0.0,4.67,-7.6
2015-01-27,1135.45,45905.6,122.22,5.32,6.71,-3.34
2015-01-28,1149.68,46069.7,122.26,0.0,5.9,-6.16
2015-01-29,1078.72,46191.1,122.29,0.0,5.61,-6.35
2015-01-30,975.32,46250.6,122.31,0.0,6.62,-3.92
2015-01-31,1063.18,46362.7,122.34,0.0,11.25,-1.71
2015-02-01,1068.27,46478.0,122.37,0.0,9.76,-0.78
2015-02-02,1158.36,46647.2,122.41,0.0,10.51,0.34
2015-02-03,2154.59,47414.2,122.61,34.04,12.74,1.67
2015-02-04,1981.81,48077.6,122.78,0.0,8.51,-3.69
2015-02-05,1850.62,48662.2,122.93,0.83,11.99,0.18
2015-02-06,1683.8,49146.8,123.06,0.0,9.51,-3.63
2015-02-07,1370.7,49443.4,123.14,0.0,9.27,-1.04
2015-02-08,1363.08,49735.5,123.21,0.0,8.14,-4.03
2015-02-09,1308.31,49994.8,123.28,1.18,8.39,-2.11
2015-02-10,1111.59,50136.0,123.32,0.0,6.01,-3.23
2015-02-11,1105.36,50273.5,123.35,0.0,5.75,-5.94
2015-02-12,1348.24,50556.7,123.42,10.84,4.99,-6.96
2015-02-13,1334.51,50831.6,123.5,0.0,8.76,-3.69
2015-02-14,1248.5,51055.0,123.55,0.0,4.37,-9.21
2015-02-15,1157.54,51223.8,123.6,0.0,9.84,-1.56
2015-02-16,1187.75,51410.7,123.65,0.0,11.21,0.07
2015-02-17,1137.15,51567.2,123.69,0.0,9.42,0.05
2015-02-18,1276.08,51807.1,123.75,4.27,11.4,-1.15
2015-02-19,1434.43,52142.0,123.84,3.22,7.84,-0.95
2015-02-20,1444.98,52483.3,123.92,0.0,8.77,-2.78
2015-02-21,1382.12,52786.8,124.0,0.0,8.19,-1.43
2015-02-22,2475.45,53746.3,124.25,28.28,9.05,-0.34
2015-02-23,2092.57,54476.1,124.44,3.61,15.86,1.87
2015-02-24,1757.79,55005.0,124.58,3.18,8.22,-1.79
2015-02-25,1664.29,55477.9,124.7,0.0,8.15,-2.39
2015-02-26,1576.66,55898.1,124.81,0.0,5.23,-5.51
2015-02-27,1282.44,56141.8,124.88,0.0,2.03,-9.54
2015-02-28,1250.47,56366.4,124.93,2.13,4.32,-7.64
2015-03-01,1615.54,56810.0,125.05,7.33,5.65,-2.86
2015-03-02,1415.35,57133.4,125.13,0.0,9.62,-3.13
2015-03-03,1573.52,57551.8,125.24,9.32,11.27,3.74
2015-03-04,1384.92,57857.0,125.32,0.0,13.31,1.51
2015-03-05,1308.07,58116.1,125.39,0.0,16.94,5.94
2015-03-06,1188.84,58303.7,125.44,0.0,15.28,3.09
2015-03-07,1109.53,58443.6,125.47,0.0,19.02,6.92
2015-03-08,1152.72,58609.5,125.52,0.0,15.03,1.56
2015-03-09,1334.98,58884.8,125.59,2.59,12.42,3.85
2015-03-10,1272.72,59122.6,125.65,0.0,11.78,-1.66
2015-03-11,1030.35,59215.1,125.67,0.0,11.57,1.04
2015-03-12,884.36,59220.0,125.67,0.0,14.66,1.47
2015-03-13,983.87,59284.6,125.69,6.39,17.01,3.79
2015-03-14,1075.3,59404.0,125.72,0.0,13.36,3.04
2015-03-15,1557.01,59812.5,125.83,19.39,10.85,-1.13
2015-03-16,1328.62,60083.9,125.9,0.0,10.29,-0.38
2015-03-17,1116.6,60228.1,125.94,5.21,14.2,4.79
2015-03-18,886.99,60234.5,125.94,0.0,8.95,-0.15
2015-03-19,785.97,60180.4,125.92,0.0,12.53,2.64
2015-03-20,824.06,60149.1,125.92,0.0,15.64,5.24
2015-03-21,728.8,60060.6,125.89,0.0,13.25,3.42
2015-03-22,738.42,59977.9,125.87,0.0,13.18,0.96
2015-03-23,771.46,59915.1,125.85,0.0,8.04,-2.65
2015-03-24,801.32,59870.1,125.84,0.0,10.6,-1.56
2015-03-25,924.23,59898.9,125.85,5.85,15.74,4.56
2015-03-26,1121.24,60045.9,125.89,0.0,15.77,7.39
2015-03-27,1046.22,60147.9,125.92,2.25,20.08,10.78
2015-03-28,1010.75,60228.6,125.94,0.0,18.12,7.12
2015-03-29,1102.84,60364.5,125.97,0.0,17.87,6.29
2015-03-30,1022.9,60452.5,125.99,0.09,18.98,3.96
2015-03-31,1041.36,60551.6,126.02,0.0,15.98,4.86
2015-04-01,1016.11,60635.5,126.04,0.0,10.86,0.46
2015-04-02,1106.77,60773.8,126.08,0.0,10.72,1.25
2015-04-03,1248.09,60997.0,126.14,4.12,17.32,8.06
2015-04-04,1178.35,61178.2,126.18,0.0,19.89,9.66
2015-04-05,1027.24,61268.8,126.21,0.0,19.93,7.97
2015-04-06,929.0,61300.5,126.21,0.0,14.68,5.0
2015-04-07,769.19,61236.2,126.2,0.0,16.07,7.77
2015-04-08,738.26,61153.4,126.18,0.0,17.07,5.91
2015-04-09,781.33,61096.5,126.16,0.0,17.16,4.69
2015-04-10,715.88,61000.3,126.14,0.0,18.07,6.63
2015-04-11,743.85,60920.8,126.12,0.0,16.43,5.18
2015-04-12,711.68,60822.1,126.09,0.22,16.93,5.57
2015-04-13,720.62,60728.7,126.07,0.0,13.7,2.73
2015-04-14,842.12,60708.3,126.06,0.0,17.49,4.95
2015-04-15,948.44,60751.6,126.07,0.0,17.73,8.78
2015-04-16,927.15,60782.1,126.08,0.0,20.36,8.9
2015-04-17,942.38,60821.8,126.09,8.11,14.8,5.32
2015-04-18,1005.0,60899.1,126.11,7.68,15.08,4.26
2015-04-19,902.67,60914.9,126.11,2.43,15.68,4.49
2015-04-20,849.52,60898.9,126.11,0.0,14.24,5.0
2015-04-21,808.93,60858.5,126.1,0.96,13.29,2.81
2015-04-22,768.14,60793.6,126.08,0.0,17.16,4.84
2015-04-23,686.64,60679.9,126.05,0.0,17.24,6.74
2015-04-24,821.73,60647.2,126.05,0.0,18.05,7.84
2015-04-25,847.85,60630.1,126.04,0.0,20.59,9.66
2015-04-26,843.47,60610.5,126.04,0.0,17.5,6.75
2015-04-27,1378.15,60911.6,126.11,22.45,16.7,4.08
2015-04-28,1368.76,61207.1,126.19,0.0,18.58,8.67
2015-04-29,1211.76,61408.4,126.24,0.0,19.19,10.46
2015-04-30,1241.67,61627.7,126.3,0.0,21.05,10.69
2015-05-01,1183.9,61812.3,126.35,0.0,24.25,11.59
2015-05-02,1136.62,61968.5,126.39,0.0,19.28,6.58
2015-05-03,1151.46,62133.7,126.43,0.0,20.95,8.07
2015-05-04,1105.78,62271.4,126.47,0.0,20.95,11.44
2015-05-05,1171.9,62448.8,126.51,0.0,24.57,13.9
2015-05-06,1108.24,62588.0,126.55,0.0,25.74,14.73
2015-05-07,956.09,62635.9,126.56,0.0,22.62,10.15
2015-05-08,880.48,62638.4,126.56,0.0,23.01,11.16
2015-05-09,918.61,62663.9,126.57,0.0,26.37,17.18
2015-05-10,980.6,62726.5,126.58,0.0,22.9,11.44
2015-05-11,1983.65,63390.9,126.76,29.75,21.39,9.45
2015-05-12,1744.35,63911.8,126.89,0.0,23.38,11.71
2015-05-13,1538.39,64309.1,127.0,0.0,20.76,10.43
2015-05-14,1265.34,64542.5,127.06,0.0,19.95,7.49
2015-05-15,1234.69,64757.6,127.11,0.0,15.45,7.46
2015-05-16,1034.92,64852.8,127.14,0.0,20.65,9.61
2015-05-17,888.04,64859.9,127.14,0.0,23.82,11.82
2015-05-18,746.61,64782.1,127.12,0.0,24.84,14.33
2015-05-19,745.23,64703.5,127.1,0.0,24.78,15.03
2015-05-20,628.6,64554.9,127.06,0.0,26.05,13.77
2015-05-21,606.71,64393.2,127.02,0.0,23.24,14.05
2015-05-22,629.57,64245.2,126.98,0.03,22.29,11.49
2015-05-23,634.14,64099.9,126.94,0.0,26.15,14.84
2015-05-24,729.18,64011.7,126.92,0.0,26.55,17.21
2015-05-25,726.15,63921.6,126.9,0.0,24.65,13.79
2015-05-26,742.15,63841.2,126.87,0.0,25.87,14.75
2015-05-27,692.64,63731.0,126.85,0.0,24.47,16.78
2015-05-28,803.78,63687.5,126.83,0.0,29.08,17.73
2015-05-29,807.72,63646.4,126.82,0.0,29.6,20.89
2015-05-30,682.35,63530.1,126.79,0.0,28.84,18.16
2015-05-31,737.54,63446.9,126.77,6.63,27.9,17.38
2015-06-01,737.22,63363.5,126.75,0.0,29.03,16.21
2015-06-02,670.78,63240.2,126.72,0.0,29.0,19.77
2015-06-03,730.9,63153.0,126.7,0.0,32.53,21.01
2015-06-04,737.13,63069.5,126.67,0.0,28.49,17.69
2015-06-05,796.87,63021.9,126.66,0.0,26.62,14.32
2015-06-06,828.24,62993.1,126.65,0.0,25.53,12.82
2015-06-07,1074.88,63112.3,126.69,5.73,26.1,15.51
2015-06-08,1011.65,63193.5,126.71,0.0,24.03,11.02
2015-06-09,960.99,63244.4,126.72,0.0,28.31,18.53
2015-06-10,890.65,63253.0,126.72,0.0,27.62,14.78
2015-06-11,924.68,63282.1,126.73,0.0,24.33,14.72
2015-06-12,831.19,63255.0,126.72,0.0,28.55,17.64
2015-06-13,854.36,63241.9,126.72,0.0,26.46,15.88
2015-06-14,858.3,63231.1,126.72,0.24,28.6,16.63
2015-06-15,929.52,63263.1,126.72,0.0,26.33,14.41
2015-06-16,894.15,63273.9,126.73,0.0,30.07,16.27
2015-06-17,769.32,63209.7,126.71,0.0,23.91,15.3
2015-06-18,729.94,63121.9,126.69,0.0,25.04,14.86
2015-06-19,765.36,63055.4,126.67,0.0,25.54,13.05
2015-06-20,722.45,62963.1,126.65,0.0,21.64,11.75
2015-06-21,768.72,62898.6,126.63,0.0,20.28,9.12
2015-06-22,700.95,62793.4,126.6,0.0,22.83,10.78
2015-06-23,638.63,62650.9,126.57,0.0,23.53,14.7
2015-06-24,615.88,62494.6,126.52,0.0,31.12,16.7
2015-06-25,583.55,62319.0,126.48,0.0,29.7,20.08
2015-06-26,539.96,62117.3,126.43,0.0,29.87,19.53
2015-06-27,594.28,61948.1,126.38,0.0,31.54,19.69
2015-06-28,639.88,61806.3,126.35,0.0,32.68,21.38
2015-06-29,600.3,61640.7,126.3,0.0,30.76,19.89
2015-06-30,558.26,61449.9,126.25,0.0,32.38,21.58
2015-07-01,531.0,61242.8,126.2,0.0,33.54,27.05
2015-07-02,538.45,61040.1,126.15,0.0,34.0,22.59
2015-07-03,628.46,60891.4,126.11,0.0,32.21,17.04
2015-07-04,542.54,60691.2,126.06,0.0,28.4,20.83
2015-07-05,587.95,60518.2,126.01,0.0,28.1,16.53
2015-07-06,547.63,60321.1,125.96,0.0,29.67,19.09
2015-07-07,626.91,60171.5,125.92,0.0,28.35,17.51
2015-07-08,621.14,60018.4,125.88,0.0,29.35,20.84
2015-07-09,617.82,59863.3,125.84,0.0,33.68,19.73
2015-07-10,691.08,59752.3,125.81,0.0,32.13,21.55
2015-07-11,623.59,59600.7,125.77,0.0,30.09,18.05
2015-07-12,675.57,59480.3,125.74,0.0,29.72,19.37
2015-07-13,815.61,59443.9,125.73,0.0,29.94,19.56
2015-07-14,713.3,59346.1,125.71,0.0,25.73,17.82
2015-07-15,692.01,59235.6,125.68,0.0,25.68,16.85
2015-07-16,657.52,59104.3,125.64,0.0,24.92,14.51
2015-07-17,663.92,58977.0,125.61,0.0,28.17,15.97
2015-07-18,598.59,58810.4,125.57,0.0,26.71,13.7
2015-07-19,599.72,58644.5,125.52,0.0,24.85,10.76
2015-07-20,593.78,58475.0,125.48,0.0,27.56,17.68
2015-07-21,598.55,58308.4,125.44,0.0,30.07,21.89
2015-07-22,636.4,58164.5,125.4,0.0,31.1,19.96
2015-07-23,608.78,58004.0,125.36,0.0,27.48,18.09
2015-07-24,596.12,57835.9,125.31,0.0,23.76,15.1
2015-07-25,641.61,57695.1,125.28,0.0,26.44,14.36
2015-07-26,725.2,57604.5,125.25,0.0,26.02,15.01
2015-07-27,738.31,57521.7,125.23,0.0,26.26,13.43
2015-07-28,730.48,57434.3,125.21,0.0,32.2,21.09
2015-07-29,671.38,57311.4,125.18,0.0,34.51,23.69
2015-07-30,653.84,57177.9,125.14,0.0,30.39,19.63
2015-07-31,648.1,57041.0,125.11,0.0,29.99,20.7
2015-08-01,617.03,56885.5,125.07,0.0,29.65,18.75
2015-08-02,686.25,56771.5,125.04,0.0,29.49,18.38
2015-08-03,666.9,56645.9,125.01,0.0,29.71,19.47
2015-08-04,717.76,56550.8,124.98,0.0,26.28,16.18
2015-08-05,778.26,56492.0,124.97,0.0,21.83,11.93
2015-08-06,735.61,56407.7,124.94,0.0,19.9,8.41
2015-08-07,812.84,56369.6,124.93,0.0,19.94,7.62
2015-08-08,801.98,56325.1,124.92,0.0,23.61,7.9
2015-08-09,814.61,56288.1,124.91,0.0,24.48,12.95
2015-08-10,780.7,56230.7,124.9,0.0,28.86,16.99
2015-08-11,789.47,56178.7,124.88,0.0,28.75,20.3
2015-08-12,713.95,56081.3,124.86,0.0,30.41,17.98
2015-08-13,688.18,55968.5,124.83,0.0,31.29,15.64
2015-08-14,623.7,55816.9,124.79,0.0,29.22,17.03
2015-08-15,732.98,55731.0,124.77,0.0,26.16,14.0
2015-08-16,755.78,55658.7,124.75,0.0,20.35,8.66
2015-08-17,754.78,55585.8,124.73,0.0,22.94,11.6
2015-08-18,726.63,55496.1,124.71,0.0,27.46,14.34
2015-08-19,599.0,55329.7,124.66,0.0,25.63,14.31
2015-08-20,608.9,55169.3,124.62,0.0,27.14,16.99
2015-08-21,639.0,55027.0,124.59,0.0,26.89,14.37
2015-08-22,619.93,54873.2,124.55,0.0,27.12,18.36
2015-08-23,595.57,54704.8,124.5,0.0,28.96,16.5
2015-08-24,754.96,54632.0,124.48,0.41,27.39,15.15
2015-08-25,711.86,54533.4,124.46,0.0,29.7,16.6
2015-08-26,671.93,54410.8,124.43,0.0,25.71,15.82
2015-08-27,870.08,54407.1,124.42,12.54,26.51,16.15
2015-08-28,971.62,54464.3,124.44,1.59,28.23,15.38
2015-08-29,930.65,54497.0,124.45,0.0,25.58,15.03
2015-08-30,710.84,54397.7,124.42,0.0,25.26,14.58
2015-08-31,708.66,54297.2,124.4,9.6,20.47,13.44
2015-09-01,621.08,54144.1,124.36,0.0,24.55,14.6
2015-09-02,587.96,53971.1,124.31,0.0,24.69,12.9
2015-09-03,545.7,53772.8,124.26,0.0,33.94,20.45
2015-09-04,507.04,53551.3,124.2,0.0,33.96,22.47
2015-09-05,484.9,53316.5,124.14,0.0,31.23,16.06
2015-09-06,469.42,53072.4,124.08,0.0,25.3,15.93
2015-09-07,413.81,52794.9,124.01,0.0,24.19,13.63
2015-09-08,444.32,52535.8,123.94,0.0,28.96,21.0
2015-09-09,498.73,52309.3,123.88,0.0,27.39,19.04
2015-09-10,540.89,52108.1,123.83,0.0,31.55,18.29
2015-09-11,508.95,51887.7,123.77,0.0,31.11,20.52
2015-09-12,683.83,51772.2,123.74,12.35,30.37,22.07
2015-09-13,683.11,51656.4,123.71,8.28,27.38,17.99
2015-09-14,566.14,51470.3,123.66,0.0,29.27,19.55
2015-09-15,531.64,51263.5,123.61,0.0,25.17,14.27
2015-09-16,544.78,51064.7,123.56,0.0,23.8,12.62
2015-09-17,491.71,50833.9,123.5,0.0,22.68,11.67
2015-09-18,477.03,50594.4,123.43,0.0,24.8,15.31
2015-09-19,649.28,50458.2,123.4,5.51,27.86,18.05
2015-09-20,618.91,50303.8,123.36,0.0,26.1,13.61
2015-09-21,537.95,50100.9,123.31,0.0,27.36,13.55
2015-09-22,528.59,49892.3,123.25,0.0,28.31,18.97
2015-09-23,466.55,49646.5,123.19,0.0,30.13,17.24
2015-09-24,418.73,49372.0,123.12,0.0,27.36,16.36
2015-09-25,365.01,49065.2,123.04,0.0,20.09,10.22
2015-09-26,426.31,48795.3,122.97,0.0,23.17,9.48
2015-09-27,573.09,48613.4,122.92,5.9,20.61,14.1
2015-09-28,519.98,48399.6,122.86,0.0,24.63,11.13
2015-09-29,543.24,48199.8,122.81,0.0,21.32,9.91
2015-09-30,534.03,47994.5,122.76,0.0,23.4,11.53
2015-10-01,568.53,47809.9,122.71,0.46,22.89,11.09
2015-10-02,542.36,47609.5,122.66,0.0,23.15,12.4
2015-10-03,476.11,47369.5,122.6,0.0,20.51,6.83
2015-10-04,427.33,47100.1,122.53,0.0,23.85,10.48
2015-10-05,470.17,46856.5,122.46,0.0,21.51,10.37
2015-10-06,437.62,46593.3,122.4,0.0,20.41,10.15
2015-10-07,418.06,46318.4,122.32,0.0,19.17,7.79
2015-10-08,397.46,46031.1,122.25,0.0,14.13,2.11
2015-10-09,379.11,45732.8,122.17,0.0,13.11,3.49
2015-10-10,371.82,45430.2,122.09,0.0,21.27,8.61
2015-10-11,403.61,45146.6,122.02,0.0,18.23,5.89
2015-10-12,411.03,44867.5,121.95,0.0,23.61,11.14
2015-10-13,432.62,44601.3,121.88,0.0,21.66,10.43
2015-10-14,444.58,44342.3,121.81,0.0,25.54,16.95
2015-10-15,452.15,44087.9,121.74,0.0,25.05,12.22
2015-10-16,486.66,43854.1,121.68,0.0,15.24,8.14
2015-10-17,462.85,43606.1,121.62,0.0,18.21,6.69
2015-10-18,436.7,43342.3,121.55,0.0,21.21,8.66
2015-10-19,455.89,43090.1,121.49,0.0,18.32,10.16
2015-10-20,504.35,42867.0,121.43,0.0,21.05,10.46
2015-10-21,571.45,42684.1,121.38,0.0,21.47,9.01
2015-10-22,557.65,42493.0,121.33,0.0,16.78,5.41
2015-10-23,544.69,42294.0,121.28,0.0,10.75,-2.09
2015-10-24,507.11,42072.6,121.22,0.0,10.76,-1.05
2015-10-25,615.38,41916.0,121.18,0.0,11.82,0.83
2015-10-26,626.53,41766.2,121.14,0.0,15.29,1.81
2015-10-27,521.79,41553.6,121.09,0.0,14.26,5.1
2015-10-28,514.35,41336.4,121.03,0.0,13.99,8.89
2015-10-29,551.2,41141.4,120.98,1.97,13.2,0.04
2015-10-30,509.7,40921.5,120.92,0.0,8.56,-1.5
2015-10-31,466.5,40675.6,120.86,0.0,10.65,-3.19
2015-11-01,481.92,40439.0,120.8,0.0,8.75,-0.14
2015-11-02,465.29,40192.5,120.73,0.0,6.87,-2.75
2015-11-03,466.67,39946.7,120.67,0.0,2.11,-6.73
2015-11-04,474.38,39705.6,120.61,0.0,4.76,-6.23
2015-11-05,478.69,39467.1,120.54,0.0,6.18,-5.53
2015-11-06,479.67,39229.1,120.48,0.0,7.61,-2.02
2015-11-07,460.84,38979.9,120.42,0.84,10.59,-0.24
2015-11-08,524.79,38769.0,120.36,0.0,7.8,-1.93
2015-11-09,514.29,38551.8,120.31,0.0,12.57,0.93
2015-11-10,516.38,38335.9,120.25,0.0,15.91,6.84
2015-11-11,752.03,38261.4,120.23,17.97,20.04,7.77
2015-11-12,671.34,38138.5,120.2,0.0,16.46,5.87
2015-11-13,640.51,37997.0,120.16,0.0,17.49,4.91
2015-11-14,681.04,37879.9,120.13,0.0,15.01,7.81
2015-11-15,888.01,37887.0,120.13,18.11,14.65,5.81
2015-11-16,911.16,37907.9,120.14,0.0,15.26,4.83
2015-11-17,832.49,37881.7,120.13,0.0,11.69,3.71
2015-11-18,763.59,37814.1,120.12,0.0,10.51,-0.43
2015-11-19,703.44,37710.4,120.09,0.0,11.82,4.04
2015-11-20,698.36,37603.7,120.06,0.0,10.1,-0.41
2015-11-21,785.11,37549.0,120.05,0.0,11.32,-0.71
2015-11-22,730.59,37461.6,120.02,0.0,8.84,-2.5
2015-11-23,721.99,37369.0,120.0,1.06,4.7,-7.28
2015-11-24,1138.51,37526.4,120.04,20.83,7.66,-3.83
2015-11-25,1060.15,37636.7,120.07,0.0,11.76,0.87
2015-11-26,1362.14,37928.3,120.15,9.94,12.54,1.81
2015-11-27,1275.79,38168.0,120.21,0.0,15.76,3.53
2015-11-28,1116.22,38312.0,120.24,0.0,15.19,4.09
2015-11-29,1022.38,38399.7,120.27,0.0,10.67,-0.33
2015-11-30,1028.49,38491.0,120.29,0.0,9.06,-7.55
2015-12-01,922.39,38518.7,120.3,4.88,6.01,-2.97
2015-12-02,784.51,38463.7,120.28,0.0,10.0,-1.72
2015-12-03,805.64,38421.3,120.27,0.0,7.04,-4.1
2015-12-04,791.8,38370.7,120.26,0.0,8.96,-1.18
2015-12-05,783.85,38315.2,120.25,0.0,6.08,-4.14
2015-12-06,801.94,38270.6,120.23,0.0,7.32,-5.41
2015-12-07,886.18,38276.6,120.24,1.11,6.81,-3.15
2015-12-08,802.68,38232.5,120.22,0.0,8.36,-2.42
2015-12-09,918.71,38258.0,120.23,0.0,7.51,-2.18
2015-12-10,911.23,38278.9,120.24,0.0,1.9,-8.7
2015-12-11,967.5,38333.7,120.25,7.51,3.03,-8.57
2015-12-12,894.79,38344.8,120.25,0.62,5.36,-5.3
2015-12-13,727.93,38255.8,120.23,0.0,6.96,-2.04
2015-12-14,849.31,38239.7,120.23,7.67,5.46,-4.83
2015-12-15,841.84,38219.0,120.22,0.0,0.37,-8.71
2015-12-16,1094.58,38350.1,120.25,11.01,2.83,-6.95
2015-12-17,912.57,38371.8,120.26,0.0,2.88,-6.99
2015-12-18,1018.73,38457.3,120.28,11.27,7.96,-2.23
2015-12-19,994.65,38528.4,120.3,0.0,7.66,-4.91
2015-12-20,874.3,38527.2,120.3,0.0,2.98,-9.12
2015-12-21,858.59,38516.6,120.3,0.0,4.19,-7.24
2015-12-22,904.33,38533.5,120.3,0.0,6.23,-1.04
2015-12-23,855.26,38520.9,120.3,0.88,5.04,-3.97
2015-12-24,845.61,38502.5,120.29,0.0,6.03,-7.55
2015-12-25,1136.9,38658.9,120.33,16.31,4.42,-7.12
2015-12-26,954.73,38706.0,120.35,0.0,6.32,-11.0
2015-12-27,809.38,38665.9,120.34,0.0,3.94,-5.61
2015-12-28,807.93,38624.9,120.33,3.48,4.4,-6.18
2015-12-29,773.47,38563.2,120.31,0.0,2.6,-10.92
2015-12-30,738.38,38480.5,120.29,0.0,4.92,-7.24
2015-12-31,674.8,38359.7,120.26,0.0,3.85,-7.48
2016-01-01,710.34,38260.1,120.23,0.0,0.74,-10.62
2016-01-02,741.85,38179.5,120.21,0.0,3.66,-6.69
2016-01-03,837.05,38156.0,120.2,0.0,0.05,-11.03
2016-01-04,778.54,38097.3,120.19,0.0,6.77,-6.87
2016-01-05,785.27,38042.8,120.17,0.0,3.76,-9.15
2016-01-06,976.23,38102.8,120.19,7.67,9.55,-2.4
2016-01-07,899.53,38116.7,120.19,0.0,15.17,2.26
2016-01-08,1002.43,38192.4,120.21,5.43,10.43,-1.62
2016-01-09,935.4,38227.9,120.22,0.0,11.06,-3.04
2016-01-10,898.58,38241.3,120.23,0.0,7.83,-2.17
2016-01-11,875.67,38241.0,120.23,0.0,11.2,-0.68
2016-01-12,850.81,38225.7,120.22,0.0,5.49,-4.46
2016-01-13,911.16,38246.7,120.23,0.0,5.35,-4.3
2016-01-14,894.75,38257.8,120.23,0.0,0.44,-11.24
2016-01-15,1078.18,38379.0,120.26,0.0,0.04,-8.95
2016-01-16,1069.29,38494.8,120.29,0.0,2.11,-8.43
2016-01-17,1038.98,38592.4,120.32,2.41,5.79,-5.92
2016-01-18,935.19,38627.8,120.33,0.0,9.61,-0.98
2016-01-19,1909.52,39247.8,120.49,28.43,10.51,1.38
2016-01-20,1647.33,39710.4,120.61,0.0,6.54,-2.25
2016-01-21,1547.65,40113.3,120.71,0.0,6.21,-2.58
2016-01-22,1483.78,40477.8,120.81,0.0,11.5,1.35
2016-01-23,1374.17,40776.5,120.88,0.0,9.95,0.86
2016-01-24,1292.14,41026.1,120.95,0.0,9.49,-3.56
2016-01-25,1376.11,41326.0,121.03,0.0,7.84,-3.57
2016-01-26,1509.26,41705.8,121.13,6.34,9.91,0.71
2016-01-27,1534.72,42100.9,121.23,0.0,6.72,-2.34
2016-01-28,1500.92,42475.7,121.33,0.0,3.21,-5.75
2016-01-29,1428.02,42806.8,121.41,0.0,0.1,-13.07
2016-01-30,1457.42,43155.5,121.5,0.0,2.85,-10.51
2016-01-31,1114.93,43298.7,121.54,0.0,3.83,-6.91
2016-02-01,1119.6,43444.7,121.58,0.0,6.07,-5.24
2016-02-02,1261.5,43675.9,121.64,0.0,8.48,-4.29
2016-02-03,1165.73,43849.6,121.68,0.0,8.92,-3.52
2016-02-04,1472.79,44207.5,121.78,8.05,4.6,-5.0
2016-02-05,1381.76,44510.8,121.85,4.33,4.32,-7.73
2016-02-06,1260.16,44741.2,121.91,0.0,4.7,-7.28
2016-02-07,1099.1,44874.9,121.95,0.0,9.82,-0.4
2016-02-08,1610.57,45315.5,122.06,17.32,4.84,-6.34
2016-02-09,1539.92,45713.7,122.17,0.0,7.25,-5.69
2016-02-10,1456.7,46062.0,122.26,0.0,6.97,-2.06
2016-02-11,2633.86,47116.5,122.53,33.36,1.07,-7.48
2016-02-12,2420.8,48043.3,122.77,2.06,2.96,-7.32
2016-02-13,2059.32,48753.1,122.96,0.0,5.38,-6.32
2016-02-14,2023.97,49441.7,123.14,0.0,1.42,-8.11
2016-02-15,1980.79,50104.5,123.31,6.12,1.33,-9.15
2016-02-16,1661.9,50575.9,123.43,0.0,4.91,-9.09
2016-02-17,1532.81,50969.8,123.53,0.0,9.37,-2.33
2016-02-18,1829.52,51541.8,123.68,16.76,12.06,-1.17
2016-02-19,1829.81,52113.9,123.83,0.0,9.6,-2.01
2016-02-20,1552.84,52519.9,123.93,0.0,11.69,-1.91
2016-02-21,1634.13,52974.6,124.05,0.5,6.53,-7.19
2016-02-22,1548.83,53378.2,124.16,0.0,7.51,-3.45
2016-02-23,1581.15,53801.1,124.27,0.0,11.08,0.41
2016-02-24,1517.93,54186.1,124.37,0.0,13.04,1.09
2016-02-25,1462.45,54537.8,124.46,0.0,13.88,1.09
2016-02-26,1439.31,54875.7,124.55,0.0,5.33,-5.65
2016-02-27,1397.9,55188.7,124.63,0.0,2.91,-7.26
2016-02-28,1434.78,55523.8,124.71,1.42,5.11,-7.79
2016-02-29,1300.59,55778.4,124.78,0.0,8.13,-4.38
2016-03-01,1183.4,55962.7,124.83,0.0,9.52,-3.21
2016-03-02,1174.9,56141.9,124.88,0.0,7.15,-1.33
2016-03-03,1114.09,56284.6,124.91,0.0,7.72,-2.52
2016-03-04,1179.55,56466.6,124.96,1.09,9.84,-0.83
2016-03-05,1296.4,56718.7,125.02,0.0,10.34,-0.86
2016-03-06,1377.02,57019.2,125.1,6.74,13.08,3.24
2016-03-07,2237.51,57835.9,125.31,29.71,7.9,-3.33
2016-03-08,1816.08,58399.8,125.46,0.0,11.49,-1.13
2016-03-09,1637.03,58856.3,125.58,0.23,11.83,-2.78
2016-03-10,1431.28,59189.3,125.67,0.0,13.41,1.32
2016-03-11,1271.67,59426.6,125.73,0.0,12.37,0.67
2016-03-12,1794.48,59977.5,125.87,14.1,11.17,0.11
2016-03-13,1661.07,60448.4,125.99,2.06,12.72,0.7
2016-03-14,1647.56,60911.2,126.11,0.0,8.02,-2.14
2016-03-15,1653.64,61377.7,126.23,0.0,12.97,4.01
2016-03-16,1623.48,61826.0,126.35,1.83,12.34,2.2
2016-03-17,1491.82,62195.4,126.45,0.0,8.11,-1.99
2016-03-18,1862.42,62787.1,126.6,16.58,7.49,-2.1
2016-03-19,1759.28,63316.9,126.74,0.0,9.3,-2.12
2016-03-20,1403.77,63633.4,126.82,0.66,10.89,-0.65
2016-03-21,1203.62,63829.8,126.87,0.0,9.9,0.27
2016-03-22,1159.1,63999.6,126.92,0.0,7.62,-3.83
2016-03-23,1076.6,64119.8,126.95,0.0,6.24,-3.15
2016-03-24,1005.25,64197.2,126.97,0.0,5.35,-5.12
2016-03-25,926.55,64227.4,126.97,0.73,7.52,-2.97
2016-03-26,1008.03,64306.4,127.0,1.4,6.58,-4.82
2016-03-27,1080.13,64428.8,127.03,4.9,4.69,-3.57
2016-03-28,988.87,64496.3,127.04,0.0,11.07,0.87
2016-03-29,902.5,64512.1,127.05,0.0,17.13,4.29
2016-03-30,1275.92,64751.9,127.11,14.61,16.22,4.33
2016-03-31,1340.5,65030.5,127.18,3.04,11.37,2.21
2016-04-01,1295.29,65281.9,127.25,0.0,10.53,-2.72
2016-04-02,1194.65,65472.9,127.3,1.65,10.05,-0.12
2016-04-03,1082.62,65596.8,127.33,0.0,19.55,8.83
2016-04-04,986.09,65662.7,127.35,0.0,20.89,8.15
2016-04-05,1123.63,65811.1,127.39,0.0,16.47,5.13
2016-04-06,1048.13,65914.3,127.41,0.0,14.91,5.52
2016-04-07,1013.03,65996.3,127.43,0.0,16.75,7.55
2016-04-08,1012.52,66078.1,127.46,0.0,11.35,-0.13
2016-04-09,1012.11,66159.6,127.48,0.0,9.59,-1.31
2016-04-10,1064.89,66272.8,127.51,0.0,11.63,0.99
2016-04-11,1010.38,66353.3,127.53,0.0,13.11,4.22
2016-04-12,1031.61,66446.5,127.55,0.0,12.54,4.81
2016-04-13,977.96,66507.5,127.57,0.0,16.89,5.94
2016-04-14,1045.31,66609.0,127.59,0.0,18.35,5.91
2016-04-15,930.16,66641.3,127.6,0.0,17.51,7.33
2016-04-16,1200.24,66835.7,127.65,8.83,21.93,9.64
2016-04-17,1116.07,66979.6,127.69,0.0,20.99,7.82
2016-04-18,1162.52,67151.4,127.73,0.0,23.12,14.16
2016-04-19,1001.97,67226.8,127.75,0.0,22.69,10.34
2016-04-20,939.77,67264.9,127.76,0.0,22.29,11.17
2016-04-21,907.89,67283.9,127.77,0.0,17.19,5.09
2016-04-22,817.26,67248.5,127.76,2.45,15.68,6.12
2016-04-23,802.82,67204.5,127.75,0.47,17.36,4.5
2016-04-24,651.1,67069.4,127.71,0.0,21.31,9.66
2016-04-25,621.51,66916.6,127.67,0.0,20.86,11.5
2016-04-26,793.72,66867.1,127.66,16.8,14.64,2.88
2016-04-27,601.78,66702.4,127.62,0.0,15.17,2.98
2016-04-28,641.77,66561.7,127.58,2.91,15.9,5.81
2016-04-29,614.1,66404.4,127.54,0.0,12.59,2.01
2016-04-30,528.05,66195.5,127.49,0.0,14.13,3.64
2016-05-01,482.93,65959.5,127.42,0.0,14.43,4.37
2016-05-02,457.49,65708.3,127.36,0.0,16.69,6.13
2016-05-03,484.05,65473.0,127.3,0.0,22.34,10.09
2016-05-04,548.1,65276.1,127.25,0.0,21.42,11.87
2016-05-05,494.34,65046.9,127.19,0.0,23.46,11.19
2016-05-06,524.24,64835.7,127.13,0.0,19.34,9.69
2016-05-07,538.17,64632.9,127.08,0.0,19.24,7.35
2016-05-08,518.64,64418.3,127.02,0.0,18.79,7.35
2016-05-09,634.72,64273.4,126.99,0.0,14.87,6.12
2016-05-10,627.48,64124.2,126.95,0.0,20.51,8.81
2016-05-11,908.56,64143.6,126.95,12.97,22.02,10.19
2016-05-12,761.05,64074.4,126.94,0.0,18.2,8.51
2016-05-13,661.01,63945.3,126.9,0.0,19.83,11.27
2016-05-14,556.9,63753.7,126.85,0.0,19.52,10.52
2016-05-15,479.91,63515.9,126.79,0.0,22.17,12.12
2016-05-16,917.29,63540.5,126.8,22.17,23.47,11.66
2016-05-17,942.3,63580.2,126.81,1.22,26.73,17.83
2016-05-18,1017.72,63665.1,126.83,17.96,23.79,12.13
2016-05-19,1034.88,63760.2,126.85,0.0,25.77,14.24
2016-05-20,911.71,63781.5,126.86,0.0,25.82,16.76
2016-05-21,807.92,63740.5,126.85,4.61,26.79,15.24
2016-05-22,676.78,63620.8,126.82,0.0,23.79,12.44
2016-05-23,713.86,63523.4,126.79,1.44,25.58,13.73
2016-05-24,716.24,63427.4,126.77,0.0,21.92,10.94
2016-05-25,746.0,63349.3,126.75,0.0,18.2,7.09
2016-05-26,641.57,63208.5,126.71,0.0,20.03,9.61
2016-05-27,595.81,63040.2,126.67,0.0,23.97,11.23
2016-05-28,594.11,62870.9,126.62,1.47,28.34,18.35
2016-05-29,600.53,62705.5,126.58,0.0,32.3,21.22
2016-05-30,596.72,62537.8,126.54,0.0,30.35,19.61
2016-05-31,532.01,62331.3,126.48,0.0,24.98,13.04
2016-06-01,587.23,62157.8,126.44,0.0,26.75,14.67
2016-06-02,537.57,61954.6,126.38,0.39,26.83,16.18
2016-06-03,565.04,61767.9,126.34,2.79,30.85,17.3
2016-06-04,543.24,61568.1,126.28,0.0,31.56,21.14
2016-06-05,560.52,61378.7,126.23,0.0,31.78,16.25
2016-06-06,645.84,61240.5,126.2,5.82,23.58,9.81
2016-06-07,640.61,61099.1,126.16,0.0,27.42,15.82
2016-06-08,684.97,60984.3,126.13,0.0,24.89,13.53
2016-06-09,703.49,60880.7,126.11,0.0,27.12,19.64
2016-06-10,629.69,60732.7,126.07,0.0,27.02,15.85
2016-06-11,644.0,60593.4,126.03,0.0,29.64,19.93
2016-06-12,603.71,60429.9,125.99,0.0,28.48,15.58
2016-06-13,715.36,60333.3,125.96,1.27,31.81,21.55
2016-06-14,813.83,60295.9,125.95,0.0,33.79,20.55
2016-06-15,715.63,60199.5,125.93,0.0,32.2,21.65
2016-06-16,940.21,60237.9,125.94,5.4,33.88,22.9
2016-06-17,904.65,60254.9,125.94,0.0,35.45,25.05
2016-06-18,881.12,60257.9,125.94,0.0,35.9,24.34
2016-06-19,843.54,60238.3,125.94,0.0,34.96,25.89
2016-06-20,899.47,60252.2,125.94,0.0,33.23,22.18
2016-06-21,933.58,60286.6,125.95,0.0,28.63,19.55
2016-06-22,855.53,60274.2,125.95,0.0,27.41,17.66
2016-06-23,752.9,60200.2,125.93,0.0,27.58,18.18
2016-06-24,865.96,60194.0,125.93,3.52,30.89,21.08
2016-06-25,904.94,60211.2,125.93,0.0,32.59,21.74
2016-06-26,887.85,60218.2,125.93,0.0,32.67,22.49
2016-06-27,1024.84,60307.3,125.96,6.14,30.3,16.0
2016-06-28,989.11,60375.1,125.97,0.0,31.45,20.28
2016-06-29,858.73,60364.5,125.97,0.0,29.62,18.17
2016-06-30,764.27,60297.4,125.95,0.0,30.41,19.57
2016-07-01,775.1,60236.7,125.94,0.0,32.61,23.81
2016-07-02,817.51,60201.4,125.93,0.0,34.22,21.44
2016-07-03,700.42,60095.9,125.9,0.0,34.53,24.29
2016-07-04,683.9,59980.5,125.87,0.0,29.78,21.39
2016-07-05,610.52,59821.1,125.83,0.0,27.34,16.23
2016-07-06,583.08,59645.2,125.78,0.0,27.77,15.46
2016-07-07,574.06,59463.9,125.74,0.0,23.87,11.25
2016-07-08,673.2,59342.1,125.71,0.0,23.08,11.09
2016-07-09,743.53,59262.4,125.69,0.41,21.74,10.05
2016-07-10,681.79,59145.8,125.66,0.0,23.66,11.57
2016-07-11,799.8,59099.9,125.64,10.65,28.87,17.46
2016-07-12,761.29,59030.9,125.63,0.0,28.43,17.74
2016-07-13,971.39,59088.0,125.64,8.64,26.35,17.27
2016-07-14,938.46,59125.4,125.65,0.0,31.02,18.19
2016-07-15,889.95,59133.6,125.65,0.0,32.92,21.43
2016-07-16,1162.56,59305.4,125.7,20.23,35.6,24.77
2016-07-17,1011.46,59386.5,125.72,0.0,35.95,24.85
2016-07-18,1002.49,59462.3,125.74,0.0,35.96,22.79
2016-07-19,968.7,59517.7,125.75,0.0,35.11,25.16
2016-07-20,894.17,59528.5,125.75,0.0,35.82,24.26
2016-07-21,862.66,59520.3,125.75,0.0,35.75,25.61
2016-07-22,801.38,59475.4,125.74,0.0,34.42,24.53
2016-07-23,645.44,59336.9,125.7,0.0,36.47,24.91
2016-07-24,655.58,59204.5,125.67,0.0,37.33,28.39
2016-07-25,643.93,59065.2,125.63,0.0,39.94,29.01
2016-07-26,623.03,58913.2,125.59,0.0,35.03,23.14
2016-07-27,652.08,58778.7,125.56,0.0,36.51,24.64
2016-07-28,658.54,58648.1,125.53,0.0,33.66,23.85
2016-07-29,706.85,58546.5,125.5,0.0,34.77,24.99
2016-07-30,713.07,58448.6,125.47,0.0,32.64,21.72
2016-07-31,757.85,58377.5,125.46,0.0,33.64,23.43
2016-08-01,795.01,58328.8,125.44,3.73,29.29,18.36
2016-08-02,650.5,58193.4,125.41,0.0,30.05,20.19
2016-08-03,687.27,58080.0,125.38,0.0,33.68,22.84
2016-08-04,658.4,57949.3,125.34,0.0,28.59,18.92
2016-08-05,631.0,57802.1,125.31,0.0,29.68,17.16
2016-08-06,637.77,57659.0,125.27,0.0,31.93,21.89
2016-08-07,589.7,57487.1,125.22,1.74,27.22,14.66
2016-08-08,626.46,57337.2,125.19,0.0,23.06,15.19
2016-08-09,594.83,57168.4,125.14,3.54,27.15,14.39
2016-08-10,526.55,56958.6,125.09,0.0,32.14,20.85
2016-08-11,578.05,56779.7,125.04,0.0,32.2,21.76
2016-08-12,580.37,56602.1,124.99,0.0,33.1,21.56
2016-08-13,536.43,56398.3,124.94,0.0,35.07,24.1
2016-08-14,589.75,56226.4,124.9,0.0,33.13,23.43
2016-08-15,608.09,56065.5,124.86,0.0,27.62,18.62
2016-08-16,657.69,55934.3,124.82,2.99,28.16,14.86
2016-08-17,590.44,55762.9,124.78,0.0,25.71,14.07
2016-08-18,591.92,55592.3,124.73,0.0,25.08,12.28
2016-08-19,553.33,55398.5,124.68,0.0,22.31,9.64
2016-08-20,629.86,55250.7,124.64,0.0,25.15,13.77
2016-08-21,756.1,55178.6,124.62,0.0,25.16,15.87
2016-08-22,900.89,55193.4,124.63,0.0,26.77,15.93
2016-08-23,872.06,55190.9,124.63,0.0,30.48,21.04
2016-08-24,912.78,55212.8,124.63,0.0,27.86,15.46
2016-08-25,930.95,55245.6,124.64,0.0,30.04,19.19
2016-08-26,905.45,55263.2,124.65,0.0,29.51,20.99
2016-08-27,835.62,55238.8,124.64,0.0,32.13,22.51
2016-08-28,765.99,55172.6,124.62,0.0,27.72,17.41
2016-08-29,630.62,55025.3,124.59,0.0,26.42,17.22
2016-08-30,631.26,54878.3,124.55,0.12,28.23,17.23
2016-08-31,701.93,54773.7,124.52,0.0,22.88,12.9
2016-09-01,683.15,54657.8,124.49,0.0,19.97,9.88
2016-09-02,639.3,54515.7,124.45,0.0,15.75,7.64
2016-09-03,664.72,54388.8,124.42,0.0,23.95,15.06
2016-09-04,686.62,54275.0,124.39,0.0,25.8,15.68
2016-09-05,652.89,54141.0,124.36,0.0,23.78,13.74
2016-09-06,706.62,54039.2,124.33,0.0,25.46,17.07
2016-09-07,911.94,54060.6,124.33,8.24,28.91,18.15
2016-09-08,777.3,54001.3,124.32,0.0,29.85,16.85
2016-09-09,709.72,53901.3,124.29,0.0,33.79,22.11
2016-09-10,649.36,53765.2,124.26,0.0,30.6,19.97
2016-09-11,637.8,53622.2,124.22,0.0,25.29,16.62
2016-09-12,636.01,53478.0,124.18,0.0,29.38,19.0
2016-09-13,608.91,53317.6,124.14,0.0,25.39,12.54
2016-09-14,641.15,53176.6,124.1,0.0,29.3,17.2
2016-09-15,591.53,53005.7,124.06,0.0,27.73,16.21
2016-09-16,607.18,52844.3,124.02,0.0,26.7,13.15
2016-09-17,547.09,52646.8,123.97,0.0,30.57,18.3
2016-09-18,513.48,52429.2,123.91,0.0,26.76,16.58
2016-09-19,520.17,52215.5,123.86,0.0,26.51,13.93
2016-09-20,564.33,52028.4,123.81,0.0,30.01,16.61
2016-09-21,659.24,51898.2,123.77,0.0,23.8,12.18
2016-09-22,643.33,51758.4,123.74,0.0,21.47,10.41
2016-09-23,671.98,51635.9,123.7,0.0,18.81,8.08
2016-09-24,938.19,51673.0,123.71,6.99,14.31,4.39
2016-09-25,809.52,51633.0,123.7,0.0,14.49,2.06
2016-09-26,719.19,51538.8,123.68,0.0,15.5,4.24
2016-09-27,719.98,51445.0,123.66,0.0,17.15,6.15
2016-09-28,645.08,51306.3,123.62,0.0,20.6,8.77
2016-09-29,571.5,51123.5,123.57,1.99,23.84,14.24
2016-09-30,536.68,50919.7,123.52,0.0,17.88,6.37
2016-10-01,517.38,50704.4,123.46,0.0,20.49,8.12
2016-10-02,531.72,50497.7,123.41,0.0,21.65,10.88
2016-10-03,513.0,50279.7,123.35,0.0,22.85,10.32
2016-10-04,438.69,50017.2,123.28,0.0,21.21,9.6
2016-10-05,528.96,49808.8,123.23,0.0,20.33,10.24
2016-10-06,520.92,49595.7,123.18,0.0,21.6,12.24
2016-10-07,569.24,49411.5,123.13,0.0,19.22,8.91
2016-10-08,589.86,49239.6,123.08,0.0,20.3,10.09
2016-10-09,1522.37,49627.3,123.18,52.94,19.49,9.76
2016-10-10,1424.75,49956.4,123.27,0.0,18.69,9.72
2016-10-11,1169.1,50132.1,123.31,0.0,21.42,10.23
2016-10-12,1025.85,50221.9,123.34,0.0,22.41,8.51
2016-10-13,815.55,50185.5,123.33,0.0,22.45,11.81
2016-10-14,715.77,50089.2,123.3,0.0,24.07,13.71
2016-10-15,745.15,50010.5,123.28,0.0,22.79,12.3
2016-10-16,698.48,49903.9,123.26,0.0,23.63,14.73
2016-10-17,612.04,49745.4,123.21,0.0,18.86,5.79
2016-10-18,633.82,49599.9,123.18,0.0,17.65,5.77
2016-10-19,634.25,49454.7,123.14,0.0,16.02,6.31
2016-10-20,625.17,49304.1,123.1,0.4,18.54,5.23
2016-10-21,560.87,49114.9,123.05,0.0,19.15,6.6
2016-10-22,542.5,48914.6,123.0,0.0,18.45,5.89
2016-10-23,559.82,48724.8,122.95,0.0,13.01,2.36
2016-10-24,605.96,48562.6,122.91,0.0,15.39,5.56
2016-10-25,626.0,48412.5,122.87,0.0,17.74,4.65
2016-10-26,668.21,48287.6,122.84,0.0,17.83,6.33
2016-10-27,678.2,48168.8,122.8,0.0,17.04,5.84
2016-10-28,654.32,48035.7,122.77,0.0,13.11,1.69
2016-10-29,613.66,47878.1,122.73,0.0,14.6,4.58
2016-10-30,573.36,47696.4,122.68,0.0,13.01,3.06
2016-10-31,638.16,47553.5,122.64,0.0,13.32,5.2
2016-11-01,709.18,47453.3,122.62,0.0,14.89,3.61
2016-11-02,714.49,47356.3,122.59,0.0,13.26,4.62
2016-11-03,683.99,47240.9,122.56,0.0,14.78,4.76
2016-11-04,673.9,47119.5,122.53,0.0,16.15,6.22
2016-11-05,679.25,47001.3,122.5,0.0,19.22,8.05
2016-11-06,576.5,46821.5,122.45,0.15,14.45,3.37
2016-11-07,489.26,46589.3,122.39,0.0,7.46,-3.85
2016-11-08,488.21,46356.5,122.33,0.0,11.73,-0.06
2016-11-09,757.18,46285.0,122.32,21.63,14.28,3.05
2016-11-10,666.99,46159.5,122.28,0.0,12.57,0.35
2016-11-11,568.93,45975.1,122.23,0.0,10.05,-0.26
2016-11-12,589.8,45803.2,122.19,0.0,12.23,2.94
2016-11-13,572.37,45620.9,122.14,0.0,12.96,3.49
2016-11-14,591.47,45450.0,122.1,0.0,10.97,1.83
2016-11-15,647.86,45313.0,122.06,0.0,12.44,3.88
2016-11-16,687.34,45199.7,122.03,0.0,13.44,1.51
2016-11-17,677.5,45080.4,122.0,0.0,16.75,5.97
2016-11-18,902.37,45096.1,122.01,7.62,12.1,1.29
2016-11-19,767.83,45031.0,121.99,0.0,11.68,0.8
2016-11-20,768.78,44966.6,121.97,2.01,11.5,-1.15
2016-11-21,770.47,44903.1,121.96,0.0,12.66,2.05
2016-11-22,771.11,44840.0,121.94,0.0,13.84,1.66
2016-11-23,932.98,44874.1,121.95,2.01,14.61,2.53
2016-11-24,958.29,44923.3,121.96,0.0,13.16,2.24
2016-11-25,1106.95,45061.7,122.0,8.57,15.18,7.45
2016-11-26,1058.73,45171.2,122.03,0.0,17.55,6.17
2016-11-27,936.58,45207.4,122.04,0.0,11.66,1.78
2016-11-28,911.29,45228.5,122.04,0.0,12.13,3.78
2016-11-29,780.14,45170.8,122.03,0.0,12.09,1.11
2016-11-30,702.63,45066.6,122.0,0.0,10.12,2.13
2016-12-01,691.61,44955.9,121.97,0.0,10.8,0.27
2016-12-02,700.58,44850.5,121.94,0.0,9.86,-0.68
2016-12-03,680.34,44732.9,121.91,0.0,6.5,-3.88
2016-12-04,618.69,44578.4,121.87,0.0,5.71,-1.22
2016-12-05,601.81,44413.7,121.83,0.0,-0.0,-10.68
2016-12-06,789.66,44361.8,121.82,10.36,6.52,-4.57
2016-12-07,1009.73,44441.9,121.84,10.11,1.29,-10.99
2016-12-08,1020.34,44528.3,121.86,0.0,3.05,-7.28
2016-12-09,1195.41,44719.8,121.91,12.12,7.04,-5.0
2016-12-10,1584.59,45144.9,122.02,21.99,10.28,0.92
2016-12-11,1327.39,45415.5,122.09,0.0,6.79,-4.64
2016-12-12,1009.46,45495.5,122.11,0.0,5.1,-6.4
2016-12-13,979.2,45557.2,122.13,9.26,6.58,-4.31
2016-12-14,1104.64,45694.3,122.16,0.0,5.27,-4.83
2016-12-15,1072.42,45812.0,122.19,0.0,7.57,-1.14
2016-12-16,1116.39,45956.1,122.23,0.0,9.34,-1.55
2016-12-17,1114.63,46099.1,122.27,0.0,6.43,-6.29
2016-12-18,1861.62,46690.3,122.42,29.22,2.38,-8.04
2016-12-19,1909.87,47310.5,122.58,0.0,7.49,-3.69
2016-12-20,1673.41,47788.8,122.71,0.0,7.25,-3.68
2016-12-21,1542.66,48188.7,122.81,0.0,0.44,-8.71
2016-12-22,2030.01,48880.9,122.99,12.75,6.1,-5.7
2016-12-23,1669.58,49356.9,123.11,0.0,5.43,-5.53
2016-12-24,1726.71,49867.2,123.25,1.77,4.17,-4.28
2016-12-25,1600.63,50301.9,123.36,0.68,9.76,0.34
2016-12-26,1403.27,50618.1,123.44,0.0,10.2,2.03
2016-12-27,1251.71,50843.4,123.5,0.0,10.95,-4.35
2016-12-28,1180.13,51025.7,123.55,0.0,7.29,-3.9
2016-12-29,1206.56,51223.9,123.6,0.0,9.27,-1.93
2016-12-30,1247.12,51446.4,123.66,0.0,2.08,-6.85
2016-12-31,1449.82,51790.6,123.75,0.0,1.2,-8.76
2017-01-01,1505.89,52168.4,123.84,0.0,3.85,-4.44
2017-01-02,1496.2,52540.3,123.94,0.0,4.19,-8.56
2017-01-03,1626.16,52990.3,124.06,8.91,0.42,-8.09
2017-01-04,1595.46,53421.8,124.17,0.0,0.69,-8.31
2017-01-05,1425.37,53751.3,124.25,0.0,7.31,-3.61
2017-01-06,1382.88,54055.3,124.33,0.0,5.04,-5.67
2017-01-07,1392.69,54365.1,124.41,0.0,7.61,-6.38
2017-01-08,1437.26,54701.8,124.5,1.89,3.37,-7.07
2017-01-09,1493.72,55072.3,124.6,0.0,4.78,-8.58
2017-01-10,1520.66,55458.9,124.7,0.0,5.47,-6.85
2017-01-11,1351.22,55743.9,124.77,0.0,4.79,-4.99
2017-01-12,1178.81,55925.4,124.82,0.0,-2.8,-12.12
2017-01-13,1313.41,56187.7,124.89,0.0,-4.67,-12.3
2017-01-14,1264.53,56420.7,124.95,0.0,-0.39,-8.68
2017-01-15,1284.37,56665.6,125.01,0.0,1.02,-9.03
2017-01-16,1271.98,56903.0,125.07,0.0,2.76,-7.65
2017-01-17,1882.28,57506.6,125.23,19.8,3.18,-8.66
2017-01-18,1946.82,58149.0,125.4,6.3,7.96,-3.35
2017-01-19,1691.65,58638.2,125.52,0.0,7.68,-2.61
2017-01-20,1764.6,59171.2,125.66,0.0,5.83,-4.41
2017-01-21,1726.74,59681.5,125.79,0.0,5.4,-6.17
2017-01-22,1698.56,60174.9,125.92,0.0,7.5,-2.85
2017-01-23,2045.42,60876.4,126.1,14.77,5.9,-7.41
2017-01-24,2622.53,61924.2,126.38,28.04,8.83,-1.75
2017-01-25,1989.32,62592.1,126.55,0.0,9.72,0.02
2017-01-26,1722.74,63100.0,126.68,0.0,7.7,-3.01
2017-01-27,1486.09,63465.9,126.78,0.0,7.39,-5.97
2017-01-28,1501.84,63841.2,126.87,1.02,5.4,-4.93
2017-01-29,1462.92,64193.2,126.97,1.92,9.9,-1.37
2017-01-30,1281.7,64436.5,127.03,0.0,8.88,-3.02
2017-01-31,1145.94,64598.3,127.07,0.0,0.5,-8.37
2017-02-01,1084.25,64723.1,127.1,0.0,2.54,-11.06
2017-02-02,1127.46,64873.9,127.14,0.0,0.77,-8.88
2017-02-03,1116.33,65017.9,127.18,0.1,5.0,-6.74
2017-02-04,1182.63,65201.8,127.23,0.0,4.78,-6.14
2017-02-05,1033.78,65296.3,127.25,0.05,6.81,-3.67
2017-02-06,999.08,65370.0,127.27,0.0,7.57,-5.14
2017-02-07,1228.98,65581.6,127.33,0.0,8.05,-4.33
2017-02-08,1128.51,65733.0,127.37,0.0,6.92,-3.2
2017-02-09,1619.08,66178.7,127.48,9.85,4.81,-5.33
2017-02-10,1539.65,66576.7,127.58,0.0,4.46,-6.73
2017-02-11,1357.02,66865.2,127.66,0.0,9.31,-3.72
2017-02-12,1268.72,67100.7,127.72,0.0,9.86,-3.02
2017-02-13,1306.3,67358.7,127.79,0.13,9.71,-2.14
2017-02-14,1205.66,67556.4,127.84,0.0,12.13,0.65
2017-02-15,1221.08,67763.3,127.89,0.0,5.66,-4.38
2017-02-16,1200.93,67958.1,127.94,0.0,4.36,-8.14
2017-02-17,1248.15,68181.2,128.0,6.82,4.19,-7.13
2017-02-18,1776.15,68721.2,128.14,23.13,5.43,-3.86
2017-02-19,1594.81,69152.3,128.25,0.0,8.0,-3.34
2017-02-20,1394.08,69463.0,128.33,0.0,1.43,-10.94
2017-02-21,1187.04,69649.5,128.38,0.0,4.41,-5.89
2017-02-22,2137.04,70406.0,128.58,20.91,7.81,-1.21
2017-02-23,1898.88,71019.6,128.74,0.0,6.07,-3.37
2017-02-24,1599.85,71453.7,128.85,0.14,11.56,-2.74
2017-02-25,1447.57,71796.5,128.94,0.0,13.29,1.0
2017-02-26,1310.63,72057.2,129.01,0.0,15.87,4.47
2017-02-27,1363.2,72349.4,129.08,0.07,17.35,5.26
2017-02-28,1701.34,72844.4,129.21,10.31,13.26,2.32
2017-03-01,1569.88,73260.6,129.32,0.0,8.48,-1.88
2017-03-02,1488.7,73628.1,129.42,1.34,8.92,-3.33
2017-03-03,1416.93,73952.5,129.5,0.66,6.67,-4.45
2017-03-04,1467.1,74307.0,129.59,0.0,11.07,1.05
2017-03-05,1328.31,74578.2,129.66,0.0,12.36,0.32
2017-03-06,1281.21,74821.2,129.73,0.0,13.13,2.73
2017-03-07,1289.29,75069.1,129.79,0.0,13.35,1.41
2017-03-08,1300.34,75323.5,129.86,0.0,13.15,2.7
2017-03-09,2613.2,76365.7,130.13,30.27,15.42,4.18
2017-03-10,2376.36,77265.8,130.36,0.0,15.27,1.11
2017-03-11,2232.8,78079.7,130.57,0.0,7.87,-2.53
2017-03-12,2135.77,78835.4,130.77,0.0,14.47,2.7
2017-03-13,1994.48,79506.4,130.94,0.0,16.71,6.72
2017-03-14,2096.6,80238.6,131.13,0.0,17.33,8.62
2017-03-15,1796.96,80791.0,131.28,0.0,19.8,8.29
2017-03-16,1692.87,81281.0,131.4,0.0,17.52,7.68
2017-03-17,1691.76,81770.3,131.53,0.0,16.68,6.68
2017-03-18,1530.24,82162.7,131.63,0.0,16.1,6.61
2017-03-19,1217.08,82367.2,131.69,0.0,14.01,3.3
2017-03-20,1107.18,82505.7,131.72,0.0,17.79,7.21
2017-03-21,978.46,82567.1,131.74,0.0,16.34,6.39
2017-03-22,943.1,82607.2,131.75,0.0,13.3,1.53
2017-03-23,1311.77,82868.5,131.82,9.81,12.29,1.67
2017-03-24,1249.72,83092.6,131.87,0.97,9.27,-3.78
2017-03-25,1084.31,83217.4,131.91,0.0,10.32,-1.49
2017-03-26,1438.61,83554.9,131.99,21.07,11.79,1.31
2017-03-27,1376.89,83855.3,132.07,0.0,9.82,0.86
2017-03-28,1394.39,84166.1,132.15,0.0,12.72,-0.89
2017-03-29,1233.42,84380.5,132.21,0.0,14.02,3.25
2017-03-30,1118.23,84525.6,132.25,0.0,18.04,5.54
2017-03-31,1137.44,84682.4,132.29,0.0,21.08,7.72
2017-04-01,1358.31,84971.6,132.36,9.12,18.33,7.13
2017-04-02,1266.12,85205.5,132.42,0.0,15.45,5.71
2017-04-03,1105.24,85342.9,132.46,3.7,15.69,5.08
2017-04-04,1001.11,85417.9,132.48,0.0,13.31,4.52
2017-04-05,993.62,85488.3,132.5,0.59,15.13,5.68
2017-04-06,1119.37,85634.2,132.53,6.14,13.93,2.64
2017-04-07,1172.63,85812.0,132.58,0.0,12.57,0.66
2017-04-08,1083.22,85936.2,132.61,0.0,11.28,-0.55
2017-04-09,1033.65,86030.6,132.64,0.0,13.61,3.24
2017-04-10,1086.67,86156.9,132.67,0.0,16.27,5.71
2017-04-11,1003.01,86232.9,132.69,0.0,12.83,5.33
2017-04-12,1308.67,86492.4,132.76,12.5,12.39,3.07
2017-04-13,1216.06,86696.3,132.81,0.0,17.79,7.3
2017-04-14,1173.41,86874.6,132.86,3.34,21.62,10.33
2017-04-15,1131.21,87027.6,132.9,0.79,19.04,7.23
2017-04-16,983.66,87092.0,132.91,0.0,15.51,4.14
2017-04-17,1177.28,87272.6,132.96,10.84,16.03,7.4
2017-04-18,1264.92,87505.8,133.02,5.8,20.72,9.91
2017-04-19,1075.04,87625.1,133.05,0.0,18.4,10.06
2017-04-20,1110.55,87765.7,133.09,0.0,14.34,1.37
2017-04-21,1152.46,87931.4,133.13,0.0,18.25,5.81
2017-04-22,1262.59,88163.2,133.19,3.73,21.99,11.08
2017-04-23,1703.49,88659.6,133.32,19.19,26.92,14.25
2017-04-24,1639.06,89117.3,133.44,0.0,23.49,10.22
2017-04-25,1449.66,89461.3,133.53,0.0,25.58,14.84
2017-04-26,1312.97,89723.4,133.6,0.0,22.79,9.23
2017-04-27,1168.87,89899.0,133.64,0.59,16.8,8.47
2017-04-28,1844.97,90480.2,133.79,23.96,20.1,9.42
2017-04-29,1563.8,90892.7,133.9,0.0,19.88,7.67
2017-04-30,1498.34,91266.0,134.0,0.0,24.01,10.77
2017-05-01,1567.1,91680.5,134.1,0.8,19.58,7.88
2017-05-02,1373.38,91978.8,134.18,0.0,23.01,10.25
2017-05-03,1326.78,92249.1,134.25,0.0,21.43,12.0
2017-05-04,1098.51,92382.5,134.29,0.0,20.92,6.08
2017-05-05,947.52,92425.2,134.3,0.0,21.5,12.38
2017-05-06,863.05,92417.3,134.3,0.0,21.76,10.52
2017-05-07,903.49,92433.7,134.3,0.0,21.72,13.59
2017-05-08,837.19,92410.2,134.29,0.0,28.45,14.78
2017-05-09,880.14,92412.6,134.29,0.0,21.08,10.53
2017-05-10,817.96,92377.6,134.28,0.0,19.3,10.28
2017-05-11,1023.76,92466.1,134.31,12.38,20.28,9.8
2017-05-12,842.81,92446.1,134.3,0.0,20.44,10.0
2017-05-13,816.42,92410.2,134.29,0.0,25.01,12.62
2017-05-14,872.28,92407.8,134.29,0.0,28.12,17.49
2017-05-15,802.83,92363.7,134.28,0.0,26.22,16.7
2017-05-16,741.7,92283.0,134.26,0.0,33.33,21.55
2017-05-17,616.01,92126.9,134.22,0.0,34.45,22.4
2017-05-18,730.91,92039.7,134.2,1.25,27.11,15.95
2017-05-19,729.82,91951.8,134.17,0.0,30.62,15.69
2017-05-20,682.42,91835.5,134.14,0.0,29.47,20.46
2017-05-21,731.0,91748.4,134.12,2.88,32.48,21.92
2017-05-22,728.32,91659.6,134.1,0.0,30.51,21.28
2017-05-23,1274.89,91898.8,134.16,35.9,29.64,19.59
2017-05-24,1019.6,91984.8,134.18,0.0,28.46,15.66
2017-05-25,986.61,92051.1,134.2,0.0,31.12,17.85
2017-05-26,861.77,92042.4,134.2,0.0,28.94,18.88
2017-05-27,959.78,92092.5,134.21,1.91,26.43,16.31
2017-05-28,883.98,92097.1,134.21,0.0,24.25,14.18
2017-05-29,714.35,92000.0,134.19,0.0,25.12,12.93
2017-05-30,1172.04,92177.5,134.23,25.65,30.33,17.34
2017-05-31,1004.87,92254.7,134.25,0.0,32.82,21.39
2017-06-01,946.74,92297.0,134.26,0.0,29.96,21.24
2017-06-02,824.79,92266.1,134.26,0.0,28.46,19.23
2017-06-03,688.56,92153.5,134.23,0.0,23.62,11.77
2017-06-04,744.1,92074.2,134.21,0.0,28.59,17.16
2017-06-05,759.55,92004.2,134.19,0.08,28.13,18.11
2017-06-06,729.53,91916.2,134.17,0.0,36.55,22.84
2017-06-07,801.77,91871.5,134.15,0.0,31.61,23.68
2017-06-08,814.35,91834.3,134.14,0.0,29.5,16.32
2017-06-09,782.35,91778.0,134.13,0.0,25.66,13.94
2017-06-10,743.95,91698.6,134.11,0.0,31.49,18.67
2017-06-11,779.08,91640.3,134.09,0.0,30.39,18.93
2017-06-12,751.39,91565.4,134.07,0.0,29.79,20.07
2017-06-13,750.74,91490.1,134.05,0.0,28.37,15.51
2017-06-14,749.02,91413.8,134.03,0.0,28.53,18.19
2017-06-15,776.41,91353.9,134.02,0.0,28.8,15.5
2017-06-16,876.45,91354.0,134.02,0.0,27.64,15.05
2017-06-17,868.38,91349.3,134.02,0.0,27.31,16.23
2017-06-18,868.68,91344.8,134.02,0.0,27.2,17.52
2017-06-19,828.57,91316.2,134.01,0.0,34.46,26.98
2017-06-20,933.69,91350.6,134.02,2.76,37.83,28.34
2017-06-21,912.1,91372.1,134.02,4.62,35.37,25.01
2017-06-22,988.32,91439.4,134.04,0.0,37.0,24.99
2017-06-23,964.01,91492.1,134.06,0.0,34.51,22.51
2017-06-24,875.98,91491.9,134.05,0.0,33.74,20.3
2017-06-25,950.05,91536.2,134.07,1.17,29.84,15.95
2017-06-26,1108.93,91675.8,134.1,11.25,31.93,19.42
2017-06-27,958.53,91725.2,134.12,0.0,33.37,20.8
2017-06-28,949.08,91768.9,134.13,0.0,28.9,21.79
2017-06-29,884.17,91773.6,134.13,0.0,29.81,17.88
2017-06-30,863.71,91766.1,134.13,0.0,30.25,20.62
2017-07-01,886.14,91772.1,134.13,0.0,30.45,19.49
2017-07-02,763.54,91704.4,134.11,0.0,30.1,19.73
2017-07-03,745.06,91625.7,134.09,0.0,27.19,14.24
2017-07-04,785.06,91571.0,134.08,0.0,27.58,17.23
2017-07-05,779.67,91513.1,134.06,0.0,32.32,22.07
2017-07-06,769.11,91448.8,134.04,0.0,31.71,21.94
2017-07-07,734.31,91363.6,134.02,0.0,29.49,20.07
2017-07-08,698.42,91256.9,133.99,0.0,27.32,16.68
2017-07-09,667.89,91131.9,133.96,0.0,28.21,16.77
2017-07-10,683.52,91016.3,133.93,0.0,35.59,21.18
2017-07-11,726.17,90926.3,133.91,0.0,28.61,17.92
2017-07-12,688.07,90813.4,133.88,0.0,29.37,17.53
2017-07-13,771.94,90750.8,133.86,0.0,32.91,20.76
2017-07-14,920.5,90777.3,133.87,13.34,28.66,17.48
2017-07-15,826.98,90747.8,133.86,0.0,31.6,20.76
2017-07-16,783.57,90692.2,133.85,0.0,32.17,21.94
2017-07-17,764.69,90625.2,133.83,0.0,28.23,18.26
2017-07-18,797.42,90578.0,133.82,0.0,32.45,18.78
2017-07-19,720.81,90484.7,133.79,0.0,31.15,18.85
2017-07-20,839.11,90462.4,133.79,0.0,36.9,26.42
2017-07-21,933.06,90496.5,133.8,0.0,30.65,20.25
2017-07-22,890.72,90505.2,133.8,0.0,26.94,17.36
2017-07-23,996.75,90577.5,133.82,0.0,26.24,15.03
2017-07-24,1243.43,90797.8,133.87,12.77,27.68,14.73
2017-07-25,1107.59,90936.6,133.91,0.0,29.19,18.6
2017-07-26,1188.7,91124.1,133.96,7.32,28.75,18.78
2017-07-27,1006.75,91202.4,133.98,0.0,27.71,17.33
2017-07-28,900.74,91217.1,133.98,0.0,29.73,18.45
2017-07-29,809.3,91176.9,133.97,0.0,25.43,15.88
2017-07-30,712.68,91078.8,133.95,0.0,27.38,16.37
2017-07-31,627.82,90929.7,133.91,0.0,30.28,19.94
2017-08-01,622.88,90777.7,133.87,0.0,29.6,17.03
2017-08-02,627.33,90628.4,133.83,0.0,26.95,14.94
2017-08-03,714.11,90531.1,133.81,0.0,33.82,20.53
2017-08-04,648.85,90394.7,133.77,0.0,32.35,20.8
2017-08-05,624.19,90243.4,133.73,0.0,24.59,14.52
2017-08-06,710.03,90143.7,133.7,0.0,28.45,17.44
2017-08-07,751.03,90068.6,133.69,0.0,27.32,17.74
2017-08-08,739.15,89986.3,133.66,0.0,29.56,20.35
2017-08-09,720.56,89892.9,133.64,0.0,22.42,13.74
2017-08-10,750.46,89817.4,133.62,0.0,25.53,12.61
2017-08-11,765.19,89750.8,133.6,0.0,29.67,18.97
2017-08-12,749.26,89674.6,133.58,0.0,26.91,14.59
2017-08-13,852.23,89660.2,133.58,3.5,24.46,14.11
2017-08-14,754.81,89587.4,133.56,0.0,24.8,14.97
2017-08-15,659.65,89457.4,133.53,0.0,31.33,19.12
2017-08-16,564.27,89270.2,133.48,0.0,30.06,19.41
2017-08-17,547.26,89072.8,133.43,0.0,27.88,17.26
2017-08-18,427.06,88803.3,133.36,0.0,29.67,19.45
2017-08-19,445.76,88545.0,133.29,0.0,27.43,17.68
2017-08-20,488.03,88312.1,133.23,0.0,30.7,20.06
2017-08-21,456.84,88060.5,133.16,0.0,29.81,17.62
2017-08-22,451.14,87805.4,133.1,0.0,29.85,16.97
2017-08-23,417.3,87530.0,133.03,0.0,30.74,21.29
2017-08-24,385.28,87235.5,132.95,0.0,32.38,18.88
2017-08-25,416.38,86959.5,132.88,0.0,30.32,20.11
2017-08-26,473.21,86717.7,132.82,1.72,31.88,19.09
2017-08-27,469.15,86473.5,132.75,0.0,23.5,14.02
2017-08-28,412.38,86195.1,132.68,0.0,23.93,11.16
2017-08-29,416.57,85919.3,132.61,0.0,19.85,8.81
2017-08-30,356.12,85607.3,132.53,0.0,24.77,13.25
2017-08-31,716.44,85511.4,132.5,31.34,25.12,15.87
2017-09-01,723.78,85419.9,132.48,0.0,31.6,17.61
2017-09-02,640.58,85278.5,132.44,0.0,27.69,16.82
2017-09-03,593.61,85108.9,132.4,0.0,25.25,17.75
2017-09-04,599.12,84942.7,132.35,0.0,27.55,14.99
2017-09-05,539.96,84740.9,132.3,0.0,24.16,15.37
2017-09-06,479.54,84502.9,132.24,0.0,27.61,17.23
2017-09-07,508.64,84282.3,132.18,0.0,24.46,14.89
2017-09-08,496.74,84054.6,132.12,0.52,21.52,10.09
2017-09-09,502.36,83830.3,132.07,0.0,23.38,13.45
2017-09-10,447.9,83573.3,132.0,0.0,25.29,12.73
2017-09-11,463.74,83325.8,131.93,0.0,24.82,15.08
2017-09-12,435.91,83061.6,131.87,0.0,23.15,15.3
2017-09-13,449.34,82805.4,131.8,0.0,22.98,11.15
2017-09-14,460.03,82555.7,131.73,0.0,25.48,14.24
2017-09-15,493.39,82326.0,131.67,0.0,25.89,15.7
2017-09-16,414.96,82049.2,131.6,0.0,27.86,16.64
2017-09-17,443.19,81789.4,131.54,0.0,24.42,15.4
2017-09-18,462.34,81541.1,131.47,0.0,28.17,18.4
2017-09-19,725.94,81450.9,131.45,14.14,29.58,19.22
2017-09-20,659.71,81321.0,131.41,0.0,27.37,16.43
2017-09-21,649.57,81185.0,131.38,3.94,30.85,17.96
2017-09-22,600.77,81019.7,131.34,0.0,26.84,16.96
2017-09-23,548.6,80823.1,131.28,0.0,25.21,11.98
2017-09-24,530.8,80615.8,131.23,0.0,15.74,5.51
2017-09-25,537.44,80412.5,131.18,0.0,17.5,6.21
2017-09-26,549.98,80216.8,131.13,0.0,16.91,3.98
2017-09-27,499.57,79990.8,131.07,0.0,18.37,7.38
2017-09-28,416.12,79714.7,131.0,0.0,19.3,9.29
2017-09-29,402.38,79430.4,130.92,0.0,22.75,9.81
2017-09-30,460.87,79181.2,130.86,0.0,18.21,6.01
2017-10-01,501.59,78956.4,130.8,0.0,20.99,9.63
2017-10-02,519.9,78742.6,130.74,0.0,16.4,3.27
2017-10-03,542.72,78542.5,130.69,0.0,16.95,6.39
2017-10-04,534.42,78337.4,130.64,0.0,13.73,3.22
2017-10-05,519.74,78123.5,130.58,0.0,12.6,2.3
2017-10-06,574.72,77942.5,130.54,0.0,18.2,8.31
2017-10-07,621.0,77789.4,130.5,3.55,17.77,6.68
2017-10-08,646.6,77651.6,130.46,0.0,20.82,11.1
2017-10-09,602.58,77487.4,130.42,0.0,20.26,8.02
2017-10-10,497.93,77260.4,130.36,0.0,20.97,10.06
2017-10-11,523.52,77048.8,130.3,0.0,25.9,14.38
2017-10-12,486.77,76815.1,130.24,0.0,22.13,10.4
2017-10-13,522.25,76602.7,130.19,0.0,23.99,14.35
2017-10-14,596.11,76434.7,130.14,0.0,19.18,10.96
2017-10-15,594.61,76265.7,130.1,0.0,20.88,6.21
2017-10-16,599.79,76099.8,130.06,0.0,24.65,11.71
2017-10-17,569.26,75915.6,130.01,0.0,21.93,10.98
2017-10-18,509.05,75695.3,129.95,0.0,24.03,10.76
2017-10-19,496.65,75467.5,129.89,0.0,18.67,7.72
2017-10-20,514.09,75250.3,129.84,0.0,21.05,10.57
2017-10-21,483.96,75014.9,129.78,0.0,19.61,7.62
2017-10-22,487.69,74781.8,129.72,0.0,13.45,3.31
2017-10-23,441.45,74520.9,129.65,0.0,10.91,3.84
2017-10-24,475.91,74280.7,129.59,0.0,10.19,1.23
2017-10-25,462.72,74032.6,129.52,0.0,14.47,3.46
2017-10-26,481.33,73795.6,129.46,0.0,16.02,5.04
2017-10-27,663.83,73668.2,129.43,5.61,17.74,7.56
2017-10-28,616.76,73512.5,129.39,0.0,18.01,9.69
2017-10-29,594.7,73343.6,129.34,0.0,18.6,9.84
2017-10-30,577.34,73164.2,129.3,0.0,16.81,5.89
2017-10-31,571.06,72981.1,129.25,0.0,16.8,3.18
2017-11-01,599.42,72815.0,129.2,0.0,16.26,7.55
2017-11-02,601.74,72650.3,129.16,0.0,15.1,5.54
2017-11-03,631.17,72503.3,129.12,0.0,15.87,4.24
2017-11-04,597.47,72336.0,129.08,0.0,13.67,1.99
2017-11-05,563.92,72148.6,129.03,0.0,10.02,1.73
2017-11-06,525.96,71938.5,128.98,0.0,14.52,5.15
2017-11-07,583.39,71762.7,128.93,0.0,17.0,9.01
2017-11-08,613.65,71605.2,128.89,1.66,14.61,4.41
2017-11-09,637.84,71462.1,128.85,0.0,14.92,3.32
2017-11-10,659.39,71332.0,128.82,0.0,13.8,3.95
2017-11-11,617.65,71176.9,128.78,0.0,10.71,1.14
2017-11-12,638.61,71034.3,128.74,0.0,11.25,-0.34
2017-11-13,681.22,70917.3,128.71,0.0,10.81,-1.62
2017-11-14,676.87,70797.7,128.68,0.0,8.58,-3.1
2017-11-15,607.3,70636.3,128.64,0.0,12.96,-0.14
2017-11-16,543.56,70436.7,128.59,0.0,9.63,0.75
2017-11-17,519.56,70222.7,128.53,0.0,10.42,-0.03
2017-11-18,579.45,70044.6,128.49,0.0,8.48,-3.94
2017-11-19,567.03,69859.1,128.44,0.0,7.99,-3.1
2017-11-20,657.29,69727.7,128.4,0.0,6.55,-2.66
2017-11-21,587.78,69554.6,128.36,0.0,3.67,-7.9
2017-11-22,630.99,69407.5,128.32,0.0,7.92,-0.76
2017-11-23,638.88,69265.1,128.28,0.0,8.18,-3.47
2017-11-24,612.0,69106.5,128.24,0.0,12.74,0.26
2017-11-25,587.91,68933.5,128.2,0.0,10.7,1.48
2017-11-26,624.12,68782.2,128.16,0.0,6.87,-2.6
2017-11-27,659.54,68652.2,128.12,0.0,11.22,-3.49
2017-11-28,690.39,68540.7,128.09,0.0,8.92,-0.92
2017-11-29,1031.2,68633.7,128.12,14.22,13.98,-0.25
2017-11-30,796.91,68586.1,128.11,0.0,9.71,-0.53
2017-12-01,1120.9,68732.9,128.14,17.93,14.2,3.56
2017-12-02,926.82,68763.2,128.15,0.0,10.78,1.68
2017-12-03,804.17,68720.0,128.14,0.0,7.82,-5.76
2017-12-04,854.29,68706.8,128.14,0.0,2.09,-8.73
2017-12-05,891.45,68715.9,128.14,0.0,3.45,-6.08
2017-12-06,875.17,68715.3,128.14,0.0,3.6,-8.44
2017-12-07,786.73,68661.6,128.13,0.0,4.33,-7.91
2017-12-08,765.55,68595.2,128.11,0.0,2.98,-7.13
2017-12-09,745.55,68516.8,128.09,0.0,-1.38,-11.64
2017-12-10,816.42,68480.9,128.08,0.0,1.01,-8.0
2017-12-11,760.53,68411.4,128.06,0.0,1.81,-9.05
2017-12-12,757.98,68340.5,128.04,0.0,2.21,-10.49
2017-12-13,714.06,68243.2,128.02,0.0,-0.38,-8.75
2017-12-14,724.35,68152.0,127.99,0.0,4.72,-7.66
2017-12-15,808.09,68111.2,127.98,0.0,7.75,-4.09
2017-12-16,833.48,68085.5,127.98,0.0,10.23,-0.13
2017-12-17,839.16,68063.3,127.97,0.0,5.99,-4.92
2017-12-18,897.43,68076.0,127.97,0.0,9.64,-4.57
2017-12-19,862.38,68067.7,127.97,0.0,8.8,-0.96
2017-12-20,879.02,68069.3,127.97,0.0,9.82,-2.16
2017-12-21,899.75,68083.4,127.98,2.89,11.95,0.99
2017-12-22,1436.63,68419.7,128.06,18.6,9.75,-0.94
2017-12-23,1474.63,68778.7,128.16,0.0,10.22,-0.76
2017-12-24,1722.98,69286.7,128.29,7.27,5.41,-5.99
2017-12-25,1585.19,69712.1,128.4,0.0,6.28,-4.39
2017-12-26,1457.92,70061.1,128.49,6.22,4.76,-4.54
2017-12-27,1848.52,70644.5,128.64,20.25,3.09,-7.21
2017-12-28,1525.82,71034.2,128.74,6.65,4.24,-4.28
2017-12-29,1288.27,71281.4,128.81,0.0,8.36,-2.0
2017-12-30,1403.21,71597.6,128.89,0.0,7.29,-5.0
2017-12-31,1279.11,71839.4,128.95,0.0,8.05,-3.21
2018-01-01,1261.33,72070.4,129.01,0.0,6.89,-4.45
2018-01-02,1324.81,72339.5,129.08,0.0,9.04,-2.02
2018-01-03,1349.56,72623.5,129.16,0.0,11.92,-0.27
2018-01-04,1385.09,72928.9,129.23,0.0,13.47,2.11
2018-01-05,1415.8,73252.6,129.32,0.0,14.06,3.21
2018-01-06,1401.56,73567.8,129.4,0.0,11.83,-1.02
2018-01-07,1569.74,73983.9,129.51,0.0,3.61,-6.05
2018-01-08,2714.64,75086.9,129.79,29.83,4.99,-8.91
2018-01-09,2371.89,75984.3,130.03,0.0,-0.98,-12.17
2018-01-10,2135.48,76739.9,130.22,0.0,7.82,-3.06
2018-01-11,1890.21,77348.2,130.38,0.0,10.24,1.65
2018-01-12,1413.91,77670.8,130.47,0.0,8.63,-4.05
2018-01-13,1337.65,77947.7,130.54,0.0,9.34,-0.82
2018-01-14,1513.3,78329.9,130.64,4.32,8.78,-3.55
2018-01-15,1410.21,78650.3,130.72,0.0,6.16,0.69
2018-01-16,1465.45,79003.8,130.81,0.0,12.52,1.58
2018-01-17,1400.0,79318.1,130.89,0.0,10.35,-0.5
2018-01-18,1378.96,79619.7,130.97,0.0,4.17,-5.33
2018-01-19,1496.5,79991.9,131.07,1.68,5.55,-4.68
2018-01-20,1222.75,80199.8,131.12,0.0,0.94,-5.49
2018-01-21,2399.9,81114.0,131.36,27.58,4.54,-1.87
2018-01-22,1938.48,81751.3,131.53,0.0,6.84,-4.83
2018-01-23,1879.49,82353.3,131.68,0.42,3.28,-8.67
2018-01-24,1547.89,82756.3,131.79,0.0,5.83,-5.71
2018-01-25,1519.48,83142.2,131.89,0.0,5.77,-4.28
2018-01-26,1448.79,83485.7,131.98,0.0,4.36,-8.09
2018-01-27,1300.88,83740.5,132.04,0.0,0.66,-9.31
2018-01-28,1178.04,83921.6,132.09,0.44,6.72,-5.2
2018-01-29,1043.92,84022.2,132.12,0.0,6.9,-1.41
2018-01-30,938.82,84059.7,132.12,0.0,4.21,-5.15
2018-01-31,875.12,84059.1,132.12,0.0,13.42,1.99
2018-02-01,996.75,84131.4,132.14,0.0,12.06,0.17
2018-02-02,823.66,84099.8,132.14,0.0,11.68,3.57
2018-02-03,848.42,84083.1,132.13,0.0,11.03,0.15
2018-02-04,945.7,84124.8,132.14,0.0,6.26,-3.79
2018-02-05,1060.17,84235.2,132.17,4.38,6.18,-7.93
2018-02-06,1114.0,84377.8,132.21,0.0,3.79,-7.68
2018-02-07,1113.9,84520.4,132.24,0.0,0.75,-8.74
2018-02-08,1672.66,84998.3,132.37,13.67,2.99,-7.54
2018-02-09,1791.06,85547.2,132.51,0.95,-0.63,-11.69
2018-02-10,1744.01,86067.8,132.65,0.0,3.16,-7.9
2018-02-11,1597.83,86500.8,132.76,0.0,0.68,-12.03
2018-02-12,1452.89,86846.8,132.85,0.0,1.05,-10.75
2018-02-13,1390.01,87155.0,132.93,0.0,5.04,-7.7
2018-02-14,1301.19,87410.0,132.99,0.0,2.7,-7.61
2018-02-15,1743.68,87930.4,133.13,16.81,-0.17,-14.18
2018-02-16,1656.77,88398.8,133.25,0.0,2.49,-10.13
2018-02-17,1435.91,88734.6,133.34,0.0,5.82,-4.35
2018-02-18,1372.99,89032.6,133.42,0.0,8.78,-2.97
2018-02-19,1356.92,89321.0,133.49,0.0,13.2,-0.08
2018-02-20,1271.34,89558.1,133.55,1.24,8.66,-2.12
2018-02-21,1286.61,89804.3,133.62,0.0,10.29,-0.38
2018-02-22,1247.71,90027.2,133.67,0.0,6.87,-2.2
2018-02-23,1236.85,90243.5,133.73,0.0,11.23,-3.93
2018-02-24,1182.24,90427.1,133.78,0.0,7.38,-4.35
2018-02-25,1193.13,90617.3,133.83,0.0,8.73,-2.89
2018-02-26,1739.53,91135.3,133.96,14.43,9.59,-0.67
2018-02-27,1568.0,91550.3,134.07,0.41,12.9,0.54
2018-02-28,1527.63,91941.1,134.17,0.0,15.15,4.82
2018-03-01,1325.42,92210.7,134.24,1.05,15.14,2.45
2018-03-02,1251.23,92435.6,134.3,0.0,11.69,0.85
2018-03-03,1111.89,92577.0,134.34,0.0,5.84,-4.21
2018-03-04,1366.13,92871.0,134.41,4.56,8.48,-1.13
2018-03-05,1396.0,93182.8,134.49,6.27,4.41,-6.15
2018-03-06,1798.89,93736.4,134.64,25.49,5.24,-4.95
2018-03-07,1727.39,94247.1,134.77,0.0,8.17,-3.08
2018-03-08,1461.12,94598.0,134.86,0.0,8.07,-2.86
2018-03-09,1268.84,94833.6,134.92,0.0,11.3,-0.94
2018-03-10,1223.98,95042.2,134.98,0.0,13.11,2.34
2018-03-11,1356.91,95330.6,135.05,0.0,14.56,1.98
2018-03-12,1329.17,95602.4,135.12,0.0,15.11,4.48
2018-03-13,1338.97,95880.0,135.19,0.0,8.47,-4.01
2018-03-14,1301.11,96135.0,135.26,0.0,13.55,0.67
2018-03-15,1241.65,96354.2,135.32,0.0,18.41,6.5
2018-03-16,1302.81,96610.1,135.38,3.43,18.07,6.55
2018-03-17,1305.6,96867.8,135.45,0.19,18.09,8.9
2018-03-18,1171.65,97045.0,135.5,0.0,15.5,5.3
2018-03-19,1167.65,97219.8,135.54,0.0,10.15,-1.75
2018-03-20,1098.14,97353.0,135.58,0.0,17.27,5.3
2018-03-21,1182.87,97537.0,135.62,0.0,17.33,7.62
2018-03-22,2274.94,98376.2,135.84,30.6,16.39,3.37
2018-03-23,1901.92,98991.6,136.0,0.0,10.62,0.64
2018-03-24,1857.17,99580.1,136.16,0.0,15.87,3.3
2018-03-25,1621.43,100027.3,136.27,0.0,12.6,1.42
2018-03-26,1538.63,100424.7,136.37,0.0,15.97,3.98
2018-03-27,1489.28,100792.5,136.47,2.92,16.51,5.28
2018-03-28,1230.31,101005.0,136.53,0.0,18.93,8.43
2018-03-29,1216.53,101209.1,136.58,0.0,15.95,4.13
2018-03-30,1140.58,101367.7,136.62,0.0,9.83,0.83
2018-03-31,1149.43,101531.6,136.66,0.0,17.14,5.3
2018-04-01,941.07,101570.5,136.67,0.0,16.71,8.92
2018-04-02,866.3,101564.6,136.67,0.0,19.13,8.15
2018-04-03,1048.85,101668.1,136.7,15.47,22.51,11.57
2018-04-04,927.89,101699.1,136.71,0.0,23.15,11.14
2018-04-05,1071.2,101816.1,136.74,14.32,23.35,12.45
2018-04-06,1473.53,102174.5,136.83,22.22,16.71,5.11
2018-04-07,1131.67,102327.7,136.87,0.0,9.88,2.38
2018-04-08,910.21,102348.1,136.87,2.24,15.18,3.38
2018-04-09,837.44,102324.8,136.87,0.0,18.93,9.42
2018-04-10,781.46,102268.0,136.85,0.0,23.27,14.01
2018-04-11,742.19,102187.5,136.83,0.0,24.44,14.18
2018-04-12,747.86,102110.5,136.81,2.44,23.91,9.39
2018-04-13,848.5,102093.9,136.81,0.0,18.5,8.21
2018-04-14,841.5,102073.0,136.8,0.0,18.27,8.32
2018-04-15,919.33,102098.9,136.81,0.0,15.9,2.27
2018-04-16,1091.19,102227.9,136.84,0.0,20.83,9.62
2018-04-17,1163.15,102400.0,136.89,0.0,20.04,9.78
2018-04-18,1128.59,102551.4,136.93,0.0,23.49,11.63
2018-04-19,1243.31,102771.6,136.98,3.55,23.38,8.39
2018-04-20,1500.14,103146.0,137.08,5.87,18.49,7.68
2018-04-21,1424.85,103475.2,137.17,0.0,15.89,4.53
2018-04-22,1320.88,103741.9,137.24,0.0,18.46,5.72
2018-04-23,1211.57,103943.1,137.29,0.0,20.88,9.27
2018-04-24,1194.98,104134.4,137.34,0.0,18.69,8.61
2018-04-25,1102.4,104270.1,137.37,0.0,24.16,11.72
2018-04-26,1043.34,104370.3,137.4,0.0,24.35,13.66
2018-04-27,999.95,104444.6,137.42,0.0,22.35,11.93
2018-04-28,970.7,104501.2,137.43,0.0,21.85,11.87
2018-04-29,845.09,104482.5,137.43,0.0,19.65,8.29
2018-04-30,951.64,104527.8,137.44,0.0,20.28,8.63
2018-05-01,899.22,104541.6,137.44,0.0,21.33,10.31
2018-05-02,899.72,104555.7,137.45,0.0,18.82,9.62
2018-05-03,1067.57,104670.5,137.48,5.96,21.53,10.67
2018-05-04,1106.95,104808.9,137.51,3.85,23.65,12.6
2018-05-05,1081.34,104931.9,137.55,0.0,21.8,11.8
2018-05-06,1071.22,105048.9,137.58,0.0,23.67,11.2
2018-05-07,946.36,105091.0,137.59,0.0,22.51,12.36
2018-05-08,1011.01,105171.9,137.61,3.24,22.14,9.32
2018-05-09,975.59,105231.5,137.62,0.03,23.5,13.67
2018-05-10,913.27,105253.7,137.63,0.0,32.22,20.93
2018-05-11,901.01,105268.5,137.63,0.0,34.29,20.33
2018-05-12,849.6,105252.6,137.63,0.65,30.63,17.58
2018-05-13,843.28,105232.8,137.62,0.0,25.71,13.72
2018-05-14,752.12,105158.3,137.6,0.0,27.62,14.52
2018-05-15,755.49,105085.9,137.59,0.0,31.18,19.62
2018-05-16,804.95,105043.1,137.57,0.0,31.37,19.03
2018-05-17,759.78,104973.2,137.56,0.0,31.86,21.42
2018-05-18,640.45,104831.7,137.52,0.0,25.88,15.83
2018-05-19,659.97,104702.0,137.49,0.0,29.58,17.17
2018-05-20,605.5,104539.5,137.44,0.0,33.37,20.54
2018-05-21,677.41,104420.2,137.41,0.0,28.67,15.92
2018-05-22,702.57,104316.0,137.39,0.0,27.95,19.29
2018-05-23,680.37,104198.5,137.35,0.0,29.59,18.56
2018-05-24,852.55,104184.3,137.35,8.26,26.57,18.47
2018-05-25,855.05,104171.6,137.35,0.04,33.92,23.43
2018-05-26,834.08,104146.3,137.34,0.0,32.5,23.37
2018-05-27,802.39,104101.9,137.33,0.0,34.55,23.68
2018-05-28,712.42,104003.7,137.3,0.0,30.53,19.06
2018-05-29,722.95,103911.7,137.28,0.0,31.5,19.06
2018-05-30,671.73,103789.0,137.25,0.0,33.37,23.07
2018-05-31,743.9,103709.6,137.23,0.0,34.52,22.32
2018-06-01,848.3,103692.8,137.22,0.0,29.91,15.9
2018-06-02,892.81,103702.8,137.23,0.0,26.92,16.84
2018-06-03,924.03,103731.4,137.23,0.0,27.57,17.15
2018-06-04,817.73,103696.3,137.22,0.0,34.59,22.64
2018-06-05,825.75,103666.0,137.22,0.0,30.37,18.03
2018-06-06,818.66,103631.5,137.21,0.0,34.1,22.22
2018-06-07,845.85,103613.2,137.2,0.0,34.23,23.41
2018-06-08,927.37,103643.9,137.21,0.0,38.4,25.83
2018-06-09,883.23,103648.1,137.21,0.0,35.56,23.93
2018-06-10,808.14,103607.2,137.2,0.0,33.17,23.03
2018-06-11,792.21,103556.8,137.19,0.0,28.61,20.35
2018-06-12,823.91,103525.4,137.18,0.0,31.76,20.11
2018-06-13,909.49,103545.4,137.19,0.0,30.14,18.96
2018-06-14,848.99,103529.0,137.18,0.0,25.47,14.34
2018-06-15,881.39,103532.1,137.18,0.0,22.8,15.08
2018-06-16,840.03,103510.4,137.18,0.51,27.88,17.48
2018-06-17,895.4,103521.9,137.18,0.0,28.86,18.15
2018-06-18,905.03,103539.2,137.18,0.0,30.37,18.14
2018-06-19,836.52,103515.3,137.18,0.0,29.51,19.38
2018-06-20,776.44,103455.4,137.16,0.0,30.13,21.93
2018-06-21,997.29,103528.1,137.18,4.13,29.79,19.02
2018-06-22,992.58,103597.9,137.2,2.52,34.18,22.97
2018-06-23,966.0,103651.7,137.21,0.0,33.83,21.35
2018-06-24,884.11,103656.5,137.21,0.0,31.43,19.45
2018-06-25,824.28,103625.3,137.21,0.0,32.03,23.64
2018-06-26,733.16,103539.4,137.18,0.0,30.23,20.04
2018-06-27,709.74,103439.5,137.16,0.0,26.21,15.74
2018-06-28,727.95,103350.5,137.13,0.0,29.33,19.64
2018-06-29,728.87,103262.1,137.11,0.0,32.86,21.17
2018-06-30,714.87,103165.3,137.09,0.0,28.63,19.19
2018-07-01,1106.83,103303.7,137.12,22.25,28.21,16.37
2018-07-02,1083.09,103427.8,137.15,0.0,29.07,19.47
2018-07-03,1048.8,103531.3,137.18,0.0,31.16,20.38
2018-07-04,986.07,103597.2,137.2,0.0,32.59,20.39
2018-07-05,949.75,103641.3,137.21,0.0,31.47,19.62
2018-07-06,932.8,103675.2,137.22,0.0,29.48,20.6
2018-07-07,1092.72,103805.1,137.25,6.08,35.44,25.72
2018-07-08,1078.41,103926.4,137.28,0.0,34.8,23.23
2018-07-09,1153.82,104093.0,137.33,0.0,31.77,18.76
2018-07-10,993.06,104163.1,137.35,0.0,32.34,20.72
2018-07-11,2041.35,104862.1,137.53,43.85,37.46,25.28
2018-07-12,1901.13,105477.1,137.69,0.0,32.75,22.17
2018-07-13,1766.82,106011.4,137.83,0.58,30.52,21.21
2018-07-14,1365.23,106304.8,137.9,0.0,33.11,22.94
2018-07-15,1217.08,106509.3,137.95,0.0,29.95,18.64
2018-07-16,1158.71,106678.8,138.0,10.63,30.59,19.52
2018-07-17,884.0,106683.4,138.0,0.0,31.71,21.73
2018-07-18,812.59,106645.3,137.99,0.0,28.52,18.47
2018-07-19,753.12,106571.4,137.97,0.0,28.53,16.68
2018-07-20,594.98,106402.6,137.93,0.0,29.19,17.05
2018-07-21,675.88,106282.4,137.9,0.53,24.39,13.85
2018-07-22,542.55,106082.2,137.84,0.0,29.38,16.7
2018-07-23,865.03,106075.5,137.84,22.85,31.9,19.04
2018-07-24,791.64,106024.7,137.83,0.0,34.62,24.63
2018-07-25,695.95,105916.5,137.8,0.0,38.71,25.12
2018-07-26,980.93,105979.3,137.82,22.64,30.82,18.82
2018-07-27,943.93,106020.0,137.83,0.0,31.43,17.55
2018-07-28,887.45,106026.7,137.83,0.0,29.44,19.11
2018-07-29,807.1,105985.2,137.82,0.0,27.18,17.55
2018-07-30,856.27,105973.2,137.82,0.0,27.31,15.94
2018-07-31,777.98,105914.3,137.8,0.0,16.76,7.04
2018-08-01,742.15,105833.8,137.78,0.0,18.98,9.1
2018-08-02,698.83,105727.4,137.75,0.0,19.53,5.51
2018-08-03,668.19,105602.5,137.72,0.0,18.57,6.38
2018-08-04,628.16,105453.7,137.68,0.0,23.87,11.18
2018-08-05,620.78,105300.4,137.64,0.0,24.43,12.25
2018-08-06,619.64,105146.5,137.6,0.0,23.06,11.84
2018-08-07,645.62,105008.1,137.56,0.0,27.07,15.67
2018-08-08,654.37,104875.0,137.53,0.0,23.88,13.84
2018-08-09,690.34,104763.4,137.5,8.29,26.72,16.36
2018-08-10,661.54,104634.6,137.47,0.0,29.2,17.56
2018-08-11,631.29,104487.6,137.43,0.0,30.48,20.05
2018-08-12,608.96,104327.3,137.39,0.0,27.52,16.96
2018-08-13,561.67,104138.5,137.34,0.0,27.41,19.63
2018-08-14,517.76,103923.4,137.28,0.0,27.28,18.8
2018-08-15,545.18,103724.8,137.23,0.0,34.52,21.76
2018-08-16,523.62,103513.2,137.18,0.0,32.56,23.17
2018-08-17,629.41,103365.1,137.14,7.26,33.0,20.11
2018-08-18,614.07,103207.8,137.1,0.0,29.61,19.02
2018-08-19,602.12,103043.3,137.05,0.0,23.12,13.11
2018-08-20,648.39,102906.6,137.02,0.0,28.34,14.59
2018-08-21,589.22,102734.4,136.97,0.0,36.34,23.56
2018-08-22,567.66,102549.3,136.93,0.0,29.88,20.31
2018-08-23,532.45,102343.0,136.87,0.0,29.13,20.56
2018-08-24,504.1,102119.7,136.81,0.0,31.0,18.01
2018-08-25,519.95,101905.9,136.76,0.0,24.24,13.58
2018-08-26,470.26,101662.3,136.7,0.0,27.55,15.99
2018-08-27,521.37,101449.4,136.64,2.64,29.99,19.66
2018-08-28,530.92,101242.2,136.59,0.0,31.2,22.18
2018-08-29,524.79,101031.4,136.53,0.0,29.38,18.39
2018-08-30,545.53,100832.9,136.48,0.0,34.34,20.81
2018-08-31,586.17,100658.9,136.44,0.0,32.99,23.08
2018-09-01,598.73,100492.4,136.39,0.0,27.45,15.21
2018-09-02,607.75,100331.3,136.35,0.0,23.73,12.83
2018-09-03,634.25,100186.1,136.31,0.0,24.69,15.47
2018-09-04,615.61,100029.7,136.27,0.0,28.15,17.16
2018-09-05,488.39,99797.0,136.21,0.0,26.22,14.85
2018-09-06,472.41,99554.7,136.15,0.0,26.94,16.15
2018-09-07,484.51,99319.7,136.09,0.0,31.33,22.57
2018-09-08,504.51,99096.6,136.03,0.0,27.72,19.4
2018-09-09,485.32,98862.1,135.97,0.0,30.44,19.43
2018-09-10,490.4,98630.6,135.91,0.0,27.23,16.85
2018-09-11,595.39,98462.0,135.87,8.92,26.71,17.31
2018-09-12,604.37,98298.9,135.82,0.0,23.94,14.65
2018-09-13,635.05,98154.2,135.79,0.0,21.89,12.4
2018-09-14,616.94,97998.6,135.74,0.0,21.43,11.83
2018-09-15,769.92,97934.8,135.73,0.0,20.51,9.33
2018-09-16,895.14,97946.2,135.73,0.0,20.17,8.01
2018-09-17,979.39,98008.1,135.75,0.0,20.71,10.78
2018-09-18,1061.32,98119.1,135.78,3.31,21.33,8.45
2018-09-19,982.73,98183.0,135.79,0.0,20.25,9.73
2018-09-20,1102.5,98318.8,135.83,0.0,22.74,9.8
2018-09-21,955.09,98366.1,135.84,0.0,23.27,14.32
2018-09-22,893.23,98376.3,135.84,2.58,24.15,13.3
2018-09-23,818.9,98341.9,135.83,0.0,24.38,12.33
2018-09-24,818.77,98307.4,135.82,0.0,24.17,14.88
2018-09-25,702.21,98203.0,135.8,0.0,31.64,19.77
2018-09-26,682.87,98086.9,135.77,0.0,24.21,12.98
2018-09-27,688.79,97974.5,135.74,0.0,17.75,6.15
2018-09-28,688.55,97861.9,135.71,0.0,19.94,10.87
2018-09-29,698.46,97755.2,135.68,0.0,25.11,12.0
2018-09-30,728.16,97666.3,135.66,0.0,24.78,15.61
2018-10-01,779.33,97608.2,135.64,0.0,23.03,13.9
2018-10-02,815.54,97571.8,135.63,0.0,24.26,13.18
2018-10-03,879.14,97573.5,135.63,0.0,22.02,10.29
2018-10-04,903.51,97589.9,135.64,0.0,20.84,11.28
2018-10-05,946.65,97632.1,135.65,0.0,20.21,10.17
2018-10-06,909.59,97652.1,135.65,0.0,17.64,7.18
2018-10-07,836.24,97628.1,135.65,0.0,13.35,3.04
2018-10-08,812.04,97589.6,135.64,0.0,10.98,3.02
2018-10-09,747.52,97512.4,135.62,0.0,11.76,2.39
2018-10-10,734.24,97427.2,135.6,0.0,14.94,1.3
2018-10-11,696.51,97319.3,135.57,0.0,14.39,3.38
2018-10-12,646.66,97181.6,135.53,0.0,8.94,-2.84
2018-10-13,609.99,97021.8,135.49,0.0,13.59,4.09
2018-10-14,592.43,96851.5,135.45,0.0,12.59,1.13
2018-10-15,572.63,96669.4,135.4,0.0,11.07,1.29
2018-10-16,524.64,96458.4,135.34,0.0,13.95,2.1
2018-10-17,523.57,96246.8,135.29,0.0,11.17,0.82
2018-10-18,731.1,96159.7,135.27,15.89,12.86,2.93
2018-10-19,971.3,96216.8,135.28,21.78,13.39,1.08
2018-10-20,997.84,96289.7,135.3,0.0,13.71,1.46
2018-10-21,877.61,96290.5,135.3,0.0,15.88,3.05
2018-10-22,903.07,96306.6,135.31,2.93,11.48,0.69
2018-10-23,891.91,96316.0,135.31,0.0,17.45,5.38
2018-10-24,971.72,96373.3,135.32,5.69,15.08,2.28
2018-10-25,831.53,96346.5,135.32,0.0,13.58,3.75
2018-10-26,727.07,96257.0,135.29,0.0,21.95,9.36
2018-10-27,765.01,96190.3,135.28,0.0,16.48,5.94
2018-10-28,721.25,96097.3,135.25,0.0,10.9,-1.01
2018-10-29,838.3,96074.5,135.25,0.0,13.95,0.87
2018-10-30,738.48,95991.8,135.22,0.0,12.81,3.5
2018-10-31,700.26,95886.3,135.2,0.0,11.37,3.47
2018-11-01,731.21,95799.2,135.17,0.0,10.08,1.54
2018-11-02,850.72,95783.9,135.17,0.0,11.45,-0.52
2018-11-03,849.05,95767.6,135.17,0.0,14.58,4.3
2018-11-04,1369.34,96063.5,135.24,18.09,16.37,2.75
2018-11-05,1359.08,96353.2,135.32,0.0,6.99,-2.94
2018-11-06,1164.43,96526.1,135.36,0.0,9.02,-1.65
2018-11-07,1147.25,96688.7,135.4,0.0,10.58,0.62
2018-11-08,1041.55,96787.9,135.43,0.0,11.61,0.37
2018-11-09,932.19,96821.4,135.44,0.0,14.64,2.88
2018-11-10,874.15,96820.2,135.44,0.0,13.99,-0.2
2018-11-11,819.75,96786.3,135.43,0.0,13.86,3.08
2018-11-12,914.66,96809.3,135.44,5.0,13.74,3.26
2018-11-13,762.81,96741.3,135.42,0.0,8.59,-2.03
2018-11-14,732.4,96655.0,135.4,0.0,9.05,-0.29
2018-11-15,830.94,96627.8,135.39,0.0,4.89,-6.32
2018-11-16,741.67,96547.1,135.37,0.0,3.57,-6.12
2018-11-17,774.39,96486.0,135.35,0.0,4.91,-6.78
2018-11-18,725.34,96395.4,135.33,0.0,12.3,1.14
2018-11-19,685.96,96281.2,135.3,0.0,7.71,-1.85
2018-11-20,636.88,96137.6,135.26,0.0,9.06,-2.59
2018-11-21,654.25,96004.4,135.23,0.0,4.25,-6.48
2018-11-22,645.52,95866.0,135.19,0.0,11.17,0.62
2018-11-23,669.64,95742.0,135.16,0.0,11.45,0.51
2018-11-24,657.86,95611.0,135.12,2.92,8.19,-1.86
2018-11-25,654.01,95477.7,135.09,0.0,5.75,-4.04
2018-11-26,696.85,95370.0,135.06,0.0,13.0,-0.31
2018-11-27,686.6,95256.3,135.03,0.0,10.41,-2.21
2018-11-28,645.82,95118.0,135.0,0.0,5.32,-2.68
2018-11-29,611.15,94959.0,134.96,0.0,7.19,-4.16
2018-11-30,588.5,94786.3,134.91,0.0,4.16,-5.54
2018-12-01,573.43,94604.6,134.86,0.0,5.61,-4.76
2018-12-02,730.03,94516.9,134.84,0.0,7.7,-3.71
2018-12-03,759.91,94447.1,134.82,0.0,11.42,0.82
2018-12-04,783.54,94391.5,134.81,0.0,12.17,1.18
2018-12-05,737.5,94308.2,134.79,0.04,8.91,-0.71
2018-12-06,633.67,94162.7,134.75,0.92,10.03,-0.36
2018-12-07,630.62,94015.3,134.71,0.0,5.43,-3.78
2018-12-08,612.75,93857.2,134.67,0.0,8.19,-4.11
2018-12-09,714.07,93759.9,134.64,1.49,7.15,-3.41
2018-12-10,851.19,93744.9,134.64,11.54,10.41,-1.54
2018-12-11,1059.34,93854.7,134.67,4.3,10.26,-2.12
2018-12-12,1110.73,93995.4,134.71,0.0,9.3,-1.97
2018-12-13,1114.9,94138.6,134.74,0.0,4.77,-6.96
2018-12-14,1224.04,94347.3,134.8,0.0,5.6,-5.12
2018-12-15,1078.29,94468.5,134.83,0.0,6.27,-5.81
2018-12-16,1133.78,94623.1,134.87,0.0,4.51,-7.64
2018-12-17,1105.74,94760.8,134.9,0.0,2.86,-6.62
2018-12-18,1052.52,94866.5,134.93,0.0,3.87,-9.08
2018-12-19,1005.79,94944.3,134.95,0.0,6.72,-6.1
2018-12-20,999.62,95018.3,134.97,0.0,5.77,-4.32
2018-12-21,1191.27,95207.3,135.02,0.0,7.16,-6.4
2018-12-22,1142.17,95366.9,135.06,2.12,6.56,-5.25
2018-12-23,939.53,95404.8,135.07,0.0,7.2,-1.83
2018-12-24,817.9,95369.8,135.06,0.0,3.0,-7.03
2018-12-25,804.63,95326.9,135.05,0.0,4.3,-8.4
2018-12-26,999.22,95400.6,135.07,7.25,5.68,-2.72
2018-12-27,1051.7,95505.9,135.1,11.98,5.53,-6.75
2018-12-28,992.13,95575.5,135.12,0.0,8.34,-3.5
2018-12-29,840.01,95553.7,135.11,0.0,4.59,-6.26
2018-12-30,813.31,95516.0,135.1,0.0,2.71,-9.02
2018-12-31,788.62,95463.4,135.09,0.0,7.04,-4.91
2019-01-01,830.38,95435.9,135.08,0.0,7.1,-1.03
2019-01-02,811.51,95397.0,135.07,0.19,7.18,-5.74
2019-01-03,814.54,95360.0,135.06,0.83,1.82,-7.73
2019-01-04,847.71,95342.9,135.06,0.0,4.61,-8.22
2019-01-05,913.99,95365.5,135.06,1.24,6.25,-5.96
2019-01-06,951.16,95410.5,135.07,0.0,10.07,-4.59
2019-01-07,900.48,95425.0,135.08,0.0,6.89,-4.19
2019-01-08,932.77,95459.0,135.09,0.0,10.47,0.34
2019-01-09,862.35,95450.6,135.08,1.67,4.59,-8.51
2019-01-10,1051.11,95555.5,135.11,0.0,3.39,-7.61
2019-01-11,1164.16,95728.3,135.16,0.0,0.91,-7.74
2019-01-12,1055.81,95836.0,135.18,0.0,2.83,-5.9
2019-01-13,1025.28,95925.5,135.21,0.0,2.04,-7.47
2019-01-14,1497.79,96298.4,135.3,19.5,4.94,-6.41
2019-01-15,1260.94,96529.2,135.36,0.0,4.19,-7.09
2019-01-16,1352.33,96814.9,135.44,5.34,2.37,-5.52
2019-01-17,949.94,96859.1,135.45,0.0,0.74,-9.42
2019-01-18,1126.74,97009.4,135.49,12.41,-1.53,-11.77
2019-01-19,1305.19,97266.8,135.55,12.29,-0.06,-13.81
2019-01-20,1406.01,97584.6,135.64,7.0,-2.61,-14.61
2019-01-21,1158.83,97754.2,135.68,0.0,-0.53,-14.36
2019-01-22,1155.43,97921.7,135.72,0.0,-2.68,-14.0
2019-01-23,1127.2,98072.3,135.76,0.0,5.2,-7.26
2019-01-24,996.64,98144.5,135.78,0.0,4.92,-4.88
2019-01-25,981.1,98207.4,135.8,0.0,0.86,-7.8
2019-01-26,1079.83,98329.6,135.83,2.46,6.08,-4.13
2019-01-27,1089.94,98457.8,135.86,0.0,4.43,-4.22
2019-01-28,950.09,98502.1,135.88,0.0,9.49,-1.21
2019-01-29,1008.56,98581.5,135.9,5.34,9.01,-1.63
2019-01-30,891.49,98590.6,135.9,0.0,6.98,-3.58
2019-01-31,844.65,98571.7,135.89,0.0,8.22,-3.71
2019-02-01,866.24,98565.7,135.89,0.0,7.3,-5.07
2019-02-02,929.47,98597.6,135.9,0.0,4.91,-6.48
2019-02-03,841.64,98576.9,135.89,0.0,2.31,-9.25
2019-02-04,984.39,98641.8,135.91,5.59,4.28,-7.61
2019-02-05,1160.55,98812.3,135.96,11.5,1.19,-11.0
2019-02-06,1076.9,98932.7,135.99,0.0,-0.15,-12.67
2019-02-07,1081.28,99055.8,136.02,0.0,6.07,-4.63
2019-02-08,1070.94,99172.6,136.05,0.0,3.74,-6.89
2019-02-09,905.8,99190.3,136.05,0.0,7.97,0.71
2019-02-10,961.44,99241.4,136.07,0.0,5.36,-4.8
2019-02-11,1032.66,99335.3,136.09,4.98,9.1,-3.51
2019-02-12,1419.12,99661.0,136.18,22.13,5.99,-3.08
2019-02-13,1234.77,99876.1,136.23,4.19,6.39,-6.44
2019-02-14,1714.05,100378.8,136.36,19.88,3.2,-4.84
2019-02-15,1346.01,100660.7,136.44,0.0,5.49,-5.55
2019-02-16,1389.57,100968.7,136.52,0.0,0.91,-11.46
2019-02-17,1346.14,101250.6,136.59,0.1,0.29,-7.88
2019-02-18,1201.13,101445.5,136.64,0.0,1.58,-8.09
2019-02-19,1093.75,101576.0,136.67,0.0,-0.49,-11.29
2019-02-20,973.07,101634.1,136.69,5.36,2.76,-10.61
2019-02-21,908.71,101653.6,136.69,0.0,4.49,-7.17
2019-02-22,956.82,101702.0,136.71,1.18,8.78,-0.53
2019-02-23,954.84,101749.1,136.72,0.0,2.69,-6.38
2019-02-24,927.4,101779.8,136.73,0.0,0.82,-10.13
2019-02-25,838.19,101757.0,136.72,0.0,3.4,-10.03
2019-02-26,1163.93,101929.6,136.77,18.99,1.21,-9.04
2019-02-27,1077.08,102050.1,136.8,0.0,2.34,-6.95
2019-02-28,984.05,102114.8,136.81,0.0,0.66,-11.61
2019-03-01,990.1,102183.1,136.83,0.0,3.39,-4.22
2019-03-02,875.38,102182.6,136.83,0.0,3.08,-8.19
2019-03-03,874.21,102181.4,136.83,0.0,-0.09,-8.45
2019-03-04,826.1,102151.3,136.82,0.0,5.46,-5.87
2019-03-05,854.94,102138.5,136.82,0.0,0.91,-9.95
2019-03-06,867.51,102133.3,136.82,2.28,2.04,-9.47
2019-03-07,839.75,102111.4,136.81,0.46,2.85,-8.18
2019-03-08,828.33,102082.6,136.81,0.0,3.54,-6.91
2019-03-09,886.28,102088.7,136.81,0.0,9.52,-1.32
2019-03-10,797.35,102041.3,136.79,0.0,7.28,-4.09
2019-03-11,826.83,102011.7,136.79,0.0,10.89,-1.89
2019-03-12,787.27,101958.3,136.77,0.0,7.78,-2.56
2019-03-13,948.35,102001.6,136.78,8.51,12.54,2.07
2019-03-14,907.97,102020.6,136.79,0.0,13.54,-0.03
2019-03-15,870.66,102017.2,136.79,0.0,12.29,-0.27
2019-03-16,926.19,102047.2,136.8,3.5,9.12,-0.74
2019-03-17,1426.43,102377.3,136.88,26.92,9.56,0.33
2019-03-18,1406.05,102695.2,136.96,0.0,6.43,-3.17
2019-03-19,1305.2,102952.6,137.03,0.01,9.78,-1.73
2019-03-20,1119.54,103098.6,137.07,0.0,5.85,-8.17
2019-03-21,1041.06,103197.5,137.09,0.0,8.71,-3.52
2019-03-22,1016.89,103281.9,137.12,2.56,13.37,4.75
2019-03-23,1026.1,103371.8,137.14,0.0,15.16,3.83
2019-03-24,1062.34,103483.4,137.17,0.0,14.31,1.97
2019-03-25,971.39,103540.5,137.18,0.0,15.72,5.4
2019-03-26,996.89,103612.9,137.2,6.93,15.01,5.38
2019-03-27,1019.74,103699.0,137.22,0.0,18.88,10.24
2019-03-28,1051.74,103804.3,137.25,0.0,22.92,11.44
2019-03-29,968.58,103859.7,137.27,0.0,22.29,11.47
2019-03-30,786.64,103805.9,137.25,0.0,26.46,14.47
2019-03-31,754.2,103732.7,137.23,0.0,19.36,7.21
2019-04-01,823.11,103700.8,137.23,0.0,14.28,3.44
2019-04-02,866.19,103694.8,137.22,2.22,18.4,7.26
2019-04-03,746.01,103616.7,137.2,0.0,18.94,8.67
2019-04-04,958.05,103665.8,137.22,15.63,17.25,7.85
2019-04-05,892.93,103675.8,137.22,0.0,19.91,7.25
2019-04-06,882.04,103679.2,137.22,0.0,20.25,7.11
2019-04-07,828.17,103650.4,137.21,0.0,25.32,11.4
2019-04-08,815.03,103613.7,137.2,0.0,24.87,13.01
2019-04-09,832.69,103587.6,137.2,0.0,25.48,15.69
2019-04-10,796.3,103539.6,137.18,0.0,20.51,7.58
2019-04-11,953.0,103585.6,137.2,0.0,23.38,10.83
2019-04-12,879.55,103587.6,137.2,0.0,24.41,12.1
2019-04-13,882.89,103591.6,137.2,0.0,19.36,7.47
2019-04-14,847.89,103574.6,137.19,0.0,21.39,11.75
2019-04-15,774.2,103513.4,137.18,0.0,23.14,10.97
2019-04-16,777.81,103454.3,137.16,1.98,17.61,7.16
2019-04-17,947.22,103496.9,137.17,9.63,18.03,7.94
2019-04-18,956.25,103544.9,137.18,3.93,20.34,7.39
2019-04-19,855.44,103532.4,137.18,0.0,21.5,11.08
2019-04-20,782.59,103476.2,137.17,0.0,21.05,6.57
2019-04-21,773.75,103414.8,137.15,0.0,17.5,6.36
2019-04-22,751.75,103340.1,137.13,0.0,20.25,11.78
2019-04-23,773.25,103278.3,137.12,0.0,22.4,11.43
2019-04-24,851.51,103263.4,137.11,5.21,20.14,8.08
2019-04-25,845.06,103244.7,137.11,0.0,23.47,11.45
2019-04-26,752.23,103170.3,137.09,0.0,24.58,11.58
2019-04-27,797.94,103123.3,137.08,0.0,19.99,10.49
2019-04-28,830.44,103095.8,137.07,0.0,23.06,13.73
2019-04-29,748.04,103018.9,137.05,0.0,24.18,13.47
2019-04-30,825.6,102988.5,137.04,0.0,22.88,7.93
2019-05-01,757.93,102917.5,137.02,0.0,22.0,12.27
2019-05-02,759.62,102847.6,137.0,0.0,25.23,13.37
2019-05-03,924.96,102876.8,137.01,0.0,28.29,16.06
2019-05-04,825.16,102846.2,137.0,0.0,24.52,15.08
2019-05-05,775.99,102786.0,136.99,0.0,25.29,13.39
2019-05-06,828.16,102757.2,136.98,0.0,24.01,13.32
2019-05-07,914.37,102780.0,136.99,0.0,24.67,13.34
2019-05-08,1231.62,102993.3,137.04,14.76,24.71,14.21
2019-05-09,955.26,103040.7,137.05,0.79,25.95,13.94
2019-05-10,870.09,103037.0,137.05,0.0,25.47,12.94
2019-05-11,739.89,102955.2,137.03,0.0,27.27,15.57
2019-05-12,768.1,102890.3,137.01,0.0,29.7,17.97
2019-05-13,793.66,102840.7,137.0,0.0,26.05,17.2
2019-05-14,725.26,102750.1,136.98,0.0,25.88,16.31
2019-05-15,672.84,102628.1,136.95,0.0,25.43,14.94
2019-05-16,677.61,102508.9,136.92,1.56,28.42,17.9
2019-05-17,754.85,102436.1,136.9,7.12,32.27,21.13
2019-05-18,793.92,102386.7,136.88,0.0,29.15,16.12
2019-05-19,704.62,102283.7,136.86,0.0,24.38,14.46
2019-05-20,730.17,102196.1,136.83,0.0,25.47,11.9
2019-05-21,664.97,102069.3,136.8,0.0,25.72,15.34
2019-05-22,695.89,101961.1,136.77,5.01,28.9,18.96
2019-05-23,672.56,101838.9,136.74,0.0,25.17,15.98
2019-05-24,650.26,101703.3,136.71,0.0,25.34,14.88
2019-05-25,555.83,101511.1,136.66,0.0,28.57,19.26
2019-05-26,681.94,101394.5,136.63,5.7,26.94,18.46
2019-05-27,680.85,101277.3,136.6,5.15,29.89,18.03
2019-05-28,564.23,101090.1,136.55,0.19,28.0,15.64
2019-05-29,507.59,100868.9,136.49,0.0,28.31,17.96
2019-05-30,903.27,100885.1,136.49,26.84,33.5,21.28
2019-05-31,805.38,100842.6,136.48,0.0,29.6,18.63
2019-06-01,676.88,100722.9,136.45,0.0,28.45,16.47
2019-06-02,632.91,100576.9,136.41,0.0,26.74,17.86
2019-06-03,567.16,100391.5,136.37,0.0,31.22,19.05
2019-06-04,554.07,100198.2,136.32,0.66,33.03,18.11
2019-06-05,518.85,99983.8,136.26,0.0,29.72,18.86
2019-06-06,530.95,99776.6,136.21,0.0,32.2,21.49
2019-06-07,450.85,99521.4,136.14,0.0,33.5,22.15
2019-06-08,461.55,99272.5,136.08,0.0,34.42,23.39
2019-06-09,435.28,99008.0,136.01,0.0,36.3,25.08
2019-06-10,534.5,98802.9,135.95,0.0,31.05,21.41
2019-06-11,496.73,98575.2,135.89,0.0,26.6,19.21
2019-06-12,500.87,98350.0,135.84,0.0,27.06,17.44
2019-06-13,448.89,98093.6,135.77,0.0,29.83,17.45
2019-06-14,416.31,97817.6,135.7,0.0,27.89,19.28
2019-06-15,416.64,97541.9,135.63,0.0,31.64,19.33
2019-06-16,507.4,97320.6,135.57,10.21,28.27,17.9
2019-06-17,463.72,97073.0,135.5,0.0,25.59,12.9
2019-06-18,581.21,96896.0,135.46,14.6,22.36,10.9
2019-06-19,611.82,96737.4,135.42,0.0,21.71,10.19
2019-06-20,637.35,96594.0,135.38,0.0,25.08,13.05
2019-06-21,606.7,96432.3,135.34,0.0,28.29,17.9
2019-06-22,581.18,96255.3,135.29,0.0,29.68,19.14
2019-06-23,637.95,96112.3,135.25,5.38,27.62,17.64
2019-06-24,580.68,95935.0,135.21,0.0,26.62,18.83
2019-06-25,567.76,95749.9,135.16,0.0,30.25,18.11
2019-06-26,584.5,95574.8,135.12,0.0,28.24,20.33
2019-06-27,609.5,95414.8,135.07,0.0,29.37,18.41
2019-06-28,635.99,95270.6,135.04,0.0,24.99,13.61
2019-06-29,707.27,95169.3,135.01,0.0,25.9,14.08
2019-06-30,768.23,95104.5,134.99,0.0,31.05,18.62
2019-07-01,737.68,95021.3,134.97,0.0,32.12,18.38
2019-07-02,731.7,94934.6,134.95,0.0,34.96,21.87
2019-07-03,650.05,94798.9,134.91,0.0,32.87,23.78
2019-07-04,606.1,94636.8,134.87,0.0,31.52,22.66
2019-07-05,571.89,94454.2,134.82,0.0,31.75,19.69
2019-07-06,538.62,94251.6,134.77,0.0,26.88,16.88
2019-07-07,471.25,94008.6,134.71,0.0,26.24,16.57
2019-07-08,489.18,93776.4,134.65,0.0,27.02,16.02
2019-07-09,464.12,93529.1,134.58,0.0,27.15,16.8
2019-07-10,466.83,93283.5,134.52,0.0,31.82,19.76
2019-07-11,505.01,93060.7,134.46,0.0,31.49,17.14
2019-07-12,505.2,92838.1,134.4,0.0,28.24,18.44
2019-07-13,480.72,92600.8,134.34,0.0,31.53,23.64
2019-07-14,542.54,92400.6,134.29,1.3,29.86,16.5
2019-07-15,471.63,92157.8,134.23,0.0,29.16,18.65
2019-07-16,498.43,91931.1,134.17,0.0,29.33,19.46
2019-07-17,488.96,91698.8,134.11,0.0,27.67,15.31
2019-07-18,505.47,91476.3,134.05,0.0,27.7,16.27
2019-07-19,530.96,91269.1,134.0,0.0,29.96,20.58
2019-07-20,596.09,91101.0,133.95,0.0,35.35,24.3
2019-07-21,569.95,90917.3,133.91,0.0,28.91,16.92
2019-07-22,585.92,90743.1,133.86,0.0,27.07,14.34
2019-07-23,599.39,90577.0,133.82,0.0,25.25,14.04
2019-07-24,609.91,90417.2,133.78,0.0,25.58,11.31
2019-07-25,594.4,90248.1,133.73,0.0,25.69,14.93
2019-07-26,679.56,90130.0,133.7,1.83,31.64,21.1
2019-07-27,656.23,89998.0,133.67,0.0,31.97,17.39
2019-07-28,546.85,89800.4,133.62,0.0,25.97,14.44
2019-07-29,565.66,89614.0,133.57,0.0,26.0,12.49
2019-07-30,538.78,89411.6,133.51,0.0,21.2,8.02
2019-07-31,555.51,89219.1,133.46,0.0,23.02,9.28
2019-08-01,654.21,89085.9,133.43,0.0,28.49,15.06
2019-08-02,624.45,88934.8,133.39,0.0,21.18,9.84
2019-08-03,634.83,88790.0,133.35,0.0,26.73,14.43
2019-08-04,670.69,88666.7,133.32,0.0,29.82,19.31
2019-08-05,594.86,88497.8,133.28,0.0,30.63,20.18
2019-08-06,694.02,88388.5,133.25,0.0,32.21,20.43
2019-08-07,709.78,88288.6,133.22,0.0,26.04,15.81
2019-08-08,789.81,88236.8,133.21,0.0,28.33,18.27
2019-08-09,810.49,88197.3,133.2,0.0,25.04,14.84
2019-08-10,698.77,88090.8,133.17,0.0,28.76,16.97
2019-08-11,732.17,88004.4,133.15,0.0,31.76,19.54
2019-08-12,725.1,87913.7,133.13,0.0,29.33,21.3
2019-08-13,770.65,87850.4,133.11,0.0,27.0,16.24
2019-08-14,884.25,87855.2,133.11,7.9,24.38,15.54
2019-08-15,795.57,87806.8,133.1,0.0,31.04,20.87
2019-08-16,677.71,87687.6,133.07,0.0,27.58,15.71
2019-08-17,601.59,87522.8,133.02,0.0,25.37,12.73
2019-08-18,599.27,87356.7,132.98,0.0,23.53,12.41
2019-08-19,606.59,87194.9,132.94,0.0,21.39,10.94
2019-08-20,667.81,87069.8,132.91,0.0,21.17,11.46
2019-08-21,921.69,87097.1,132.91,13.95,19.57,8.74
2019-08-22,892.92,87107.1,132.92,0.0,22.46,11.75
2019-08-23,870.4,87103.6,132.92,0.0,16.73,7.9
2019-08-24,754.22,87030.4,132.9,0.0,20.85,6.79
2019-08-25,699.49,86924.3,132.87,0.0,20.7,8.68
2019-08-26,601.73,86759.6,132.83,0.0,22.27,9.41
2019-08-27,566.53,86573.8,132.78,0.0,17.19,7.87
2019-08-28,581.74,86397.1,132.73,0.0,21.92,10.2
2019-08-29,554.46,86204.0,132.68,0.0,27.3,14.78
2019-08-30,544.87,86005.2,132.63,0.0,24.81,15.42
2019-08-31,533.23,85799.4,132.58,0.0,28.72,17.08
2019-09-01,523.96,85588.0,132.52,0.0,24.51,12.88
2019-09-02,497.48,85360.8,132.46,0.0,27.89,19.82
2019-09-03,487.71,85127.7,132.4,0.0,28.89,17.66
2019-09-04,517.22,84912.2,132.35,0.0,26.73,16.67
2019-09-05,464.32,84665.1,132.28,0.0,29.28,17.46
2019-09-06,506.4,84443.2,132.22,0.0,34.44,24.54
2019-09-07,586.86,84269.5,132.18,0.0,32.39,21.04
2019-09-08,833.14,84243.7,132.17,9.28,27.19,19.28
2019-09-09,925.64,84273.3,132.18,0.0,22.68,12.46
2019-09-10,779.64,84215.4,132.17,0.0,26.27,15.79
2019-09-11,703.18,84111.5,132.14,0.0,24.15,12.27
2019-09-12,716.57,84015.7,132.11,0.0,25.2,13.55
2019-09-13,665.63,83889.4,132.08,0.0,25.2,16.04
2019-09-14,700.27,83783.8,132.05,0.0,24.33,15.06
2019-09-15,688.03,83670.8,132.02,0.0,26.44,14.04
2019-09-16,877.25,83671.5,132.02,5.67,30.01,18.31
2019-09-17,944.01,83712.1,132.03,0.0,24.25,15.75
2019-09-18,1021.2,83799.1,132.06,0.0,25.35,14.86
2019-09-19,948.21,83842.3,132.07,0.0,24.88,15.19
2019-09-20,1204.22,84039.1,132.12,8.31,20.36,10.18
2019-09-21,1008.28,84118.3,132.14,0.0,21.08,10.24
2019-09-22,947.92,84161.3,132.15,0.0,26.5,14.52
2019-09-23,929.3,84193.1,132.16,0.0,23.39,12.66
2019-09-24,950.19,84237.5,132.17,6.35,21.98,11.3
2019-09-25,823.26,84205.7,132.16,0.0,21.08,8.22
2019-09-26,881.29,84208.7,132.16,0.0,25.11,13.2
2019-09-27,1038.12,84305.9,132.19,5.11,20.09,10.44
2019-09-28,1041.37,84404.9,132.21,0.0,17.5,7.98
2019-09-29,1159.51,84574.9,132.26,3.05,16.64,5.74
2019-09-30,1104.11,84711.6,132.29,0.0,20.45,7.37
2019-10-01,1135.3,84867.1,132.33,0.0,21.5,10.2
2019-10-02,948.74,84910.6,132.35,0.0,17.72,7.13
2019-10-03,875.93,84910.4,132.35,0.0,17.03,6.08
2019-10-04,1225.58,85120.0,132.4,13.49,16.32,5.46
2019-10-05,1193.29,85310.2,132.45,12.1,19.72,9.26
2019-10-06,903.43,85326.5,132.45,0.0,16.51,3.89
2019-10-07,921.67,85353.8,132.46,0.0,17.08,2.59
2019-10-08,1291.91,85603.2,132.53,18.0,17.39,6.28
2019-10-09,1029.61,85695.2,132.55,0.0,13.4,2.79
2019-10-10,850.2,85679.6,132.55,0.0,15.43,1.46
2019-10-11,786.57,85625.8,132.53,0.0,15.13,3.12
2019-10-12,802.75,85581.7,132.52,0.0,16.96,6.34
2019-10-13,856.19,85569.6,132.52,0.0,22.03,10.03
2019-10-14,820.71,85536.3,132.51,0.0,20.65,9.03
2019-10-15,745.85,85458.1,132.49,0.0,19.53,5.78
2019-10-16,656.67,85326.4,132.45,0.0,19.33,9.12
2019-10-17,551.78,85131.7,132.4,0.0,19.6,6.22
2019-10-18,523.8,84920.2,132.35,0.0,15.06,5.57
2019-10-19,516.82,84704.6,132.29,0.0,19.71,7.11
2019-10-20,477.88,84465.5,132.23,0.0,18.89,9.23
2019-10-21,494.15,84236.3,132.17,0.0,18.49,7.15
2019-10-22,562.34,84047.9,132.12,5.4,20.63,11.33
2019-10-23,546.82,83850.3,132.07,0.0,15.59,5.98
2019-10-24,514.74,83633.4,132.01,0.0,15.63,4.59
2019-10-25,496.32,83405.4,131.96,0.0,10.27,0.22
2019-10-26,474.66,83164.5,131.89,0.0,12.62,2.22
2019-10-27,504.95,82941.7,131.83,0.0,10.13,0.68
2019-10-28,516.66,82726.0,131.78,0.0,10.87,-1.88
2019-10-29,740.91,82644.8,131.76,10.59,12.12,1.81
2019-10-30,645.01,82506.0,131.72,0.0,13.88,4.38
2019-10-31,659.56,82376.0,131.69,0.15,17.55,6.24
2019-11-01,551.75,82181.3,131.64,0.0,15.95,4.48
2019-11-02,614.85,82024.5,131.6,0.0,19.07,9.09
2019-11-03,541.47,81823.6,131.54,0.0,21.65,10.47
2019-11-04,566.95,81638.1,131.5,0.0,17.16,3.9
2019-11-05,573.67,81456.5,131.45,0.0,14.42,5.42
2019-11-06,555.75,81264.2,131.4,0.0,19.77,8.08
2019-11-07,540.75,81062.9,131.35,0.0,16.37,4.78
2019-11-08,608.54,80902.3,131.3,0.0,16.08,2.67
2019-11-09,507.7,80681.2,131.25,0.0,17.06,4.04
2019-11-10,464.58,80434.2,131.18,0.0,8.47,-0.32
2019-11-11,475.53,80193.7,131.12,4.14,9.77,-0.55
2019-11-12,524.01,79982.4,131.07,0.0,9.73,-1.9
2019-11-13,462.32,79734.0,131.0,0.0,9.6,-4.87
2019-11-14,453.56,79480.4,130.94,0.0,9.05,-1.29
2019-11-15,492.5,79250.2,130.88,0.0,7.08,-2.55
2019-11-16,652.12,79115.7,130.84,8.88,9.63,-3.4
2019-11-17,596.47,78947.8,130.8,0.0,15.24,2.83
2019-11-18,490.76,78716.6,130.74,0.0,5.8,-4.43
2019-11-19,523.33,78504.8,130.68,0.0,5.53,-5.14
2019-11-20,471.4,78261.9,130.62,0.0,8.15,-2.57
2019-11-21,460.58,78012.5,130.55,0.0,8.91,-1.78
2019-11-22,473.03,77770.6,130.49,0.0,10.15,-3.23
2019-11-23,499.18,77544.3,130.43,0.0,1.41,-9.27
2019-11-24,475.97,77304.2,130.37,0.0,8.58,-2.11
2019-11-25,586.88,77130.6,130.33,6.29,6.79,-2.76
2019-11-26,603.86,76967.1,130.28,0.0,5.48,-6.08
2019-11-27,561.96,76778.6,130.23,0.0,6.45,-4.38
2019-11-28,543.13,76578.7,130.18,0.0,10.43,-2.29
2019-11-29,587.8,76405.6,130.14,0.0,10.77,1.66
2019-11-30,628.7,76257.1,130.1,0.0,11.53,2.54
2019-12-01,601.92,76092.5,130.06,0.0,13.0,0.08
2019-12-02,749.68,76016.6,130.04,0.0,11.52,-0.26
2019-12-03,763.43,75948.9,130.02,0.0,8.75,-5.82
2019-12-04,803.04,75905.0,130.01,0.0,7.37,-3.67
2019-12-05,814.91,75868.2,130.0,0.79,8.02,-3.54
2019-12-06,1501.86,76243.5,130.1,28.05,5.18,-4.7
2019-12-07,1286.32,76489.6,130.16,0.0,8.37,-2.06
2019-12-08,1240.52,76708.2,130.22,0.0,6.96,-3.47
2019-12-09,1167.98,76883.2,130.26,0.0,12.77,-0.01
2019-12-10,978.27,76944.4,130.28,0.0,10.86,0.17
2019-12-11,1154.41,77111.3,130.32,14.12,5.77,-4.66
2019-12-12,966.18,77165.3,130.33,0.0,7.69,-2.89
2019-12-13,818.4,77130.6,130.33,0.0,1.8,-8.51
2019-12-14,738.47,77047.9,130.3,0.0,3.19,-8.22
2019-12-15,735.51,76963.5,130.28,0.0,6.14,-3.44
2019-12-16,695.29,76854.9,130.25,2.04,8.12,-2.54
2019-12-17,582.52,76678.7,130.21,0.0,3.93,-6.73
2019-12-18,514.3,76461.5,130.15,0.0,5.42,-8.0
2019-12-19,542.9,76261.5,130.1,0.0,-1.33,-13.44
2019-12-20,539.39,76059.4,130.05,0.0,-4.27,-14.01
2019-12-21,547.03,75861.9,130.0,0.0,-1.94,-12.65
2019-12-22,589.72,75690.0,129.95,0.0,-4.21,-14.95
2019-12-23,810.83,75650.7,129.94,9.76,-5.21,-16.84
2019-12-24,784.26,75595.5,129.93,0.0,-2.31,-12.62
2019-12-25,754.82,75522.7,129.91,0.0,2.23,-11.0
2019-12-26,730.13,75435.0,129.89,2.24,0.34,-13.15
2019-12-27,799.51,75389.0,129.87,0.0,-0.55,-10.61
2019-12-28,790.2,75337.3,129.86,0.0,4.09,-6.08
2019-12-29,802.88,75293.3,129.85,4.74,0.54,-8.49
2019-12-30,750.67,75218.0,129.83,0.0,4.93,-4.29
2019-12-31,825.14,75187.3,129.82,0.0,10.26,0.21
2020-01-01,977.18,75247.9,129.84,0.0,7.73,-1.95
2020-01-02,912.21,75269.5,129.84,0.0,6.13,-3.79
2020-01-03,1060.74,75380.2,129.87,7.08,6.42,-6.41
2020-01-04,1115.28,75523.6,129.91,0.0,7.89,-2.77
2020-01-05,1081.35,75646.7,129.94,0.0,5.51,-3.08
2020-01-06,1075.17,75766.0,129.97,0.0,8.26,-4.44
2020-01-07,1068.15,75881.2,130.0,0.0,5.0,-5.2
2020-01-08,1092.03,76010.6,130.03,1.6,7.14,-5.52
2020-01-09,1119.91,76156.8,130.07,0.0,4.02,-5.55
2020-01-10,1032.99,76250.9,130.1,1.19,0.65,-7.79
2020-01-11,883.16,76255.0,130.1,0.0,1.0,-11.46
2020-01-12,815.85,76218.8,130.09,0.0,-0.33,-11.0
2020-01-13,809.58,76178.8,130.08,0.0,2.94,-7.18
2020-01-14,746.56,76101.0,130.06,0.0,7.15,-1.97
2020-01-15,802.45,76056.7,130.05,0.0,5.07,-7.06
2020-01-16,839.27,76034.5,130.04,0.0,3.46,-6.97
2020-01-17,802.42,75990.2,130.03,0.0,0.14,-9.72
2020-01-18,790.82,75939.0,130.02,0.0,-6.4,-16.44
2020-01-19,819.81,75905.1,130.01,0.0,-3.56,-14.96
2020-01-20,815.61,75868.8,130.0,0.0,0.52,-12.03
2020-01-21,864.3,75861.6,130.0,0.0,4.36,-8.94
2020-01-22,886.41,75867.7,130.0,0.0,6.44,-3.05
2020-01-23,804.37,75824.6,129.99,0.0,3.95,-9.13
2020-01-24,894.85,75835.7,129.99,0.0,9.96,0.54
2020-01-25,924.94,75865.0,130.0,0.0,6.89,-2.48
2020-01-26,950.73,75909.7,130.01,0.0,2.7,-7.31
2020-01-27,988.56,75977.0,130.03,0.18,5.91,-5.28
2020-01-28,1098.83,76110.6,130.06,1.31,2.46,-10.36
2020-01-29,1672.96,76588.6,130.18,19.09,-0.31,-10.98
2020-01-30,1489.28,76956.4,130.28,3.38,6.01,-2.61
2020-01-31,1511.88,77337.8,130.38,0.0,3.26,-7.02
2020-02-01,1292.52,77587.6,130.44,0.0,3.33,-8.06
2020-02-02,1125.04,77736.9,130.48,0.0,1.3,-9.39
2020-02-03,1403.62,78053.3,130.57,7.05,4.52,-8.78
2020-02-04,1500.12,78427.6,130.66,6.96,4.81,-7.35
2020-02-05,1567.47,78842.4,130.77,5.0,5.89,-4.38
2020-02-06,1457.27,79191.0,130.86,0.0,11.75,0.08
2020-02-07,1241.76,79410.3,130.92,0.31,7.72,-2.88
2020-02-08,1173.0,79588.4,130.96,0.0,9.35,-1.99
2020-02-09,1146.96,79750.8,131.01,0.0,10.22,-1.66
2020-02-10,1065.35,79864.2,131.04,0.0,11.29,0.98
2020-02-11,1111.73,80005.5,131.07,0.0,9.95,-1.77
2020-02-12,1127.58,80156.3,131.11,0.0,7.15,-3.22
2020-02-13,1140.05,80314.6,131.15,0.0,11.08,-3.84
2020-02-14,1233.64,80529.1,131.21,4.17,13.37,2.68
2020-02-15,1099.22,80662.9,131.24,0.0,14.72,3.91
2020-02-16,1046.75,80765.2,131.27,0.0,8.7,-1.82
2020-02-17,1069.16,80880.9,131.3,0.0,11.06,-1.63
2020-02-18,1203.63,81077.4,131.35,7.58,5.22,-4.25
2020-02-19,1287.09,81323.9,131.41,0.0,7.43,-2.76
2020-02-20,1270.53,81560.4,131.48,0.0,4.61,-4.48
2020-02-21,1148.76,81723.9,131.52,0.72,4.68,-4.91
2020-02-22,1045.66,81825.6,131.54,0.0,3.62,-10.27
2020-02-23,1057.41,81934.3,131.57,0.4,3.87,-5.75
2020-02-24,1287.09,82180.8,131.64,3.59,5.35,-4.58
2020-02-25,1266.19,82414.8,131.7,0.0,5.03,-5.81
2020-02-26,1300.45,82669.3,131.76,0.0,12.4,-0.45
2020-02-27,1304.86,82926.5,131.83,0.0,10.43,-2.41
2020-02-28,1225.7,83136.1,131.89,0.0,10.63,-0.76
2020-02-29,1123.67,83284.6,131.92,0.0,10.55,0.15
2020-03-01,1195.58,83476.2,131.97,0.38,12.08,-0.43
2020-03-02,1308.02,83735.3,132.04,5.13,9.07,-3.27
2020-03-03,1346.55,84017.5,132.11,0.27,10.67,-3.31
2020-03-04,1432.89,84351.4,132.2,5.7,16.11,5.74
2020-03-05,1435.21,84686.8,132.29,0.0,17.29,6.93
2020-03-06,1365.39,84980.3,132.36,1.03,15.79,5.02
2020-03-07,1178.35,85161.6,132.41,1.17,12.93,1.3
2020-03-08,1196.6,85353.8,132.46,4.29,16.78,3.42
2020-03-09,1546.56,85756.0,132.57,8.8,10.82,1.15
2020-03-10,1755.68,86283.6,132.7,0.0,3.06,-8.18
2020-03-11,1667.89,86758.6,132.83,0.0,5.12,-7.18
2020-03-12,1481.24,87121.6,132.92,0.0,3.91,-8.25
2020-03-13,1452.58,87467.4,133.01,10.96,8.72,-1.36
2020-03-14,1586.18,87893.4,133.12,10.68,10.73,-0.19
2020-03-15,1430.42,88225.9,133.21,0.0,11.16,0.21
2020-03-16,1334.98,88501.1,133.28,0.0,6.22,-4.1
2020-03-17,1372.69,88799.0,133.36,6.97,10.33,-2.3
2020-03-18,1476.36,89159.1,133.45,7.5,15.52,2.73
2020-03-19,1536.98,89555.5,133.55,9.59,13.68,0.45
2020-03-20,1961.28,90206.6,133.72,18.51,14.6,2.11
2020-03-21,1607.0,90645.0,133.84,0.0,14.74,3.95
2020-03-22,1398.17,90958.2,133.92,2.03,9.5,-0.3
2020-03-23,1275.44,91197.7,133.98,0.0,10.84,-1.32
2020-03-24,1159.68,91367.7,134.02,1.08,12.89,3.9
2020-03-25,1264.97,91601.0,134.08,4.13,7.12,-4.2
2020-03-26,1125.83,91750.7,134.12,0.0,13.29,0.54
2020-03-27,1084.47,91875.7,134.15,0.71,16.86,3.9
2020-03-28,984.57,91940.7,134.17,0.0,17.57,9.11
2020-03-29,1032.79,92034.6,134.2,0.0,19.71,6.91
2020-03-30,1083.95,92159.2,134.23,0.0,15.42,4.72
2020-03-31,982.25,92222.8,134.24,0.0,16.51,7.46
2020-04-01,917.42,92247.5,134.25,0.0,19.89,10.17
2020-04-02,952.82,92293.5,134.26,0.0,17.46,8.42
2020-04-03,863.36,92285.8,134.26,0.0,15.23,5.66
2020-04-04,817.92,92250.8,134.25,0.0,19.87,9.5
2020-04-05,934.2,92285.5,134.26,0.0,22.23,9.84
2020-04-06,924.04,92314.2,134.27,0.85,23.54,11.33
2020-04-07,973.3,92372.5,134.28,0.0,19.2,10.96
2020-04-08,885.79,92378.2,134.29,0.0,20.15,9.32
2020-04-09,966.57,92432.4,134.3,0.05,15.44,4.13
2020-04-10,904.35,92449.2,134.3,0.0,14.38,6.02
2020-04-11,929.37,92481.1,134.31,0.0,17.49,6.76
2020-04-12,1086.58,92607.3,134.34,3.44,18.42,5.08
2020-04-13,1153.29,92773.6,134.39,1.81,11.89,4.02
2020-04-14,1221.27,92980.6,134.44,5.01,10.06,-2.11
2020-04-15,1313.68,93243.0,134.51,0.0,10.88,-1.63
2020-04-16,1190.98,93431.9,134.56,0.0,12.02,-1.05
2020-04-17,1011.01,93512.7,134.58,0.0,14.54,3.27
2020-04-18,1277.85,93753.7,134.64,6.49,18.51,7.17
2020-04-19,1294.55,94004.7,134.71,0.0,22.32,11.04
2020-04-20,1362.22,94296.3,134.78,6.31,23.06,12.9
2020-04-21,1312.2,94557.9,134.85,0.0,22.4,10.6
2020-04-22,1030.37,94650.3,134.88,0.0,19.44,10.74
2020-04-23,1001.03,94725.2,134.89,0.0,23.74,12.03
2020-04-24,983.75,94789.7,134.91,0.0,22.94,12.17
2020-04-25,1152.83,94955.7,134.95,9.06,25.55,13.13
2020-04-26,1102.81,95091.6,134.99,0.0,20.31,8.77
2020-04-27,1187.25,95278.2,135.04,8.03,23.84,12.9
2020-04-28,1208.23,95477.4,135.09,0.0,21.0,8.32
2020-04-29,1171.38,95654.5,135.14,0.0,19.11,6.71
2020-04-30,1100.55,95789.1,135.17,0.0,20.29,8.86
2020-05-01,1071.73,95906.4,135.2,0.0,23.66,12.28
2020-05-02,1015.89,95990.1,135.22,0.0,25.39,14.32
2020-05-03,1132.77,96144.1,135.26,2.42,18.8,8.31
2020-05-04,1071.76,96261.4,135.29,0.0,23.54,11.95
2020-05-05,1478.77,96622.9,135.39,15.77,21.31,9.81
2020-05-06,1194.37,96813.8,135.44,4.41,18.92,9.54
2020-05-07,1093.5,96944.1,135.47,5.2,21.63,7.92
2020-05-08,902.15,96959.7,135.47,0.0,21.95,9.56
2020-05-09,969.24,97015.5,135.49,0.0,21.94,11.47
2020-05-10,851.28,97000.5,135.49,0.6,23.84,13.73
2020-05-11,730.43,96913.0,135.46,0.0,23.2,15.44
2020-05-12,794.24,96863.8,135.45,3.02,23.83,10.59
2020-05-13,847.19,96846.4,135.45,0.0,24.03,12.47
2020-05-14,808.55,96805.8,135.43,0.0,18.42,7.73
2020-05-15,800.97,96760.6,135.42,0.0,17.7,5.4
2020-05-16,779.17,96702.4,135.41,0.0,21.59,9.94
2020-05-17,779.58,96644.4,135.39,0.0,21.42,12.53
2020-05-18,718.89,96549.9,135.37,0.0,17.98,7.59
2020-05-19,718.52,96455.3,135.34,0.0,22.06,11.29
2020-05-20,647.21,96317.9,135.31,0.0,19.92,11.92
2020-05-21,674.49,96196.8,135.28,0.0,22.55,13.55
2020-05-22,733.48,96111.2,135.25,0.0,31.12,18.33
2020-05-23,798.46,96064.5,135.24,0.0,28.45,20.92
2020-05-24,847.19,96047.1,135.24,0.0,28.96,19.88
2020-05-25,732.86,95961.1,135.22,0.0,26.13,17.3
2020-05-26,736.07,95877.0,135.19,2.77,26.73,16.34
2020-05-27,675.6,95756.6,135.16,0.0,27.84,17.51
2020-05-28,682.95,95640.6,135.13,0.0,24.2,12.51
2020-05-29,631.24,95493.6,135.09,0.0,27.45,16.12
2020-05-30,655.34,95361.1,135.06,0.0,28.96,18.21
2020-05-31,654.66,95228.1,135.03,0.0,25.77,14.93
2020-06-01,707.25,95126.7,135.0,0.0,24.68,14.27
2020-06-02,814.2,95089.5,134.99,0.0,22.93,11.16
2020-06-03,762.17,95021.1,134.97,0.0,26.38,13.02
2020-06-04,774.97,94960.3,134.96,0.0,30.63,21.55
2020-06-05,778.96,94901.9,134.94,0.0,25.77,14.07
2020-06-06,781.32,94845.0,134.93,0.41,26.76,16.09
2020-06-07,775.27,94784.4,134.91,0.07,30.09,17.36
2020-06-08,773.39,94722.7,134.89,0.0,29.59,19.3
2020-06-09,756.41,94650.8,134.88,0.0,29.13,19.28
2020-06-10,717.02,94555.3,134.85,0.0,28.16,15.92
2020-06-11,655.86,94423.0,134.82,0.0,31.03,16.14
2020-06-12,609.28,94262.8,134.77,0.0,26.28,18.32
2020-06-13,664.02,94135.5,134.74,7.96,26.32,14.32
2020-06-14,655.11,94002.8,134.71,0.0,26.68,15.27
2020-06-15,707.37,93901.5,134.68,0.0,25.27,15.8
2020-06-16,702.12,93797.0,134.65,0.0,26.9,15.42
2020-06-17,689.57,93685.0,134.62,0.0,26.72,14.54
2020-06-18,604.42,93521.9,134.58,0.0,30.98,17.28
2020-06-19,606.03,93359.8,134.54,0.0,35.31,23.69
2020-06-20,568.27,93175.0,134.49,0.0,31.88,20.01
2020-06-21,546.12,92977.0,134.44,0.0,34.02,24.73
2020-06-22,553.5,92783.3,134.39,0.0,35.6,22.5
2020-06-23,601.47,92618.4,134.35,0.0,29.83,18.85
2020-06-24,582.78,92442.4,134.3,0.0,31.32,20.0
2020-06-25,601.13,92277.3,134.26,0.0,35.34,22.8
2020-06-26,581.15,92100.2,134.21,0.0,36.37,25.94
2020-06-27,628.88,91951.8,134.17,0.0,31.63,19.7
2020-06-28,556.64,91760.1,134.12,0.0,36.16,24.19
2020-06-29,596.29,91592.1,134.08,0.0,36.63,23.01
2020-06-30,598.66,91425.5,134.04,0.0,35.71,23.73
2020-07-01,524.59,91214.6,133.98,0.0,36.08,26.1
2020-07-02,492.18,90984.1,133.92,0.0,33.6,21.72
2020-07-03,615.87,90827.9,133.88,1.12,33.47,24.44
2020-07-04,748.98,90751.5,133.86,6.12,33.73,21.11
2020-07-05,819.22,90717.3,133.85,0.0,34.03,20.1
2020-07-06,737.07,90633.8,133.83,0.0,34.4,21.08
2020-07-07,734.75,90548.9,133.81,0.0,33.14,25.93
2020-07-08,730.23,90461.3,133.79,0.0,29.65,17.76
2020-07-09,760.16,90391.7,133.77,0.0,30.17,18.57
2020-07-10,696.94,90284.1,133.74,0.0,30.73,21.03
2020-07-11,612.22,90125.7,133.7,0.0,31.82,19.13
2020-07-12,585.61,89951.3,133.65,0.0,32.06,18.91
2020-07-13,635.02,89806.6,133.62,0.0,26.79,13.19
2020-07-14,643.26,89666.8,133.58,0.0,27.45,16.65
2020-07-15,723.84,89575.3,133.56,3.89,23.03,14.45
2020-07-16,741.54,89494.5,133.54,3.72,29.82,19.34
2020-07-17,657.29,89363.1,133.5,0.0,29.84,21.17
2020-07-18,649.51,89227.1,133.47,0.0,29.7,20.38
2020-07-19,606.44,89065.2,133.42,0.0,26.56,16.3
2020-07-20,576.22,88885.2,133.38,0.0,21.86,12.05
2020-07-21,623.45,88733.5,133.34,0.0,29.03,16.73
2020-07-22,617.95,88578.6,133.3,0.0,31.51,19.35
2020-07-23,604.68,88415.6,133.26,0.0,32.64,21.77
2020-07-24,586.74,88241.9,133.21,0.0,32.03,21.71
2020-07-25,556.23,88049.9,133.16,0.0,28.62,17.71
2020-07-26,500.93,87824.7,133.1,0.0,30.53,21.38
2020-07-27,543.11,87624.9,133.05,2.67,33.98,22.05
2020-07-28,554.43,87431.8,133.0,0.0,33.95,23.63
2020-07-29,510.06,87212.1,132.94,0.0,34.02,23.22
2020-07-30,530.55,87004.7,132.89,0.0,29.53,20.1
2020-07-31,471.0,86761.5,132.83,0.0,31.74,19.6
2020-08-01,511.75,86542.8,132.77,0.0,29.06,18.64
2020-08-02,566.56,86357.0,132.72,0.0,33.26,23.02
2020-08-03,675.32,86236.5,132.69,0.0,29.47,20.54
2020-08-04,637.91,86093.4,132.65,0.0,32.5,20.55
2020-08-05,758.05,86022.5,132.63,0.0,34.05,21.3
2020-08-06,755.65,85950.2,132.62,0.0,33.19,24.42
2020-08-07,763.87,85882.8,132.6,0.0,38.76,27.23
2020-08-08,813.26,85845.0,132.59,0.0,34.39,24.06
2020-08-09,870.46,85841.5,132.59,0.0,28.39,20.07
2020-08-10,890.22,85849.9,132.59,0.0,26.04,18.06
2020-08-11,712.8,85751.8,132.56,0.0,24.94,14.94
2020-08-12,844.97,85733.1,132.56,0.0,33.45,20.59
2020-08-13,801.07,85688.0,132.55,0.0,35.42,23.8
2020-08-14,822.55,85655.7,132.54,0.0,30.92,18.69
2020-08-15,788.59,85603.1,132.53,0.0,29.35,18.38
2020-08-16,768.03,85538.2,132.51,0.0,29.91,19.41
2020-08-17,727.14,85448.8,132.49,0.0,31.12,17.97
2020-08-18,776.3,85388.8,132.47,0.0,27.23,17.94
2020-08-19,745.41,85310.3,132.45,0.0,23.57,13.34
2020-08-20,705.04,85207.6,132.42,0.0,20.55,12.39
2020-08-21,790.25,85156.0,132.41,0.0,25.48,13.64
2020-08-22,790.71,85104.7,132.4,0.0,21.02,10.98
2020-08-23,701.82,85000.0,132.37,0.0,23.76,11.66
2020-08-24,799.99,84954.3,132.36,0.0,25.53,14.65
2020-08-25,847.57,84937.1,132.35,0.0,26.76,17.64
2020-08-26,646.56,84799.2,132.32,0.0,19.43,9.09
2020-08-27,678.29,84680.5,132.29,0.0,26.16,14.49
2020-08-28,671.64,84557.7,132.25,0.0,26.94,14.03
2020-08-29,866.45,84551.8,132.25,0.0,29.76,18.03
2020-08-30,999.11,84625.6,132.27,0.0,26.65,15.33
2020-08-31,932.86,84659.5,132.28,0.0,29.6,16.69
2020-09-01,876.56,84659.7,132.28,0.0,28.89,16.45
2020-09-02,949.1,84703.4,132.29,0.0,26.81,16.68
2020-09-03,884.67,84708.5,132.29,0.0,27.05,16.24
2020-09-04,772.85,84646.5,132.28,0.0,25.16,11.39
2020-09-05,669.38,84522.3,132.25,0.0,28.68,18.32
2020-09-06,709.28,84422.2,132.22,0.0,30.67,19.49
2020-09-07,744.91,84343.4,132.2,0.0,32.2,20.68
2020-09-08,621.43,84190.5,132.16,0.0,28.68,16.13
2020-09-09,663.35,84062.7,132.13,0.0,31.53,20.73
2020-09-10,665.65,83936.4,132.09,0.0,28.52,17.22
2020-09-11,659.66,83806.4,132.06,0.0,30.72,20.02
2020-09-12,747.0,83728.9,132.04,0.0,34.46,23.01
2020-09-13,662.89,83600.9,132.01,0.0,31.64,21.32
2020-09-14,638.99,83458.5,131.97,0.0,25.77,13.1
2020-09-15,660.99,83329.4,131.94,0.0,21.25,11.23
2020-09-16,684.7,83214.5,131.91,1.08,22.88,12.91
2020-09-17,645.89,83076.2,131.87,0.0,20.4,9.08
2020-09-18,562.38,82887.9,131.82,0.0,19.12,8.43
2020-09-19,686.13,82773.9,131.79,0.0,21.23,9.79
2020-09-20,679.47,82655.8,131.76,0.0,18.4,8.01
2020-09-21,665.43,82529.3,131.73,0.0,14.24,4.1
2020-09-22,593.35,82359.6,131.68,0.0,18.94,7.36
2020-09-23,706.18,82257.5,131.66,0.0,15.29,3.1
2020-09-24,677.82,82138.5,131.63,0.0,13.0,-0.21
2020-09-25,720.96,82045.3,131.6,0.0,13.61,0.15
2020-09-26,769.01,81981.0,131.59,0.0,13.66,-0.26
2020-09-27,684.92,81866.2,131.56,0.0,14.17,3.46
2020-09-28,763.43,81798.5,131.54,0.0,15.3,4.21
2020-09-29,907.68,81817.4,131.54,0.0,16.37,2.4
2020-09-30,881.07,81820.3,131.54,0.0,18.25,7.09
2020-10-01,810.1,81780.6,131.53,0.0,25.33,11.68
2020-10-02,748.33,81703.8,131.51,0.0,19.35,9.58
2020-10-03,675.89,81583.6,131.48,0.0,23.17,10.4
2020-10-04,700.65,81478.3,131.45,0.0,22.08,13.9
2020-10-05,705.7,81375.9,131.43,0.0,19.42,11.16
2020-10-06,660.89,81246.7,131.39,0.0,13.05,3.54
2020-10-07,641.69,81106.0,131.36,0.0,16.94,7.5
2020-10-08,678.18,80987.2,131.33,0.0,15.88,3.96
2020-10-09,620.7,80833.8,131.29,0.0,16.9,5.8
2020-10-10,613.59,80676.2,131.25,0.0,10.81,-1.3
2020-10-11,575.53,80495.8,131.2,0.0,9.65,-1.09
2020-10-12,548.87,80299.4,131.15,0.0,6.8,-5.67
2020-10-13,597.64,80132.2,131.11,0.0,6.71,-5.55
2020-10-14,662.43,80003.9,131.07,0.0,10.69,-1.62
2020-10-15,635.42,79859.4,131.03,0.0,12.18,2.45
2020-10-16,572.87,79677.4,130.99,0.0,18.76,7.96
2020-10-17,621.38,79524.5,130.95,0.0,15.91,3.09
2020-10-18,573.92,79343.1,130.9,0.0,18.45,7.24
2020-10-19,540.09,79141.4,130.85,0.0,12.14,1.28
2020-10-20,574.3,78960.3,130.8,2.06,13.77,1.83
2020-10-21,617.82,78805.2,130.76,0.0,17.21,5.34
2020-10-22,558.5,78614.6,130.71,0.0,21.06,10.96
2020-10-23,566.83,78428.9,130.66,0.0,15.87,5.23
2020-10-24,512.27,78210.5,130.61,0.0,18.68,8.55
2020-10-25,578.77,78032.0,130.56,3.14,15.77,3.39
2020-10-26,606.65,77870.3,130.52,0.0,11.84,1.91
2020-10-27,636.84,77726.6,130.48,0.0,19.5,5.04
2020-10-28,619.52,77572.6,130.44,0.0,14.12,4.42
2020-10-29,611.68,77413.9,130.4,0.0,19.53,7.82
2020-10-30,671.95,77291.3,130.37,2.05,15.44,6.76
2020-10-31,665.57,77164.9,130.33,0.0,14.56,4.72
2020-11-01,695.31,77056.3,130.31,0.0,18.25,4.55
2020-11-02,824.29,77025.2,130.3,0.0,10.96,-0.22
2020-11-03,853.92,77011.8,130.29,0.0,9.3,1.17
2020-11-04,817.65,76976.6,130.29,2.57,10.2,-0.41
2020-11-05,809.71,76936.7,130.28,0.0,11.43,0.36
2020-11-06,744.38,76857.6,130.25,0.0,10.4,-2.82
2020-11-07,691.42,76746.7,130.23,0.0,13.55,0.68
2020-11-08,845.54,76728.3,130.22,14.63,14.44,0.84
2020-11-09,685.15,76613.6,130.19,0.0,12.74,0.94
2020-11-10,623.82,76462.2,130.15,0.0,7.22,-1.82
2020-11-11,674.52,76341.1,130.12,0.0,8.13,-2.1
2020-11-12,703.77,76237.7,130.09,0.0,13.42,4.27
2020-11-13,598.74,76071.2,130.05,0.0,14.54,3.06
2020-11-14,526.34,75861.2,130.0,0.0,13.91,2.52
2020-11-15,563.67,75673.7,129.95,0.0,12.93,2.82
2020-11-16,624.42,75522.6,129.91,0.0,12.57,0.63
2020-11-17,547.63,75325.4,129.86,0.0,9.4,-1.2
2020-11-18,504.55,75102.4,129.8,0.0,12.36,3.0
2020-11-19,513.37,74884.7,129.74,0.0,17.09,6.48
2020-11-20,533.87,74679.3,129.69,0.41,18.05,6.4
2020-11-21,492.68,74449.1,129.63,0.0,10.07,1.79
2020-11-22,521.03,74236.0,129.57,0.0,12.16,0.13
2020-11-23,493.9,74006.6,129.51,0.0,13.65,3.69
2020-11-24,472.37,73764.3,129.45,0.0,15.79,0.97
2020-11-25,375.1,73463.6,129.37,0.0,7.31,-2.94
2020-11-26,419.63,73189.6,129.3,0.0,6.74,-4.94
2020-11-27,415.08,72912.9,129.23,0.0,11.1,-2.12
2020-11-28,465.7,72666.6,129.17,0.0,11.2,-0.58
2020-11-29,422.63,72394.4,129.1,0.0,9.69,-1.86
2020-11-30,434.98,72129.7,129.03,0.0,11.38,-0.53
2020-12-01,476.74,71890.0,128.96,0.0,12.48,-0.98
2020-12-02,517.11,71674.5,128.91,0.0,9.44,-1.53
2020-12-03,916.82,71698.9,128.91,24.49,10.39,2.08
2020-12-04,776.76,71639.2,128.9,0.0,12.8,1.59
2020-12-05,1148.84,71802.7,128.94,14.2,11.98,1.11
2020-12-06,1060.22,71913.1,128.97,0.0,10.8,1.57
2020-12-07,897.33,71925.8,128.97,0.0,9.71,-0.28
2020-12-08,876.84,71926.1,128.97,0.0,9.78,-2.85
2020-12-09,972.36,71983.8,128.99,8.89,2.58,-6.92
2020-12-10,946.87,72026.2,129.0,0.0,1.55,-7.25
2020-12-11,1333.57,72300.6,129.07,6.91,3.54,-5.68
2020-12-12,1256.71,72528.9,129.13,0.0,11.67,-2.39
2020-12-13,1327.19,72799.4,129.2,0.0,12.83,2.71
2020-12-14,1368.18,73094.6,129.28,0.0,12.06,0.45
2020-12-15,1147.38,73257.3,129.32,0.0,6.82,-4.17
2020-12-16,1059.62,73367.3,129.35,0.0,9.29,-3.6
2020-12-17,997.54,73440.1,129.37,1.54,6.39,-1.51
2020-12-18,1343.66,73720.5,129.44,13.87,2.74,-10.22
2020-12-19,1658.79,74190.1,129.56,10.77,5.45,-7.01
2020-12-20,1354.68,74477.1,129.64,0.0,7.7,-4.59
2020-12-21,1257.12,74705.6,129.7,0.0,0.44,-8.66
2020-12-22,1121.49,74852.8,129.73,0.0,1.42,-10.81
2020-12-23,995.36,74924.3,129.75,0.0,6.86,-3.01
2020-12-24,1018.62,75009.7,129.77,0.0,9.25,0.41
2020-12-25,860.1,75000.0,129.77,0.0,8.85,-3.42
2020-12-26,921.03,75026.9,129.78,0.0,7.99,-3.14
2020-12-27,974.94,75086.1,129.79,0.0,10.08,-1.79
2020-12-28,1019.74,75172.2,129.82,1.4,5.46,-8.74
2020-12-29,1077.41,75292.9,129.85,3.49,5.92,-6.62
2020-12-30,1053.4,75399.2,129.88,0.0,7.67,-4.49
2020-12-31,1073.66,75517.6,129.91,2.56,5.26,-4.91
2021-01-01,1028.74,75609.1,129.93,0.0,3.49,-7.65
2021-01-02,1017.15,75693.7,129.95,0.0,6.59,-4.84
2021-01-03,962.13,75745.2,129.97,0.0,5.33,-5.71
2021-01-04,1047.04,75847.7,129.99,0.0,4.28,-7.11
2021-01-05,1427.99,76178.8,130.08,8.23,2.83,-12.02
2021-01-06,1373.27,76477.0,130.16,5.78,-0.21,-11.68
2021-01-07,1250.82,76701.7,130.21,0.0,3.21,-9.13
2021-01-08,1373.06,76999.8,130.29,3.45,-0.58,-12.99
2021-01-09,1292.99,77249.9,130.36,0.0,-0.14,-11.98
2021-01-10,1048.07,77353.0,130.38,0.0,-0.76,-11.25
2021-01-11,981.34,77416.0,130.4,0.0,-3.44,-16.52
2021-01-12,1020.86,77502.8,130.42,0.0,0.41,-12.58
2021-01-13,1007.12,77581.3,130.44,0.0,1.06,-8.9
2021-01-14,1035.8,77677.0,130.47,0.93,4.03,-8.31
2021-01-15,1101.37,77812.1,130.5,0.0,-1.69,-12.01
2021-01-16,1188.78,77999.6,130.55,0.0,7.06,-3.88
2021-01-17,1282.78,78243.6,130.61,0.0,7.97,-2.94
2021-01-18,1291.39,78492.7,130.68,0.0,9.24,-1.13
2021-01-19,1374.48,78791.6,130.76,0.0,9.08,-5.05
2021-01-20,1305.39,79049.1,130.82,0.0,2.65,-8.05
2021-01-21,1164.68,79222.2,130.87,0.0,8.76,-4.5
2021-01-22,1231.26,79435.2,130.92,0.0,6.15,-4.79
2021-01-23,1282.16,79678.7,130.99,0.0,3.72,-5.91
2021-01-24,1371.51,79975.9,131.06,0.0,4.54,-6.64
2021-01-25,1358.45,80265.2,131.14,0.0,3.82,-5.66
2021-01-26,1334.61,80540.2,131.21,0.0,0.56,-10.93
2021-01-27,1182.16,80723.8,131.26,0.0,-1.72,-12.96
2021-01-28,1140.38,80882.3,131.3,0.0,-2.37,-10.45
2021-01-29,1054.65,80989.3,131.33,0.0,-2.89,-12.89
2021-01-30,1134.1,81144.0,131.37,3.23,2.86,-9.25
2021-01-31,1228.76,81355.5,131.42,0.0,5.24,-6.15
2021-02-01,1108.76,81495.1,131.46,0.0,7.79,-1.44
2021-02-02,991.71,81564.3,131.48,0.0,3.76,-5.83
2021-02-03,1239.35,81782.2,131.53,4.35,9.65,-0.37
2021-02-04,1173.99,81960.9,131.58,0.0,6.19,-4.99
2021-02-05,1155.35,82128.3,131.62,0.0,4.98,-5.34
2021-02-06,1107.95,82267.3,131.66,0.0,5.89,-6.08
2021-02-07,1541.51,82666.5,131.76,16.76,-1.58,-8.38
2021-02-08,1353.98,82953.2,131.84,0.0,4.92,-7.22
2021-02-09,1213.02,83155.2,131.89,0.0,5.26,-7.06
2021-02-10,1226.4,83365.3,131.94,0.0,5.44,-5.99
2021-02-11,1440.67,83704.0,132.03,14.23,4.68,-8.16
2021-02-12,1453.6,84050.4,132.12,0.0,7.22,-6.19
2021-02-13,1427.21,84381.0,132.21,0.0,3.58,-6.8
2021-02-14,1950.13,85025.3,132.38,16.69,0.69,-9.73
2021-02-15,1647.39,85488.0,132.5,0.0,2.57,-9.35
2021-02-16,1306.0,85745.9,132.56,0.0,-1.48,-12.29
2021-02-17,1132.19,85899.4,132.6,0.0,1.57,-9.82
2021-02-18,1012.98,85981.5,132.62,3.01,4.4,-5.1
2021-02-19,945.69,86023.1,132.63,0.0,7.15,-2.75
2021-02-20,881.13,86026.1,132.64,0.0,5.71,-4.9
2021-02-21,901.42,86041.2,132.64,0.0,7.17,-5.47
2021-02-22,931.9,86074.6,132.65,5.45,5.29,-4.71
2021-02-23,883.96,86079.2,132.65,0.4,10.9,-0.93
2021-02-24,953.4,86125.5,132.66,0.0,9.7,-0.87
2021-02-25,1003.6,86201.9,132.68,0.0,8.75,-4.11
2021-02-26,875.72,86201.6,132.68,0.0,6.65,-3.01
2021-02-27,885.11,86206.9,132.68,0.0,12.73,-1.12
2021-02-28,885.11,86212.2,132.68,0.0,14.72,2.97
2021-03-01,732.87,86126.2,132.66,0.0,16.47,4.44
2021-03-02,775.7,86065.9,132.65,0.0,15.0,2.61
2021-03-03,1139.44,86223.8,132.69,19.79,10.85,2.78
2021-03-04,920.72,86250.5,132.69,0.0,7.68,-3.39
2021-03-05,939.44,86288.4,132.7,0.0,8.45,-1.69
2021-03-06,809.49,86248.4,132.69,0.0,11.67,-1.48
2021-03-07,658.16,86117.5,132.66,0.0,15.93,3.88
2021-03-08,669.44,85993.4,132.63,0.0,16.97,4.71
2021-03-09,675.74,85873.1,132.6,0.0,12.56,1.88
2021-03-10,659.5,85743.1,132.56,0.51,10.49,-1.72
2021-03-11,782.72,85687.0,132.55,2.36,11.75,0.58
2021-03-12,883.75,85691.5,132.55,6.84,12.12,-2.05
2021-03-13,996.74,85763.8,132.57,0.0,10.51,2.42
2021-03-14,836.51,85739.9,132.56,0.0,10.93,0.64
2021-03-15,700.32,85634.4,132.53,0.0,13.93,3.53
2021-03-16,843.63,85614.8,132.53,5.73,14.55,1.68
2021-03-17,727.27,85525.4,132.51,0.0,16.42,5.2
2021-03-18,675.68,85405.1,132.47,0.0,11.0,-1.04
2021-03-19,735.36,85320.6,132.45,0.0,16.26,3.96
2021-03-20,770.7,85257.3,132.44,2.51,13.0,0.78
2021-03-21,1244.07,85478.0,132.49,27.02,10.72,-0.17
2021-03-22,1198.6,85671.4,132.54,0.0,11.96,4.28
2021-03-23,1081.87,85794.7,132.58,0.0,14.81,4.85
2021-03-24,1011.11,85875.7,132.6,0.0,11.98,0.35
2021-03-25,955.31,85923.1,132.61,0.0,9.08,-3.09
2021-03-26,893.13,85933.2,132.61,0.0,9.02,-3.4
2021-03-27,876.34,85933.3,132.61,0.0,11.32,3.1
2021-03-28,970.24,85989.7,132.63,2.0,14.83,6.0
2021-03-29,929.48,86021.6,132.63,0.0,16.92,7.04
2021-03-30,920.66,86048.3,132.64,0.0,15.27,7.76
2021-03-31,909.8,86068.4,132.65,0.0,18.69,9.02
2021-04-01,968.64,86123.9,132.66,8.73,21.21,10.85
2021-04-02,1024.83,86213.0,132.68,0.0,18.31,6.89
2021-04-03,900.89,86227.8,132.69,0.0,17.93,7.27
2021-04-04,741.86,86147.2,132.67,0.0,23.48,11.12
2021-04-05,656.09,86015.1,132.63,0.0,17.96,9.0
2021-04-06,628.66,85866.6,132.59,0.0,18.03,4.69
2021-04-07,598.42,85699.9,132.55,0.0,17.27,8.39
2021-04-08,617.37,85544.5,132.51,0.0,19.19,7.95
2021-04-09,640.59,85403.1,132.47,0.0,19.72,6.36
2021-04-10,714.57,85306.1,132.45,0.0,20.16,7.56
2021-04-11,758.63,85235.6,132.43,0.0,16.8,5.02
2021-04-12,669.23,85111.4,132.4,0.0,16.59,4.64
2021-04-13,663.02,84983.4,132.36,0.0,14.2,2.24
2021-04-14,702.48,84879.2,132.34,0.0,10.21,0.15
2021-04-15,751.45,84804.3,132.32,0.0,11.61,0.93
2021-04-16,721.99,84711.8,132.29,0.0,15.63,4.44
2021-04-17,669.12,84587.5,132.26,0.0,13.78,2.31
2021-04-18,725.69,84497.1,132.24,2.85,16.52,4.91
2021-04-19,731.64,84410.4,132.22,0.0,18.79,7.39
2021-04-20,759.6,84340.4,132.2,0.0,17.3,7.95
2021-04-21,756.69,84268.7,132.18,0.0,20.78,8.14
2021-04-22,693.38,84159.0,132.15,0.0,21.43,11.13
2021-04-23,637.2,84015.5,132.11,0.0,14.44,1.43
2021-04-24,519.52,83801.5,132.06,0.0,14.24,6.12
2021-04-25,519.6,83587.5,132.0,0.0,17.22,7.54
2021-04-26,554.08,83394.2,131.95,0.0,14.11,5.8
2021-04-27,661.63,83265.4,131.92,0.0,19.66,9.51
2021-04-28,774.15,83204.2,131.9,0.0,18.58,5.88
2021-04-29,878.02,83205.3,131.9,0.0,15.49,7.93
2021-04-30,753.54,83131.6,131.88,0.0,18.74,6.26
2021-05-01,862.59,83123.4,131.88,0.0,19.85,8.35
2021-05-02,722.66,83031.3,131.86,0.0,18.25,8.88
2021-05-03,640.22,82889.7,131.82,0.0,18.87,11.24
2021-05-04,567.44,82704.4,131.77,0.0,19.06,8.6
2021-05-05,620.4,82550.9,131.73,0.0,21.95,13.58
2021-05-06,609.63,82390.9,131.69,0.0,21.81,10.91
2021-05-07,599.81,82225.1,131.65,0.0,22.61,12.73
2021-05-08,558.4,82034.4,131.6,0.0,23.06,11.78
2021-05-09,576.1,81854.3,131.55,0.0,19.5,9.68
2021-05-10,703.38,81750.6,131.53,8.34,17.19,6.5
2021-05-11,656.55,81618.8,131.49,0.0,13.81,4.67
2021-05-12,740.36,81537.2,131.47,6.2,16.12,6.85
2021-05-13,596.2,81369.2,131.43,0.0,16.46,3.98
2021-05-14,537.24,81165.8,131.37,0.0,14.96,5.01
2021-05-15,608.37,81005.1,131.33,0.0,17.98,6.71
2021-05-16,531.12,80798.0,131.28,0.0,20.6,8.43
2021-05-17,557.18,80606.6,131.23,0.0,26.51,14.4
2021-05-18,570.0,80422.8,131.18,0.0,22.55,10.28
2021-05-19,541.82,80222.2,131.13,0.0,21.8,7.31
2021-05-20,698.2,80115.3,131.1,5.51,22.94,12.91
2021-05-21,687.58,80002.1,131.07,0.0,23.1,11.65
2021-05-22,773.28,79940.4,131.06,4.26,24.32,14.74
2021-05-23,740.4,79858.9,131.03,0.5,25.33,12.34
2021-05-24,704.9,79756.1,131.01,0.0,20.63,11.36
2021-05-25,690.17,79644.4,130.98,0.0,25.83,13.68
2021-05-26,701.17,79539.4,130.95,0.0,23.97,11.61
2021-05-27,646.68,79401.6,130.92,0.0,24.63,12.61
2021-05-28,674.31,79280.5,130.88,0.0,23.07,11.95
2021-05-29,788.22,79227.7,130.87,0.0,25.19,16.57
2021-05-30,851.28,79212.7,130.87,0.0,24.84,14.16
2021-05-31,1116.42,79356.8,130.9,15.27,22.35,9.68
2021-06-01,972.1,79414.3,130.92,0.0,20.98,11.36
2021-06-02,989.04,79482.0,130.94,0.0,26.12,12.39
2021-06-03,865.81,79475.7,130.93,0.0,26.95,20.44
2021-06-04,985.39,79541.2,130.95,5.67,30.2,20.5
2021-06-05,1049.13,79645.0,130.98,0.0,25.58,15.06
2021-06-06,1165.4,79818.5,131.02,0.0,29.22,21.13
2021-06-07,1163.32,79990.7,131.07,0.0,29.08,18.68
2021-06-08,1126.2,80140.7,131.11,0.0,24.75,15.87
2021-06-09,978.35,80201.9,131.12,0.0,22.98,13.09
2021-06-10,961.89,80253.3,131.14,0.0,20.64,10.75
2021-06-11,1215.43,80456.8,131.19,9.3,15.69,4.88
2021-06-12,1069.43,80572.8,131.22,0.0,25.3,12.56
2021-06-13,974.48,80631.7,131.23,0.0,26.87,13.53
2021-06-14,891.61,80640.9,131.24,0.0,22.7,15.37
2021-06-15,743.53,80561.3,131.22,0.0,25.71,15.37
2021-06-16,582.84,80385.3,131.17,0.0,25.47,13.99
2021-06-17,663.2,80257.4,131.14,0.0,30.48,18.3
2021-06-18,546.42,80059.5,131.09,0.0,30.92,20.18
2021-06-19,574.31,79878.4,131.04,0.0,31.76,20.9
2021-06-20,579.13,79700.1,130.99,0.0,26.87,16.19
2021-06-21,559.74,79510.2,130.94,0.0,28.06,18.01
2021-06-22,599.33,79344.1,130.9,0.0,27.09,14.14
2021-06-23,729.24,79255.9,130.88,0.09,27.02,15.18
2021-06-24,737.23,79172.5,130.86,0.0,26.84,17.67
2021-06-25,719.91,79078.7,130.83,0.0,28.54,18.73
2021-06-26,831.4,79051.8,130.82,7.26,27.48,18.01
2021-06-27,809.13,79011.5,130.81,0.0,27.63,13.75
2021-06-28,774.36,78950.4,130.8,0.0,29.16,17.66
2021-06-29,741.76,78869.7,130.78,0.0,28.49,17.5
2021-06-30,601.31,78704.7,130.73,0.0,24.32,12.84
2021-07-01,455.54,78452.3,130.67,0.0,20.18,9.37
2021-07-02,455.6,78199.9,130.6,0.0,20.92,10.3
2021-07-03,478.31,77961.1,130.54,0.0,22.42,10.32
2021-07-04,506.42,77739.3,130.48,0.0,26.16,14.71
2021-07-05,615.52,77582.8,130.44,0.0,25.35,14.76
2021-07-06,601.01,77417.7,130.4,0.0,23.48,12.14
2021-07-07,692.98,77307.7,130.37,0.0,22.32,10.6
2021-07-08,688.85,77195.3,130.34,0.0,22.58,11.29
2021-07-09,686.29,77081.3,130.31,0.0,28.25,15.75
2021-07-10,631.56,76934.5,130.27,0.0,26.52,19.04
2021-07-11,646.48,76796.7,130.24,0.0,30.12,18.01
2021-07-12,815.02,76759.9,130.23,5.35,29.94,20.3
2021-07-13,870.06,76756.2,130.23,3.87,34.08,24.0
2021-07-14,784.35,76701.1,130.21,0.0,37.19,24.12
2021-07-15,861.49,76692.2,130.21,0.0,35.59,23.54
2021-07-16,844.71,76673.3,130.21,0.0,39.6,28.87
2021-07-17,863.01,76665.4,130.2,0.0,35.42,23.33
2021-07-18,900.07,76679.7,130.21,0.0,31.08,22.86
2021-07-19,892.19,76689.2,130.21,0.0,29.12,20.24
2021-07-20,747.15,76611.8,130.19,0.0,33.82,25.75
2021-07-21,849.63,76595.8,130.19,10.13,36.95,29.56
2021-07-22,893.69,76606.3,130.19,0.0,33.33,23.41
2021-07-23,857.31,76594.9,130.19,2.87,32.69,23.0
2021-07-24,894.5,76605.9,130.19,0.0,28.98,17.15
2021-07-25,847.34,76588.5,130.18,0.0,32.3,22.39
2021-07-26,839.29,76566.4,130.18,0.0,29.5,20.62
2021-07-27,707.17,76464.9,130.15,0.0,29.57,19.6
2021-07-28,677.88,76345.9,130.12,0.0,27.39,17.31
2021-07-29,721.04,76252.8,130.1,0.0,22.83,13.62
2021-07-30,637.26,76109.4,130.06,0.0,27.74,16.99
2021-07-31,639.55,75967.4,130.02,0.0,28.16,14.88
2021-08-01,547.11,75769.9,129.97,0.0,28.64,18.29
2021-08-02,603.55,75606.3,129.93,0.0,29.88,19.54
2021-08-03,559.6,75416.3,129.88,0.0,34.55,25.35
2021-08-04,649.36,75280.2,129.85,0.0,33.16,24.11
2021-08-05,686.12,75166.1,129.82,0.0,34.99,24.45
2021-08-06,697.67,75059.0,129.79,0.0,37.56,26.31
2021-08-07,641.6,74918.2,129.75,0.0,35.04,23.15
2021-08-08,624.1,74766.9,129.71,0.0,33.54,22.37
2021-08-09,574.35,74585.8,129.66,0.0,30.68,18.89
2021-08-10,540.0,74384.0,129.61,0.0,32.84,21.6
2021-08-11,456.58,74132.2,129.55,0.0,32.8,21.7
2021-08-12,515.24,73915.6,129.49,0.0,32.17,19.01
2021-08-13,560.74,73726.3,129.44,1.88,31.88,22.73
2021-08-14,603.31,73562.6,129.4,0.0,29.27,20.02
2021-08-15,577.55,73383.3,129.35,0.0,26.51,14.48
2021-08-16,495.09,73154.7,129.29,0.0,22.06,15.01
2021-08-17,481.64,72917.9,129.23,0.0,19.18,7.64
2021-08-18,397.71,72630.8,129.16,0.0,22.64,11.93
2021-08-19,437.13,72367.3,129.09,0.0,27.58,15.54
2021-08-20,500.9,72142.1,129.03,0.0,26.11,15.38
2021-08-21,521.55,71929.3,128.97,0.0,28.99,18.85
2021-08-22,507.33,71707.9,128.92,0.0,25.99,15.48
2021-08-23,477.11,71468.5,128.86,0.0,23.38,10.94
2021-08-24,421.84,71195.8,128.78,0.0,27.69,14.42
2021-08-25,414.21,70918.6,128.71,0.0,30.42,19.98
2021-08-26,440.8,70657.3,128.64,0.0,32.4,18.96
2021-08-27,453.65,70403.8,128.58,0.0,29.3,21.47
2021-08-28,487.47,70170.5,128.52,0.0,32.98,19.24
2021-08-29,470.14,69926.9,128.45,0.0,29.53,20.44
2021-08-30,509.69,69706.9,128.4,4.8,30.14,19.1
2021-08-31,453.5,69453.3,128.33,0.0,25.95,16.51
2021-09-01,561.17,69264.2,128.28,7.86,30.13,18.47
2021-09-02,561.31,69075.3,128.23,0.0,26.74,15.48
2021-09-03,525.81,68865.0,128.18,0.0,31.22,22.1
2021-09-04,554.01,68671.7,128.13,0.0,32.52,22.87
2021-09-05,530.29,68464.1,128.07,0.0,33.69,24.26
2021-09-06,620.64,68310.7,128.04,2.59,33.28,21.68
2021-09-07,607.21,68149.3,127.99,0.0,29.63,20.28
2021-09-08,584.0,67974.0,127.95,0.0,30.77,21.11
2021-09-09,540.18,67772.3,127.9,0.0,25.77,13.39
2021-09-10,531.04,67565.2,127.84,0.0,34.58,24.32
2021-09-11,513.05,67347.3,127.78,0.0,29.87,16.56
2021-09-12,531.71,67140.6,127.73,0.0,24.02,13.71
2021-09-13,513.57,66923.0,127.67,0.0,24.83,12.94
2021-09-14,512.43,66704.7,127.62,0.0,18.26,7.99
2021-09-15,438.7,66442.2,127.55,0.0,16.97,6.25
2021-09-16,477.14,66202.7,127.49,0.0,23.23,13.06
2021-09-17,514.7,65985.8,127.43,0.0,25.99,15.37
2021-09-18,549.29,65789.6,127.38,0.0,28.22,18.56
2021-09-19,727.39,65700.3,127.36,9.59,31.24,18.2
2021-09-20,685.97,65586.1,127.33,0.0,32.22,19.42
2021-09-21,581.22,65409.1,127.28,0.03,28.68,16.29
2021-09-22,526.13,65199.1,127.23,0.0,28.5,19.43
2021-09-23,518.89,64984.6,127.17,0.0,22.06,11.71
2021-09-24,507.65,64763.5,127.11,0.0,25.9,16.99
2021-09-25,465.35,64517.0,127.05,0.0,28.48,17.81
2021-09-26,409.62,64237.0,126.98,0.0,23.09,14.76
2021-09-27,434.32,63971.8,126.91,0.0,25.19,12.12
2021-09-28,474.3,63730.7,126.85,0.0,19.6,7.75
2021-09-29,404.63,63447.7,126.77,0.0,21.56,11.63
2021-09-30,433.18,63181.9,126.7,0.0,20.68,6.34
2021-10-01,454.11,62928.6,126.64,0.0,17.03,9.43
2021-10-02,475.75,62688.3,126.58,0.0,18.33,8.35
2021-10-03,452.96,62434.3,126.51,0.0,18.06,5.97
2021-10-04,436.53,62170.5,126.44,0.0,22.0,9.27
2021-10-05,484.63,61935.5,126.38,4.06,24.06,13.11
2021-10-06,486.49,61701.7,126.32,0.0,18.94,7.79
2021-10-07,492.79,61471.6,126.26,0.0,20.3,10.34
2021-10-08,447.68,61214.5,126.19,0.0,22.93,12.29
2021-10-09,443.97,60955.1,126.12,0.0,20.62,8.06
2021-10-10,449.94,60699.3,126.06,0.0,16.14,7.57
2021-10-11,426.1,60429.2,125.99,0.0,18.74,7.7
2021-10-12,426.05,60159.1,125.92,0.0,18.03,6.08
2021-10-13,494.51,59930.1,125.86,0.0,19.3,7.28
2021-10-14,555.31,59737.5,125.81,0.0,20.3,9.29
2021-10-15,644.09,59598.2,125.77,2.72,19.71,7.62
2021-10-16,575.7,59417.9,125.73,0.0,17.7,7.71
2021-10-17,539.7,59216.0,125.67,0.0,21.35,12.15
2021-10-18,722.21,59123.6,125.65,4.13,21.4,9.97
2021-10-19,665.54,58997.2,125.62,0.0,16.64,6.05
2021-10-20,738.95,58914.8,125.6,0.0,14.7,4.65
2021-10-21,612.96,58756.8,125.55,0.0,17.44,4.68
2021-10-22,596.53,58589.0,125.51,0.0,9.93,0.71
2021-10-23,618.04,58434.1,125.47,0.0,12.66,2.42
2021-10-24,657.99,58303.1,125.44,0.0,15.55,4.5
2021-10-25,652.91,58169.1,125.4,0.0,16.89,5.05
2021-10-26,611.57,58010.3,125.36,0.0,12.35,0.88
2021-10-27,600.73,57845.0,125.32,0.0,16.08,4.13
2021-10-28,557.76,57653.9,125.27,0.0,14.61,3.47
2021-10-29,583.27,57478.1,125.22,0.0,12.14,-0.71
2021-10-30,646.09,57340.0,125.19,0.0,8.44,-3.63
2021-10-31,629.82,57192.2,125.15,0.0,14.11,2.79
2021-11-01,590.43,57020.7,125.1,0.0,15.91,5.14
2021-11-02,651.96,56886.1,125.07,0.0,15.69,5.86
2021-11-03,594.7,56717.2,125.02,0.0,19.33,6.08
2021-11-04,622.25,56564.8,124.98,0.0,18.89,4.04
2021-11-05,573.07,56382.9,124.94,0.0,17.51,6.55
2021-11-06,622.76,56230.8,124.9,2.63,22.2,10.71
2021-11-07,711.83,56132.2,124.87,0.0,19.31,5.62
2021-11-08,750.58,56056.8,124.85,0.0,11.02,3.6
2021-11-09,733.08,55970.9,124.83,0.0,16.41,4.57
2021-11-10,751.17,55895.8,124.81,0.0,14.56,5.09
2021-11-11,979.16,55957.6,124.83,11.84,20.83,7.62
2021-11-12,954.58,56004.6,124.84,0.33,16.67,6.11
2021-11-13,923.2,56032.8,124.85,0.0,14.52,1.88
2021-11-14,907.07,56051.3,124.85,0.0,10.85,-0.82
2021-11-15,887.71,56058.1,124.85,0.0,10.86,0.19
2021-11-16,855.03,56045.4,124.85,0.0,11.77,0.31
2021-11-17,913.52,56067.8,124.86,0.0,13.39,3.11
2021-11-18,951.83,56113.1,124.87,0.0,15.27,5.42
2021-11-19,911.46,56134.3,124.87,0.0,17.15,6.81
2021-11-20,841.54,56113.4,124.87,0.0,15.88,5.61
2021-11-21,728.33,56024.7,124.84,0.0,14.81,5.11
2021-11-22,757.17,55953.3,124.83,0.0,13.48,4.33
2021-11-23,855.8,55941.0,124.82,0.0,10.14,-3.56
2021-11-24,819.29,55906.8,124.81,0.0,7.15,-4.14
2021-11-25,781.61,55850.0,124.8,0.0,7.58,-3.67
2021-11-26,775.64,55789.7,124.78,0.0,8.03,-1.28
2021-11-27,825.61,55759.3,124.78,0.0,13.46,4.39
2021-11-28,964.63,55812.3,124.79,5.42,13.11,-0.04
2021-11-29,859.58,55802.3,124.79,0.0,13.86,3.61
2021-11-30,1112.92,55944.3,124.82,18.4,9.72,-1.61
2021-12-01,972.87,56002.3,124.84,0.0,9.25,-2.7
2021-12-02,1056.53,56110.5,124.87,0.0,9.52,-1.64
2021-12-03,1007.95,56189.5,124.89,0.0,7.2,-2.67
2021-12-04,1106.93,56327.9,124.92,0.0,2.8,-6.24
2021-12-05,1070.04,56444.2,124.95,0.0,4.34,-6.29
2021-12-06,1002.03,56519.7,124.97,0.0,6.81,-3.75
2021-12-07,1059.54,56629.7,125.0,0.0,5.13,-4.44
2021-12-08,951.11,56674.6,125.01,0.0,5.99,-5.01
2021-12-09,803.11,56630.7,125.0,0.0,-0.75,-9.28
2021-12-10,773.87,56569.3,124.99,0.0,3.43,-7.02
2021-12-11,804.11,56526.0,124.97,0.05,2.87,-8.93
2021-12-12,762.97,56458.1,124.96,0.0,9.25,-2.27
2021-12-13,845.06,56439.3,124.95,0.0,3.96,-7.66
2021-12-14,1222.03,56646.8,125.01,21.86,-0.89,-9.27
2021-12-15,1197.36,56839.5,125.06,0.0,1.4,-5.66
2021-12-16,1133.37,56993.8,125.1,0.0,0.79,-8.42
2021-12-17,1130.8,57146.5,125.14,3.59,0.22,-10.64
2021-12-18,1131.26,57299.5,125.18,7.49,3.12,-6.85
2021-12-19,950.22,57343.9,125.19,0.0,-0.74,-13.52
2021-12-20,850.7,57328.6,125.18,0.0,3.55,-8.87
2021-12-21,788.46,57275.9,125.17,0.0,3.65,-7.19
2021-12-22,1127.46,57426.6,125.21,13.84,-1.19,-12.09
2021-12-23,983.48,57491.0,125.23,0.0,4.57,-10.02
2021-12-24,882.3,57494.6,125.23,0.0,6.76,-4.99
2021-12-25,951.81,57540.0,125.24,0.0,6.79,-2.45
2021-12-26,811.6,57501.2,125.23,0.0,8.18,-2.26
2021-12-27,831.1,57474.1,125.22,0.0,12.26,-0.65
2021-12-28,724.35,57383.0,125.2,0.0,8.39,-1.73
2021-12-29,736.0,57298.8,125.18,0.84,10.89,0.76
2021-12-30,1129.99,57451.1,125.22,20.18,8.23,-1.83
2021-12-31,1043.51,57551.4,125.24,0.0,11.65,1.92
