date,inflow,storage,elevation,precip,tmax,tmin
2010-01-01,180.0,16200.0,2216.3,0.0,-2.13,-14.47
2010-01-02,178.2,16115.6,2216.26,0.0,-3.13,-17.1
2010-01-03,182.1,16033.5,2216.22,0.0,-2.9,-15.03
2010-01-04,187.3,15954.5,2216.18,0.0,-2.47,-13.64
2010-01-05,197.6,15881.7,2216.14,0.0,-5.03,-16.87
2010-01-06,201.05,15811.0,2216.11,0.0,-5.28,-16.69
2010-01-07,213.41,15747.7,2216.07,3.07,-5.44,-16.35
2010-01-08,184.35,15667.0,2216.03,0.0,-5.42,-17.1
2010-01-09,193.21,15591.5,2216.0,0.0,-5.02,-17.32
2010-01-10,206.15,15523.9,2215.96,4.13,-5.68,-16.11
2010-01-11,188.98,15445.9,2215.92,0.0,-3.16,-14.97
2010-01-12,171.77,15357.6,2215.88,0.0,-0.76,-11.27
2010-01-13,174.65,15271.1,2215.84,0.0,-2.57,-11.11
2010-01-14,180.68,15188.1,2215.79,0.0,-6.12,-15.44
2010-01-15,173.32,15100.8,2215.75,0.0,-4.8,-14.08
2010-01-16,194.91,15026.4,2215.71,1.02,-3.77,-16.81
2010-01-17,196.04,14952.6,2215.68,0.0,-6.57,-16.09
2010-01-18,194.63,14878.1,2215.64,0.0,-2.31,-13.99
2010-01-19,163.6,14784.9,2215.59,0.0,-0.81,-14.79
2010-01-20,163.15,14691.4,2215.55,1.26,-2.62,-14.78
2010-01-21,157.19,14594.4,2215.5,0.0,-6.48,-19.5
2010-01-22,160.63,14499.4,2215.45,0.0,-1.41,-10.52
2010-01-23,173.97,14412.5,2215.41,0.0,-1.08,-12.75
2010-01-24,165.86,14320.6,2215.36,0.0,-2.33,-16.81
2010-01-25,185.25,14240.4,2215.32,0.0,-5.14,-16.36
2010-01-26,181.96,14158.2,2215.28,0.0,-5.1,-18.12
2010-01-27,197.04,14085.1,2215.24,0.0,-3.61,-14.25
2010-01-28,194.65,14010.6,2215.21,0.0,-2.85,-14.15
2010-01-29,200.05,13939.2,2215.17,0.0,-4.61,-16.05
2010-01-30,233.38,13887.9,2215.14,0.0,-10.04,-19.87
2010-01-31,257.93,13851.3,2215.13,0.0,-10.6,-23.31
2010-02-01,280.84,13828.5,2215.11,0.0,-5.51,-20.76
2010-02-02,275.07,13802.2,2215.1,0.25,-9.25,-16.41
2010-02-03,268.26,13771.8,2215.09,0.0,0.09,-11.49
2010-02-04,270.83,13742.9,2215.07,0.0,-1.13,-10.03
2010-02-05,270.87,13714.1,2215.06,0.0,-2.64,-12.53
2010-02-06,312.49,13710.2,2215.06,0.0,-0.65,-10.65
2010-02-07,316.04,13708.5,2215.05,0.0,3.21,-6.66
2010-02-08,295.74,13694.6,2215.05,0.0,5.19,-7.78
2010-02-09,332.92,13703.0,2215.05,4.81,2.11,-7.75
2010-02-10,318.77,13702.9,2215.05,0.0,-5.89,-17.25
2010-02-11,279.09,13679.0,2215.04,0.0,-3.76,-13.21
2010-02-12,285.04,13658.7,2215.03,2.53,0.85,-10.2
2010-02-13,256.97,13621.6,2215.01,0.0,0.18,-13.28
2010-02-14,256.79,13584.3,2214.99,0.0,-3.05,-15.47
2010-02-15,234.91,13533.9,2214.97,0.0,-1.27,-12.85
2010-02-16,213.39,13470.6,2214.94,0.0,-0.68,-12.21
2010-02-17,219.01,13410.6,2214.91,0.0,2.35,-8.64
2010-02-18,262.55,13376.8,2214.89,5.99,-6.33,-15.35
2010-02-19,230.27,13323.6,2214.86,0.0,-4.25,-15.77
2010-02-20,232.26,13271.6,2214.84,0.0,-0.64,-11.16
2010-02-21,249.62,13230.0,2214.82,0.0,-0.21,-12.13
2010-02-22,231.47,13177.6,2214.79,0.0,-3.45,-13.75
2010-02-23,282.09,13155.5,2214.78,0.0,-2.28,-14.31
2010-02-24,275.16,13129.2,2214.76,0.0,-2.9,-14.67
2010-02-25,268.89,13099.2,2214.75,0.0,-0.5,-11.51
2010-02-26,250.78,13058.3,2214.73,0.0,-4.21,-15.01
2010-02-27,258.81,13022.3,2214.71,0.0,-5.76,-19.09
2010-02-28,277.6,12997.5,2214.7,7.96,-5.47,-16.73
2010-03-01,255.9,12959.7,2214.68,0.0,-3.96,-14.9
2010-03-02,246.39,12916.2,2214.66,0.0,1.21,-10.82
2010-03-03,246.12,12872.5,2214.64,1.03,4.75,-7.42
2010-03-04,254.71,12834.0,2214.62,0.0,4.4,-6.09
2010-03-05,255.82,12796.1,2214.6,0.0,5.09,-6.64
2010-03-06,273.71,12769.0,2214.58,0.0,3.02,-8.06
2010-03-07,269.78,12739.5,2214.57,0.0,4.7,-7.07
2010-03-08,300.56,12728.5,2214.56,0.0,6.32,-5.26
2010-03-09,368.56,12758.3,2214.58,3.17,5.46,-5.31
2010-03-10,366.07,12786.6,2214.59,0.0,7.09,-4.21
2010-03-11,363.68,12813.4,2214.61,0.0,10.91,-1.46
2010-03-12,316.17,12811.8,2214.61,0.0,4.46,-6.6
2010-03-13,306.06,12804.1,2214.6,0.0,7.68,-2.54
2010-03-14,273.09,12776.6,2214.59,0.0,5.44,-6.29
2010-03-15,258.36,12740.3,2214.57,0.0,5.23,-3.6
2010-03-16,203.01,12670.7,2214.54,0.0,6.19,-0.77
2010-03-17,190.91,12593.9,2214.5,0.0,6.64,-1.44
2010-03-18,152.57,12494.1,2214.45,0.93,2.6,-6.29
2010-03-19,156.24,12396.5,2214.4,0.0,5.37,-5.44
2010-03-20,155.21,12298.3,2214.35,1.19,6.88,-4.25
2010-03-21,135.79,12188.4,2214.29,0.0,1.98,-8.1
2010-03-22,140.73,12081.5,2214.24,0.0,-2.53,-11.33
2010-03-23,138.81,11973.4,2214.19,0.0,4.22,-6.74
2010-03-24,150.56,11872.4,2214.14,0.0,1.3,-7.6
2010-03-25,155.03,11774.1,2214.09,0.0,1.65,-8.39
2010-03-26,152.7,11674.3,2214.04,0.0,3.28,-8.39
2010-03-27,151.29,11573.8,2213.99,0.0,5.22,-3.37
2010-03-28,169.92,11484.4,2213.94,0.0,6.71,-3.05
2010-03-29,185.12,11404.1,2213.9,6.88,4.66,-4.67
2010-03-30,177.03,11319.0,2213.86,0.0,5.8,-5.69
2010-03-31,142.68,11213.2,2213.81,0.0,3.44,-10.7
2010-04-01,142.31,11107.3,2213.75,0.0,0.65,-7.79
2010-04-02,157.83,11010.6,2213.71,0.0,4.48,-5.76
2010-04-03,146.15,10906.9,2213.65,0.0,-0.27,-8.55
2010-04-04,159.33,10811.2,2213.61,0.0,11.96,-0.67
2010-04-05,166.86,10720.0,2213.56,0.0,6.66,-4.73
2010-04-06,164.97,10627.6,2213.51,0.0,8.0,-5.82
2010-04-07,161.72,10533.3,2213.47,0.45,8.98,-2.73
2010-04-08,186.09,10453.6,2213.43,0.0,7.78,-2.74
2010-04-09,222.52,10395.8,2213.4,0.0,5.93,-4.14
2010-04-10,220.35,10336.6,2213.37,0.0,5.82,-5.27
2010-04-11,214.88,10274.2,2213.34,0.26,5.7,-5.41
2010-04-12,202.16,10204.1,2213.3,0.0,3.73,-9.72
2010-04-13,221.35,10145.6,2213.27,2.46,7.29,-2.3
2010-04-14,226.94,10090.4,2213.25,0.0,6.39,-7.23
2010-04-15,254.74,10051.9,2213.23,0.0,5.57,-3.65
2010-04-16,275.8,10026.0,2213.21,1.88,9.49,-0.77
2010-04-17,371.91,10057.8,2213.23,13.73,4.19,-5.5
2010-04-18,364.92,10085.4,2213.24,0.0,5.67,-5.58
2010-04-19,341.07,10098.7,2213.25,0.0,2.78,-7.74
2010-04-20,368.23,10128.3,2213.26,0.0,12.35,0.69
2010-04-21,336.84,10139.1,2213.27,0.0,14.63,3.92
2010-04-22,373.8,10172.0,2213.29,6.18,12.96,1.57
2010-04-23,373.44,10204.7,2213.3,0.0,12.97,0.98
2010-04-24,402.35,10254.8,2213.33,0.0,11.96,2.39
2010-04-25,369.45,10285.1,2213.34,0.0,9.88,1.36
2010-04-26,379.92,10321.7,2213.36,4.94,13.83,1.85
2010-04-27,345.18,10337.5,2213.37,0.0,11.75,0.64
2010-04-28,338.35,10349.1,2213.37,0.44,15.97,2.44
2010-04-29,326.08,10353.4,2213.38,0.0,18.47,6.87
2010-04-30,323.44,10356.1,2213.38,0.0,15.32,5.62
2010-05-01,373.76,10389.1,2213.39,0.0,14.89,2.78
2010-05-02,362.94,10415.5,2213.41,0.0,11.26,-1.02
2010-05-03,325.68,10419.5,2213.41,0.0,11.63,-0.6
2010-05-04,343.25,10434.1,2213.42,0.0,13.21,0.72
2010-05-05,358.86,10458.1,2213.43,0.0,12.22,1.02
2010-05-06,380.88,10495.3,2213.45,0.0,5.42,-2.58
2010-05-07,339.34,10507.5,2213.45,0.49,7.94,-1.83
2010-05-08,365.24,10535.3,2213.47,0.0,10.07,-1.57
2010-05-09,368.81,10565.3,2213.48,0.0,2.68,-8.67
2010-05-10,437.49,10636.4,2213.52,8.13,7.1,-3.97
2010-05-11,443.9,10711.4,2213.56,0.0,8.24,-3.66
2010-05-12,472.85,10803.8,2213.6,0.0,13.73,3.39
2010-05-13,465.56,10891.8,2213.65,0.0,15.5,2.05
2010-05-14,498.86,10999.7,2213.7,0.0,14.47,2.58
2010-05-15,512.0,11115.6,2213.76,0.0,15.27,2.09
2010-05-16,628.03,11301.0,2213.85,14.29,14.49,1.29
2010-05-17,627.33,11486.1,2213.94,0.0,25.19,8.41
2010-05-18,592.35,11650.1,2214.03,1.82,21.68,11.26
2010-05-19,594.13,11815.3,2214.11,0.0,20.1,11.16
2010-05-20,636.18,12005.6,2214.2,0.0,19.93,8.7
2010-05-21,671.21,12217.0,2214.31,3.59,20.13,10.71
2010-05-22,675.46,12430.9,2214.42,3.14,9.28,1.67
2010-05-23,681.56,12648.5,2214.52,0.0,12.84,1.98
2010-05-24,630.3,12835.4,2214.62,0.0,15.98,3.64
2010-05-25,570.02,12986.0,2214.69,0.0,17.66,8.24
2010-05-26,617.94,13165.4,2214.78,0.0,19.74,10.75
2010-05-27,693.96,13390.5,2214.9,0.47,17.82,6.03
2010-05-28,654.82,13592.0,2215.0,0.0,14.12,4.36
2010-05-29,669.49,13802.3,2215.1,0.0,18.52,6.53
2010-05-30,737.83,14053.7,2215.23,0.0,15.8,7.05
2010-05-31,848.65,14371.5,2215.39,5.47,18.17,8.1
2010-06-01,855.21,14693.3,2215.55,0.0,21.8,11.26
2010-06-02,797.92,14980.7,2215.69,0.0,18.27,8.98
2010-06-03,765.94,15248.9,2215.82,0.0,18.43,6.92
2010-06-04,789.6,15531.3,2215.97,0.0,21.86,12.01
2010-06-05,826.68,15836.0,2216.12,1.21,17.62,5.67
2010-06-06,754.92,16097.6,2216.25,0.07,19.4,8.53
2010-06-07,739.41,16349.9,2216.37,0.0,20.01,7.12
2010-06-08,694.32,16575.1,2216.49,0.0,17.23,5.13
2010-06-09,609.46,16749.5,2216.57,0.0,15.52,5.27
2010-06-10,645.4,16945.4,2216.67,0.0,15.66,4.18
2010-06-11,597.15,17112.3,2216.76,0.0,14.64,4.13
2010-06-12,625.06,17296.0,2216.85,0.0,13.25,2.16
2010-06-13,700.12,17524.7,2216.96,2.01,18.01,6.03
2010-06-14,859.98,17849.3,2217.12,16.65,19.9,7.68
2010-06-15,805.67,18141.4,2217.27,0.43,19.33,7.23
2010-06-16,730.41,18388.3,2217.39,0.0,25.83,12.69
2010-06-17,792.46,18672.4,2217.54,0.0,24.43,15.05
2010-06-18,723.51,18915.2,2217.66,1.62,22.46,12.19
2010-06-19,854.52,19236.5,2217.82,0.0,22.08,11.54
2010-06-20,852.82,19556.9,2217.98,0.0,24.79,10.09
2010-06-21,833.25,19865.5,2218.13,1.53,21.41,9.31
2010-06-22,1104.49,20336.8,2218.37,14.03,25.05,12.1
2010-06-23,1099.89,20805.4,2218.6,0.0,25.79,12.88
2010-06-24,1037.53,21236.6,2218.82,0.0,23.02,12.56
2010-06-25,1019.19,21656.7,2219.03,0.0,22.12,10.1
2010-06-26,901.52,22006.3,2219.2,0.0,23.7,14.62
2010-06-27,852.69,22326.6,2219.36,0.0,22.68,15.14
2010-06-28,947.25,22703.6,2219.55,0.23,25.62,14.47
2010-06-29,855.03,23025.2,2219.71,0.0,18.92,9.26
2010-06-30,847.61,23342.5,2219.87,10.77,19.7,6.59
2010-07-01,770.29,23613.3,2220.01,0.0,17.56,7.31
2010-07-02,721.67,23854.9,2220.13,0.0,21.35,10.96
2010-07-03,665.56,24062.9,2220.23,1.96,19.53,7.99
2010-07-04,738.22,24314.5,2220.36,0.96,16.4,6.91
2010-07-05,786.95,24595.3,2220.5,5.19,23.08,13.05
2010-07-06,685.68,24815.4,2220.61,0.0,22.89,13.43
2010-07-07,780.8,25092.5,2220.75,9.61,21.46,11.23
2010-07-08,835.17,25402.3,2220.9,10.23,19.32,8.02
2010-07-09,824.89,25705.9,2221.05,1.62,19.19,10.14
2010-07-10,828.24,26011.5,2221.21,0.0,24.91,11.61
2010-07-11,694.82,26237.0,2221.32,0.22,23.3,14.59
2010-07-12,740.67,26490.1,2221.45,0.0,19.51,7.58
2010-07-13,823.51,26792.8,2221.6,0.0,19.21,5.61
2010-07-14,918.32,27152.5,2221.78,0.0,21.52,12.2
2010-07-15,838.28,27464.1,2221.93,0.0,20.9,10.52
2010-07-16,867.1,27793.0,2222.1,0.0,14.95,5.07
2010-07-17,826.54,28097.6,2222.25,2.4,18.17,4.97
2010-07-18,657.09,28300.5,2222.35,0.0,15.61,5.76
2010-07-19,677.46,28515.6,2222.46,4.28,19.1,9.4
2010-07-20,627.14,28700.5,2222.55,0.0,17.18,5.96
2010-07-21,497.24,28807.5,2222.6,0.0,15.19,4.31
2010-07-22,538.38,28939.2,2222.67,0.0,20.18,9.94
2010-07-23,533.42,29067.9,2222.73,0.0,17.98,7.74
2010-07-24,539.7,29200.4,2222.8,0.0,15.72,5.54
2010-07-25,839.38,29512.7,2222.96,21.21,15.16,3.11
2010-07-26,811.17,29808.0,2223.1,0.0,17.67,7.51
2010-07-27,835.63,30118.0,2223.26,3.1,15.52,4.95
2010-07-28,854.81,30439.6,2223.42,0.0,15.72,6.36
2010-07-29,812.15,30735.5,2223.57,0.06,16.82,4.3
2010-07-30,652.15,30935.5,2223.67,0.0,22.19,10.15
2010-07-31,562.85,31081.8,2223.74,0.0,25.11,13.91
2010-08-01,447.23,31158.8,2223.78,0.0,23.61,12.26
2010-08-02,435.39,31228.7,2223.81,0.0,18.84,9.53
2010-08-03,404.67,31280.2,2223.84,0.0,23.63,9.74
2010-08-04,363.71,31307.0,2223.85,0.0,21.23,9.72
2010-08-05,435.19,31376.8,2223.89,10.23,20.97,10.9
2010-08-06,451.07,31456.1,2223.93,0.0,21.11,11.57
2010-08-07,389.41,31498.4,2223.95,0.0,23.19,13.55
2010-08-08,371.67,31530.0,2223.97,0.0,23.89,11.79
2010-08-09,447.3,31607.1,2224.0,10.15,23.4,16.21
2010-08-10,460.67,31692.1,2224.05,0.0,25.06,13.51
2010-08-11,463.08,31778.6,2224.09,0.0,18.27,9.67
2010-08-12,388.98,31820.7,2224.11,0.0,19.97,10.26
2010-08-13,333.65,31829.5,2224.11,0.0,22.8,13.78
2010-08-14,346.9,31846.3,2224.12,1.99,16.6,7.55
2010-08-15,303.96,31837.3,2224.12,0.0,15.96,4.45
2010-08-16,267.1,31806.2,2224.1,0.0,20.82,8.67
2010-08-17,223.1,31748.8,2224.07,0.0,23.07,10.28
2010-08-18,237.1,31699.7,2224.05,0.0,21.85,8.88
2010-08-19,275.04,31673.3,2224.04,4.15,18.9,9.02
2010-08-20,274.43,31646.6,2224.02,0.85,18.16,6.79
2010-08-21,276.24,31621.0,2224.01,0.29,17.59,6.84
2010-08-22,233.79,31570.0,2223.98,0.0,11.84,0.73
2010-08-23,232.19,31517.9,2223.96,0.0,16.83,7.38
2010-08-24,220.62,31459.0,2223.93,0.0,15.12,5.89
2010-08-25,195.96,31385.2,2223.89,0.0,14.25,2.64
2010-08-26,178.02,31300.6,2223.85,0.0,13.44,4.01
2010-08-27,173.52,31213.4,2223.81,0.0,13.16,2.67
2010-08-28,161.56,31119.0,2223.76,0.0,13.98,2.82
2010-08-29,134.92,31008.6,2223.7,0.0,19.81,8.73
2010-08-30,144.58,30904.0,2223.65,0.0,24.67,13.38
2010-08-31,141.49,30797.5,2223.6,0.0,24.43,12.39
2010-09-01,126.94,30682.4,2223.54,0.0,24.64,13.11
2010-09-02,139.53,30574.7,2223.49,0.0,23.65,13.84
2010-09-03,140.57,30467.7,2223.43,0.0,23.68,13.56
2010-09-04,166.34,30376.2,2223.39,0.0,24.24,13.94
2010-09-05,166.73,30284.9,2223.34,0.0,23.99,11.15
2010-09-06,150.13,30183.6,2223.29,0.0,19.39,9.55
2010-09-07,151.78,30083.3,2223.24,0.34,21.02,10.62
2010-09-08,187.7,30004.6,2223.2,6.05,16.6,6.14
2010-09-09,177.81,29919.9,2223.16,0.0,17.13,4.45
2010-09-10,169.04,29830.0,2223.11,0.0,13.24,2.43
2010-09-11,155.8,29732.1,2223.07,0.0,8.21,-2.59
2010-09-12,136.11,29622.4,2223.01,0.0,8.53,-0.26
2010-09-13,139.68,29514.9,2222.96,0.0,10.67,-0.81
2010-09-14,130.9,29402.1,2222.9,0.0,10.81,1.93
2010-09-15,115.76,29280.2,2222.84,0.0,16.49,5.8
2010-09-16,110.62,29155.2,2222.78,0.0,19.19,7.66
2010-09-17,105.24,29027.0,2222.71,0.0,13.96,4.14
2010-09-18,132.41,28915.1,2222.66,0.0,16.12,5.74
2010-09-19,130.96,28802.3,2222.6,0.0,20.04,10.04
2010-09-20,119.97,28683.0,2222.54,0.0,14.33,4.33
2010-09-21,118.45,28562.7,2222.48,0.0,18.94,9.12
2010-09-22,98.38,28430.4,2222.42,0.0,17.59,5.37
2010-09-23,96.9,28297.2,2222.35,0.0,21.64,12.03
2010-09-24,108.58,28171.0,2222.29,0.0,16.68,6.96
2010-09-25,108.8,28044.9,2222.22,0.0,15.49,5.62
2010-09-26,114.24,27922.1,2222.16,0.0,12.64,2.39
2010-09-27,130.74,27809.2,2222.1,0.0,16.31,4.15
2010-09-28,124.17,27692.3,2222.05,0.0,17.06,5.32
2010-09-29,145.11,27588.0,2221.99,0.0,15.46,5.77
2010-09-30,231.42,27535.5,2221.97,24.87,14.47,2.13
2010-10-01,245.96,27491.8,2221.95,0.0,11.78,-0.23
2010-10-02,242.83,27446.1,2221.92,0.0,7.24,-4.48
2010-10-03,214.85,27383.7,2221.89,0.0,5.98,-6.0
2010-10-04,206.59,27316.3,2221.86,0.0,13.23,3.01
2010-10-05,204.19,27247.5,2221.82,0.0,13.89,0.48
2010-10-06,229.77,27194.0,2221.8,0.0,18.36,6.9
2010-10-07,227.71,27139.2,2221.77,0.0,17.35,5.67
2010-10-08,211.65,27074.9,2221.74,0.0,20.07,7.17
2010-10-09,230.74,27022.0,2221.71,0.0,16.95,6.58
2010-10-10,216.92,26960.8,2221.68,0.0,13.18,4.22
2010-10-11,221.64,26902.4,2221.65,0.0,11.26,2.71
2010-10-12,192.92,26826.8,2221.61,0.0,14.83,1.91
2010-10-13,206.25,26759.2,2221.58,0.0,12.58,2.93
2010-10-14,186.96,26680.0,2221.54,0.0,14.6,2.49
2010-10-15,185.66,26600.1,2221.5,0.0,15.01,3.24
2010-10-16,187.34,26521.2,2221.46,0.0,12.69,0.8
2010-10-17,168.69,26431.0,2221.42,0.0,9.45,-0.2
2010-10-18,163.76,26337.9,2221.37,0.0,6.89,-2.28
2010-10-19,174.06,26251.0,2221.33,0.0,10.48,-0.14
2010-10-20,163.74,26157.9,2221.28,0.0,9.22,-2.13
2010-10-21,158.3,26061.5,2221.23,0.0,7.86,-2.73
2010-10-22,135.04,25951.2,2221.18,0.0,6.89,-5.54
2010-10-23,125.64,25835.2,2221.12,0.0,6.35,-6.35
2010-10-24,126.57,25719.8,2221.06,0.0,3.9,-6.43
2010-10-25,112.65,25596.1,2221.0,0.0,5.9,-4.23
2010-10-26,123.7,25479.0,2220.94,0.0,1.01,-8.65
2010-10-27,136.05,25369.2,2220.88,0.0,-0.15,-9.96
2010-10-28,142.09,25263.1,2220.83,0.0,6.08,-5.45
2010-10-29,120.54,25144.1,2220.77,0.0,1.94,-8.25
2010-10-30,123.28,25026.7,2220.71,0.0,3.41,-8.52
2010-10-31,150.95,24926.0,2220.66,11.61,2.18,-7.9
2010-11-01,172.23,24837.9,2220.62,0.0,-0.42,-9.63
2010-11-02,175.76,24752.1,2220.58,0.0,3.39,-9.09
2010-11-03,173.37,24664.7,2220.53,0.0,8.9,-2.0
2010-11-04,164.24,24571.9,2220.49,0.0,1.59,-6.87
2010-11-05,141.49,24465.5,2220.43,0.0,-0.42,-10.81
2010-11-06,130.23,24352.3,2220.38,0.0,3.82,-8.42
2010-11-07,130.95,24239.5,2220.32,0.0,6.56,-5.56
2010-11-08,147.32,24136.5,2220.27,0.0,4.24,-6.16
2010-11-09,151.91,24036.3,2220.22,0.0,2.43,-7.15
2010-11-10,161.46,23941.8,2220.17,0.0,4.24,-5.65
2010-11-11,159.7,23846.3,2220.12,0.0,5.91,-8.26
2010-11-12,149.83,23744.9,2220.07,0.0,5.08,-6.73
2010-11-13,160.95,23650.1,2220.03,2.88,-1.68,-12.56
2010-11-14,167.9,23559.5,2219.98,1.17,-1.98,-14.11
2010-11-15,163.85,23466.4,2219.93,0.0,-1.5,-13.79
2010-11-16,171.79,23378.2,2219.89,0.0,-0.66,-9.26
2010-11-17,176.78,23292.9,2219.85,0.0,-1.71,-12.93
2010-11-18,186.89,23213.7,2219.81,0.0,-2.75,-12.77
2010-11-19,215.01,23151.3,2219.78,0.0,-9.09,-17.22
2010-11-20,195.63,23077.4,2219.74,0.0,-2.37,-14.0
2010-11-21,229.86,23023.9,2219.71,0.0,-3.73,-14.84
2010-11-22,207.3,22957.0,2219.68,0.0,-3.58,-16.36
2010-11-23,217.63,22896.2,2219.65,0.0,-3.54,-13.68
2010-11-24,210.29,22831.0,2219.62,0.0,-1.44,-15.31
2010-11-25,201.06,22760.3,2219.58,0.0,-7.16,-21.68
2010-11-26,216.89,22699.1,2219.55,0.0,-5.33,-16.68
2010-11-27,223.41,22641.8,2219.52,0.0,-4.92,-16.23
2010-11-28,193.84,22566.7,2219.48,0.0,1.39,-11.13
2010-11-29,207.32,22499.8,2219.45,0.0,1.83,-9.49
2010-11-30,173.16,22412.3,2219.41,0.0,3.89,-6.85
2010-12-01,171.32,22323.8,2219.36,0.0,0.65,-13.29
2010-12-02,217.46,22262.9,2219.33,16.95,3.87,-7.12
2010-12-03,194.52,22188.3,2219.29,0.0,4.47,-5.79
2010-12-04,174.78,22101.8,2219.25,0.0,1.0,-9.41
2010-12-05,181.47,22019.3,2219.21,0.0,-1.41,-10.97
2010-12-06,181.08,21936.6,2219.17,0.0,1.9,-8.96
2010-12-07,193.58,21861.4,2219.13,0.0,-5.99,-16.13
2010-12-08,233.22,21810.0,2219.1,22.5,-2.18,-14.89
2010-12-09,235.21,21759.8,2219.08,0.0,-0.42,-11.44
2010-12-10,235.45,21709.7,2219.05,0.0,1.27,-7.87
2010-12-11,207.85,21643.1,2219.02,0.0,0.62,-8.02
2010-12-12,197.4,21570.2,2218.99,0.0,2.0,-8.9
2010-12-13,177.42,21485.3,2218.94,0.0,-2.03,-10.49
2010-12-14,167.73,21394.5,2218.9,0.23,3.24,-8.26
2010-12-15,181.47,21312.1,2218.86,0.0,3.8,-6.04
2010-12-16,173.1,21224.6,2218.81,0.0,4.97,-10.07
2010-12-17,194.24,21149.8,2218.77,0.0,-2.48,-12.88
2010-12-18,188.67,21071.6,2218.74,0.0,1.83,-11.98
2010-12-19,189.02,20993.7,2218.7,1.38,-0.81,-11.96
2010-12-20,164.27,20900.9,2218.65,0.0,-4.04,-13.58
2010-12-21,174.3,20814.1,2218.61,0.0,-3.23,-15.42
2010-12-22,165.17,20721.9,2218.56,0.0,-0.17,-12.23
2010-12-23,188.76,20643.8,2218.52,0.0,-2.67,-13.52
2010-12-24,189.65,20566.2,2218.48,0.0,-6.06,-17.56
2010-12-25,185.85,20486.4,2218.44,0.0,-4.31,-17.27
2010-12-26,162.32,20392.4,2218.4,0.0,-5.59,-17.58
2010-12-27,158.87,20296.4,2218.35,0.0,-3.14,-13.02
2010-12-28,184.73,20215.9,2218.31,0.0,-7.97,-21.55
2010-12-29,194.0,20141.0,2218.27,0.0,-14.53,-24.59
2010-12-30,161.82,20046.7,2218.22,0.0,-11.32,-21.54
2010-12-31,156.47,19949.2,2218.17,0.0,-8.62,-20.1
2011-01-01,152.49,19849.4,2218.12,0.0,-9.31,-20.43
2011-01-02,159.11,19753.5,2218.08,0.0,-9.57,-18.4
2011-01-03,160.2,19658.3,2218.03,0.0,-8.45,-18.16
2011-01-04,153.76,19559.2,2217.98,0.0,-7.17,-18.65
2011-01-05,150.65,19458.2,2217.93,0.0,-3.94,-13.06
2011-01-06,169.32,19368.5,2217.88,0.0,-6.97,-17.62
2011-01-07,163.39,19275.1,2217.84,3.42,-2.89,-14.87
2011-01-08,176.75,19189.8,2217.79,0.0,-4.45,-12.16
2011-01-09,176.32,19104.3,2217.75,0.0,-3.63,-16.29
2011-01-10,181.68,19021.9,2217.71,4.81,-2.36,-14.95
2011-01-11,181.76,18939.6,2217.67,0.0,-3.21,-17.23
2011-01-12,190.36,18862.5,2217.63,0.0,-10.48,-21.65
2011-01-13,184.32,18781.8,2217.59,0.0,-8.39,-19.37
2011-01-14,172.26,18693.8,2217.55,0.0,-5.54,-16.95
2011-01-15,186.45,18614.3,2217.51,0.0,-6.26,-17.28
2011-01-16,176.96,18529.1,2217.46,0.0,-0.95,-9.73
2011-01-17,148.55,18426.9,2217.41,0.0,-2.52,-10.52
2011-01-18,150.76,18326.0,2217.36,0.0,-3.52,-14.26
2011-01-19,154.59,18227.4,2217.31,0.0,-2.96,-12.79
2011-01-20,168.09,18136.9,2217.27,0.0,-2.89,-12.76
2011-01-21,166.95,18045.7,2217.22,0.0,-7.51,-15.72
2011-01-22,176.09,17960.0,2217.18,0.0,-4.86,-16.5
2011-01-23,198.83,17888.0,2217.14,0.0,-7.91,-18.42
2011-01-24,198.93,17816.0,2217.11,0.0,-11.66,-23.46
2011-01-25,182.09,17733.9,2217.07,0.0,-8.95,-20.93
2011-01-26,175.95,17648.1,2217.02,0.0,-9.6,-18.48
2011-01-27,214.74,17585.6,2216.99,1.51,-8.77,-19.03
2011-01-28,205.35,17517.5,2216.96,0.0,-1.87,-13.62
2011-01-29,213.06,17454.0,2216.93,6.79,-4.36,-15.1
2011-01-30,222.16,17395.9,2216.9,0.0,-7.42,-17.64
2011-01-31,207.31,17329.0,2216.86,0.0,-8.42,-18.37
2011-02-01,200.93,17258.2,2216.83,0.0,-9.46,-21.35
2011-02-02,180.97,17175.4,2216.79,0.0,-8.13,-19.82
2011-02-03,183.68,17094.3,2216.75,0.0,-7.18,-18.63
2011-02-04,193.06,17018.7,2216.71,0.0,-6.99,-16.23
2011-02-05,182.39,16936.8,2216.67,0.0,-3.54,-12.27
2011-02-06,164.4,16844.1,2216.62,0.0,-0.57,-8.85
2011-02-07,170.93,16755.3,2216.58,0.0,1.52,-10.77
2011-02-08,164.97,16663.0,2216.53,0.0,-1.16,-12.65
2011-02-09,158.9,16567.0,2216.48,0.0,-3.94,-13.43
2011-02-10,184.49,16486.3,2216.44,6.76,-3.86,-16.36
2011-02-11,156.66,16388.9,2216.39,0.0,-5.84,-15.35
2011-02-12,163.82,16295.9,2216.35,0.0,-3.14,-11.67
2011-02-13,143.77,16190.8,2216.3,0.0,-3.24,-10.89
2011-02-14,169.08,16100.9,2216.25,1.77,-3.95,-12.78
2011-02-15,163.8,16007.8,2216.2,0.0,0.33,-9.47
2011-02-16,165.79,15916.0,2216.16,0.0,2.14,-9.65
2011-02-17,167.01,15824.8,2216.11,0.0,3.42,-8.49
2011-02-18,195.09,15750.5,2216.08,0.0,1.09,-6.77
2011-02-19,191.76,15674.2,2216.04,0.0,6.19,-5.03
2011-02-20,195.92,15600.4,2216.0,0.0,3.37,-6.99
2011-02-21,174.73,15513.9,2215.96,0.24,1.89,-10.67
2011-02-22,187.58,15435.1,2215.92,0.0,4.74,-6.23
2011-02-23,271.95,15406.9,2215.9,22.46,6.84,-5.41
2011-02-24,265.34,15374.8,2215.89,0.0,2.68,-7.12
2011-02-25,245.18,15330.6,2215.87,1.48,4.7,-6.75
2011-02-26,240.7,15283.6,2215.84,0.0,2.35,-9.0
2011-02-27,226.42,15228.1,2215.81,0.0,4.72,-7.37
2011-02-28,205.8,15160.3,2215.78,0.0,1.02,-7.85
2011-03-01,195.07,15085.9,2215.74,0.0,1.96,-7.5
2011-03-02,170.05,14996.6,2215.7,0.0,-0.91,-13.67
2011-03-03,170.55,14907.6,2215.65,0.0,-2.2,-14.11
2011-03-04,149.97,14806.2,2215.6,0.0,-1.27,-12.11
2011-03-05,140.01,14698.9,2215.55,0.0,-3.97,-12.84
2011-03-06,130.8,14586.0,2215.49,0.0,-0.59,-13.13
2011-03-07,138.8,14478.0,2215.44,0.0,2.54,-7.31
2011-03-08,146.05,14374.3,2215.39,1.64,-0.3,-10.75
2011-03-09,141.0,14267.5,2215.33,0.0,-0.07,-11.5
2011-03-10,134.78,14157.0,2215.28,0.0,3.41,-6.66
2011-03-11,151.78,14056.7,2215.23,0.0,6.69,-4.27
2011-03-12,139.42,13949.0,2215.17,0.0,2.52,-7.05
2011-03-13,147.02,13845.9,2215.12,0.0,4.44,-5.89
2011-03-14,153.42,13746.6,2215.07,0.0,5.1,-4.8
2011-03-15,141.13,13639.9,2215.02,0.0,4.21,-7.28
2011-03-16,129.39,13526.2,2214.96,0.0,1.6,-8.77
2011-03-17,137.92,13417.6,2214.91,0.0,5.36,-6.15
2011-03-18,132.14,13305.6,2214.85,0.0,3.32,-8.84
2011-03-19,141.05,13198.9,2214.8,0.0,2.65,-6.98
2011-03-20,141.58,13092.5,2214.75,0.0,3.85,-6.03
2011-03-21,142.27,12986.5,2214.69,0.0,1.61,-10.17
2011-03-22,149.1,12884.6,2214.64,0.0,10.62,0.1
2011-03-23,154.27,12785.8,2214.59,4.38,13.38,1.91
2011-03-24,155.4,12687.7,2214.54,0.0,10.07,-5.25
2011-03-25,144.65,12583.1,2214.49,0.0,10.16,2.48
2011-03-26,146.98,12480.0,2214.44,0.0,8.88,-0.45
2011-03-27,139.82,12372.5,2214.39,0.0,8.28,-1.46
2011-03-28,127.61,12257.7,2214.33,0.0,11.98,-1.54
2011-03-29,134.03,12146.8,2214.27,0.0,10.09,-0.52
2011-03-30,168.85,12056.8,2214.23,13.48,10.95,0.24
2011-03-31,163.44,11963.5,2214.18,0.0,8.18,-2.49
2011-04-01,167.22,11872.4,2214.14,0.0,7.38,-3.24
2011-04-02,167.11,11781.4,2214.09,0.43,8.78,-4.84
2011-04-03,163.77,11688.3,2214.04,0.0,7.7,-2.43
2011-04-04,151.34,11587.7,2213.99,0.0,6.04,-5.27
2011-04-05,170.41,11498.6,2213.95,6.02,8.64,-2.64
2011-04-06,180.24,11415.4,2213.91,1.0,7.14,-4.59
2011-04-07,151.46,11315.0,2213.86,0.0,2.07,-9.01
2011-04-08,130.75,11202.1,2213.8,1.5,7.23,-2.62
2011-04-09,127.96,11087.5,2213.74,0.0,4.34,-6.04
2011-04-10,148.97,10985.5,2213.69,0.0,12.64,0.2
2011-04-11,138.07,10877.0,2213.64,0.0,11.25,-0.26
2011-04-12,142.33,10771.1,2213.59,0.0,9.0,-3.58
2011-04-13,167.0,10679.9,2213.54,3.67,12.06,0.83
2011-04-14,150.3,10578.7,2213.49,0.0,6.24,-3.58
2011-04-15,210.98,10514.0,2213.46,26.36,5.02,-3.36
2011-04-16,188.87,10436.0,2213.42,0.0,4.59,-5.57
2011-04-17,170.02,10346.6,2213.37,0.0,6.99,-4.95
2011-04-18,165.24,10254.4,2213.33,0.0,8.23,-4.09
2011-04-19,198.89,10182.4,2213.29,0.0,7.64,-5.41
2011-04-20,172.85,10094.8,2213.25,0.0,10.73,-2.02
2011-04-21,178.29,10010.4,2213.21,0.0,12.02,3.62
2011-04-22,184.33,9929.6,2213.16,2.08,11.27,-0.08
2011-04-23,205.61,9861.6,2213.13,0.0,7.86,-4.01
2011-04-24,203.19,9792.2,2213.1,0.0,9.33,-1.59
2011-04-25,212.99,9728.7,2213.06,0.05,10.14,-1.54
2011-04-26,208.03,9662.1,2213.03,0.0,11.71,1.44
2011-04-27,203.29,9592.8,2213.0,0.0,10.62,-1.56
2011-04-28,194.09,9517.9,2212.96,0.0,8.05,-4.76
2011-04-29,207.03,9450.7,2212.93,0.0,8.66,-3.46
2011-04-30,213.36,9387.4,2212.89,0.0,10.75,-2.32
2011-05-01,244.53,9342.8,2212.87,2.12,12.32,0.58
2011-05-02,309.24,9337.0,2212.87,4.08,16.35,4.22
2011-05-03,341.39,9350.4,2212.88,11.17,14.46,3.74
2011-05-04,383.81,9389.4,2212.89,0.0,14.06,3.2
2011-05-05,434.84,9458.9,2212.93,0.0,21.2,7.09
2011-05-06,456.86,9541.7,2212.97,1.46,18.0,4.11
2011-05-07,446.8,9618.4,2213.01,1.96,12.79,1.22
2011-05-08,436.33,9688.9,2213.04,0.0,15.91,4.14
2011-05-09,476.82,9783.6,2213.09,0.0,17.67,4.76
2011-05-10,473.71,9876.5,2213.14,0.54,16.02,6.64
2011-05-11,462.18,9962.5,2213.18,0.0,17.3,6.07
2011-05-12,505.72,10074.6,2213.24,0.0,26.55,15.12
2011-05-13,540.23,10207.3,2213.3,0.0,21.48,10.92
2011-05-14,580.42,10364.2,2213.38,0.09,18.19,6.01
2011-05-15,583.15,10522.8,2213.46,0.0,15.71,4.38
2011-05-16,580.26,10679.6,2213.54,0.0,18.91,6.77
2011-05-17,579.41,10835.9,2213.62,0.0,17.85,6.15
2011-05-18,639.31,11028.1,2213.71,4.15,17.46,3.71
2011-05-19,688.01,11249.6,2213.82,0.77,18.1,9.44
2011-05-20,724.56,11493.0,2213.95,0.0,22.15,10.62
2011-05-21,717.42,11732.1,2214.07,0.0,17.67,8.89
2011-05-22,782.75,12010.4,2214.21,0.0,18.76,11.13
2011-05-23,737.99,12261.8,2214.33,0.0,15.78,4.65
2011-05-24,662.86,12468.2,2214.43,0.0,14.56,3.12
2011-05-25,753.69,12729.1,2214.56,7.26,17.46,5.87
2011-05-26,779.47,13005.4,2214.7,0.0,16.49,5.79
2011-05-27,831.66,13313.0,2214.86,1.97,16.52,6.09
2011-05-28,778.03,13588.5,2214.99,0.0,14.44,3.81
2011-05-29,765.11,13856.2,2215.13,0.0,17.82,6.11
2011-05-30,707.12,14089.1,2215.24,0.0,17.98,8.06
2011-05-31,648.0,14286.6,2215.34,0.0,21.37,11.02
2011-06-01,606.7,14459.3,2215.43,0.0,22.62,9.51
2011-06-02,590.27,14622.1,2215.51,0.0,22.53,11.84
2011-06-03,879.06,14958.2,2215.68,21.44,19.65,9.75
2011-06-04,1119.02,15438.2,2215.92,12.94,18.29,8.45
2011-06-05,1121.51,15919.8,2216.16,8.78,23.73,12.63
2011-06-06,946.82,16296.5,2216.35,0.0,23.39,12.43
2011-06-07,989.86,16699.1,2216.55,0.0,24.3,12.02
2011-06-08,976.15,17093.4,2216.75,9.12,23.79,14.07
2011-06-09,843.52,17408.2,2216.9,0.0,25.22,13.81
2011-06-10,824.53,17711.6,2217.06,0.0,20.82,10.21
2011-06-11,788.07,17993.1,2217.2,0.0,19.26,7.15
2011-06-12,727.84,18238.4,2217.32,1.69,18.37,6.48
2011-06-13,789.46,18520.8,2217.46,1.51,14.9,4.93
2011-06-14,778.52,18796.5,2217.6,0.0,15.0,5.43
2011-06-15,882.55,19134.7,2217.77,0.0,19.11,6.45
2011-06-16,884.12,19473.8,2217.94,0.0,18.05,7.01
2011-06-17,772.74,19746.1,2218.07,0.0,13.95,4.31
2011-06-18,681.19,19963.5,2218.18,0.0,17.12,6.21
2011-06-19,632.3,20151.5,2218.28,0.0,15.51,3.32
2011-06-20,624.32,20334.8,2218.37,0.0,17.81,6.84
2011-06-21,539.66,20467.2,2218.43,0.0,11.78,3.92
2011-06-22,476.06,20561.5,2218.48,0.0,14.56,5.35
2011-06-23,534.85,20691.0,2218.55,0.0,15.95,3.97
2011-06-24,575.54,20845.0,2218.62,3.64,16.78,5.55
2011-06-25,564.97,20992.7,2218.7,4.71,20.16,6.9
2011-06-26,559.89,21137.2,2218.77,0.0,25.2,13.51
2011-06-27,604.13,21308.4,2218.85,3.02,18.22,8.42
2011-06-28,527.02,21433.2,2218.92,0.0,19.22,8.87
2011-06-29,565.46,21581.2,2218.99,0.0,24.33,13.07
2011-06-30,632.47,21769.3,2219.08,0.0,25.22,11.31
2011-07-01,754.28,22030.5,2219.22,7.99,23.78,11.06
2011-07-02,699.98,22259.2,2219.33,5.34,24.63,13.65
2011-07-03,776.87,22533.9,2219.47,0.0,25.1,15.21
2011-07-04,848.38,22851.6,2219.63,0.0,26.87,14.78
2011-07-05,774.56,23125.0,2219.76,1.84,26.92,16.04
2011-07-06,720.91,23366.2,2219.88,0.0,29.31,18.98
2011-07-07,815.16,23663.9,2220.03,2.6,30.38,17.44
2011-07-08,848.99,23982.0,2220.19,0.0,29.28,15.66
2011-07-09,807.98,24275.4,2220.34,0.0,25.49,14.74
2011-07-10,706.1,24507.7,2220.45,2.72,21.91,13.6
2011-07-11,728.58,24753.5,2220.58,0.0,18.31,10.52
2011-07-12,642.86,24947.9,2220.67,0.31,19.25,9.82
2011-07-13,626.41,25132.4,2220.77,0.0,18.95,7.36
2011-07-14,660.9,25337.6,2220.87,0.0,20.53,8.09
2011-07-15,751.54,25597.2,2221.0,1.52,20.57,10.63
2011-07-16,646.02,25793.4,2221.1,0.0,21.4,11.02
2011-07-17,567.62,25942.6,2221.17,0.0,20.91,11.08
2011-07-18,530.62,26069.7,2221.23,0.0,17.62,5.87
2011-07-19,584.99,26229.3,2221.31,0.0,15.39,4.38
2011-07-20,683.45,26448.0,2221.42,14.79,18.5,7.42
2011-07-21,745.73,26704.1,2221.55,0.0,20.35,9.62
2011-07-22,669.12,26914.3,2221.66,0.86,20.53,8.01
2011-07-23,551.32,27053.7,2221.73,0.0,21.82,10.55
2011-07-24,575.78,27207.8,2221.8,0.0,18.83,9.77
2011-07-25,569.99,27358.5,2221.88,0.0,19.83,7.29
2011-07-26,516.92,27477.3,2221.94,0.0,18.84,9.69
2011-07-27,525.95,27601.5,2222.0,1.67,21.13,8.6
2011-07-28,508.47,27715.2,2222.06,0.0,21.0,10.61
2011-07-29,468.14,27804.8,2222.1,0.0,20.34,10.73
2011-07-30,412.34,27860.8,2222.13,0.0,20.86,10.02
2011-07-31,434.27,27930.0,2222.17,0.0,15.85,5.94
2011-08-01,433.58,27998.8,2222.2,0.0,12.16,0.66
2011-08-02,455.43,28080.7,2222.24,0.0,10.87,-0.03
2011-08-03,462.57,28166.9,2222.28,0.25,12.63,2.34
2011-08-04,417.26,28225.9,2222.31,0.0,12.92,2.94
2011-08-05,410.14,28280.7,2222.34,0.0,19.79,6.08
2011-08-06,467.45,28369.8,2222.38,0.0,14.98,4.11
2011-08-07,455.33,28451.6,2222.43,0.0,21.55,7.82
2011-08-08,427.4,28516.7,2222.46,0.0,24.57,11.59
2011-08-09,442.46,28590.8,2222.5,0.0,23.69,10.96
2011-08-10,429.99,28657.5,2222.53,0.0,25.75,14.53
2011-08-11,379.0,28693.5,2222.55,0.0,27.35,15.66
2011-08-12,456.77,28776.3,2222.59,0.0,24.52,12.21
2011-08-13,433.62,28845.1,2222.62,0.0,19.76,10.28
2011-08-14,417.66,28904.3,2222.65,0.0,20.74,7.88
2011-08-15,373.03,28936.8,2222.67,0.0,18.94,8.02
2011-08-16,370.73,28967.9,2222.68,0.0,18.35,7.56
2011-08-17,402.67,29018.1,2222.71,7.42,16.6,5.61
2011-08-18,296.58,29004.7,2222.7,0.0,15.52,3.9
2011-08-19,276.39,28979.2,2222.69,0.07,19.0,8.21
2011-08-20,298.96,28967.2,2222.68,0.0,20.89,9.87
2011-08-21,323.56,28970.0,2222.69,0.0,18.57,10.43
2011-08-22,319.34,28970.3,2222.69,2.6,21.99,10.19
2011-08-23,318.67,28970.1,2222.69,0.79,22.74,10.91
2011-08-24,311.14,28965.5,2222.68,0.0,24.23,13.54
2011-08-25,322.77,28967.8,2222.68,0.0,20.89,7.65
2011-08-26,293.28,28952.4,2222.68,0.0,15.55,5.29
2011-08-27,291.67,28936.1,2222.67,0.0,13.23,5.81
2011-08-28,286.72,28916.7,2222.66,0.0,17.71,6.08
2011-08-29,241.64,28870.4,2222.64,0.0,15.63,5.47
2011-08-30,245.15,28826.1,2222.61,0.0,18.77,9.32
2011-08-31,241.63,28779.7,2222.59,0.0,20.45,7.42
2011-09-01,286.26,28760.2,2222.58,12.24,22.49,13.93
2011-09-02,285.34,28740.0,2222.57,0.0,24.53,11.91
2011-09-03,268.18,28709.6,2222.55,2.2,23.17,11.62
2011-09-04,242.71,28663.8,2222.53,0.0,20.26,11.09
2011-09-05,231.09,28611.1,2222.51,1.14,18.61,6.17
2011-09-06,285.83,28591.3,2222.5,10.81,21.86,11.39
2011-09-07,288.5,28573.0,2222.49,0.0,23.02,11.08
2011-09-08,308.46,28566.8,2222.48,0.0,17.37,7.29
2011-09-09,311.24,28562.2,2222.48,0.0,17.78,8.7
2011-09-10,283.75,28541.1,2222.47,0.0,17.54,4.29
2011-09-11,245.56,28497.1,2222.45,0.0,14.7,5.01
2011-09-12,242.76,28451.4,2222.43,0.0,17.49,5.77
2011-09-13,269.86,28421.9,2222.41,0.0,15.92,5.48
2011-09-14,246.63,28378.6,2222.39,0.0,13.03,3.5
2011-09-15,228.8,28324.5,2222.36,0.0,15.8,4.93
2011-09-16,236.86,28275.2,2222.34,1.38,16.4,5.76
2011-09-17,225.42,28219.1,2222.31,0.0,13.84,-1.88
2011-09-18,233.53,28167.9,2222.28,0.0,18.18,7.51
2011-09-19,205.83,28100.1,2222.25,0.0,13.21,4.76
2011-09-20,193.86,28025.0,2222.21,0.0,16.92,8.14
2011-09-21,213.46,27961.8,2222.18,0.0,16.51,4.06
2011-09-22,225.03,27905.4,2222.15,0.0,14.96,1.45
2011-09-23,263.67,27872.3,2222.14,0.0,17.03,5.85
2011-09-24,267.25,27841.3,2222.12,0.0,19.61,8.82
2011-09-25,258.23,27804.9,2222.1,0.0,19.04,8.29
2011-09-26,276.72,27779.6,2222.09,4.16,14.54,5.14
2011-09-27,254.45,27740.9,2222.07,0.0,11.2,1.87
2011-09-28,236.45,27691.4,2222.05,0.0,14.82,5.11
2011-09-29,216.1,27629.7,2222.01,0.0,14.69,2.86
2011-09-30,248.7,27587.6,2221.99,0.0,13.77,1.39
2011-10-01,294.95,27573.2,2221.99,0.0,14.05,2.8
2011-10-02,280.22,27550.0,2221.97,0.0,13.95,1.96
2011-10-03,276.13,27524.3,2221.96,0.0,11.79,-0.29
2011-10-04,287.94,27505.7,2221.95,0.0,9.49,-1.14
2011-10-05,296.1,27492.1,2221.95,0.0,9.06,0.26
2011-10-06,282.93,27470.5,2221.94,0.0,8.76,-3.18
2011-10-07,268.2,27440.0,2221.92,0.0,6.09,-2.83
2011-10-08,267.93,27409.4,2221.9,0.0,9.71,-1.14
2011-10-09,272.56,27381.6,2221.89,0.0,4.02,-6.07
2011-10-10,264.15,27348.8,2221.87,0.0,1.7,-9.93
2011-10-11,237.14,27299.7,2221.85,0.0,8.39,-2.45
2011-10-12,252.19,27259.7,2221.83,0.0,11.33,-0.78
2011-10-13,236.45,27210.2,2221.81,0.0,11.8,-1.02
2011-10-14,247.54,27167.4,2221.78,0.0,11.0,-0.96
2011-10-15,248.75,27125.3,2221.76,0.0,6.95,-4.99
2011-10-16,237.06,27076.2,2221.74,0.0,8.46,-4.9
2011-10-17,200.07,27004.9,2221.7,0.0,5.66,-4.44
2011-10-18,174.87,26918.4,2221.66,0.0,3.01,-6.96
2011-10-19,180.52,26835.4,2221.62,0.0,10.78,-1.24
2011-10-20,195.84,26761.5,2221.58,6.64,8.89,-1.1
2011-10-21,193.66,26686.4,2221.54,0.0,11.79,0.84
2011-10-22,185.46,26606.3,2221.5,0.0,12.74,0.29
2011-10-23,183.82,26525.3,2221.46,0.0,16.59,5.26
2011-10-24,176.6,26439.9,2221.42,0.0,15.62,4.97
2011-10-25,198.74,26367.8,2221.38,0.0,13.33,1.9
2011-10-26,210.78,26302.9,2221.35,1.51,14.47,4.4
2011-10-27,192.9,26227.3,2221.31,0.0,13.29,3.05
2011-10-28,201.63,26156.9,2221.28,0.0,7.08,-4.57
2011-10-29,197.49,26084.1,2221.24,0.0,8.67,-0.5
2011-10-30,194.29,26009.3,2221.2,0.0,6.25,-4.12
2011-10-31,212.22,25945.3,2221.17,0.0,8.23,-3.96
2011-11-01,176.52,25859.8,2221.13,0.0,5.37,-2.73
2011-11-02,180.24,25776.6,2221.09,0.0,9.93,-3.88
2011-11-03,191.63,25700.2,2221.05,0.0,10.74,-1.62
2011-11-04,181.34,25617.7,2221.01,0.0,4.24,-4.39
2011-11-05,187.82,25539.0,2220.97,0.0,3.73,-7.86
2011-11-06,193.34,25463.7,2220.93,0.0,-2.43,-9.98
2011-11-07,188.04,25385.2,2220.89,0.0,2.19,-12.74
2011-11-08,173.62,25298.0,2220.85,0.0,0.73,-9.03
2011-11-09,188.05,25219.5,2220.81,0.0,0.83,-7.07
2011-11-10,183.96,25138.5,2220.77,0.0,5.82,-7.51
2011-11-11,201.07,25067.8,2220.73,0.0,1.98,-9.56
2011-11-12,198.56,24995.6,2220.7,0.0,-3.71,-14.94
2011-11-13,188.81,24917.5,2220.66,0.0,-3.21,-13.92
2011-11-14,187.7,24838.8,2220.62,0.0,0.26,-12.47
2011-11-15,211.59,24774.4,2220.59,0.0,-4.79,-13.48
2011-11-16,233.1,24722.9,2220.56,0.0,-0.45,-12.65
2011-11-17,216.27,24661.3,2220.53,0.0,-2.09,-11.12
2011-11-18,206.79,24594.1,2220.5,0.0,2.39,-9.52
2011-11-19,203.93,24525.1,2220.46,0.0,4.96,-7.3
2011-11-20,202.46,24455.2,2220.43,0.0,3.74,-8.98
2011-11-21,203.83,24386.1,2220.39,0.0,4.41,-6.67
2011-11-22,208.43,24319.8,2220.36,0.0,3.93,-6.9
2011-11-23,182.17,24237.8,2220.32,0.0,8.55,-1.89
2011-11-24,203.58,24168.6,2220.28,6.62,3.38,-9.29
2011-11-25,194.94,24094.2,2220.25,0.0,6.32,-6.98
2011-11-26,197.97,24021.6,2220.21,0.0,1.35,-11.1
2011-11-27,195.05,23947.3,2220.17,0.0,-4.38,-13.39
2011-11-28,215.98,23885.6,2220.14,10.61,-5.48,-17.15
2011-11-29,224.23,23828.8,2220.11,0.0,-3.92,-15.18
2011-11-30,225.47,23772.7,2220.09,0.0,-1.16,-13.14
2011-12-01,212.37,23708.8,2220.05,0.0,-2.59,-13.5
2011-12-02,189.9,23631.3,2220.02,0.0,-1.89,-16.47
2011-12-03,173.54,23544.1,2219.97,0.89,-4.03,-19.43
2011-12-04,168.26,23453.7,2219.93,0.0,-3.06,-16.4
2011-12-05,173.83,23366.7,2219.88,0.0,-3.26,-13.43
2011-12-06,182.07,23284.6,2219.84,0.0,0.37,-10.33
2011-12-07,199.61,23213.0,2219.81,0.0,-6.26,-18.4
2011-12-08,184.64,23132.4,2219.77,0.0,-4.38,-16.25
2011-12-09,199.06,23060.5,2219.73,0.0,-3.02,-14.24
2011-12-10,186.92,22981.3,2219.69,0.0,-5.86,-18.94
2011-12-11,197.85,22908.7,2219.65,0.0,-11.03,-21.5
2011-12-12,201.42,22838.2,2219.62,0.0,-6.17,-18.53
2011-12-13,195.58,22764.2,2219.58,0.0,-8.92,-20.58
2011-12-14,180.95,22681.4,2219.54,0.0,-6.36,-18.12
2011-12-15,188.89,22603.4,2219.5,0.0,-2.62,-13.26
2011-12-16,210.59,22538.4,2219.47,0.0,-5.42,-16.25
2011-12-17,199.23,22466.6,2219.43,0.0,-7.65,-17.85
2011-12-18,197.26,22393.6,2219.4,0.0,-9.77,-20.32
2011-12-19,194.07,22318.7,2219.36,0.0,-13.94,-21.04
2011-12-20,179.15,22234.8,2219.32,0.0,-7.42,-19.94
2011-12-21,162.05,22140.7,2219.27,0.0,-8.06,-17.86
2011-12-22,170.01,22051.4,2219.23,5.1,-7.03,-17.21
2011-12-23,215.17,21989.1,2219.19,5.03,-6.96,-18.21
2011-12-24,212.09,21925.0,2219.16,0.0,-4.54,-16.35
2011-12-25,225.15,21868.8,2219.13,0.91,-6.25,-16.42
2011-12-26,224.63,21812.2,2219.11,0.0,-2.69,-12.55
2011-12-27,194.45,21737.5,2219.07,0.0,-2.6,-15.33
2011-12-28,203.27,21668.1,2219.03,0.0,-5.99,-15.96
2011-12-29,194.23,21593.3,2219.0,0.0,1.12,-12.87
2011-12-30,168.06,21502.8,2218.95,0.0,-4.78,-18.32
2011-12-31,151.19,21402.2,2218.9,0.0,-5.12,-16.2
2012-01-01,168.63,21312.0,2218.86,0.0,-0.84,-14.11
2012-01-02,165.47,21219.9,2218.81,0.0,-7.73,-18.84
2012-01-03,169.83,21130.5,2218.77,0.0,-1.38,-11.74
2012-01-04,180.6,21047.5,2218.72,0.0,-0.81,-12.37
2012-01-05,177.45,20962.6,2218.68,0.0,1.01,-9.97
2012-01-06,160.06,20867.3,2218.63,0.0,3.29,-6.89
2012-01-07,161.48,20772.8,2218.59,5.13,0.21,-10.46
2012-01-08,179.42,20689.1,2218.54,0.0,-5.2,-12.69
2012-01-09,219.72,20629.6,2218.51,0.0,-1.75,-12.4
2012-01-10,217.43,20568.7,2218.48,0.0,-0.9,-12.62
2012-01-11,210.44,20503.7,2218.45,0.0,4.07,-7.49
2012-01-12,255.71,20465.7,2218.43,13.02,-0.18,-11.08
2012-01-13,228.34,20411.4,2218.41,0.0,-2.23,-12.83
2012-01-14,218.59,20351.2,2218.38,0.0,1.37,-9.53
2012-01-15,216.12,20289.5,2218.34,0.0,-0.72,-12.78
2012-01-16,228.89,20235.5,2218.32,0.0,-3.5,-15.79
2012-01-17,229.29,20181.7,2218.29,0.0,1.19,-11.84
2012-01-18,199.14,20109.9,2218.25,0.0,1.97,-10.86
2012-01-19,217.33,20048.9,2218.22,0.0,0.41,-13.2
2012-01-20,223.67,19991.8,2218.2,0.0,-3.89,-12.89
2012-01-21,221.88,19933.6,2218.17,0.0,-5.62,-14.71
2012-01-22,208.48,19867.3,2218.13,0.0,-3.73,-13.06
2012-01-23,191.17,19790.6,2218.1,0.0,-7.3,-13.28
2012-01-24,196.9,19717.4,2218.06,0.0,-11.11,-21.12
2012-01-25,195.07,19643.1,2218.02,0.0,-11.91,-23.5
2012-01-26,194.98,19568.8,2217.98,0.0,-11.66,-20.87
2012-01-27,280.15,19545.5,2217.97,16.63,-10.91,-20.27
2012-01-28,235.77,19495.6,2217.95,0.31,-8.25,-21.49
2012-01-29,216.16,19434.0,2217.92,0.0,-6.93,-18.08
2012-01-30,186.16,19354.3,2217.88,0.0,-2.44,-15.68
2012-01-31,148.53,19252.1,2217.83,0.0,2.64,-10.55
2012-02-01,135.77,19142.2,2217.77,0.0,-3.73,-15.81
2012-02-02,124.07,19025.3,2217.71,0.0,-4.64,-16.46
2012-02-03,139.5,18917.6,2217.66,6.77,-4.39,-14.15
2012-02-04,139.57,18810.0,2217.61,7.37,-1.24,-10.94
2012-02-05,140.61,18703.0,2217.55,0.0,2.59,-9.1
2012-02-06,148.56,18600.8,2217.5,3.38,-2.38,-15.45
2012-02-07,137.7,18492.1,2217.45,0.0,-3.14,-11.75
2012-02-08,150.16,18390.9,2217.4,0.0,-2.09,-11.04
2012-02-09,135.57,18280.8,2217.34,0.0,-1.42,-13.49
2012-02-10,154.88,18182.4,2217.29,0.0,-2.18,-12.76
2012-02-11,162.34,18088.5,2217.24,0.0,-0.66,-13.28
2012-02-12,158.07,17992.0,2217.2,0.0,-0.27,-15.15
2012-02-13,147.6,17889.2,2217.14,0.0,-4.09,-13.77
2012-02-14,157.48,17792.3,2217.1,0.0,2.27,-9.87
2012-02-15,150.45,17691.2,2217.05,0.0,0.59,-10.56
2012-02-16,142.84,17585.6,2216.99,0.0,0.78,-9.86
2012-02-17,148.47,17483.3,2216.94,0.0,1.52,-9.12
2012-02-18,185.67,17403.4,2216.9,1.0,4.28,-6.2
2012-02-19,188.38,17325.1,2216.86,0.0,8.08,-1.95
2012-02-20,177.71,17240.3,2216.82,0.0,11.4,-1.45
2012-02-21,167.17,17149.3,2216.77,0.0,8.24,-1.38
2012-02-22,144.77,17044.8,2216.72,0.0,6.87,-2.77
2012-02-23,152.26,16944.8,2216.67,0.0,5.03,-5.8
2012-02-24,152.56,16845.0,2216.62,0.0,9.21,-2.64
2012-02-25,165.72,16753.1,2216.58,0.0,3.4,-6.63
2012-02-26,137.57,16644.3,2216.52,0.0,1.18,-10.07
2012-02-27,131.72,16532.0,2216.47,0.0,0.87,-8.95
2012-02-28,148.01,16429.4,2216.41,0.0,6.82,-6.95
2012-02-29,157.77,16332.7,2216.37,0.0,3.04,-9.04
2012-03-01,158.75,16236.6,2216.32,0.0,5.39,-3.97
2012-03-02,164.29,16143.9,2216.27,0.0,1.04,-8.87
2012-03-03,160.74,16048.9,2216.22,0.0,-0.87,-10.26
2012-03-04,163.5,15955.7,2216.18,0.0,2.76,-8.62
2012-03-05,170.84,15866.9,2216.13,0.0,-1.14,-11.12
2012-03-06,157.29,15769.9,2216.08,0.0,0.37,-10.97
2012-03-07,177.23,15684.9,2216.04,0.0,1.6,-9.19
2012-03-08,175.47,15598.8,2216.0,0.0,2.32,-10.71
2012-03-09,176.28,15513.2,2215.96,0.0,5.57,-8.91
2012-03-10,172.21,15425.2,2215.91,0.0,3.56,-6.59
2012-03-11,183.23,15343.8,2215.87,0.0,3.68,-6.66
2012-03-12,223.04,15286.3,2215.84,8.2,2.59,-6.23
2012-03-13,199.99,15214.9,2215.81,0.0,-1.54,-11.76
2012-03-14,321.07,15216.2,2215.81,35.3,9.15,-3.64
2012-03-15,261.83,15181.9,2215.79,0.0,9.24,-4.2
2012-03-16,250.53,15140.9,2215.77,6.19,3.91,-5.9
2012-03-17,213.56,15077.7,2215.74,0.0,4.01,-7.61
2012-03-18,182.88,14996.1,2215.7,0.0,2.18,-8.95
2012-03-19,169.79,14906.6,2215.65,0.0,5.05,-4.59
2012-03-20,149.77,14805.1,2215.6,0.0,7.08,-5.33
2012-03-21,143.57,14699.9,2215.55,0.0,4.47,-5.39
2012-03-22,146.85,14596.7,2215.5,0.0,6.98,-4.28
2012-03-23,123.75,14479.6,2215.44,1.25,7.44,-1.93
2012-03-24,117.83,14358.9,2215.38,0.32,2.62,-9.91
2012-03-25,124.77,14242.4,2215.32,0.0,6.2,-6.24
2012-03-26,119.57,14122.8,2215.26,0.0,0.17,-11.38
2012-03-27,103.85,13993.8,2215.2,0.0,-0.94,-10.41
2012-03-28,101.11,13863.1,2215.13,0.0,1.68,-9.96
2012-03-29,101.62,13732.7,2215.07,0.0,2.21,-9.73
2012-03-30,107.79,13606.1,2215.0,0.0,0.48,-10.14
2012-03-31,121.36,13487.5,2214.94,0.0,5.52,-7.0
2012-04-01,106.47,13360.1,2214.88,1.5,6.81,-3.49
2012-04-02,103.71,13230.9,2214.82,0.0,4.36,-6.0
2012-04-03,123.76,13113.8,2214.76,0.0,8.03,-3.93
2012-04-04,117.99,12993.3,2214.7,3.65,4.08,-7.88
2012-04-05,123.48,12876.0,2214.64,0.0,8.15,-2.12
2012-04-06,116.8,12754.8,2214.58,0.0,6.31,-6.03
2012-04-07,120.66,12635.8,2214.52,0.0,7.79,-4.88
2012-04-08,134.85,12525.4,2214.46,0.0,1.95,-7.99
2012-04-09,128.49,12411.1,2214.41,0.0,7.38,-2.75
2012-04-10,136.35,12301.6,2214.35,0.0,7.01,-4.31
2012-04-11,158.64,12205.4,2214.3,10.99,6.99,-3.74
2012-04-12,130.58,12092.4,2214.25,0.0,2.4,-6.28
2012-04-13,141.68,11986.1,2214.19,0.0,4.13,-5.53
2012-04-14,158.76,11890.0,2214.14,1.96,8.18,-3.41
2012-04-15,174.44,11803.3,2214.1,3.27,8.1,-1.65
2012-04-16,164.71,11710.8,2214.06,0.0,10.7,-0.08
2012-04-17,177.13,11625.7,2214.01,8.4,11.25,1.16
2012-04-18,178.87,11541.7,2213.97,0.0,12.98,1.97
2012-04-19,173.16,11454.2,2213.93,7.64,5.61,-5.89
2012-04-20,144.09,11349.3,2213.87,0.0,3.18,-9.33
2012-04-21,137.8,11240.6,2213.82,0.59,1.97,-9.62
2012-04-22,131.83,11128.4,2213.76,0.0,2.6,-7.07
2012-04-23,142.66,11022.6,2213.71,0.0,9.33,-3.25
2012-04-24,183.81,10941.6,2213.67,12.41,6.51,-2.85
2012-04-25,169.04,10851.6,2213.63,0.0,8.73,-1.07
2012-04-26,151.85,10751.4,2213.58,0.0,11.63,0.42
2012-04-27,166.36,10659.9,2213.53,0.0,12.55,0.29
2012-04-28,160.21,10564.7,2213.48,0.48,14.42,2.8
2012-04-29,195.87,10490.8,2213.45,7.9,14.99,4.78
2012-04-30,179.47,10407.2,2213.4,0.0,14.56,3.5
2012-05-01,180.84,10324.3,2213.36,0.83,16.12,7.81
2012-05-02,191.1,10247.6,2213.32,0.0,14.97,2.5
2012-05-03,233.12,10196.2,2213.3,6.97,11.29,2.11
2012-05-04,284.13,10175.3,2213.29,0.0,12.3,1.46
2012-05-05,286.16,10155.6,2213.28,0.15,13.82,0.68
2012-05-06,318.59,10155.4,2213.28,0.0,11.54,0.91
2012-05-07,352.32,10175.5,2213.29,0.0,15.23,3.56
2012-05-08,425.32,10239.3,2213.32,9.1,13.85,1.54
2012-05-09,419.2,10299.5,2213.35,0.0,20.64,7.84
2012-05-10,356.06,10321.8,2213.36,0.0,17.22,5.6
2012-05-11,348.26,10339.4,2213.37,0.0,23.42,9.99
2012-05-12,424.57,10402.8,2213.4,8.98,16.54,5.98
2012-05-13,424.23,10466.0,2213.43,0.0,21.76,9.86
2012-05-14,371.6,10497.6,2213.45,1.12,21.99,9.73
2012-05-15,357.94,10521.0,2213.46,0.0,15.85,4.19
2012-05-16,317.41,10520.1,2213.46,0.0,18.0,7.03
2012-05-17,252.48,10480.2,2213.44,0.0,17.89,7.25
2012-05-18,278.67,10456.1,2213.43,0.2,23.96,12.18
2012-05-19,267.85,10425.4,2213.41,0.0,26.65,15.55
2012-05-20,261.37,10390.9,2213.4,0.0,23.54,10.3
2012-05-21,272.57,10363.1,2213.38,0.0,23.22,10.22
2012-05-22,288.07,10344.6,2213.37,0.0,25.77,16.29
2012-05-23,314.73,10342.1,2213.37,0.0,28.7,17.0
2012-05-24,353.93,10363.1,2213.38,6.78,27.7,15.3
2012-05-25,369.13,10393.2,2213.4,0.0,23.33,11.53
2012-05-26,340.3,10406.1,2213.4,0.0,21.26,10.36
2012-05-27,330.15,10412.8,2213.41,4.39,20.36,10.9
2012-05-28,329.33,10419.1,2213.41,3.99,17.25,9.32
2012-05-29,317.91,10418.4,2213.41,0.0,17.99,6.77
2012-05-30,333.04,10426.9,2213.41,0.0,17.25,6.03
2012-05-31,482.84,10525.3,2213.46,12.27,11.91,3.47
2012-06-01,511.25,10640.7,2213.52,10.76,17.76,4.73
2012-06-02,463.54,10727.4,2213.56,0.0,19.06,6.73
2012-06-03,414.2,10784.6,2213.59,0.82,25.18,12.97
2012-06-04,432.65,10852.9,2213.63,0.0,25.41,13.48
2012-06-05,452.24,10932.9,2213.67,0.0,21.06,11.28
2012-06-06,508.53,11046.6,2213.72,0.0,15.04,7.26
2012-06-07,517.82,11166.0,2213.78,0.0,12.16,2.34
2012-06-08,500.35,11274.8,2213.84,0.0,16.14,3.22
2012-06-09,549.31,11413.1,2213.91,0.0,19.05,6.87
2012-06-10,536.22,11543.5,2213.97,0.0,16.31,5.89
2012-06-11,646.67,11740.1,2214.07,3.28,19.59,6.75
2012-06-12,658.51,11943.9,2214.17,0.0,18.66,8.72
2012-06-13,553.84,12084.8,2214.24,0.0,16.53,5.27
2012-06-14,518.07,12204.3,2214.3,0.0,15.45,3.35
2012-06-15,536.12,12334.6,2214.37,0.0,12.69,4.03
2012-06-16,496.58,12441.2,2214.42,0.0,14.9,6.15
2012-06-17,517.49,12560.4,2214.48,0.0,18.94,7.32
2012-06-18,507.25,12673.4,2214.54,0.0,18.14,5.66
2012-06-19,463.54,12760.2,2214.58,0.0,20.61,7.25
2012-06-20,537.06,12891.0,2214.65,0.0,22.6,10.83
2012-06-21,579.96,13047.7,2214.72,0.0,23.12,12.19
2012-06-22,595.02,13213.3,2214.81,0.0,19.54,7.94
2012-06-23,543.68,13348.2,2214.87,0.0,20.16,9.54
2012-06-24,536.98,13479.0,2214.94,0.0,23.54,11.4
2012-06-25,530.06,13605.7,2215.0,0.0,22.42,12.76
2012-06-26,533.01,13734.2,2215.07,0.0,25.93,13.14
2012-06-27,480.94,13831.4,2215.12,0.0,23.98,16.24
2012-06-28,464.38,13918.7,2215.16,0.67,25.53,15.53
2012-06-29,479.54,14015.0,2215.21,5.26,23.86,11.24
2012-06-30,498.42,14122.7,2215.26,0.81,19.55,8.06
2012-07-01,607.8,14296.1,2215.35,0.0,24.47,11.59
2012-07-02,633.59,14484.9,2215.44,0.0,21.32,11.29
2012-07-03,594.79,14650.4,2215.53,0.0,20.92,8.88
2012-07-04,577.84,14805.8,2215.6,3.65,21.83,10.14
2012-07-05,537.27,14936.8,2215.67,0.0,26.26,16.29
2012-07-06,571.86,15088.5,2215.74,4.09,23.65,12.03
2012-07-07,591.2,15251.9,2215.83,5.1,16.78,4.38
2012-07-08,664.64,15459.3,2215.93,6.17,20.33,11.46
2012-07-09,611.01,15634.6,2216.02,0.0,16.86,5.23
2012-07-10,625.1,15818.3,2216.11,0.0,18.05,6.91
2012-07-11,589.97,15981.0,2216.19,0.0,20.46,12.07
2012-07-12,564.65,16128.4,2216.26,0.0,28.16,14.53
2012-07-13,621.37,16309.9,2216.35,0.0,30.47,20.97
2012-07-14,572.39,16462.0,2216.43,0.0,27.81,15.99
2012-07-15,632.42,16650.1,2216.53,6.76,24.9,12.06
2012-07-16,640.33,16842.9,2216.62,0.0,24.07,13.26
2012-07-17,670.61,17053.9,2216.73,0.0,25.4,13.5
2012-07-18,687.23,17274.9,2216.84,0.0,31.7,17.84
2012-07-19,593.33,17439.6,2216.92,0.0,29.85,18.19
2012-07-20,553.96,17580.6,2216.99,2.37,29.61,19.01
2012-07-21,546.33,17717.0,2217.06,9.44,23.63,13.09
2012-07-22,529.95,17843.7,2217.12,0.0,26.31,15.4
2012-07-23,476.65,17938.3,2217.17,0.0,24.18,13.16
2012-07-24,494.31,18043.5,2217.22,16.31,18.17,7.12
2012-07-25,540.39,18176.4,2217.29,0.0,19.53,5.99
2012-07-26,438.41,18248.1,2217.32,1.88,17.39,7.78
2012-07-27,378.71,18284.0,2217.34,0.0,19.68,8.23
2012-07-28,324.33,18287.2,2217.34,0.0,16.51,7.57
2012-07-29,297.65,18274.5,2217.34,5.59,16.48,6.14
2012-07-30,339.33,18286.7,2217.34,7.35,15.91,8.55
2012-07-31,300.38,18275.6,2217.34,0.0,14.72,3.54
2012-08-01,246.48,18232.2,2217.32,0.0,17.22,6.92
2012-08-02,209.69,18166.6,2217.28,0.0,17.83,8.82
2012-08-03,199.17,18094.8,2217.25,0.0,20.4,9.35
2012-08-04,216.31,18033.2,2217.22,0.3,21.35,9.89
2012-08-05,256.59,17995.8,2217.2,5.51,23.17,10.88
2012-08-06,223.08,17938.3,2217.17,0.0,21.69,11.46
2012-08-07,257.43,17901.4,2217.15,0.0,17.5,7.34
2012-08-08,251.33,17860.9,2217.13,0.0,21.57,12.21
2012-08-09,274.19,17834.1,2217.12,0.0,21.33,8.13
2012-08-10,277.58,17809.3,2217.1,0.62,22.57,9.01
2012-08-11,282.48,17787.4,2217.09,7.12,14.57,5.93
2012-08-12,283.47,17766.1,2217.08,0.0,21.78,11.48
2012-08-13,285.33,17746.0,2217.07,0.63,21.66,9.59
2012-08-14,287.77,17727.3,2217.06,4.31,19.09,9.46
2012-08-15,298.39,17715.0,2217.06,7.41,19.84,9.95
2012-08-16,245.57,17671.0,2217.04,0.0,18.46,10.6
2012-08-17,249.3,17629.2,2217.01,0.0,20.15,8.46
2012-08-18,270.72,17600.3,2217.0,7.46,23.43,15.03
2012-08-19,249.69,17558.7,2216.98,0.0,19.53,8.66
2012-08-20,227.26,17503.8,2216.95,0.0,20.07,11.81
2012-08-21,212.13,17439.7,2216.92,0.0,23.78,14.09
2012-08-22,206.7,17372.3,2216.89,0.0,20.6,9.42
2012-08-23,193.32,17297.0,2216.85,0.0,15.83,7.44
2012-08-24,191.97,17220.8,2216.81,0.01,19.7,9.65
2012-08-25,179.36,17137.1,2216.77,0.0,19.68,10.07
2012-08-26,195.37,17063.0,2216.73,0.0,22.21,12.03
2012-08-27,182.27,16981.0,2216.69,0.0,24.72,14.91
2012-08-28,179.88,16897.6,2216.65,0.0,23.32,11.82
2012-08-29,188.41,16819.2,2216.61,0.03,20.66,8.71
2012-08-30,172.05,16731.1,2216.57,0.0,22.75,11.88
2012-08-31,194.71,16656.6,2216.53,0.0,15.53,4.56
2012-09-01,156.64,16559.2,2216.48,0.0,15.38,7.65
2012-09-02,146.27,16455.7,2216.43,0.0,16.92,6.2
2012-09-03,133.31,16344.3,2216.37,0.0,16.15,5.32
2012-09-04,123.89,16227.3,2216.31,0.0,16.08,5.0
2012-09-05,105.21,16099.1,2216.25,0.0,14.65,3.97
2012-09-06,124.36,15982.3,2216.19,0.0,10.03,-0.17
2012-09-07,118.81,15862.3,2216.13,0.0,15.2,5.08
2012-09-08,143.6,15757.1,2216.08,0.92,13.82,4.41
2012-09-09,147.97,15654.5,2216.03,0.0,9.19,0.47
2012-09-10,153.44,15555.2,2215.98,0.0,11.02,-0.9
2012-09-11,179.32,15471.5,2215.94,0.0,15.28,1.27
2012-09-12,191.13,15394.8,2215.9,3.62,15.96,2.45
2012-09-13,184.76,15314.3,2215.86,0.0,19.42,6.98
2012-09-14,199.82,15242.8,2215.82,0.0,18.32,7.23
2012-09-15,215.08,15180.5,2215.79,0.0,17.95,5.68
2012-09-16,206.6,15113.1,2215.76,0.0,15.8,2.73
2012-09-17,189.77,15035.7,2215.72,0.0,15.55,4.93
2012-09-18,196.7,14962.3,2215.68,0.0,10.77,0.7
2012-09-19,229.8,14908.9,2215.65,0.0,6.35,-2.04
2012-09-20,217.65,14848.1,2215.62,0.45,6.71,-2.53
2012-09-21,207.74,14781.4,2215.59,0.0,8.61,-2.58
2012-09-22,197.81,14708.7,2215.55,0.0,9.0,-4.53
2012-09-23,191.55,14632.3,2215.52,0.0,9.44,1.87
2012-09-24,182.49,14550.5,2215.48,0.0,12.74,0.8
2012-09-25,207.69,14483.7,2215.44,13.85,13.63,1.21
2012-09-26,180.12,14400.5,2215.4,0.0,14.8,3.82
2012-09-27,182.56,14318.6,2215.36,0.0,10.33,0.75
2012-09-28,171.27,14230.0,2215.32,0.0,11.95,1.8
2012-09-29,164.35,14137.3,2215.27,0.0,11.95,0.91
2012-09-30,205.92,14069.5,2215.23,16.93,13.67,1.62
2012-10-01,169.75,13980.0,2215.19,0.0,15.07,3.55
2012-10-02,144.69,13875.5,2215.14,0.0,14.2,4.31
2012-10-03,147.91,13772.9,2215.09,0.0,13.7,4.38
2012-10-04,142.94,13667.3,2215.03,0.0,11.23,1.66
2012-10-05,143.61,13562.1,2214.98,0.0,13.1,1.59
2012-10-06,150.83,13461.3,2214.93,1.58,12.22,1.03
2012-10-07,178.3,13376.9,2214.89,0.0,10.77,-1.27
2012-10-08,198.3,13304.5,2214.85,2.39,10.62,-0.48
2012-10-09,173.71,13217.4,2214.81,0.0,10.14,-2.43
2012-10-10,179.03,13133.5,2214.77,0.0,12.15,2.51
2012-10-11,182.66,13051.7,2214.73,0.0,12.66,2.09
2012-10-12,206.27,12984.1,2214.69,0.0,11.79,2.1
2012-10-13,201.04,12913.4,2214.66,0.0,16.6,2.5
2012-10-14,214.29,12850.6,2214.63,0.0,13.87,2.58
2012-10-15,217.39,12789.7,2214.59,0.0,6.63,-7.22
2012-10-16,208.06,12723.2,2214.56,0.0,3.78,-7.65
2012-10-17,246.16,12679.5,2214.54,0.0,1.45,-11.83
2012-10-18,244.64,12635.0,2214.52,0.0,2.16,-6.99
2012-10-19,258.6,12598.8,2214.5,0.0,2.11,-9.13
2012-10-20,261.16,12564.1,2214.48,0.65,4.21,-9.28
2012-10-21,214.25,12501.3,2214.45,0.0,5.41,-3.99
2012-10-22,221.1,12442.6,2214.42,0.0,8.9,-2.87
2012-10-23,204.54,12374.0,2214.39,0.0,7.59,-1.52
2012-10-24,213.43,12310.7,2214.36,0.0,6.8,-1.61
2012-10-25,219.73,12251.2,2214.33,0.0,5.51,-5.42
2012-10-26,212.72,12187.5,2214.29,0.0,9.64,-3.73
2012-10-27,220.1,12128.2,2214.26,0.0,8.54,-4.02
2012-10-28,210.77,12063.3,2214.23,0.0,8.85,-1.91
2012-10-29,221.68,12005.0,2214.2,0.0,8.19,-2.55
2012-10-30,226.98,11949.8,2214.17,0.0,11.24,-0.24
2012-10-31,216.81,11888.6,2214.14,0.66,5.42,-3.41
2012-11-01,209.24,11822.8,2214.11,0.0,10.55,-0.45
2012-11-02,212.25,11758.8,2214.08,0.0,11.99,1.97
2012-11-03,206.85,11691.5,2214.05,1.94,9.65,-4.22
2012-11-04,223.86,11634.5,2214.02,2.33,6.02,-5.4
2012-11-05,255.96,11596.7,2214.0,0.0,5.86,-3.93
2012-11-06,226.35,11541.2,2213.97,0.0,0.28,-9.13
2012-11-07,207.06,11474.1,2213.94,0.0,5.56,-5.69
2012-11-08,205.26,11405.9,2213.9,0.0,-0.58,-9.58
2012-11-09,199.77,11334.4,2213.87,0.0,7.65,-2.62
2012-11-10,207.35,11267.4,2213.83,0.0,6.77,-1.28
2012-11-11,216.04,11205.7,2213.8,0.0,0.04,-11.63
2012-11-12,218.24,11145.3,2213.77,0.0,4.14,-8.19
2012-11-13,226.32,11089.7,2213.74,0.0,4.0,-8.36
2012-11-14,324.22,11092.9,2213.75,18.83,-1.37,-9.11
2012-11-15,283.85,11071.9,2213.74,0.0,1.26,-13.33
2012-11-16,288.35,11053.6,2213.73,0.0,4.17,-8.72
2012-11-17,276.21,11027.9,2213.71,0.0,3.84,-4.84
2012-11-18,273.94,11000.9,2213.7,0.0,-0.86,-9.19
2012-11-19,249.61,10959.4,2213.68,0.0,4.48,-8.61
2012-11-20,245.9,10915.6,2213.66,0.0,3.56,-8.26
2012-11-21,230.11,10862.3,2213.63,0.0,6.41,-5.25
2012-11-22,230.06,10809.0,2213.6,0.0,2.71,-3.48
2012-11-23,277.74,10784.3,2213.59,0.0,3.11,-7.22
2012-11-24,235.65,10734.3,2213.57,0.0,1.14,-8.88
2012-11-25,203.73,10665.2,2213.53,1.61,0.91,-8.98
2012-11-26,214.52,10602.5,2213.5,0.0,2.61,-9.31
2012-11-27,203.57,10533.3,2213.47,0.0,2.11,-10.09
2012-11-28,202.44,10463.5,2213.43,0.0,-1.78,-12.19
2012-11-29,203.38,10394.1,2213.4,0.0,1.26,-9.15
2012-11-30,191.04,10317.4,2213.36,0.0,1.39,-6.65
2012-12-01,190.26,10240.2,2213.32,0.0,3.72,-4.88
2012-12-02,187.55,10161.4,2213.28,0.0,3.0,-7.11
2012-12-03,212.74,10097.7,2213.25,0.0,0.47,-9.28
2012-12-04,235.35,10047.5,2213.22,0.0,2.61,-10.84
2012-12-05,235.07,9997.2,2213.2,0.0,1.09,-9.84
2012-12-06,241.19,9950.6,2213.18,0.0,-2.05,-11.51
2012-12-07,218.29,9890.2,2213.15,0.0,-4.01,-14.47
2012-12-08,239.48,9842.6,2213.12,0.0,-4.0,-15.35
2012-12-09,229.14,9788.7,2213.09,0.0,-7.62,-17.22
2012-12-10,220.21,9729.5,2213.06,0.0,-2.36,-12.69
2012-12-11,244.68,9684.9,2213.04,0.0,-2.33,-12.29
2012-12-12,242.36,9639.0,2213.02,0.0,2.05,-6.47
2012-12-13,245.71,9595.1,2213.0,0.0,3.69,-6.06
2012-12-14,223.5,9537.8,2212.97,0.0,1.45,-9.59
2012-12-15,213.8,9474.8,2212.94,0.97,5.32,-8.29
2012-12-16,214.88,9412.3,2212.91,0.0,-0.07,-9.97
2012-12-17,223.24,9354.9,2212.88,0.0,-2.91,-13.32
2012-12-18,236.4,9305.4,2212.85,0.0,-1.86,-16.7
2012-12-19,223.14,9248.0,2212.82,0.0,-5.61,-17.57
2012-12-20,211.23,9183.4,2212.79,0.85,-6.31,-18.62
2012-12-21,223.73,9126.2,2212.76,0.0,-6.98,-17.26
2012-12-22,219.65,9066.7,2212.73,0.0,-5.73,-18.23
2012-12-23,212.63,9002.9,2212.7,0.0,-4.56,-16.66
2012-12-24,201.34,8932.4,2212.67,0.0,-1.94,-12.35
2012-12-25,220.14,8873.1,2212.64,0.0,-4.54,-13.67
2012-12-26,212.4,8809.2,2212.6,0.0,-6.76,-17.97
2012-12-27,206.02,8741.4,2212.57,0.0,-8.76,-21.06
2012-12-28,224.57,8684.8,2212.54,0.0,-8.7,-17.97
2012-12-29,239.5,8637.2,2212.52,0.0,-10.36,-21.98
2012-12-30,247.69,8594.5,2212.5,0.0,-4.27,-17.25
2012-12-31,246.18,8550.8,2212.48,0.0,1.86,-7.5
2013-01-01,227.88,8496.2,2212.45,0.0,2.57,-8.34
2013-01-02,256.68,8458.9,2212.43,12.38,2.63,-6.46
2013-01-03,254.83,8420.4,2212.41,0.0,3.67,-7.9
2013-01-04,218.84,8360.4,2212.38,0.0,2.24,-8.84
2013-01-05,221.75,8302.1,2212.35,0.0,-0.14,-12.57
2013-01-06,220.69,8243.1,2212.32,0.0,-4.36,-14.1
2013-01-07,205.48,8175.1,2212.29,0.0,-4.57,-14.59
2013-01-08,197.87,8102.4,2212.25,0.0,-3.39,-13.71
2013-01-09,188.66,8024.3,2212.21,0.0,-6.15,-16.0
2013-01-10,155.35,7926.1,2212.16,0.0,-7.95,-15.62
2013-01-11,174.02,7839.2,2212.12,0.0,-3.22,-12.22
2013-01-12,173.84,7752.2,2212.08,0.0,-0.21,-10.96
2013-01-13,159.86,7656.7,2212.03,0.0,-3.88,-13.93
2013-01-14,170.8,7567.9,2211.98,0.0,-4.88,-15.74
2013-01-15,199.06,7495.9,2211.95,0.0,1.17,-11.46
2013-01-16,205.34,7427.8,2211.91,0.0,-2.69,-13.09
2013-01-17,212.02,7363.7,2211.88,0.0,-2.5,-16.84
2013-01-18,253.98,7324.7,2211.86,6.19,-7.08,-19.83
2013-01-19,247.42,7281.8,2211.84,0.0,-8.44,-18.73
2013-01-20,257.13,7244.7,2211.82,0.0,-3.54,-15.36
2013-01-21,229.41,7191.0,2211.8,0.0,-6.89,-15.92
2013-01-22,213.48,7127.8,2211.76,0.0,-6.37,-18.23
2013-01-23,197.48,7054.9,2211.73,0.0,-3.9,-18.0
2013-01-24,213.32,6991.6,2211.7,0.0,-5.74,-16.57
2013-01-25,237.74,6942.8,2211.67,0.0,-0.96,-12.63
2013-01-26,276.26,6917.3,2211.66,0.0,-4.22,-14.44
2013-01-27,245.51,6873.2,2211.64,0.0,-4.46,-14.02
2013-01-28,239.53,6825.6,2211.61,0.0,-4.82,-18.03
2013-01-29,213.96,6762.6,2211.58,0.0,-4.86,-16.92
2013-01-30,216.24,6701.0,2211.55,0.0,-5.14,-17.12
2013-01-31,208.76,6634.9,2211.52,0.0,-6.84,-17.28
2013-02-01,230.63,6581.9,2211.49,0.0,-5.76,-15.89
2013-02-02,224.51,6525.3,2211.46,0.0,-1.36,-10.85
2013-02-03,230.78,6472.4,2211.44,0.0,2.57,-10.87
2013-02-04,201.6,6402.0,2211.4,0.0,0.1,-8.33
2013-02-05,212.98,6338.5,2211.37,0.0,-3.95,-15.26
2013-02-06,247.72,6295.8,2211.35,0.0,-3.87,-16.37
2013-02-07,273.64,6268.6,2211.33,2.82,-0.14,-11.98
2013-02-08,260.85,6233.7,2211.32,0.11,2.38,-6.3
2013-02-09,267.2,6202.7,2211.3,0.0,2.42,-7.61
2013-02-10,238.99,6154.8,2211.28,0.0,0.87,-7.39
2013-02-11,256.08,6117.1,2211.26,0.0,-2.04,-12.59
2013-02-12,225.74,6061.2,2211.23,0.0,-2.17,-14.64
2013-02-13,215.57,5999.1,2211.2,1.58,-5.68,-17.58
2013-02-14,231.47,5946.7,2211.17,9.03,-9.44,-24.31
2013-02-15,228.82,5892.6,2211.15,0.0,-7.5,-19.41
2013-02-16,238.32,5844.3,2211.12,0.0,-7.33,-17.64
2013-02-17,223.46,5787.0,2211.09,0.11,-8.62,-19.68
2013-02-18,224.07,5730.1,2211.07,0.0,-7.21,-17.22
2013-02-19,213.46,5666.8,2211.03,0.0,-6.98,-16.09
2013-02-20,224.28,5610.0,2211.01,0.0,-7.73,-16.77
2013-02-21,225.45,5554.0,2210.98,0.0,-0.12,-11.68
2013-02-22,199.44,5482.3,2210.94,2.46,-2.9,-12.17
2013-02-23,202.92,5412.7,2210.91,0.0,-4.18,-12.99
2013-02-24,172.66,5324.9,2210.86,0.0,0.41,-10.19
2013-02-25,171.89,5236.7,2210.82,0.0,-4.97,-12.85
2013-02-26,159.38,5141.0,2210.77,0.0,-1.79,-11.34
2013-02-27,175.56,5055.0,2210.73,0.0,-0.98,-10.76
2013-02-28,169.81,4965.5,2210.68,0.0,1.28,-11.41
2013-03-01,180.43,4882.4,2210.64,0.86,1.84,-6.67
2013-03-02,182.29,4800.5,2210.6,0.0,1.05,-9.46
2013-03-03,180.45,4717.4,2210.56,0.0,-3.85,-14.06
2013-03-04,188.68,4639.2,2210.52,0.0,-5.74,-17.21
2013-03-05,183.52,4558.0,2210.48,2.93,-3.81,-14.14
2013-03-06,192.19,4482.0,2210.44,0.0,4.31,-8.96
2013-03-07,203.11,4412.5,2210.41,0.0,3.5,-8.49
2013-03-08,198.34,4340.1,2210.37,0.0,3.78,-7.1
2013-03-09,191.4,4263.6,2210.33,0.01,2.3,-10.03
2013-03-10,177.3,4178.7,2210.29,0.0,1.63,-12.12
2013-03-11,189.57,4101.0,2210.25,0.0,1.45,-10.22
2013-03-12,186.73,4021.7,2210.21,3.1,-1.96,-11.04
2013-03-13,205.08,3953.4,2210.18,0.0,2.58,-9.41
2013-03-14,212.25,3889.4,2210.14,0.0,0.98,-8.25
2013-03-15,210.27,3824.2,2210.11,0.0,2.49,-8.78
2013-03-16,200.54,3753.2,2210.08,0.67,2.04,-12.5
2013-03-17,189.85,3675.8,2210.04,0.0,2.73,-9.05
2013-03-18,228.76,3621.7,2210.01,3.98,2.47,-6.6
2013-03-19,223.72,3600.0,2210.0,0.0,5.65,-5.37
2013-03-20,206.23,3600.0,2210.0,0.0,7.66,-3.45
2013-03-21,211.41,3600.0,2210.0,0.0,7.82,-1.23
2013-03-22,220.31,3600.0,2210.0,0.0,5.86,-4.2
2013-03-23,247.29,3600.0,2210.0,0.0,10.79,-1.48
2013-03-24,243.54,3600.0,2210.0,0.0,8.05,-0.93
2013-03-25,251.29,3600.0,2210.0,0.0,7.24,-3.58
2013-03-26,257.56,3600.0,2210.0,0.0,5.52,-8.24
2013-03-27,253.98,3600.0,2210.0,0.0,5.15,-7.73
2013-03-28,290.21,3600.0,2210.0,0.0,9.21,-0.73
2013-03-29,308.51,3600.0,2210.0,0.0,9.38,-1.96
2013-03-30,285.67,3600.0,2210.0,1.58,-0.5,-11.12
2013-03-31,264.38,3600.0,2210.0,0.0,3.89,-7.03
2013-04-01,226.13,3600.0,2210.0,0.0,5.41,-4.92
2013-04-02,221.91,3600.0,2210.0,0.52,6.7,-3.23
2013-04-03,232.89,3600.0,2210.0,1.2,6.29,-4.82
2013-04-04,225.41,3600.0,2210.0,0.0,2.84,-8.72
2013-04-05,195.53,3600.0,2210.0,0.0,10.24,1.68
2013-04-06,197.2,3600.0,2210.0,0.0,11.13,1.55
2013-04-07,195.24,3600.0,2210.0,0.0,15.69,3.97
2013-04-08,206.83,3600.0,2210.0,0.0,14.77,5.29
2013-04-09,206.81,3600.0,2210.0,0.0,16.71,5.53
2013-04-10,181.03,3600.0,2210.0,0.0,16.15,4.45
2013-04-11,214.48,3600.0,2210.0,0.0,6.98,-3.95
2013-04-12,251.68,3600.0,2210.0,13.44,6.22,-4.56
2013-04-13,248.13,3600.0,2210.0,0.0,4.66,-5.39
2013-04-14,224.35,3600.0,2210.0,0.0,5.61,-4.0
2013-04-15,221.32,3600.0,2210.0,0.0,6.96,-1.8
2013-04-16,244.02,3600.0,2210.0,5.0,7.89,-3.93
2013-04-17,285.66,3600.0,2210.0,2.46,6.93,-3.96
2013-04-18,355.71,3622.1,2210.01,7.51,-0.39,-9.73
2013-04-19,348.4,3639.8,2210.02,0.0,4.77,-5.1
2013-04-20,332.03,3647.6,2210.02,0.0,5.81,-3.96
2013-04-21,322.69,3649.9,2210.02,0.0,9.49,-3.37
2013-04-22,324.84,3653.5,2210.03,3.28,8.21,-3.63
2013-04-23,282.44,3631.6,2210.02,0.0,10.0,0.37
2013-04-24,321.73,3633.3,2210.02,0.0,2.6,-5.28
2013-04-25,324.66,3636.7,2210.02,0.0,4.75,-6.38
2013-04-26,354.44,3658.0,2210.03,0.0,7.11,-3.92
2013-04-27,395.57,3704.0,2210.05,1.4,4.17,-4.75
2013-04-28,350.63,3723.0,2210.06,0.0,5.57,-5.38
2013-04-29,347.79,3740.4,2210.07,0.0,9.28,-0.8
2013-04-30,377.33,3775.4,2210.09,0.0,10.97,-2.88
2013-05-01,375.28,3809.2,2210.1,0.0,12.93,3.86
2013-05-02,381.34,3846.7,2210.12,0.0,14.51,3.43
2013-05-03,374.55,3880.1,2210.14,0.0,15.0,3.84
2013-05-04,408.99,3934.1,2210.17,0.66,18.48,7.69
2013-05-05,369.45,3964.4,2210.18,0.0,17.35,4.33
2013-05-06,390.47,4007.4,2210.2,0.0,20.4,8.39
2013-05-07,399.45,4055.7,2210.23,0.0,11.81,3.25
2013-05-08,376.05,4090.0,2210.24,0.0,7.08,-1.48
2013-05-09,374.49,4123.3,2210.26,0.0,12.79,3.51
2013-05-10,400.48,4172.3,2210.29,0.0,12.85,3.64
2013-05-11,386.5,4212.8,2210.31,0.0,15.71,4.22
2013-05-12,426.47,4277.3,2210.34,0.0,18.34,7.8
2013-05-13,461.4,4362.8,2210.38,0.0,19.38,11.13
2013-05-14,487.62,4464.1,2210.43,0.0,15.4,5.97
2013-05-15,542.93,4598.5,2210.5,0.0,13.67,2.48
2013-05-16,576.29,4752.9,2210.58,0.0,15.2,3.9
2013-05-17,510.32,4867.7,2210.63,1.39,18.12,7.62
2013-05-18,470.14,4958.5,2210.68,0.0,22.72,9.2
2013-05-19,415.08,5016.2,2210.71,0.0,30.4,15.84
2013-05-20,373.93,5049.2,2210.72,0.0,26.3,13.2
2013-05-21,509.41,5163.5,2210.78,7.6,24.33,11.34
2013-05-22,480.75,5260.6,2210.83,0.04,22.54,8.98
2013-05-23,465.81,5348.7,2210.87,0.0,22.64,11.23
2013-05-24,490.62,5451.7,2210.93,0.0,22.0,8.28
2013-05-25,535.1,5581.4,2210.99,0.0,16.42,7.18
2013-05-26,597.75,5748.7,2211.07,0.0,15.38,5.93
2013-05-27,554.72,5890.2,2211.15,0.0,13.04,5.14
2013-05-28,504.34,6001.5,2211.2,0.0,14.88,4.33
2013-05-29,539.43,6133.8,2211.27,0.4,16.63,5.98
2013-05-30,563.49,6280.5,2211.34,0.1,15.81,4.73
2013-05-31,762.14,6546.5,2211.47,15.09,19.73,7.66
2013-06-01,607.18,6719.4,2211.56,0.0,17.44,6.42
2013-06-02,658.74,6923.3,2211.66,0.0,19.15,6.7
2013-06-03,641.62,7117.0,2211.76,0.0,17.37,5.0
2013-06-04,564.99,7264.6,2211.83,0.0,21.96,11.5
2013-06-05,626.77,7449.3,2211.92,0.0,21.51,10.39
2013-06-06,774.78,7722.8,2212.06,11.88,23.45,12.06
2013-06-07,680.88,7940.0,2212.17,0.9,19.32,6.93
2013-06-08,676.98,8154.8,2212.28,4.29,20.36,8.84
2013-06-09,685.94,8375.1,2212.39,0.0,23.7,12.36
2013-06-10,677.59,8590.3,2212.5,0.0,25.54,14.2
2013-06-11,691.72,8813.9,2212.61,0.0,26.55,15.07
2013-06-12,762.97,9080.4,2212.74,0.0,27.61,18.28
2013-06-13,707.59,9313.6,2212.86,0.91,22.02,10.65
2013-06-14,664.02,9520.7,2212.96,0.0,21.39,8.87
2013-06-15,720.04,9761.3,2213.08,0.0,18.79,8.61
2013-06-16,745.38,10017.2,2213.21,0.0,15.18,5.19
2013-06-17,741.87,10271.0,2213.34,0.0,14.73,4.4
2013-06-18,702.82,10501.3,2213.45,0.0,18.74,7.0
2013-06-19,730.2,10748.1,2213.57,0.0,21.7,11.02
2013-06-20,682.79,10966.4,2213.68,0.0,20.83,11.19
2013-06-21,688.44,11188.1,2213.79,0.0,22.12,10.11
2013-06-22,625.08,11371.8,2213.89,0.0,19.21,8.46
2013-06-23,627.57,11557.0,2213.98,0.0,23.58,10.61
2013-06-24,624.72,11740.5,2214.07,0.0,23.57,13.04
2013-06-25,619.51,11920.9,2214.16,0.0,21.61,9.64
2013-06-26,639.79,12113.4,2214.26,0.0,19.39,7.74
2013-06-27,989.17,12515.6,2214.46,19.86,21.15,11.74
2013-06-28,937.87,12886.9,2214.64,0.0,17.83,7.86
2013-06-29,964.43,13274.2,2214.84,0.0,23.32,9.04
2013-06-30,1007.9,13687.6,2215.04,0.17,24.55,15.91
2013-07-01,925.2,14051.4,2215.23,0.0,24.77,15.25
2013-07-02,828.55,14357.2,2215.38,0.0,23.2,12.16
2013-07-03,833.75,14666.1,2215.53,1.74,23.04,11.1
2013-07-04,772.25,14938.1,2215.67,0.0,22.77,10.26
2013-07-05,722.77,15180.4,2215.79,0.0,22.48,11.21
2013-07-06,715.76,15418.5,2215.91,0.97,22.85,11.69
2013-07-07,706.35,15651.0,2216.03,0.06,18.57,8.39
2013-07-08,727.4,15896.0,2216.15,0.0,17.32,7.78
2013-07-09,714.62,16133.5,2216.27,0.0,20.58,5.17
2013-07-10,718.07,16373.0,2216.39,0.0,20.99,8.47
2013-07-11,643.39,16567.7,2216.48,0.0,20.97,7.03
2013-07-12,656.67,16770.3,2216.59,0.0,22.87,8.76
2013-07-13,736.07,17020.6,2216.71,5.18,23.42,11.79
2013-07-14,741.72,17274.3,2216.84,0.0,26.72,16.76
2013-07-15,672.65,17486.5,2216.94,0.0,27.37,17.51
2013-07-16,588.77,17648.4,2217.02,0.0,28.29,18.26
2013-07-17,579.47,17804.8,2217.1,0.0,32.01,19.82
2013-07-18,536.76,17935.5,2217.17,0.0,26.06,18.44
2013-07-19,507.64,18048.7,2217.22,0.0,22.8,14.4
2013-07-20,654.15,18249.8,2217.32,11.84,23.32,14.23
2013-07-21,674.08,18462.9,2217.43,5.53,22.24,10.74
2013-07-22,573.43,18615.7,2217.51,0.0,19.75,6.94
2013-07-23,518.68,18735.5,2217.57,0.0,22.64,11.17
2013-07-24,451.55,18815.1,2217.61,0.0,22.17,11.41
2013-07-25,444.32,18890.3,2217.65,0.0,17.54,5.42
2013-07-26,367.46,18919.5,2217.66,0.84,16.12,8.27
2013-07-27,454.2,19000.6,2217.7,8.95,20.37,7.49
2013-07-28,429.13,19066.8,2217.73,0.0,17.93,6.55
2013-07-29,451.7,19146.4,2217.77,11.46,19.34,7.6
2013-07-30,421.89,19208.2,2217.8,0.0,18.18,8.25
2013-07-31,403.86,19259.2,2217.83,0.0,18.77,7.58
2013-08-01,311.33,19254.6,2217.83,0.0,14.74,3.8
2013-08-02,325.82,19258.8,2217.83,0.0,15.15,5.86
2013-08-03,328.49,19264.5,2217.83,4.03,16.44,3.65
2013-08-04,314.04,19261.6,2217.83,0.0,16.43,5.05
2013-08-05,317.28,19260.6,2217.83,0.0,14.5,3.57
2013-08-06,333.63,19269.4,2217.83,2.08,13.12,5.45
2013-08-07,295.99,19255.7,2217.83,0.0,18.5,7.01
2013-08-08,316.7,19254.4,2217.83,0.0,18.1,5.98
2013-08-09,323.84,19257.3,2217.83,0.0,17.63,7.84
2013-08-10,324.6,19260.7,2217.83,0.0,21.81,11.05
2013-08-11,302.44,19250.8,2217.83,0.0,21.09,9.78
2013-08-12,270.87,19222.0,2217.81,0.0,24.56,13.18
2013-08-13,261.46,19187.5,2217.79,1.68,22.93,11.46
2013-08-14,247.65,19144.8,2217.77,0.0,19.37,8.81
2013-08-15,251.81,19104.5,2217.75,0.0,12.64,4.18
2013-08-16,286.33,19085.0,2217.74,0.0,16.79,4.75
2013-08-17,305.79,19077.1,2217.74,0.0,11.6,4.69
2013-08-18,263.42,19043.8,2217.72,0.0,14.76,3.87
2013-08-19,301.8,19033.5,2217.72,12.17,12.22,4.01
2013-08-20,326.89,19038.3,2217.72,0.0,15.07,3.67
2013-08-21,286.81,19019.1,2217.71,0.0,17.25,2.96
2013-08-22,232.17,18967.0,2217.68,0.0,11.5,2.49
2013-08-23,186.84,18887.8,2217.64,0.0,12.0,2.41
2013-08-24,209.78,18822.3,2217.61,7.93,15.07,3.28
2013-08-25,217.12,18761.2,2217.58,0.0,18.26,6.39
2013-08-26,212.88,18697.6,2217.55,0.0,17.6,7.44
2013-08-27,196.9,18624.4,2217.51,0.0,21.32,11.51
2013-08-28,193.37,18549.1,2217.47,0.0,21.97,10.05
2013-08-29,205.53,18481.0,2217.44,0.0,17.44,4.47
2013-08-30,216.78,18419.7,2217.41,0.0,20.27,8.13
2013-08-31,240.64,18372.8,2217.39,0.0,26.73,17.94
2013-09-01,232.12,18320.7,2217.36,0.0,29.33,17.18
2013-09-02,214.4,18258.0,2217.33,0.0,22.37,12.2
2013-09-03,222.37,18200.1,2217.3,0.0,26.35,15.33
2013-09-04,232.58,18148.3,2217.27,0.0,24.74,12.4
2013-09-05,237.02,18099.1,2217.25,0.0,16.55,6.77
2013-09-06,224.68,18042.6,2217.22,0.0,15.61,6.15
2013-09-07,238.77,17994.5,2217.2,0.0,16.47,6.39
2013-09-08,229.49,17940.8,2217.17,6.91,11.95,-0.92
2013-09-09,222.21,17882.8,2217.14,0.0,12.03,1.11
2013-09-10,223.48,17825.6,2217.11,0.0,14.44,2.04
2013-09-11,249.77,17784.1,2217.09,8.68,13.5,3.61
2013-09-12,229.49,17730.4,2217.07,0.0,18.84,5.28
2013-09-13,206.13,17662.7,2217.03,0.0,17.32,6.22
2013-09-14,208.59,17596.6,2217.0,0.0,17.86,5.58
2013-09-15,200.77,17525.7,2216.96,0.0,16.7,5.18
2013-09-16,194.62,17451.1,2216.93,0.0,18.35,6.95
2013-09-17,197.48,17378.2,2216.89,0.0,17.6,6.86
2013-09-18,218.88,17318.2,2216.86,11.47,19.02,8.9
2013-09-19,224.97,17261.8,2216.83,0.0,15.67,5.13
2013-09-20,223.2,17204.4,2216.8,0.0,16.72,5.62
2013-09-21,222.1,17146.3,2216.77,0.0,16.55,4.15
2013-09-22,240.65,17099.4,2216.75,0.0,13.52,2.67
2013-09-23,272.23,17071.3,2216.74,0.0,14.36,0.84
2013-09-24,286.25,17051.7,2216.73,0.0,11.27,1.13
2013-09-25,243.36,17006.4,2216.7,0.0,11.95,-1.28
2013-09-26,253.89,16967.4,2216.68,0.0,16.59,5.03
2013-09-27,241.11,16920.7,2216.66,0.0,15.15,1.66
2013-09-28,202.19,16850.7,2216.63,0.0,13.47,1.36
2013-09-29,186.62,16771.3,2216.59,0.0,14.74,4.03
2013-09-30,179.58,16687.7,2216.54,0.0,13.51,2.16
2013-10-01,196.75,16614.4,2216.51,0.0,13.3,3.46
2013-10-02,188.07,16535.9,2216.47,0.0,8.03,-0.49
2013-10-03,205.56,16467.9,2216.43,0.0,14.66,1.72
2013-10-04,226.51,16412.4,2216.41,0.0,11.53,3.62
2013-10-05,222.2,16354.4,2216.38,0.0,11.58,-0.94
2013-10-06,230.13,16301.1,2216.35,2.95,12.19,3.2
2013-10-07,221.14,16242.5,2216.32,0.0,6.23,-4.19
2013-10-08,198.25,16170.1,2216.29,0.0,10.82,-1.94
2013-10-09,182.56,16088.3,2216.24,0.0,11.83,-0.24
2013-10-10,179.92,16004.9,2216.2,0.0,13.65,-0.47
2013-10-11,180.05,15921.6,2216.16,0.0,11.2,0.75
2013-10-12,178.76,15837.5,2216.12,0.0,10.43,-2.78
2013-10-13,185.03,15757.1,2216.08,0.0,5.19,-4.68
2013-10-14,195.03,15682.8,2216.04,0.0,5.39,-3.58
2013-10-15,181.1,15600.1,2216.0,0.0,4.82,-4.03
2013-10-16,194.13,15525.3,2215.96,0.0,9.74,-2.13
2013-10-17,183.89,15444.2,2215.92,0.0,9.33,-3.0
2013-10-18,183.6,15363.1,2215.88,0.0,5.36,-4.27
2013-10-19,183.38,15281.7,2215.84,0.0,10.37,-3.51
2013-10-20,196.78,15208.5,2215.8,0.0,7.61,-5.61
2013-10-21,192.7,15132.7,2215.77,0.0,4.64,-7.57
2013-10-22,227.93,15078.1,2215.74,0.0,5.37,-9.84
2013-10-23,230.22,15024.9,2215.71,0.0,2.48,-4.79
2013-10-24,256.65,14987.5,2215.69,0.0,0.36,-9.89
2013-10-25,234.27,14936.8,2215.67,0.0,0.81,-9.94
2013-10-26,201.02,14866.0,2215.63,0.0,4.05,-6.42
2013-10-27,213.96,14803.1,2215.6,0.0,2.55,-6.49
2013-10-28,193.76,14728.0,2215.56,0.0,-1.29,-10.58
2013-10-29,181.73,14645.7,2215.52,0.0,1.68,-7.89
2013-10-30,168.5,14555.4,2215.48,0.0,2.73,-7.11
2013-10-31,175.12,14469.1,2215.43,0.8,-0.09,-11.32
2013-11-01,179.7,14385.6,2215.39,0.0,1.39,-9.11
2013-11-02,191.1,14308.9,2215.35,0.0,0.44,-10.81
2013-11-03,219.04,14249.0,2215.32,0.0,-1.74,-11.88
2013-11-04,256.02,14211.2,2215.31,0.0,-4.12,-13.69
2013-11-05,249.68,14169.7,2215.28,0.0,-0.25,-11.75
2013-11-06,270.95,14140.9,2215.27,0.0,0.22,-7.87
2013-11-07,250.46,14099.8,2215.25,0.0,3.9,-7.06
2013-11-08,237.73,14051.1,2215.23,0.0,7.23,-3.94
2013-11-09,233.98,14000.2,2215.2,0.0,4.69,-6.07
2013-11-10,229.67,13946.6,2215.17,0.0,6.97,-5.88
2013-11-11,212.38,13882.7,2215.14,0.0,7.65,-3.67
2013-11-12,234.2,13831.9,2215.12,0.0,3.91,-6.12
2013-11-13,242.79,13786.2,2215.09,0.0,8.91,-5.37
2013-11-14,227.71,13731.5,2215.07,0.0,9.45,-1.66
2013-11-15,232.5,13679.6,2215.04,0.0,9.58,-2.64
2013-11-16,216.93,13618.4,2215.01,2.29,3.5,-6.32
2013-11-17,212.14,13554.4,2214.98,0.0,6.42,-3.87
2013-11-18,200.92,13483.6,2214.94,0.0,4.58,-5.86
2013-11-19,198.79,13411.5,2214.91,0.0,7.34,-1.17
2013-11-20,189.09,13333.6,2214.87,0.0,2.87,-6.57
2013-11-21,191.67,13257.3,2214.83,0.0,4.16,-8.3
2013-11-22,192.49,13181.4,2214.79,0.0,8.01,-4.75
2013-11-23,182.02,13099.3,2214.75,0.0,3.11,-8.08
2013-11-24,226.39,13043.8,2214.72,0.0,6.06,-6.15
2013-11-25,252.36,13003.8,2214.7,0.0,4.68,-7.79
2013-11-26,251.42,12963.3,2214.68,0.0,10.04,-0.56
2013-11-27,245.42,12919.2,2214.66,0.0,6.81,-2.54
2013-11-28,294.35,12904.5,2214.65,0.0,6.49,-4.2
2013-11-29,317.54,12903.7,2214.65,0.0,2.9,-5.24
2013-11-30,317.27,12902.7,2214.65,0.0,2.79,-10.84
2013-12-01,383.9,12941.7,2214.67,0.0,-5.84,-16.62
2013-12-02,339.27,12953.9,2214.68,0.0,-11.63,-21.56
2013-12-03,361.81,12979.6,2214.69,0.0,-2.52,-14.78
2013-12-04,323.7,12982.5,2214.69,0.0,2.94,-8.33
2013-12-05,277.84,12957.8,2214.68,0.0,4.4,-7.57
2013-12-06,234.95,12907.5,2214.65,0.0,2.16,-9.07
2013-12-07,207.36,12840.5,2214.62,0.0,0.67,-7.57
2013-12-08,195.06,12766.2,2214.58,0.0,2.41,-5.35
2013-12-09,173.03,12678.7,2214.54,0.0,-0.51,-11.15
2013-12-10,160.01,12583.3,2214.49,0.0,-1.76,-13.9
2013-12-11,162.85,12489.7,2214.44,0.0,-5.14,-16.57
2013-12-12,173.61,12402.5,2214.4,0.0,-0.8,-10.72
2013-12-13,173.66,12315.4,2214.36,0.0,-2.71,-13.09
2013-12-14,172.09,12227.3,2214.31,0.0,-4.07,-12.57
2013-12-15,193.82,12152.2,2214.28,0.0,-5.44,-15.24
2013-12-16,175.11,12065.9,2214.23,0.0,1.01,-10.28
2013-12-17,169.38,11976.2,2214.19,0.0,-4.47,-14.32
2013-12-18,156.5,11878.8,2214.14,5.29,-3.43,-13.81
2013-12-19,179.92,11795.4,2214.1,0.0,-0.75,-14.08
2013-12-20,180.45,11712.3,2214.06,0.0,2.21,-8.8
2013-12-21,193.07,11636.8,2214.02,0.0,-1.05,-9.96
2013-12-22,191.01,11560.0,2213.98,0.0,-3.16,-11.99
2013-12-23,200.27,11488.8,2213.94,0.0,-5.67,-18.36
2013-12-24,203.32,11419.5,2213.91,0.0,-2.36,-13.52
2013-12-25,206.3,11351.9,2213.88,0.0,-0.89,-11.21
2013-12-26,180.24,11268.7,2213.83,0.0,-3.99,-14.67
2013-12-27,183.36,11187.4,2213.79,0.0,-3.66,-15.0
2013-12-28,207.67,11120.6,2213.76,0.0,-3.38,-13.4
2013-12-29,191.34,11044.1,2213.72,0.0,-4.07,-15.54
2013-12-30,164.78,10951.6,2213.68,0.0,-1.4,-15.78
2013-12-31,185.05,10871.3,2213.64,2.66,-7.0,-16.51
2014-01-01,188.73,10793.2,2213.6,0.0,-4.69,-17.17
2014-01-02,204.74,10724.7,2213.56,0.0,-4.1,-14.24
2014-01-03,185.24,10644.5,2213.52,3.18,-4.7,-15.87
2014-01-04,185.55,10564.4,2213.48,0.0,-1.87,-12.18
2014-01-05,193.1,10489.0,2213.44,0.0,-7.14,-17.88
2014-01-06,194.0,10414.0,2213.41,0.0,-7.98,-21.9
2014-01-07,184.31,10333.2,2213.37,0.0,-8.65,-19.86
2014-01-08,176.23,10247.6,2213.32,0.0,-8.98,-20.03
2014-01-09,195.64,10173.7,2213.29,0.0,-8.4,-16.29
2014-01-10,190.29,10096.5,2213.25,0.0,-2.18,-13.16
2014-01-11,193.33,10021.1,2213.21,0.0,-7.56,-21.28
2014-01-12,176.57,9935.7,2213.17,0.0,-7.44,-19.73
2014-01-13,163.54,9842.5,2213.12,0.0,-6.35,-16.79
2014-01-14,162.99,9749.0,2213.07,0.0,-6.43,-16.77
2014-01-15,197.84,9676.3,2213.04,16.64,-5.24,-15.67
2014-01-16,181.21,9593.7,2213.0,0.0,-2.91,-13.56
2014-01-17,198.3,9521.3,2212.96,0.0,-5.33,-16.24
2014-01-18,269.45,9491.6,2212.95,13.34,-7.86,-18.82
2014-01-19,273.92,9464.6,2212.93,0.0,-6.6,-17.64
2014-01-20,257.12,9427.6,2212.91,0.0,-6.0,-17.2
2014-01-21,280.86,9404.7,2212.9,0.0,-2.32,-14.74
2014-01-22,285.42,9384.6,2212.89,0.0,-1.93,-12.85
2014-01-23,278.22,9360.2,2212.88,0.94,-5.26,-15.12
2014-01-24,276.41,9334.7,2212.87,0.0,-3.1,-13.29
2014-01-25,266.7,9303.4,2212.85,0.0,-1.72,-14.84
2014-01-26,250.02,9262.1,2212.83,0.0,-3.08,-13.9
2014-01-27,253.61,9222.9,2212.81,0.0,-6.08,-15.96
2014-01-28,261.97,9188.7,2212.79,0.0,-2.66,-13.78
2014-01-29,302.23,9178.7,2212.79,0.0,-4.21,-15.62
2014-01-30,313.4,9175.4,2212.79,0.0,-1.18,-15.52
2014-01-31,309.35,9169.6,2212.78,0.0,3.13,-10.57
2014-02-01,285.02,9149.3,2212.77,0.0,5.5,-6.24
2014-02-02,290.91,9132.5,2212.77,0.0,2.01,-9.42
2014-02-03,277.29,9107.5,2212.75,0.17,-1.76,-12.81
2014-02-04,309.29,9101.8,2212.75,7.08,-6.21,-18.4
2014-02-05,303.15,9092.3,2212.75,0.0,-4.1,-13.57
2014-02-06,280.19,9069.1,2212.73,0.0,2.6,-8.57
2014-02-07,266.02,9037.3,2212.72,0.0,0.62,-7.79
2014-02-08,246.81,8994.1,2212.7,1.89,-2.53,-14.06
2014-02-09,259.55,8958.4,2212.68,0.0,-5.06,-16.02
2014-02-10,256.76,8921.1,2212.66,0.0,-3.2,-13.74
2014-02-11,279.09,8897.2,2212.65,0.0,-5.11,-13.68
2014-02-12,264.42,8864.6,2212.63,0.0,-4.15,-12.79
2014-02-13,268.96,8834.6,2212.62,0.0,-1.23,-11.36
2014-02-14,269.0,8804.6,2212.6,0.0,-3.05,-12.98
2014-02-15,244.17,8759.8,2212.58,0.0,-0.5,-12.59
2014-02-16,252.64,8720.0,2212.56,0.0,-1.86,-14.11
2014-02-17,217.03,8658.9,2212.53,0.0,-3.11,-14.19
2014-02-18,231.13,8606.2,2212.5,0.0,-3.64,-16.18
2014-02-19,235.37,8556.1,2212.48,0.66,-5.37,-15.77
2014-02-20,216.09,8494.4,2212.45,0.0,-6.82,-14.93
2014-02-21,247.07,8451.3,2212.43,0.0,-1.46,-11.98
2014-02-22,239.32,8403.5,2212.4,0.0,0.38,-12.36
2014-02-23,250.72,8362.6,2212.38,0.0,0.98,-11.12
2014-02-24,241.1,8315.9,2212.36,0.0,0.32,-9.59
2014-02-25,287.5,8297.1,2212.35,0.0,1.39,-10.12
2014-02-26,277.82,8272.4,2212.34,0.0,4.41,-7.02
2014-02-27,260.1,8237.1,2212.32,0.0,4.93,-6.51
2014-02-28,262.79,8203.5,2212.3,0.49,4.41,-4.92
2014-03-01,252.33,8163.5,2212.28,0.0,6.14,-6.84
2014-03-02,284.8,8143.0,2212.27,6.15,-1.93,-11.52
2014-03-03,299.84,8131.6,2212.27,10.08,0.64,-9.27
2014-03-04,349.11,8149.7,2212.27,0.0,-2.8,-14.33
2014-03-05,278.72,8125.6,2212.26,0.0,-3.58,-14.13
2014-03-06,246.69,8082.3,2212.24,0.0,-1.62,-11.7
2014-03-07,243.07,8036.7,2212.22,0.0,-2.59,-14.58
2014-03-08,237.18,7987.7,2212.19,0.0,-1.43,-14.02
2014-03-09,221.97,7929.5,2212.16,0.0,4.29,-10.77
2014-03-10,207.49,7862.7,2212.13,0.0,3.38,-7.41
2014-03-11,212.87,7799.1,2212.1,0.0,1.57,-10.3
2014-03-12,232.21,7747.0,2212.07,10.68,-0.14,-9.27
2014-03-13,241.86,7700.8,2212.05,0.0,1.2,-10.1
2014-03-14,237.93,7652.2,2212.03,0.0,1.13,-10.93
2014-03-15,257.6,7615.4,2212.01,0.0,1.01,-11.31
2014-03-16,268.81,7585.4,2211.99,0.1,-0.57,-14.16
2014-03-17,254.59,7546.8,2211.97,0.0,0.68,-11.56
2014-03-18,232.92,7495.2,2211.95,0.82,2.2,-9.13
2014-03-19,225.94,7439.4,2211.92,0.0,0.48,-11.58
2014-03-20,265.43,7407.3,2211.9,2.66,-1.15,-12.5
2014-03-21,243.43,7362.0,2211.88,0.0,-0.05,-10.62
2014-03-22,230.45,7308.9,2211.85,0.0,-3.62,-13.75
2014-03-23,221.84,7250.7,2211.83,0.22,-0.21,-13.15
2014-03-24,228.53,7196.4,2211.8,0.0,-1.95,-12.5
2014-03-25,199.95,7125.1,2211.76,0.0,-2.57,-13.17
2014-03-26,207.38,7058.1,2211.73,0.0,1.72,-11.52
2014-03-27,223.78,7001.1,2211.7,0.0,3.55,-8.49
2014-03-28,212.43,6937.2,2211.67,0.0,6.81,-2.03
2014-03-29,188.27,6858.8,2211.63,0.9,7.26,-5.44
2014-03-30,183.8,6777.7,2211.59,0.0,8.36,-4.16
2014-03-31,184.52,6697.1,2211.55,0.0,9.4,-3.53
2014-04-01,170.86,6608.2,2211.5,0.0,12.9,-0.84
2014-04-02,202.45,6538.4,2211.47,0.0,11.9,0.97
2014-04-03,204.84,6469.9,2211.43,0.0,13.7,4.06
2014-04-04,200.66,6399.0,2211.4,0.0,9.82,-3.38
2014-04-05,181.91,6316.8,2211.36,2.5,7.47,-1.48
2014-04-06,195.24,6242.6,2211.32,0.0,6.56,-4.88
2014-04-07,205.15,6174.3,2211.29,0.0,6.89,-4.33
2014-04-08,248.76,6132.2,2211.27,3.53,2.59,-8.69
2014-04-09,225.99,6076.5,2211.24,0.0,4.84,-7.93
2014-04-10,247.84,6033.8,2211.22,0.0,5.08,-6.36
2014-04-11,214.7,5971.3,2211.19,0.0,4.22,-7.23
2014-04-12,217.04,5910.2,2211.16,0.0,3.91,-4.9
2014-04-13,227.01,5855.0,2211.13,0.0,4.13,-8.13
2014-04-14,238.23,5806.6,2211.1,0.0,6.68,-3.66
2014-04-15,317.06,5805.5,2211.1,17.32,6.62,-4.94
2014-04-16,312.4,5801.6,2211.1,0.0,10.87,2.54
2014-04-17,296.84,5788.3,2211.09,1.37,8.03,-0.02
2014-04-18,295.08,5774.0,2211.09,0.0,6.61,-3.53
2014-04-19,292.15,5758.0,2211.08,0.0,6.47,-6.69
2014-04-20,261.91,5723.8,2211.06,0.05,12.96,-0.04
2014-04-21,260.71,5688.9,2211.04,0.0,12.35,1.17
2014-04-22,283.77,5667.8,2211.03,0.36,8.98,-2.71
2014-04-23,293.18,5652.3,2211.03,1.9,13.67,2.62
2014-04-24,364.91,5679.9,2211.04,0.0,17.04,6.17
2014-04-25,371.89,5711.7,2211.06,5.15,11.24,-0.52
2014-04-26,413.24,5768.3,2211.08,0.0,10.59,2.33
2014-04-27,478.1,5863.8,2211.13,4.63,13.09,2.19
2014-04-28,510.36,5978.7,2211.19,0.0,17.22,6.99
2014-04-29,523.94,6101.7,2211.25,0.0,13.9,0.92
2014-04-30,545.4,6237.6,2211.32,0.0,14.18,2.89
2014-05-01,527.15,6362.5,2211.38,0.0,14.74,5.0
2014-05-02,484.22,6461.7,2211.43,0.0,14.63,2.89
2014-05-03,590.73,6624.8,2211.51,5.74,13.85,3.0
2014-05-04,563.3,6771.4,2211.59,0.0,13.13,0.84
2014-05-05,534.38,6900.7,2211.65,0.0,15.12,5.43
2014-05-06,507.09,7013.6,2211.71,0.0,19.6,10.61
2014-05-07,578.72,7169.5,2211.78,0.0,19.58,8.7
2014-05-08,579.29,7325.7,2211.86,0.0,19.23,8.47
2014-05-09,770.09,7596.4,2212.0,20.99,16.32,8.14
2014-05-10,776.57,7871.0,2212.14,0.0,17.65,6.18
2014-05-11,795.58,8157.0,2212.28,0.0,14.99,5.05
2014-05-12,809.03,8451.1,2212.43,0.0,17.46,5.52
2014-05-13,849.23,8769.3,2212.58,0.0,18.69,8.49
2014-05-14,810.19,9064.1,2212.73,0.0,21.85,10.21
2014-05-15,784.38,9343.3,2212.87,0.0,14.92,5.57
2014-05-16,725.9,9587.5,2212.99,0.0,11.66,4.18
2014-05-17,686.6,9808.1,2213.1,0.0,14.6,2.84
2014-05-18,819.69,10108.6,2213.25,17.0,13.86,2.33
2014-05-19,804.44,10399.9,2213.4,0.0,11.59,1.3
2014-05-20,738.2,10651.5,2213.53,0.0,10.53,0.41
2014-05-21,673.55,10864.3,2213.63,0.0,13.93,4.05
2014-05-22,800.92,11153.5,2213.78,9.67,19.72,5.39
2014-05-23,986.57,11554.1,2213.98,12.16,20.57,8.95
2014-05-24,960.95,11939.3,2214.17,0.09,13.93,2.23
2014-05-25,887.43,12280.4,2214.34,0.0,10.91,1.89
2014-05-26,750.68,12539.5,2214.47,0.0,14.61,1.55
2014-05-27,677.89,12754.9,2214.58,0.0,18.07,5.67
2014-05-28,676.75,12969.6,2214.68,1.76,16.02,4.17
2014-05-29,570.73,13120.6,2214.76,0.0,13.75,1.57
2014-05-30,549.94,13259.3,2214.83,0.0,14.49,6.04
2014-05-31,597.5,13426.4,2214.91,0.0,16.63,4.08
2014-06-01,647.83,13623.8,2215.01,0.0,15.11,4.07
2014-06-02,665.03,13831.4,2215.12,0.0,18.04,6.67
2014-06-03,740.09,14084.1,2215.24,6.86,18.36,9.58
2014-06-04,629.33,14270.4,2215.34,0.0,23.82,11.53
2014-06-05,703.23,14501.0,2215.45,4.96,21.55,9.68
2014-06-06,641.8,14694.7,2215.55,0.0,20.03,7.76
2014-06-07,675.63,14908.7,2215.65,0.0,18.89,8.49
2014-06-08,654.33,15110.0,2215.75,0.0,22.92,7.5
2014-06-09,944.89,15485.6,2215.94,36.76,25.36,13.17
2014-06-10,853.46,15806.3,2216.1,3.92,21.15,9.87
2014-06-11,830.32,16113.1,2216.26,0.0,15.87,4.58
2014-06-12,868.83,16443.1,2216.42,0.0,16.74,7.3
2014-06-13,954.75,16824.6,2216.61,0.0,23.89,13.65
2014-06-14,799.82,17113.1,2216.76,0.0,15.35,4.97
2014-06-15,636.01,17303.4,2216.85,0.0,15.12,2.33
2014-06-16,581.31,17460.8,2216.93,0.0,19.08,6.74
2014-06-17,623.47,17643.5,2217.02,0.0,15.18,4.08
2014-06-18,737.52,17894.7,2217.15,0.0,17.16,5.64
2014-06-19,737.84,18146.1,2217.27,0.34,20.4,7.0
2014-06-20,894.26,18491.3,2217.45,0.0,19.76,10.47
2014-06-21,783.8,18770.2,2217.59,0.0,25.64,13.77
2014-06-22,864.0,19097.3,2217.75,0.0,16.22,6.96
2014-06-23,746.98,19354.1,2217.88,0.03,19.15,7.95
2014-06-24,829.33,19660.3,2218.03,0.0,20.6,9.5
2014-06-25,748.5,19918.1,2218.16,0.0,16.58,6.89
2014-06-26,802.51,20208.2,2218.3,0.0,18.91,9.85
2014-06-27,829.24,20514.4,2218.46,0.0,22.41,11.48
2014-06-28,911.12,20869.8,2218.63,5.93,22.4,13.47
2014-06-29,937.5,21240.9,2218.82,2.45,17.4,8.37
2014-06-30,879.23,21577.1,2218.99,0.16,15.12,4.23
2014-07-01,891.58,21920.7,2219.16,0.0,12.67,2.26
2014-07-02,911.2,22276.1,2219.34,9.85,16.74,4.71
2014-07-03,818.08,22575.6,2219.49,0.0,21.96,8.12
2014-07-04,738.68,22827.4,2219.61,0.0,20.33,9.08
2014-07-05,652.69,23027.7,2219.71,0.0,20.42,11.2
2014-07-06,743.81,23282.6,2219.84,5.73,20.89,8.41
2014-07-07,724.14,23525.8,2219.96,0.0,20.8,8.85
2014-07-08,771.78,23797.5,2220.1,2.59,19.17,10.2
2014-07-09,748.05,24055.0,2220.23,0.0,18.82,8.35
2014-07-10,801.77,24344.7,2220.37,2.51,22.61,8.82
2014-07-11,753.22,24605.3,2220.5,0.0,21.53,11.81
2014-07-12,675.3,24819.1,2220.61,0.0,22.23,12.32
2014-07-13,748.85,25077.1,2220.74,0.0,26.44,17.11
2014-07-14,764.21,25344.2,2220.87,2.35,23.56,15.15
2014-07-15,734.65,25593.7,2221.0,0.0,24.6,11.47
2014-07-16,695.99,25819.9,2221.11,0.0,21.66,11.12
2014-07-17,702.36,26050.0,2221.22,0.0,26.0,15.92
2014-07-18,758.56,26313.8,2221.36,0.0,22.58,12.71
2014-07-19,749.72,26572.2,2221.49,2.26,22.57,12.33
2014-07-20,794.96,26857.9,2221.63,0.0,22.44,11.81
2014-07-21,818.84,27157.8,2221.78,0.0,19.51,7.99
2014-07-22,974.87,27551.4,2221.98,0.0,22.28,11.42
2014-07-23,1009.92,27966.0,2222.18,0.0,22.56,13.63
2014-07-24,988.13,28367.5,2222.38,0.0,22.17,11.48
2014-07-25,1228.08,28913.0,2222.66,5.52,26.24,12.36
2014-07-26,1041.62,29346.7,2222.87,0.0,22.18,8.68
2014-07-27,854.52,29668.0,2223.03,0.0,21.16,10.38
2014-07-28,792.51,29952.2,2223.18,0.0,19.51,8.01
2014-07-29,708.3,30185.8,2223.29,7.19,25.03,12.04
2014-07-30,732.84,30434.2,2223.42,0.69,21.72,11.25
2014-07-31,672.57,30646.4,2223.52,0.0,25.68,14.68
2014-08-01,707.72,30879.7,2223.64,8.01,26.56,16.1
2014-08-02,675.79,31093.8,2223.75,0.0,20.26,10.41
2014-08-03,542.13,31227.7,2223.81,0.0,21.27,9.57
2014-08-04,577.75,31383.0,2223.89,2.32,24.54,13.07
2014-08-05,591.56,31546.6,2223.97,0.0,22.76,11.49
2014-08-06,577.11,31701.5,2224.05,0.0,24.85,11.72
2014-08-07,558.63,31845.3,2224.12,0.0,26.65,16.5
2014-08-08,533.38,31974.0,2224.19,0.0,25.27,14.78
2014-08-09,504.73,32085.5,2224.24,0.0,23.03,12.07
2014-08-10,442.61,32159.7,2224.28,0.0,22.55,11.93
2014-08-11,409.16,32213.9,2224.31,0.0,13.49,4.94
2014-08-12,390.29,32256.7,2224.33,10.71,21.52,10.68
2014-08-13,389.64,32299.1,2224.35,0.0,25.97,14.13
2014-08-14,363.79,32326.1,2224.36,0.0,20.09,11.05
2014-08-15,374.86,32359.6,2224.38,0.0,21.66,11.31
2014-08-16,378.31,32395.3,2224.4,0.0,22.05,12.21
2014-08-17,355.03,32416.9,2224.41,0.0,23.97,12.5
2014-08-18,328.83,32422.9,2224.41,0.0,22.63,11.38
2014-08-19,311.3,32418.3,2224.41,0.0,23.18,12.02
2014-08-20,291.39,32401.8,2224.4,0.0,22.18,13.22
2014-08-21,262.86,32368.2,2224.38,0.22,24.33,11.29
2014-08-22,258.82,32332.1,2224.37,0.0,19.56,6.71
2014-08-23,240.78,32285.2,2224.34,0.0,17.78,8.72
2014-08-24,228.84,32231.2,2224.32,0.0,19.7,7.84
2014-08-25,286.43,32211.7,2224.31,11.25,23.59,10.85
2014-08-26,260.64,32176.7,2224.29,0.0,19.45,7.55
2014-08-27,269.36,32147.0,2224.27,0.0,16.7,7.84
2014-08-28,260.18,32111.8,2224.26,1.32,14.87,4.13
2014-08-29,252.45,32071.9,2224.24,0.0,17.53,7.19
2014-08-30,247.35,32028.9,2224.21,0.0,19.27,9.01
2014-08-31,244.22,31984.1,2224.19,0.0,19.51,4.56
2014-09-01,243.84,31939.1,2224.17,0.0,14.99,5.33
2014-09-02,266.23,31907.5,2224.15,0.0,16.0,6.06
2014-09-03,249.67,31865.9,2224.13,0.0,9.86,2.98
2014-09-04,282.09,31843.8,2224.12,4.65,12.44,2.46
2014-09-05,255.68,31805.9,2224.1,0.0,14.3,0.97
2014-09-06,259.24,31770.1,2224.09,0.0,14.06,-0.02
2014-09-07,255.85,31732.2,2224.07,0.0,16.42,4.39
2014-09-08,252.01,31692.1,2224.05,0.0,15.83,4.9
2014-09-09,260.69,31657.2,2224.03,0.0,14.51,1.01
2014-09-10,330.19,31663.9,2224.03,0.0,13.22,1.89
2014-09-11,318.27,31663.5,2224.03,0.0,14.95,2.36
2014-09-12,318.21,31663.1,2224.03,0.0,15.27,1.28
2014-09-13,338.03,31674.6,2224.04,3.61,13.83,1.77
2014-09-14,341.68,31688.2,2224.04,2.41,13.63,4.55
2014-09-15,329.71,31694.7,2224.05,0.0,15.6,3.78
2014-09-16,341.66,31708.4,2224.05,0.0,15.08,3.55
2014-09-17,351.03,31727.6,2224.06,0.0,17.33,5.4
2014-09-18,297.86,31715.0,2224.06,1.1,18.53,9.71
2014-09-19,294.85,31700.6,2224.05,0.0,19.6,8.44
2014-09-20,282.95,31679.0,2224.04,0.0,20.58,8.81
2014-09-21,298.12,31666.5,2224.03,0.0,19.42,7.9
2014-09-22,317.69,31665.8,2224.03,0.0,15.3,4.84
2014-09-23,352.8,31686.1,2224.04,0.0,20.06,7.54
2014-09-24,349.48,31704.4,2224.05,0.0,15.29,2.42
2014-09-25,307.62,31697.7,2224.05,0.0,9.91,-2.12
2014-09-26,281.77,31675.4,2224.04,0.0,7.44,-4.24
2014-09-27,280.01,31652.0,2224.03,0.0,12.44,0.05
2014-09-28,305.57,31644.0,2224.02,0.0,9.49,0.03
2014-09-29,308.76,31637.9,2224.02,0.0,8.91,-2.85
2014-09-30,307.0,31630.8,2224.02,0.48,7.84,-0.55
2014-10-01,288.94,31612.8,2224.01,0.0,4.93,-5.36
2014-10-02,303.19,31603.4,2224.0,0.0,5.94,-4.12
2014-10-03,278.28,31579.0,2223.99,0.0,10.2,1.15
2014-10-04,245.36,31534.9,2223.97,0.0,14.98,3.44
2014-10-05,257.15,31497.8,2223.95,0.0,12.21,4.41
2014-10-06,254.7,31459.3,2223.93,0.0,12.48,4.76
2014-10-07,260.2,31424.0,2223.91,0.0,8.81,-2.81
2014-10-08,362.22,31450.0,2223.93,25.46,8.75,-1.15
2014-10-09,343.31,31464.7,2223.93,8.95,11.77,-0.67
2014-10-10,321.36,31466.1,2223.93,0.0,15.54,2.95
2014-10-11,316.1,31464.4,2223.93,0.0,10.44,-1.13
2014-10-12,272.93,31436.8,2223.92,0.0,6.46,-3.47
2014-10-13,271.95,31408.7,2223.9,1.05,13.64,2.3
2014-10-14,258.19,31372.2,2223.89,2.8,12.48,2.24
2014-10-15,267.51,31341.4,2223.87,0.0,10.67,-0.92
2014-10-16,270.68,31312.4,2223.86,0.0,5.57,-3.48
2014-10-17,285.49,31292.4,2223.85,0.0,7.87,-4.91
2014-10-18,312.69,31288.7,2223.84,0.0,6.64,-1.63
2014-10-19,363.17,31315.2,2223.86,0.0,7.97,-2.91
2014-10-20,296.68,31301.9,2223.85,0.0,6.83,-2.27
2014-10-21,264.42,31269.2,2223.83,0.0,5.04,-8.1
2014-10-22,247.83,31226.5,2223.81,0.0,7.8,-3.31
2014-10-23,234.74,31176.0,2223.79,0.0,3.85,-5.92
2014-10-24,228.47,31121.8,2223.76,0.0,-1.13,-12.11
2014-10-25,232.29,31069.8,2223.73,0.0,-0.24,-10.09
2014-10-26,215.11,31007.5,2223.7,0.0,3.83,-7.67
2014-10-27,188.39,30929.2,2223.66,0.0,8.84,-1.76
2014-10-28,188.79,30851.1,2223.63,0.0,11.26,0.93
2014-10-29,166.79,30759.8,2223.58,0.0,12.79,1.39
2014-10-30,175.54,30673.8,2223.54,0.0,7.34,-3.5
2014-10-31,196.43,30600.3,2223.5,7.47,11.18,-0.31
2014-11-01,170.66,30511.4,2223.46,0.0,4.27,-4.95
2014-11-02,166.39,30419.9,2223.41,0.0,4.99,-4.31
2014-11-03,173.82,30332.8,2223.37,0.0,6.91,-3.59
2014-11-04,163.55,30239.6,2223.32,0.0,8.96,-2.95
2014-11-05,153.43,30140.3,2223.27,0.0,6.82,-2.58
2014-11-06,160.58,30045.3,2223.22,0.0,7.68,-3.57
2014-11-07,151.76,29945.0,2223.17,0.0,6.9,-2.75
2014-11-08,157.52,29848.2,2223.12,0.0,9.03,-2.43
2014-11-09,191.8,29771.9,2223.09,0.0,8.39,-0.29
2014-11-10,187.17,29692.9,2223.05,0.0,8.35,-3.37
2014-11-11,192.28,29616.9,2223.01,0.0,5.93,-3.82
2014-11-12,167.71,29526.2,2222.96,0.0,2.05,-10.24
2014-11-13,155.58,29428.1,2222.91,0.0,2.79,-9.07
2014-11-14,155.25,29330.0,2222.86,0.0,4.68,-6.29
2014-11-15,157.46,29233.1,2222.82,0.0,3.14,-11.36
2014-11-16,183.18,29151.6,2222.78,0.0,7.22,-6.05
2014-11-17,187.42,29072.7,2222.74,0.0,11.12,-1.48
2014-11-18,176.05,28987.0,2222.69,2.66,4.57,-7.67
2014-11-19,158.7,28890.9,2222.65,0.0,6.23,-6.28
2014-11-20,156.68,28793.6,2222.6,0.0,8.49,-3.67
2014-11-21,153.74,28694.4,2222.55,0.0,11.46,-2.72
2014-11-22,155.28,28596.3,2222.5,0.0,2.39,-9.47
2014-11-23,149.51,28494.6,2222.45,0.0,5.89,-5.81
2014-11-24,151.34,28394.1,2222.4,0.0,1.24,-10.15
2014-11-25,167.32,28303.1,2222.35,0.0,3.32,-6.0
2014-11-26,176.39,28217.6,2222.31,0.0,5.45,-7.83
2014-11-27,154.44,28118.9,2222.26,0.0,2.44,-6.73
2014-11-28,149.64,28017.4,2222.21,0.0,-3.02,-11.05
2014-11-29,162.8,27923.7,2222.16,0.0,0.77,-9.89
2014-11-30,158.24,27827.3,2222.11,0.0,2.78,-6.78
2014-12-01,134.5,27716.6,2222.06,0.0,2.32,-7.62
2014-12-02,138.57,27608.4,2222.0,0.0,5.06,-7.78
2014-12-03,135.42,27498.3,2221.95,0.0,2.57,-8.04
2014-12-04,128.7,27384.2,2221.89,0.0,0.13,-12.16
2014-12-05,142.04,27278.1,2221.84,0.0,-1.38,-13.85
2014-12-06,118.85,27158.0,2221.78,0.0,-0.53,-12.83
2014-12-07,114.81,27035.6,2221.72,0.0,0.75,-11.99
2014-12-08,138.01,26927.0,2221.66,0.0,4.23,-8.96
2014-12-09,147.52,26824.2,2221.61,0.0,5.72,-4.15
2014-12-10,155.43,26726.1,2221.56,0.0,3.88,-5.44
2014-12-11,146.42,26622.6,2221.51,0.0,1.63,-7.81
2014-12-12,137.52,26513.8,2221.46,0.0,-3.52,-13.37
2014-12-13,150.83,26412.9,2221.41,0.0,-4.97,-13.38
2014-12-14,170.17,26323.7,2221.36,0.0,-1.85,-15.12
2014-12-15,197.32,26250.7,2221.33,0.0,-4.14,-14.1
2014-12-16,200.94,26179.9,2221.29,0.0,-6.12,-16.91
2014-12-17,200.09,26108.6,2221.25,0.0,-11.98,-20.62
2014-12-18,192.87,26033.0,2221.22,0.0,-8.19,-16.87
2014-12-19,196.64,25959.6,2221.18,0.0,-4.69,-14.96
2014-12-20,187.44,25880.8,2221.14,0.0,-0.76,-11.42
2014-12-21,217.91,25820.1,2221.11,0.05,0.5,-13.5
2014-12-22,209.63,25754.6,2221.08,0.0,1.58,-7.68
2014-12-23,206.97,25687.4,2221.04,0.0,-2.24,-11.62
2014-12-24,203.63,25618.2,2221.01,0.0,-2.16,-13.27
2014-12-25,214.59,25555.7,2220.98,0.0,-2.74,-13.5
2014-12-26,218.45,25495.4,2220.95,0.0,-5.76,-16.39
2014-12-27,212.48,25431.5,2220.92,0.0,-2.49,-13.72
2014-12-28,226.66,25376.2,2220.89,0.0,-3.08,-14.57
2014-12-29,220.83,25317.3,2220.86,0.0,-7.01,-18.99
2014-12-30,227.32,25262.4,2220.83,0.0,-5.72,-15.83
2014-12-31,198.02,25189.8,2220.79,0.0,2.45,-8.99
2015-01-01,209.54,25124.2,2220.76,0.0,1.3,-8.8
2015-01-02,224.19,25067.4,2220.73,0.0,2.46,-10.45
2015-01-03,204.22,24998.5,2220.7,0.0,-2.32,-12.66
2015-01-04,207.75,24931.8,2220.67,0.0,-7.98,-17.44
2015-01-05,217.21,24870.8,2220.64,0.0,-6.57,-15.06
2015-01-06,203.13,24801.3,2220.6,0.0,-7.24,-18.61
2015-01-07,239.96,24754.0,2220.58,4.58,-6.84,-17.29
2015-01-08,267.62,24723.2,2220.56,0.0,-6.43,-17.71
2015-01-09,268.61,24693.0,2220.55,0.0,-3.96,-15.53
2015-01-10,374.33,24726.3,2220.56,17.19,-1.88,-14.51
2015-01-11,347.58,24743.5,2220.57,0.0,-5.38,-15.11
2015-01-12,319.02,24743.5,2220.57,0.0,-6.17,-16.3
2015-01-13,272.92,24715.9,2220.56,0.0,-4.86,-14.3
2015-01-14,260.2,24680.7,2220.54,0.0,-4.58,-17.27
2015-01-15,216.48,24619.2,2220.51,0.0,-7.04,-18.17
2015-01-16,194.1,24544.3,2220.47,0.0,-3.14,-14.6
2015-01-17,157.18,24447.3,2220.42,0.0,-7.42,-17.86
2015-01-18,162.56,24353.5,2220.38,6.15,-8.66,-17.64
2015-01-19,170.73,24264.6,2220.33,0.0,-7.65,-17.66
2015-01-20,175.26,24178.4,2220.29,0.0,-4.66,-16.82
2015-01-21,172.51,24090.5,2220.25,0.0,-7.51,-16.36
2015-01-22,184.56,24009.9,2220.2,0.0,-2.63,-14.02
2015-01-23,196.55,23936.5,2220.17,0.0,-1.23,-13.4
2015-01-24,171.47,23848.0,2220.12,0.0,-1.67,-10.1
2015-01-25,201.66,23777.7,2220.09,0.0,-4.28,-12.66
2015-01-26,205.53,23709.6,2220.05,0.0,-3.14,-11.34
2015-01-27,196.87,23636.4,2220.02,0.0,-1.93,-14.26
2015-01-28,194.24,23561.6,2219.98,0.0,3.5,-6.17
2015-01-29,194.54,23487.0,2219.94,0.0,-0.75,-14.09
2015-01-30,213.21,23423.6,2219.91,10.35,-2.83,-13.53
2015-01-31,228.43,23369.3,2219.88,0.0,-1.72,-12.21
2015-02-01,213.11,23305.8,2219.85,0.0,-1.44,-12.23
2015-02-02,218.98,23245.8,2219.82,0.0,-1.46,-12.21
2015-02-03,218.63,23185.7,2219.79,0.0,-5.9,-14.22
2015-02-04,180.74,23102.8,2219.75,0.0,-8.32,-19.43
2015-02-05,161.2,23008.1,2219.7,0.0,-10.07,-20.45
2015-02-06,153.0,22908.6,2219.65,0.0,0.47,-12.18
2015-02-07,185.47,22828.5,2219.61,0.0,7.72,-3.54
2015-02-08,220.22,22769.3,2219.58,8.79,8.28,-0.67
2015-02-09,197.22,22696.3,2219.55,0.0,11.39,-2.16
2015-02-10,177.7,22611.5,2219.51,0.0,12.96,-2.17
2015-02-11,165.37,22519.4,2219.46,0.0,6.86,-5.1
2015-02-12,176.6,22434.0,2219.42,0.0,7.58,-3.61
2015-02-13,183.81,22353.0,2219.38,0.0,6.23,-4.89
2015-02-14,186.3,22273.4,2219.34,0.0,7.11,-3.81
2015-02-15,187.24,22194.4,2219.3,0.0,0.96,-7.44
2015-02-16,187.36,22115.5,2219.26,1.04,4.45,-6.99
2015-02-17,197.6,22042.7,2219.22,0.0,-0.46,-11.24
2015-02-18,201.93,21972.5,2219.19,0.0,-4.86,-12.53
2015-02-19,171.0,21883.7,2219.14,0.0,-2.23,-11.84
2015-02-20,173.23,21796.3,2219.1,0.15,-4.45,-15.42
2015-02-21,177.3,21711.4,2219.06,0.0,0.25,-11.36
2015-02-22,189.39,21633.6,2219.02,0.0,-3.1,-13.15
2015-02-23,183.59,21552.4,2218.98,0.0,-0.45,-11.62
2015-02-24,181.96,21470.3,2218.94,0.0,-2.33,-11.84
2015-02-25,169.2,21380.4,2218.89,0.0,-1.66,-12.13
2015-02-26,178.57,21296.2,2218.85,0.0,0.47,-10.54
2015-02-27,185.36,21216.1,2218.81,0.0,3.73,-7.7
2015-02-28,171.57,21127.7,2218.76,2.2,-0.35,-11.15
2015-03-01,205.95,21059.9,2218.73,20.34,-0.01,-7.17
2015-03-02,188.24,20981.5,2218.69,0.0,-1.23,-13.0
2015-03-03,199.0,20909.6,2218.65,0.48,-0.88,-14.94
2015-03-04,197.35,20836.6,2218.62,0.0,-5.83,-18.18
2015-03-05,202.63,20766.9,2218.58,0.0,-5.63,-16.51
2015-03-06,211.17,20702.2,2218.55,0.0,-1.98,-10.72
2015-03-07,256.55,20664.8,2218.53,6.94,4.75,-4.48
2015-03-08,238.67,20616.6,2218.51,0.0,2.07,-9.81
2015-03-09,207.08,20549.5,2218.47,0.0,5.1,-7.51
2015-03-10,189.65,20472.0,2218.44,0.0,1.6,-6.72
2015-03-11,192.1,20395.9,2218.4,0.0,3.17,-6.93
2015-03-12,190.32,20318.7,2218.36,0.85,5.47,-4.78
2015-03-13,170.05,20229.4,2218.31,0.0,4.55,-5.97
2015-03-14,187.38,20150.5,2218.28,0.0,0.71,-10.3
2015-03-15,178.73,20066.4,2218.23,0.02,3.93,-5.07
2015-03-16,176.17,19980.7,2218.19,4.51,7.39,-4.73
2015-03-17,209.08,19914.8,2218.16,8.79,6.62,-4.94
2015-03-18,206.74,19847.5,2218.12,0.0,5.76,-4.55
2015-03-19,202.05,19777.4,2218.09,0.0,5.29,-1.69
2015-03-20,193.92,19702.4,2218.05,0.0,6.24,-7.54
2015-03-21,175.03,19616.1,2218.01,0.0,7.29,-5.24
2015-03-22,182.56,19534.3,2217.97,0.0,8.31,-1.07
2015-03-23,168.39,19444.0,2217.92,0.0,6.3,-6.63
2015-03-24,161.5,19349.5,2217.87,0.43,9.49,-1.25
2015-03-25,173.39,19262.2,2217.83,0.0,8.49,-1.26
2015-03-26,185.22,19182.0,2217.79,0.0,9.69,-2.15
2015-03-27,203.33,19112.6,2217.76,4.04,6.68,-4.2
2015-03-28,191.91,19036.4,2217.72,0.11,5.3,-4.22
2015-03-29,197.75,18963.7,2217.68,0.0,9.08,-0.78
2015-03-30,190.98,18887.0,2217.64,0.0,8.28,-4.78
2015-03-31,170.81,18798.1,2217.6,0.0,8.65,-6.53
2015-04-01,168.49,18707.8,2217.55,0.0,6.54,-5.18
2015-04-02,181.34,18625.3,2217.51,0.0,10.01,-2.8
2015-04-03,192.15,18549.2,2217.47,0.0,6.66,-5.21
2015-04-04,194.43,18474.6,2217.44,0.0,8.68,-2.88
2015-04-05,232.91,18422.9,2217.41,10.32,8.07,-2.83
2015-04-06,221.56,18364.5,2217.38,0.0,8.62,-2.47
2015-04-07,198.5,18292.3,2217.35,3.84,7.84,-3.12
2015-04-08,175.59,18206.3,2217.3,0.0,7.67,-4.42
2015-04-09,183.29,18124.9,2217.26,0.0,9.46,-2.13
2015-04-10,185.47,18044.9,2217.22,2.34,9.41,-2.28
2015-04-11,195.31,17970.7,2217.19,0.0,6.47,-3.36
2015-04-12,196.71,17897.4,2217.15,0.0,10.42,-0.0
2015-04-13,235.56,17847.4,2217.12,0.09,5.43,-4.25
2015-04-14,274.16,17820.5,2217.11,0.84,5.99,-5.49
2015-04-15,249.22,17778.7,2217.09,0.0,1.31,-7.43
2015-04-16,276.0,17752.9,2217.08,0.0,-0.42,-12.1
2015-04-17,266.87,17721.7,2217.06,0.0,1.0,-8.49
2015-04-18,373.01,17754.2,2217.08,13.48,3.67,-8.64
2015-04-19,393.7,17799.0,2217.1,0.63,6.47,-4.39
2015-04-20,399.41,17847.3,2217.12,0.0,11.6,-1.38
2015-04-21,330.15,17854.1,2217.13,0.0,12.78,2.53
2015-04-22,300.08,17842.8,2217.12,0.0,10.72,-1.81
2015-04-23,292.89,17827.2,2217.11,0.0,11.71,1.94
2015-04-24,289.17,17809.3,2217.1,1.14,11.68,-0.47
2015-04-25,306.1,17801.6,2217.1,0.0,15.06,2.44
2015-04-26,326.4,17806.1,2217.1,0.0,13.71,3.97
2015-04-27,355.27,17827.9,2217.11,0.0,9.63,-2.46
2015-04-28,337.54,17839.1,2217.12,0.0,12.96,4.0
2015-04-29,420.69,17900.2,2217.15,9.13,14.19,5.01
2015-04-30,466.9,17989.0,2217.19,2.37,14.38,3.21
2015-05-01,487.36,18090.0,2217.25,3.31,13.95,4.3
2015-05-02,488.58,18191.8,2217.3,0.0,12.82,2.68
2015-05-03,512.95,18308.3,2217.35,3.76,15.0,5.2
2015-05-04,562.96,18454.7,2217.43,0.0,18.52,4.84
2015-05-05,502.77,18565.0,2217.48,0.0,15.6,7.39
2015-05-06,531.53,18692.6,2217.55,0.0,13.26,3.19
2015-05-07,637.33,18883.6,2217.64,5.13,14.99,3.17
2015-05-08,668.34,19093.3,2217.75,7.76,15.14,2.52
2015-05-09,685.28,19313.1,2217.86,0.0,17.24,6.76
2015-05-10,686.55,19533.7,2217.97,0.0,18.47,8.5
2015-05-11,603.12,19704.2,2218.05,0.0,17.09,4.69
2015-05-12,593.33,19868.8,2218.13,0.0,14.93,5.42
2015-05-13,539.38,20001.1,2218.2,0.0,14.9,4.44
2015-05-14,539.56,20133.5,2218.27,0.0,15.59,4.1
2015-05-15,598.79,20301.4,2218.35,0.0,13.55,2.95
2015-05-16,673.12,20513.9,2218.46,6.57,11.1,-0.62
2015-05-17,618.72,20693.8,2218.55,0.83,9.77,0.31
2015-05-18,640.94,20887.0,2218.64,0.0,13.15,2.15
2015-05-19,702.69,21117.3,2218.76,0.0,13.3,2.78
2015-05-20,744.87,21372.9,2218.89,0.0,16.89,4.47
2015-05-21,738.88,21624.9,2219.01,0.0,13.25,4.92
2015-05-22,667.14,21833.8,2219.12,0.0,14.78,6.36
2015-05-23,669.68,22044.3,2219.22,0.0,22.02,11.79
2015-05-24,707.66,22277.5,2219.34,1.98,19.89,9.38
2015-05-25,720.02,22518.2,2219.46,0.64,23.11,12.06
2015-05-26,696.29,22744.6,2219.57,0.39,22.28,11.15
2015-05-27,779.65,23021.0,2219.71,5.89,26.23,13.95
2015-05-28,695.94,23247.2,2219.82,0.0,21.19,7.83
2015-05-29,822.5,23549.4,2219.97,6.17,20.64,7.49
2015-05-30,632.29,23737.4,2220.07,0.0,15.99,7.64
2015-05-31,655.02,23939.1,2220.17,9.38,15.64,5.32
2015-06-01,771.51,24210.6,2220.31,8.35,14.81,2.95
2015-06-02,821.26,24512.0,2220.46,0.0,18.35,6.04
2015-06-03,798.27,24799.7,2220.6,1.17,15.46,6.07
2015-06-04,728.62,25045.5,2220.72,0.0,17.19,5.07
2015-06-05,723.28,25288.1,2220.84,5.11,19.17,10.64
2015-06-06,674.0,25501.1,2220.95,0.0,22.72,13.37
2015-06-07,700.84,25730.3,2221.07,0.0,23.22,10.71
2015-06-08,664.9,25937.9,2221.17,11.43,24.2,11.72
2015-06-09,708.15,26171.4,2221.29,0.0,22.29,11.38
2015-06-10,757.86,26434.8,2221.42,0.0,21.11,10.44
2015-06-11,648.12,26632.3,2221.52,0.0,26.36,14.9
2015-06-12,688.19,26853.9,2221.63,3.48,27.58,15.42
2015-06-13,647.25,27050.9,2221.73,0.0,21.07,10.42
2015-06-14,618.04,27230.4,2221.82,0.0,17.45,7.6
2015-06-15,626.43,27414.9,2221.91,0.66,24.1,11.04
2015-06-16,631.12,27602.2,2222.0,0.0,23.63,11.22
2015-06-17,740.27,27855.0,2222.13,0.0,21.76,10.01
2015-06-18,703.35,28085.7,2222.24,0.0,18.94,7.11
2015-06-19,743.18,28340.2,2222.37,0.0,24.23,14.78
2015-06-20,788.6,28622.0,2222.51,0.43,25.72,14.37
2015-06-21,868.87,28952.0,2222.68,1.2,25.91,14.29
2015-06-22,882.09,29289.9,2222.84,0.0,28.93,16.82
2015-06-23,804.84,29581.5,2222.99,0.0,22.5,9.7
2015-06-24,760.13,29846.2,2223.12,0.0,18.98,7.12
2015-06-25,765.24,30114.0,2223.26,0.0,21.59,10.7
2015-06-26,814.72,30411.5,2223.41,9.35,18.77,8.01
2015-06-27,780.43,30688.4,2223.54,0.0,18.54,7.88
2015-06-28,821.56,30990.0,2223.69,0.0,21.79,8.1
2015-06-29,869.81,31320.5,2223.86,0.0,25.41,13.92
2015-06-30,846.19,31636.9,2224.02,0.0,21.77,8.03
2015-07-01,906.57,31989.5,2224.19,0.0,17.49,6.16
2015-07-02,940.82,32362.6,2224.38,0.0,18.9,8.81
2015-07-03,841.93,32676.4,2224.54,0.0,18.79,8.09
2015-07-04,794.0,32961.5,2224.68,0.0,19.89,8.7
2015-07-05,804.43,33252.8,2224.83,0.0,25.0,15.09
2015-07-06,907.8,33606.1,2225.0,0.0,27.37,14.08
2015-07-07,971.59,33997.7,2225.2,0.33,25.97,15.03
2015-07-08,865.0,34325.4,2225.36,0.0,28.83,14.76
2015-07-09,751.03,34584.6,2225.49,0.0,22.26,11.78
2015-07-10,694.3,34809.9,2225.6,0.0,22.72,11.77
2015-07-11,689.68,35032.3,2225.72,0.0,18.08,10.08
2015-07-12,657.07,35235.2,2225.82,5.45,16.98,6.85
2015-07-13,716.34,35473.7,2225.94,10.03,19.1,6.2
2015-07-14,638.22,35665.3,2226.03,0.0,20.36,7.34
2015-07-15,651.78,35865.0,2226.13,4.85,22.62,11.11
2015-07-16,740.63,36118.0,2226.26,12.61,18.16,4.49
2015-07-17,694.43,36343.3,2226.37,0.0,16.6,6.27
2015-07-18,719.8,36583.8,2226.49,0.0,16.58,5.54
2015-07-19,689.44,36806.2,2226.6,0.0,19.34,7.14
2015-07-20,720.05,37046.8,2226.72,0.0,17.06,7.46
2015-07-21,726.26,37291.2,2226.85,0.0,16.86,5.04
2015-07-22,723.26,37533.9,2226.97,0.0,13.64,2.6
2015-07-23,693.86,37758.8,2227.08,0.0,17.14,10.58
2015-07-24,699.07,37986.9,2227.19,0.0,23.05,12.01
2015-07-25,677.23,38201.9,2227.3,0.0,18.51,9.29
2015-07-26,727.36,38447.0,2227.42,0.33,16.3,6.56
2015-07-27,779.54,38723.3,2227.56,0.0,17.72,6.02
2015-07-28,793.43,39008.1,2227.7,0.0,14.33,3.28
2015-07-29,777.88,39283.4,2227.84,0.0,14.24,3.89
2015-07-30,640.85,39476.6,2227.94,0.0,10.03,-0.29
2015-07-31,551.66,39600.0,2228.0,0.0,13.15,3.86
2015-08-01,485.23,39600.0,2228.0,0.0,16.37,6.22
2015-08-02,435.28,39600.0,2228.0,0.0,18.32,7.12
2015-08-03,423.36,39600.0,2228.0,3.77,21.67,11.48
2015-08-04,365.84,39600.0,2228.0,0.0,22.44,10.0
2015-08-05,367.43,39600.0,2228.0,0.37,19.85,7.91
2015-08-06,433.02,39600.0,2228.0,0.0,25.28,12.52
2015-08-07,439.37,39600.0,2228.0,0.0,20.98,8.88
2015-08-08,431.57,39600.0,2228.0,0.91,18.12,9.05
2015-08-09,368.39,39600.0,2228.0,0.0,20.27,8.3
2015-08-10,387.15,39600.0,2228.0,0.0,17.38,6.42
2015-08-11,484.77,39600.0,2228.0,0.0,19.31,8.89
2015-08-12,485.04,39600.0,2228.0,0.0,17.4,6.98
2015-08-13,423.3,39600.0,2228.0,0.42,14.01,4.32
2015-08-14,478.94,39600.0,2228.0,6.14,13.58,4.26
2015-08-15,438.83,39600.0,2228.0,0.0,22.67,12.39
2015-08-16,373.5,39600.0,2228.0,0.0,21.15,12.68
2015-08-17,404.45,39600.0,2228.0,8.11,20.31,6.64
2015-08-18,464.25,39600.0,2228.0,0.0,21.13,10.09
2015-08-19,483.41,39600.0,2228.0,0.0,18.85,9.54
2015-08-20,519.12,39600.0,2228.0,0.0,20.16,11.93
2015-08-21,505.84,39600.0,2228.0,1.45,19.08,6.8
2015-08-22,481.95,39600.0,2228.0,0.0,24.3,12.04
2015-08-23,584.73,39600.0,2228.0,9.53,20.29,9.5
2015-08-24,633.98,39600.0,2228.0,0.0,19.74,7.64
2015-08-25,601.36,39600.0,2228.0,0.0,23.51,11.7
2015-08-26,461.62,39600.0,2228.0,3.24,22.04,11.57
2015-08-27,401.86,39600.0,2228.0,0.0,24.58,13.06
2015-08-28,396.28,39600.0,2228.0,0.0,24.21,13.61
2015-08-29,307.31,39593.0,2228.0,0.0,20.74,9.47
2015-08-30,298.26,39580.6,2227.99,0.0,22.73,11.78
2015-08-31,322.04,39582.5,2227.99,0.0,17.74,8.6
2015-09-01,245.3,39538.3,2227.97,0.0,17.65,5.95
2015-09-02,204.81,39469.9,2227.93,0.0,15.67,2.69
2015-09-03,198.98,39397.9,2227.9,0.0,13.87,1.7
2015-09-04,198.93,39325.9,2227.86,0.0,14.98,7.07
2015-09-05,215.49,39263.9,2227.83,0.0,17.26,6.24
2015-09-06,168.19,39173.4,2227.79,0.0,11.14,1.42
2015-09-07,183.77,39092.4,2227.75,0.94,14.43,0.17
2015-09-08,187.4,39013.5,2227.71,0.95,17.64,4.49
2015-09-09,210.6,38948.5,2227.67,1.44,17.68,9.51
2015-09-10,245.09,38904.2,2227.65,0.0,19.35,10.2
2015-09-11,273.88,38877.1,2227.64,1.61,18.03,10.49
2015-09-12,306.57,38869.7,2227.63,0.07,17.52,7.41
2015-09-13,253.41,38830.4,2227.62,1.26,18.78,8.35
2015-09-14,284.68,38809.9,2227.6,7.62,17.6,8.87
2015-09-15,253.33,38770.5,2227.59,0.0,19.17,8.0
2015-09-16,211.39,38706.0,2227.55,0.0,20.28,8.51
2015-09-17,184.34,38625.3,2227.51,0.0,17.84,6.24
2015-09-18,166.03,38533.6,2227.47,0.0,18.66,5.77
2015-09-19,171.71,38445.2,2227.42,2.47,17.94,8.21
2015-09-20,174.79,38358.8,2227.38,0.0,16.21,3.74
2015-09-21,202.63,38289.0,2227.34,0.0,21.93,11.95
2015-09-22,205.44,38220.9,2227.31,0.0,16.78,5.8
2015-09-23,197.92,38148.3,2227.27,0.0,13.88,-0.1
2015-09-24,173.29,38060.9,2227.23,0.0,12.24,3.98
2015-09-25,174.84,37974.5,2227.19,0.0,10.41,-1.15
2015-09-26,177.8,37889.8,2227.14,0.0,9.33,-2.93
2015-09-27,169.18,37800.0,2227.1,0.0,6.8,-3.9
2015-09-28,162.57,37706.2,2227.05,0.0,8.2,-1.91
2015-09-29,153.14,37606.7,2227.0,0.0,6.78,-4.84
2015-09-30,165.09,37514.4,2226.96,0.0,9.1,-5.06
2015-10-01,189.1,37436.5,2226.92,0.0,13.2,-0.41
2015-10-02,177.55,37351.7,2226.88,0.0,9.57,0.68
2015-10-03,176.1,37266.0,2226.83,0.0,9.2,-3.55
2015-10-04,183.32,37184.7,2226.79,8.15,8.78,-2.72
2015-10-05,148.16,37082.2,2226.74,0.0,9.33,-4.71
2015-10-06,134.81,36971.7,2226.69,0.0,13.2,0.56
2015-10-07,134.54,36861.1,2226.63,0.0,10.02,-1.76
2015-10-08,120.72,36742.2,2226.57,0.0,7.22,-1.0
2015-10-09,125.83,36626.3,2226.51,0.0,9.34,-2.2
2015-10-10,126.36,36510.8,2226.46,0.0,6.57,-5.94
2015-10-11,138.47,36402.5,2226.4,0.0,2.98,-5.2
2015-10-12,131.52,36290.1,2226.35,0.0,-0.35,-10.27
2015-10-13,151.69,36189.8,2226.29,0.0,6.46,-3.13
2015-10-14,160.67,36094.8,2226.25,0.0,5.51,-3.78
2015-10-15,162.37,36000.9,2226.2,0.0,10.68,-1.37
2015-10-16,146.72,35897.6,2226.15,0.0,9.32,-1.67
2015-10-17,145.6,35793.6,2226.1,0.0,4.76,-8.1
2015-10-18,144.95,35689.2,2226.04,0.0,2.74,-7.07
2015-10-19,138.62,35581.0,2225.99,0.0,-0.99,-12.87
2015-10-20,142.84,35475.4,2225.94,0.0,1.67,-7.66
2015-10-21,154.94,35377.0,2225.89,0.0,1.59,-9.61
2015-10-22,168.5,35286.8,2225.84,0.0,-0.22,-12.31
2015-10-23,152.83,35187.1,2225.79,0.0,-4.33,-12.62
2015-10-24,150.34,35086.0,2225.74,0.0,0.53,-13.44
2015-10-25,174.08,34999.1,2225.7,0.0,0.9,-7.88
2015-10-26,223.06,34941.5,2225.67,16.08,3.93,-6.52
2015-10-27,202.95,34872.0,2225.64,0.0,6.41,-2.72
2015-10-28,191.97,34795.8,2225.6,0.0,5.41,-3.28
2015-10-29,180.19,34712.6,2225.56,0.0,0.69,-6.37
2015-10-30,172.73,34624.9,2225.51,0.0,-1.65,-10.85
2015-10-31,199.63,34553.3,2225.48,0.0,1.46,-9.85
2015-11-01,172.87,34465.7,2225.43,0.0,3.68,-5.65
2015-11-02,176.43,34380.2,2225.39,0.0,2.78,-7.62
2015-11-03,164.23,34287.4,2225.34,0.0,4.03,-6.25
2015-11-04,163.71,34194.2,2225.3,0.0,6.46,-1.38
2015-11-05,172.95,34106.7,2225.25,0.0,3.8,-5.45
2015-11-06,181.05,34023.9,2225.21,0.0,6.19,-5.79
2015-11-07,172.82,33936.3,2225.17,0.0,5.81,-4.79
2015-11-08,158.23,33839.9,2225.12,0.0,10.63,-1.95
2015-11-09,155.64,33741.9,2225.07,0.0,8.27,-1.13
2015-11-10,156.29,33644.3,2225.02,0.0,8.77,-1.85
2015-11-11,167.68,33553.6,2224.98,0.0,8.0,-3.99
2015-11-12,137.73,33444.9,2224.92,0.0,7.02,-4.72
2015-11-13,142.05,33338.8,2224.87,2.54,2.59,-8.01
2015-11-14,146.36,33235.2,2224.82,0.0,2.65,-8.96
2015-11-15,131.68,33122.9,2224.76,0.0,7.79,-4.25
2015-11-16,133.25,33011.5,2224.71,0.0,-2.16,-9.63
2015-11-17,131.02,32898.7,2224.65,0.0,-3.32,-14.69
2015-11-18,126.86,32783.5,2224.59,0.0,-5.48,-16.22
2015-11-19,134.57,32672.9,2224.54,0.0,-3.93,-16.98
2015-11-20,138.88,32564.9,2224.48,0.0,-0.52,-10.3
2015-11-21,158.75,32468.8,2224.43,0.0,-2.01,-13.38
2015-11-22,178.36,32384.5,2224.39,0.0,-2.71,-14.09
2015-11-23,176.78,32299.2,2224.35,0.0,0.22,-10.42
2015-11-24,179.84,32215.7,2224.31,0.0,0.78,-13.38
2015-11-25,163.0,32122.2,2224.26,0.0,-1.45,-10.58
2015-11-26,173.72,32035.1,2224.22,0.0,0.02,-10.61
2015-11-27,155.42,31937.0,2224.17,0.0,0.45,-10.52
2015-11-28,157.33,31840.0,2224.12,0.0,1.96,-10.55
2015-11-29,140.56,31733.0,2224.07,0.0,-2.78,-11.17
2015-11-30,141.51,31626.6,2224.01,5.39,3.25,-4.98
2015-12-01,119.27,31506.8,2223.95,0.0,3.45,-7.24
2015-12-02,110.33,31381.6,2223.89,0.0,0.31,-8.93
2015-12-03,105.29,31253.4,2223.83,0.0,2.21,-7.88
2015-12-04,125.02,31137.1,2223.77,0.0,0.65,-10.77
2015-12-05,128.26,31022.7,2223.71,0.0,3.99,-7.39
2015-12-06,119.96,30903.4,2223.65,0.0,0.43,-10.78
2015-12-07,112.74,30779.6,2223.59,0.0,0.2,-9.9
2015-12-08,115.05,30657.3,2223.53,0.0,0.85,-11.01
2015-12-09,124.5,30540.7,2223.47,0.0,1.19,-11.76
2015-12-10,147.49,30437.8,2223.42,0.0,-2.8,-13.08
2015-12-11,137.94,30329.2,2223.36,0.0,-2.8,-12.8
2015-12-12,128.53,30215.0,2223.31,0.0,-3.52,-14.29
2015-12-13,148.07,30112.5,2223.26,0.0,-5.67,-15.56
2015-12-14,153.29,30013.1,2223.21,0.0,-6.02,-19.09
2015-12-15,157.68,29916.4,2223.16,0.0,-5.3,-16.74
2015-12-16,188.37,29838.1,2223.12,0.0,-5.9,-14.91
2015-12-17,177.12,29753.0,2223.08,0.0,0.82,-11.27
2015-12-18,185.62,29673.0,2223.04,0.0,-5.28,-13.83
2015-12-19,186.48,29593.5,2223.0,0.0,-1.81,-13.64
2015-12-20,193.38,29518.2,2222.96,0.0,-6.08,-15.87
2015-12-21,188.73,29440.1,2222.92,0.0,-7.67,-18.27
2015-12-22,198.51,29367.9,2222.88,0.0,-11.03,-22.46
2015-12-23,198.24,29295.5,2222.85,0.0,-9.09,-19.2
2015-12-24,191.53,29219.0,2222.81,0.0,-2.4,-15.54
2015-12-25,172.18,29131.0,2222.77,0.0,-4.12,-15.65
2015-12-26,192.96,29055.4,2222.73,0.0,-6.23,-16.59
2015-12-27,200.68,28984.5,2222.69,0.0,-7.89,-19.21
2015-12-28,219.58,28924.9,2222.66,0.49,-7.28,-21.72
2015-12-29,214.16,28862.0,2222.63,0.0,-7.28,-20.71
2015-12-30,197.66,28789.3,2222.59,0.0,-7.97,-21.1
2015-12-31,192.34,28713.3,2222.56,0.0,-9.6,-22.46
2016-01-01,200.3,28642.2,2222.52,0.0,-5.64,-15.7
2016-01-02,230.37,28589.0,2222.49,0.0,-7.82,-14.31
2016-01-03,219.53,28529.4,2222.46,0.33,-8.58,-17.35
2016-01-04,229.46,28475.7,2222.44,0.0,-5.82,-18.81
2016-01-05,209.43,28410.0,2222.41,0.0,-0.49,-13.7
2016-01-06,195.52,28336.0,2222.37,0.0,-3.74,-15.54
2016-01-07,180.47,28252.9,2222.33,0.0,-6.79,-16.15
2016-01-08,172.34,28165.0,2222.28,0.0,-5.55,-14.9
2016-01-09,162.95,28071.4,2222.24,0.0,-6.05,-14.51
2016-01-10,167.8,27980.7,2222.19,5.88,-5.19,-16.72
2016-01-11,160.72,27885.8,2222.14,2.43,-4.94,-17.2
2016-01-12,153.05,27786.3,2222.09,0.0,-8.58,-17.45
2016-01-13,175.99,27700.5,2222.05,4.4,-3.4,-14.21
2016-01-14,186.62,27621.2,2222.01,0.0,-0.26,-15.04
2016-01-15,211.45,27556.7,2221.98,0.0,-1.88,-14.21
2016-01-16,191.18,27480.0,2221.94,0.0,-6.33,-18.82
2016-01-17,200.56,27409.0,2221.9,0.0,-4.73,-14.9
2016-01-18,214.61,27346.5,2221.87,0.26,-5.31,-16.7
2016-01-19,244.55,27301.8,2221.85,0.0,1.13,-11.66
2016-01-20,244.18,27257.0,2221.83,0.0,1.57,-12.56
2016-01-21,221.47,27198.5,2221.8,0.0,1.18,-9.29
2016-01-22,212.49,27134.7,2221.77,0.0,-3.78,-14.39
2016-01-23,235.35,27084.5,2221.74,0.0,-5.08,-14.77
2016-01-24,228.51,27030.3,2221.72,0.0,-6.75,-15.0
2016-01-25,191.42,26953.8,2221.68,0.0,-3.02,-16.0
2016-01-26,184.85,26873.4,2221.64,0.0,-0.24,-11.92
2016-01-27,199.48,26801.7,2221.6,0.0,0.71,-9.69
2016-01-28,205.92,26733.9,2221.57,0.0,-0.06,-13.39
2016-01-29,214.72,26671.4,2221.54,0.0,-3.09,-16.82
2016-01-30,212.61,26607.6,2221.5,0.0,-1.18,-13.8
2016-01-31,224.25,26550.8,2221.48,0.0,-1.98,-12.47
2016-02-01,207.06,26483.7,2221.44,0.0,-0.21,-11.41
2016-02-02,201.74,26413.4,2221.41,0.0,-4.14,-12.28
2016-02-03,211.91,26349.2,2221.37,0.0,-2.19,-13.48
2016-02-04,207.3,26282.2,2221.34,0.0,-1.1,-13.82
2016-02-05,202.7,26212.5,2221.31,0.0,-0.98,-12.14
2016-02-06,237.7,26163.7,2221.28,0.0,-3.44,-15.89
2016-02-07,187.08,26084.6,2221.24,0.0,-2.75,-12.69
2016-02-08,163.86,25991.6,2221.2,0.0,-3.35,-12.1
2016-02-09,173.5,25904.4,2221.15,0.0,-5.03,-15.11
2016-02-10,230.4,25851.3,2221.13,10.78,-9.54,-19.24
2016-02-11,229.52,25797.6,2221.1,0.0,-7.29,-20.95
2016-02-12,203.74,25728.5,2221.06,0.0,-8.45,-21.52
2016-02-13,203.98,25659.6,2221.03,0.0,-4.85,-17.49
2016-02-14,192.56,25583.7,2220.99,0.0,-4.2,-14.83
2016-02-15,198.88,25511.7,2220.96,0.0,-3.13,-15.02
2016-02-16,198.79,25439.6,2220.92,0.0,-3.11,-11.69
2016-02-17,210.18,25374.4,2220.89,0.0,2.2,-8.78
2016-02-18,206.27,25306.8,2220.85,0.0,0.47,-11.81
2016-02-19,201.39,25236.3,2220.82,0.0,-3.94,-14.6
2016-02-20,190.31,25159.1,2220.78,0.0,-1.09,-11.8
2016-02-21,183.74,25078.0,2220.74,0.0,2.57,-8.53
2016-02-22,188.06,24999.5,2220.7,0.0,6.62,-4.46
2016-02-23,170.24,24910.3,2220.66,0.0,1.28,-11.93
2016-02-24,172.29,24822.3,2220.61,0.0,2.78,-8.62
2016-02-25,182.43,24740.4,2220.57,0.0,1.64,-7.5
2016-02-26,177.25,24655.4,2220.53,0.0,0.02,-9.84
2016-02-27,176.67,24570.1,2220.49,0.0,0.31,-10.48
2016-02-28,193.57,24494.9,2220.45,0.0,6.39,-5.95
2016-02-29,253.81,24455.8,2220.43,11.24,8.67,-2.18
2016-03-01,237.03,24406.7,2220.4,0.0,6.26,-0.94
2016-03-02,237.36,24357.8,2220.38,1.08,4.52,-7.44
2016-03-03,241.89,24311.5,2220.36,0.0,0.01,-10.62
2016-03-04,194.83,24237.1,2220.32,0.0,-1.11,-10.72
2016-03-05,208.98,24171.1,2220.29,0.0,-1.18,-11.99
2016-03-06,235.66,24121.2,2220.26,0.0,2.75,-7.06
2016-03-07,228.21,24066.8,2220.23,0.0,1.85,-7.67
2016-03-08,243.19,24021.3,2220.21,0.0,2.44,-9.98
2016-03-09,256.62,23983.9,2220.19,0.0,5.45,-4.97
2016-03-10,233.97,23933.0,2220.17,0.85,10.17,-2.53
2016-03-11,217.28,23872.0,2220.14,0.0,5.86,-4.89
2016-03-12,221.1,23813.3,2220.11,0.0,1.43,-8.48
2016-03-13,248.3,23770.9,2220.09,0.0,7.55,-5.9
2016-03-14,230.8,23718.1,2220.06,0.0,11.71,-0.58
2016-03-15,196.93,23644.9,2220.02,0.0,10.66,-0.11
2016-03-16,172.33,23556.9,2219.98,0.0,4.78,-4.98
2016-03-17,184.63,23476.4,2219.94,0.0,3.93,-7.36
2016-03-18,218.68,23416.2,2219.91,0.0,4.19,-5.03
2016-03-19,209.97,23350.9,2219.88,0.0,6.91,-3.27
2016-03-20,202.83,23281.2,2219.84,0.69,8.25,-1.06
2016-03-21,208.31,23214.8,2219.81,0.0,7.91,-1.92
2016-03-22,189.02,23136.9,2219.77,0.0,9.51,1.12
2016-03-23,168.1,23046.4,2219.72,0.0,11.86,0.24
2016-03-24,177.75,22961.7,2219.68,3.95,4.79,-8.15
2016-03-25,187.82,22883.1,2219.64,0.0,0.28,-10.16
2016-03-26,207.61,22816.3,2219.61,0.0,3.79,-8.03
2016-03-27,200.1,22745.0,2219.57,0.0,5.07,-4.67
2016-03-28,188.97,22667.0,2219.53,0.0,2.74,-5.95
2016-03-29,189.08,22589.1,2219.49,0.0,4.23,-4.73
2016-03-30,186.68,22509.8,2219.45,8.78,1.05,-9.49
2016-03-31,170.18,22420.5,2219.41,0.0,3.4,-9.06
2016-04-01,165.53,22328.5,2219.36,0.0,4.58,-9.43
2016-04-02,158.59,22232.3,2219.32,0.0,3.54,-4.78
2016-04-03,167.82,22141.7,2219.27,0.0,7.81,-6.59
2016-04-04,179.1,22057.8,2219.23,2.32,5.6,-4.89
2016-04-05,183.41,21976.5,2219.19,0.0,11.69,1.1
2016-04-06,192.88,21900.9,2219.15,0.0,11.82,-0.9
2016-04-07,186.1,21821.2,2219.11,0.0,10.14,-0.6
2016-04-08,190.72,21744.3,2219.07,0.0,14.29,0.46
2016-04-09,217.1,21683.2,2219.04,0.39,10.28,-1.27
2016-04-10,259.13,21647.3,2219.02,0.0,11.59,-0.29
2016-04-11,265.94,21615.5,2219.01,1.4,1.86,-8.73
2016-04-12,253.47,21576.2,2218.99,0.09,2.08,-5.86
2016-04-13,336.48,21586.8,2218.99,6.61,0.29,-9.14
2016-04-14,314.68,21584.2,2218.99,0.0,-0.1,-8.26
2016-04-15,285.71,21564.3,2218.98,0.0,4.11,-5.27
2016-04-16,325.3,21568.1,2218.98,2.14,6.2,-2.69
2016-04-17,281.47,21545.7,2218.97,0.0,8.6,-4.89
2016-04-18,329.22,21551.9,2218.98,0.0,8.86,-3.83
2016-04-19,312.41,21548.0,2218.97,0.0,12.11,0.32
2016-04-20,288.33,21529.6,2218.96,0.0,11.83,0.09
2016-04-21,323.16,21532.2,2218.97,0.0,10.02,0.42
2016-04-22,348.99,21550.2,2218.98,2.32,12.43,1.12
2016-04-23,321.2,21551.6,2218.98,2.21,8.92,-0.4
2016-04-24,316.37,21550.0,2218.98,0.0,10.68,-0.49
2016-04-25,312.77,21546.4,2218.97,0.0,13.13,3.18
2016-04-26,292.61,21530.6,2218.97,0.0,12.87,2.88
2016-04-27,296.93,21517.4,2218.96,0.0,14.21,0.04
2016-04-28,277.71,21492.7,2218.95,0.0,9.48,-1.16
2016-04-29,276.05,21466.9,2218.93,0.0,14.54,2.41
2016-04-30,288.73,21448.8,2218.92,0.0,18.0,6.38
2016-05-01,329.15,21455.0,2218.93,0.09,13.68,3.7
2016-05-02,296.34,21441.4,2218.92,0.0,10.15,-2.28
2016-05-03,338.98,21453.5,2218.93,0.0,9.89,-1.59
2016-05-04,357.61,21476.7,2218.94,0.0,13.75,1.1
2016-05-05,358.94,21500.7,2218.95,0.0,10.51,-0.66
2016-05-06,385.53,21540.7,2218.97,0.0,16.71,2.55
2016-05-07,400.04,21589.3,2218.99,0.0,14.69,3.39
2016-05-08,425.52,21653.3,2219.03,0.0,13.29,2.25
2016-05-09,463.83,21740.3,2219.07,0.0,11.38,-1.23
2016-05-10,489.53,21842.6,2219.12,0.88,13.94,2.96
2016-05-11,516.6,21961.2,2219.18,0.0,13.68,1.31
2016-05-12,494.68,22066.7,2219.23,0.0,10.24,1.32
2016-05-13,644.09,22261.8,2219.33,16.86,14.86,4.87
2016-05-14,651.77,22461.5,2219.43,9.81,13.87,1.93
2016-05-15,664.86,22669.1,2219.53,0.0,16.08,7.34
2016-05-16,626.11,22853.4,2219.63,0.0,15.96,4.56
2016-05-17,696.23,23079.8,2219.74,4.87,19.16,7.0
2016-05-18,689.87,23302.4,2219.85,0.0,15.49,5.02
2016-05-19,722.66,23544.6,2219.97,0.0,15.03,2.85
2016-05-20,750.2,23803.4,2220.1,16.01,17.07,5.79
2016-05-21,773.44,24076.1,2220.24,3.63,19.16,7.46
2016-05-22,709.39,24310.4,2220.36,0.0,23.36,15.12
2016-05-23,644.56,24505.8,2220.45,2.34,23.33,10.41
2016-05-24,643.84,24700.7,2220.55,0.0,17.62,7.17
2016-05-25,624.47,24884.1,2220.64,0.0,11.22,1.68
2016-05-26,551.48,25023.6,2220.71,4.63,11.16,2.62
2016-05-27,536.47,25154.1,2220.78,0.0,16.13,5.76
2016-05-28,549.31,25292.4,2220.85,0.28,23.39,10.54
2016-05-29,568.15,25441.9,2220.92,0.0,17.69,7.11
2016-05-30,581.19,25599.3,2221.0,5.32,19.56,8.36
2016-05-31,657.9,25802.7,2221.1,0.0,21.09,7.09
2016-06-01,609.17,25976.8,2221.19,0.0,18.18,4.92
2016-06-02,609.11,26150.9,2221.28,7.78,18.52,8.55
2016-06-03,640.05,26343.6,2221.37,4.43,21.19,9.33
2016-06-04,732.26,26591.6,2221.5,4.7,18.69,7.18
2016-06-05,757.08,26854.5,2221.63,0.0,14.74,2.92
2016-06-06,762.6,27120.7,2221.76,0.0,15.59,4.54
2016-06-07,694.42,27346.0,2221.87,0.0,15.42,3.74
2016-06-08,546.95,27482.9,2221.94,0.0,21.1,7.85
2016-06-09,547.89,27620.2,2222.01,0.0,22.24,6.97
2016-06-10,536.27,27750.7,2222.08,0.0,21.99,11.24
2016-06-11,625.38,27934.5,2222.17,6.87,16.55,8.52
2016-06-12,618.45,28114.3,2222.26,0.0,18.52,8.87
2016-06-13,638.82,28306.2,2222.35,0.0,18.86,8.32
2016-06-14,631.61,28493.8,2222.45,0.0,17.74,6.6
2016-06-15,556.06,28636.1,2222.52,0.0,16.36,5.71
2016-06-16,567.62,28785.3,2222.59,7.2,23.41,13.85
2016-06-17,618.24,28964.9,2222.68,0.0,23.54,9.8
2016-06-18,561.5,29110.5,2222.76,2.24,21.5,12.72
2016-06-19,514.15,29227.6,2222.81,0.0,21.06,9.24
2016-06-20,473.14,29320.1,2222.86,0.0,22.09,8.97
2016-06-21,435.38,29390.0,2222.9,0.0,28.49,18.99
2016-06-22,419.7,29450.5,2222.93,0.0,30.63,17.68
2016-06-23,602.87,29620.9,2223.01,10.11,26.49,14.34
2016-06-24,543.21,29755.4,2223.08,0.0,28.02,17.42
2016-06-25,495.68,29861.5,2223.13,0.0,25.52,13.86
2016-06-26,433.47,29930.2,2223.17,0.0,22.65,11.93
2016-06-27,477.2,30025.2,2223.21,0.0,18.78,6.66
2016-06-28,464.01,30112.3,2223.26,0.0,17.8,8.25
2016-06-29,415.98,30170.5,2223.29,0.0,16.39,5.52
2016-06-30,397.14,30217.4,2223.31,0.0,18.74,5.7
2016-07-01,458.63,30301.3,2223.35,0.0,19.14,10.22
2016-07-02,506.08,30413.6,2223.41,0.0,19.36,10.27
2016-07-03,612.64,30589.8,2223.49,0.0,20.0,11.2
2016-07-04,675.79,30803.9,2223.6,0.0,21.05,8.6
2016-07-05,759.98,31068.6,2223.73,0.0,19.61,7.81
2016-07-06,714.92,31306.2,2223.85,0.0,18.15,5.64
2016-07-07,642.47,31500.3,2223.95,0.0,20.43,6.66
2016-07-08,634.82,31689.8,2224.04,0.0,23.16,13.95
2016-07-09,597.41,31856.9,2224.13,0.0,25.95,10.56
2016-07-10,602.33,32027.0,2224.21,2.25,17.04,6.7
2016-07-11,571.35,32178.5,2224.29,0.93,16.15,5.03
2016-07-12,670.38,32389.3,2224.39,9.7,19.19,4.54
2016-07-13,714.93,32626.9,2224.51,0.0,20.55,7.9
2016-07-14,756.64,32889.6,2224.64,0.0,23.36,11.34
2016-07-15,744.58,33145.0,2224.77,1.21,21.33,11.89
2016-07-16,731.41,33392.5,2224.9,0.0,20.77,9.91
2016-07-17,831.98,33700.3,2225.05,2.61,24.15,8.78
2016-07-18,815.06,33998.0,2225.2,0.0,17.38,6.06
2016-07-19,725.01,34241.7,2225.32,2.38,18.16,7.28
2016-07-20,696.71,34468.3,2225.43,0.0,17.04,3.6
2016-07-21,630.11,34655.1,2225.53,1.53,18.06,5.7
2016-07-22,633.64,34843.9,2225.62,0.0,21.65,10.24
2016-07-23,740.21,35096.7,2225.75,0.0,18.39,7.6
2016-07-24,606.99,35269.5,2225.83,0.0,15.23,4.16
2016-07-25,592.4,35433.6,2225.92,0.0,18.74,5.77
2016-07-26,639.96,35626.2,2226.01,10.12,22.71,12.35
2016-07-27,652.23,35826.2,2226.11,9.09,26.21,15.62
2016-07-28,586.12,35986.6,2226.19,0.0,23.67,11.03
2016-07-29,478.74,36082.4,2226.24,0.0,19.9,10.03
2016-07-30,446.65,36159.1,2226.28,0.0,13.45,3.44
2016-07-31,505.56,36271.1,2226.34,0.0,16.69,4.98
2016-08-01,449.39,36349.4,2226.37,0.0,17.47,8.64
2016-08-02,444.97,36425.0,2226.41,3.3,18.44,7.71
2016-08-03,463.48,36511.7,2226.46,0.0,17.02,9.82
2016-08-04,447.17,36588.7,2226.49,0.0,21.87,11.07
2016-08-05,506.84,36701.4,2226.55,0.0,19.44,8.49
2016-08-06,494.63,36806.9,2226.6,0.0,18.65,8.03
2016-08-07,429.43,36873.2,2226.64,1.16,13.96,3.37
2016-08-08,474.79,36966.7,2226.68,0.0,24.21,11.86
2016-08-09,471.8,37058.4,2226.73,0.0,24.11,10.22
2016-08-10,483.75,37157.3,2226.78,0.0,18.88,7.27
2016-08-11,453.86,37238.3,2226.82,0.0,23.29,12.18
2016-08-12,377.46,37273.4,2226.84,0.0,20.98,11.95
2016-08-13,401.51,37323.0,2226.86,2.91,21.99,12.47
2016-08-14,370.95,37354.2,2226.88,0.0,24.61,14.16
2016-08-15,352.38,37374.3,2226.89,0.0,26.85,14.4
2016-08-16,329.85,37380.9,2226.89,0.0,25.79,16.27
2016-08-17,391.46,37424.4,2226.91,4.68,20.66,10.33
2016-08-18,359.37,37448.7,2226.92,0.0,23.78,12.29
2016-08-19,366.13,37477.0,2226.94,0.0,19.8,7.44
2016-08-20,277.04,37451.9,2226.93,0.0,17.15,8.73
2016-08-21,277.07,37426.8,2226.91,0.0,19.87,7.05
2016-08-22,252.95,37387.2,2226.89,0.0,19.46,7.09
2016-08-23,220.01,37327.8,2226.86,0.0,22.15,9.28
2016-08-24,243.97,37282.9,2226.84,4.67,20.32,9.31
2016-08-25,217.31,37221.9,2226.81,0.0,18.22,9.15
2016-08-26,201.63,37151.5,2226.78,0.0,17.92,5.55
2016-08-27,201.81,37081.3,2226.74,0.0,15.51,6.67
2016-08-28,189.81,37003.8,2226.7,0.0,20.21,7.78
2016-08-29,194.55,36929.2,2226.66,0.0,21.03,8.14
2016-08-30,191.92,36853.0,2226.63,0.0,25.2,10.88
2016-08-31,175.67,36767.0,2226.58,0.0,20.9,8.94
2016-09-01,180.21,36683.8,2226.54,0.0,17.48,7.58
2016-09-02,195.41,36609.7,2226.5,0.0,23.57,12.89
2016-09-03,243.71,36564.6,2226.48,8.42,24.4,14.26
2016-09-04,238.7,36516.5,2226.46,0.0,19.25,8.03
2016-09-05,244.15,36471.6,2226.44,0.0,20.12,10.4
2016-09-06,239.99,36424.2,2226.41,10.45,19.59,8.23
2016-09-07,211.29,36359.7,2226.38,0.0,19.85,10.25
2016-09-08,221.91,36301.5,2226.35,0.0,22.28,10.65
2016-09-09,195.44,36227.4,2226.31,0.0,21.29,10.71
2016-09-10,198.59,36155.2,2226.28,0.0,21.13,9.98
2016-09-11,182.8,36073.5,2226.24,0.27,19.97,9.56
2016-09-12,206.48,36006.0,2226.2,0.0,23.75,11.2
2016-09-13,208.42,35939.8,2226.17,0.0,21.78,13.41
2016-09-14,224.94,35883.4,2226.14,0.0,18.64,7.12
2016-09-15,223.3,35826.0,2226.11,0.0,19.97,10.47
2016-09-16,176.13,35740.3,2226.07,0.0,24.4,9.6
2016-09-17,181.53,35657.9,2226.03,0.0,20.18,9.03
2016-09-18,172.24,35569.9,2225.98,0.0,13.05,2.52
2016-09-19,191.59,35493.5,2225.95,5.92,15.46,3.17
2016-09-20,173.2,35406.1,2225.9,0.0,16.51,3.31
2016-09-21,172.97,35318.5,2225.86,0.0,11.39,-1.15
2016-09-22,164.87,35226.1,2225.81,0.0,11.43,-0.48
2016-09-23,171.79,35137.8,2225.77,0.78,13.46,2.39
2016-09-24,197.06,35064.7,2225.73,0.0,12.79,3.2
2016-09-25,188.5,34986.4,2225.69,0.0,11.08,0.39
2016-09-26,205.6,34918.4,2225.66,0.0,16.73,7.52
2016-09-27,182.09,34836.4,2225.62,0.0,19.82,8.62
2016-09-28,199.98,34765.0,2225.58,0.0,16.69,5.87
2016-09-29,220.1,34705.7,2225.55,0.0,16.92,7.18
2016-09-30,208.42,34639.4,2225.52,0.0,26.56,13.3
2016-10-01,193.24,34564.0,2225.48,0.0,22.67,13.07
2016-10-02,189.42,34486.3,2225.44,1.84,23.92,14.31
2016-10-03,193.96,34411.3,2225.41,0.0,17.66,8.39
2016-10-04,210.2,34346.1,2225.37,0.0,13.64,5.55
2016-10-05,187.36,34267.2,2225.33,0.0,18.4,7.2
2016-10-06,179.27,34183.4,2225.29,0.0,18.99,8.06
2016-10-07,175.78,34097.5,2225.25,0.0,19.52,8.42
2016-10-08,171.19,34008.9,2225.2,0.0,16.68,4.14
2016-10-09,170.62,33919.9,2225.16,0.0,12.17,-1.98
2016-10-10,160.89,33825.1,2225.11,0.0,12.86,-0.94
2016-10-11,166.9,33733.9,2225.07,0.0,14.42,0.52
2016-10-12,160.52,33638.8,2225.02,0.0,11.55,0.77
2016-10-13,145.53,33534.8,2224.97,0.0,11.18,-1.01
2016-10-14,148.41,33432.5,2224.92,0.0,11.59,1.94
2016-10-15,162.24,33338.5,2224.87,0.02,4.34,-6.41
2016-10-16,143.62,33233.3,2224.82,0.0,7.23,-3.43
2016-10-17,148.93,33131.3,2224.77,0.0,4.8,-5.44
2016-10-18,156.54,33033.9,2224.72,5.45,2.93,-6.67
2016-10-19,141.49,32927.4,2224.66,0.0,7.06,-2.55
2016-10-20,172.23,32839.4,2224.62,0.0,4.14,-8.5
2016-10-21,160.94,32744.6,2224.57,0.0,0.58,-9.51
2016-10-22,166.71,32653.3,2224.53,0.0,5.06,-5.43
2016-10-23,162.86,32559.7,2224.48,0.0,7.78,-1.46
2016-10-24,166.54,32468.3,2224.43,0.0,8.03,-3.47
2016-10-25,186.88,32389.0,2224.39,0.0,7.99,-1.79
2016-10-26,190.83,32312.2,2224.36,0.0,6.85,-1.61
2016-10-27,186.58,32232.8,2224.32,0.0,10.53,-1.83
2016-10-28,203.32,32163.4,2224.28,0.0,4.35,-4.67
2016-10-29,195.67,32089.5,2224.24,0.0,-4.57,-14.09
2016-10-30,186.62,32010.1,2224.21,0.0,-1.39,-14.89
2016-10-31,209.84,31944.7,2224.17,0.0,-4.36,-15.86
2016-11-01,201.68,31874.3,2224.14,0.0,-4.27,-14.74
2016-11-02,202.21,31804.3,2224.1,0.0,-3.02,-14.94
2016-11-03,197.69,31731.6,2224.07,0.0,2.15,-8.9
2016-11-04,179.8,31648.1,2224.02,0.0,2.23,-8.2
2016-11-05,196.87,31574.9,2223.99,0.0,0.61,-11.36
2016-11-06,171.55,31486.5,2223.94,0.0,1.92,-7.93
2016-11-07,180.61,31403.5,2223.9,0.0,3.1,-7.15
2016-11-08,175.67,31317.5,2223.86,0.0,3.69,-7.48
2016-11-09,154.16,31218.7,2223.81,0.0,0.13,-11.09
2016-11-10,164.11,31125.8,2223.76,0.0,3.42,-8.85
2016-11-11,175.14,31039.5,2223.72,6.57,-0.67,-11.99
2016-11-12,183.63,30958.4,2223.68,10.24,-4.66,-12.31
2016-11-13,198.41,30886.1,2223.64,1.36,-2.01,-12.11
2016-11-14,204.15,30817.2,2223.61,0.0,0.94,-10.68
2016-11-15,215.33,30755.0,2223.58,2.44,1.36,-8.81
2016-11-16,168.22,30664.6,2223.53,0.0,-1.11,-8.43
2016-11-17,153.74,30565.5,2223.48,0.0,0.6,-9.31
2016-11-18,152.29,30465.5,2223.43,0.0,-0.6,-8.18
2016-11-19,140.35,30358.4,2223.38,0.0,0.99,-11.08
2016-11-20,134.01,30247.5,2223.32,0.0,1.3,-10.55
2016-11-21,134.68,30136.9,2223.27,0.0,2.94,-6.06
2016-11-22,142.85,30031.3,2223.22,0.0,4.63,-6.72
2016-11-23,136.31,29921.7,2223.16,0.0,1.63,-8.97
2016-11-24,130.35,29808.6,2223.1,0.0,-0.51,-10.84
2016-11-25,151.99,29708.4,2223.05,0.0,-0.05,-11.99
2016-11-26,145.85,29604.6,2223.0,0.0,-7.57,-17.63
2016-11-27,141.37,29498.1,2222.95,0.0,-7.02,-17.5
2016-11-28,145.72,29394.1,2222.9,0.0,-8.0,-20.21
2016-11-29,134.66,29283.6,2222.84,0.0,-5.83,-16.25
2016-11-30,148.14,29181.1,2222.79,0.0,-9.33,-23.3
2016-12-01,155.9,29083.3,2222.74,0.0,-5.91,-19.48
2016-12-02,131.42,28970.8,2222.69,0.0,-3.81,-16.4
2016-12-03,146.68,28867.5,2222.63,4.0,-5.14,-16.18
2016-12-04,144.0,28762.5,2222.58,0.0,-0.58,-10.9
2016-12-05,138.99,28654.6,2222.53,0.0,-5.06,-15.81
2016-12-06,131.94,28542.4,2222.47,0.0,-3.34,-12.09
2016-12-07,146.85,28439.2,2222.42,0.0,-3.59,-14.68
2016-12-08,158.5,28342.9,2222.37,0.0,-0.66,-12.34
2016-12-09,150.93,28242.1,2222.32,0.0,-1.88,-13.43
2016-12-10,143.28,28136.7,2222.27,0.0,-0.55,-12.26
2016-12-11,182.45,28054.9,2222.23,1.88,-0.23,-10.8
2016-12-12,173.63,27967.7,2222.18,0.0,-6.87,-17.96
2016-12-13,146.41,27864.2,2222.13,4.02,-3.95,-16.68
2016-12-14,126.91,27749.0,2222.07,0.0,-2.55,-12.67
2016-12-15,139.93,27641.6,2222.02,0.0,-4.87,-17.36
2016-12-16,143.52,27536.3,2221.97,0.0,-5.43,-15.71
2016-12-17,133.52,27425.1,2221.91,0.0,0.24,-10.2
2016-12-18,144.8,27320.6,2221.86,3.69,2.59,-8.02
2016-12-19,143.41,27215.3,2221.81,0.0,5.99,-8.26
2016-12-20,162.45,27121.5,2221.76,0.0,3.04,-8.94
2016-12-21,168.07,27031.0,2221.72,0.0,3.11,-7.7
2016-12-22,173.63,26943.8,2221.67,0.0,-2.08,-13.3
2016-12-23,182.67,26862.0,2221.63,0.0,0.59,-12.49
2016-12-24,189.3,26784.3,2221.59,0.0,5.98,-6.4
2016-12-25,194.41,26709.6,2221.55,0.0,3.04,-8.44
2016-12-26,187.23,26630.6,2221.52,0.0,-1.55,-9.99
2016-12-27,186.6,26551.2,2221.48,0.0,1.67,-12.45
2016-12-28,153.81,26452.1,2221.43,0.0,-0.54,-12.1
2016-12-29,136.53,26342.7,2221.37,0.0,-1.16,-12.73
2016-12-30,150.48,26241.6,2221.32,0.0,1.34,-9.0
2016-12-31,150.81,26140.7,2221.27,0.0,-1.73,-12.93
2017-01-01,138.22,26032.3,2221.22,0.0,-1.29,-13.26
2017-01-02,141.02,25925.6,2221.16,0.0,0.69,-8.94
2017-01-03,141.26,25819.0,2221.11,0.0,-1.68,-9.97
2017-01-04,138.34,25710.7,2221.06,0.0,-1.77,-15.3
2017-01-05,147.13,25607.6,2221.0,0.0,-2.63,-12.7
2017-01-06,161.64,25513.2,2220.96,0.0,-0.58,-13.7
2017-01-07,181.56,25430.8,2220.92,0.0,2.99,-9.22
2017-01-08,169.73,25341.3,2220.87,0.0,-2.11,-11.84
2017-01-09,165.54,25249.3,2220.82,0.0,-5.2,-16.75
2017-01-10,183.91,25168.3,2220.78,0.0,-6.63,-17.08
2017-01-11,206.62,25100.9,2220.75,0.0,-10.92,-20.15
2017-01-12,216.52,25039.4,2220.72,0.0,-9.16,-21.01
2017-01-13,210.96,24974.7,2220.69,0.0,-5.22,-16.67
2017-01-14,192.99,24899.1,2220.65,0.0,-9.7,-20.88
2017-01-15,195.27,24824.9,2220.61,0.0,-5.42,-17.16
2017-01-16,204.54,24756.3,2220.58,0.0,-6.8,-19.15
2017-01-17,176.16,24670.7,2220.54,0.0,-5.64,-18.07
2017-01-18,193.39,24595.3,2220.5,0.0,-2.13,-14.09
2017-01-19,187.62,24516.6,2220.46,0.0,-2.1,-15.79
2017-01-20,202.9,24447.0,2220.42,0.0,-5.49,-17.12
2017-01-21,189.02,24369.0,2220.38,0.0,-4.95,-14.36
2017-01-22,184.97,24288.7,2220.34,0.0,-5.27,-14.84
2017-01-23,230.91,24235.8,2220.32,13.86,-7.55,-19.63
2017-01-24,264.55,24203.2,2220.3,0.0,-8.73,-20.41
2017-01-25,216.37,24141.7,2220.27,0.0,-4.02,-14.95
2017-01-26,200.61,24070.7,2220.24,0.0,-3.91,-14.42
2017-01-27,170.33,23981.6,2220.19,0.0,-0.76,-10.01
2017-01-28,191.18,23904.9,2220.15,0.0,-2.11,-14.67
2017-01-29,165.8,23813.1,2220.11,0.0,-8.91,-17.22
2017-01-30,150.36,23711.9,2220.06,0.0,-9.55,-18.43
2017-01-31,144.66,23607.4,2220.0,0.0,-7.49,-19.86
2017-02-01,141.62,23501.0,2219.95,0.0,-7.85,-17.71
2017-02-02,155.98,23403.2,2219.9,0.0,-2.58,-13.62
2017-02-03,161.6,23308.8,2219.85,0.0,6.65,-5.77
2017-02-04,159.0,23212.9,2219.81,0.0,-1.05,-10.78
2017-02-05,167.51,23122.1,2219.76,2.0,3.79,-4.82
2017-02-06,167.27,23031.1,2219.72,0.0,4.27,-5.21
2017-02-07,144.81,22926.6,2219.66,0.0,7.42,-4.19
2017-02-08,137.22,22817.6,2219.61,0.0,-0.96,-13.33
2017-02-09,172.12,22729.5,2219.56,0.0,-2.6,-10.03
2017-02-10,175.55,22643.5,2219.52,0.0,2.62,-7.7
2017-02-11,168.95,22553.5,2219.48,0.0,-5.0,-15.15
2017-02-12,180.52,22470.5,2219.44,0.0,-3.61,-15.54
2017-02-13,175.94,22384.7,2219.39,0.46,-4.06,-17.33
2017-02-14,169.51,22295.1,2219.35,0.0,-1.38,-13.55
2017-02-15,174.78,22208.6,2219.3,2.35,-1.19,-11.32
2017-02-16,168.52,22118.3,2219.26,4.16,-3.77,-16.67
2017-02-17,160.55,22023.3,2219.21,0.0,-7.76,-19.12
2017-02-18,164.77,21930.8,2219.17,12.19,-5.39,-15.1
2017-02-19,172.93,21843.2,2219.12,5.62,-4.62,-14.78
2017-02-20,160.03,21747.9,2219.07,0.0,0.55,-10.11
2017-02-21,178.35,21663.6,2219.03,0.0,6.23,-5.01
2017-02-22,170.41,21574.5,2218.99,0.0,5.77,-4.64
2017-02-23,194.51,21499.8,2218.95,0.0,6.14,-7.75
2017-02-24,183.84,21418.8,2218.91,0.0,3.65,-7.78
2017-02-25,208.92,21352.8,2218.88,0.0,5.32,-5.82
2017-02-26,215.79,21290.9,2218.85,0.0,2.68,-5.83
2017-02-27,239.83,21243.5,2218.82,7.1,-0.41,-8.54
2017-02-28,234.17,21192.6,2218.8,1.07,1.15,-9.98
2017-03-01,208.92,21126.6,2218.76,0.0,-1.7,-12.36
2017-03-02,202.93,21057.0,2218.73,0.0,2.08,-7.85
2017-03-03,213.61,20993.8,2218.7,11.08,4.02,-10.11
2017-03-04,211.9,20929.6,2218.66,0.0,1.54,-7.23
2017-03-05,198.83,20857.6,2218.63,0.0,-0.68,-11.93
2017-03-06,185.77,20777.7,2218.59,0.0,-1.43,-14.22
2017-03-07,223.6,20720.5,2218.56,0.0,-0.69,-12.99
2017-03-08,227.54,20665.7,2218.53,0.23,1.02,-6.66
2017-03-09,205.7,20597.8,2218.5,0.0,-2.91,-12.46
2017-03-10,210.03,20532.4,2218.47,0.0,-0.76,-9.55
2017-03-11,186.81,20453.2,2218.43,0.0,2.41,-9.84
2017-03-12,182.91,20371.6,2218.39,0.0,0.23,-10.27
2017-03-13,198.38,20299.2,2218.35,0.0,1.21,-8.14
2017-03-14,170.14,20210.0,2218.3,0.0,-1.06,-11.89
2017-03-15,178.08,20125.5,2218.26,9.59,3.03,-8.26
2017-03-16,167.23,20034.5,2218.22,0.0,2.36,-7.58
2017-03-17,165.21,19942.2,2218.17,0.0,3.08,-8.27
2017-03-18,156.82,19845.0,2218.12,0.0,2.65,-6.94
2017-03-19,150.11,19743.7,2218.07,0.0,7.08,-4.91
2017-03-20,152.98,19644.1,2218.02,0.0,4.3,-4.78
2017-03-21,157.38,19547.2,2217.97,0.0,7.17,-2.58
2017-03-22,147.9,19444.6,2217.92,0.0,3.91,-6.33
2017-03-23,147.05,19341.5,2217.87,0.0,2.79,-6.0
2017-03-24,143.51,19236.2,2217.82,0.0,1.76,-8.35
2017-03-25,123.88,19119.2,2217.76,0.0,5.17,-8.18
2017-03-26,144.16,19014.4,2217.71,0.0,12.41,1.73
2017-03-27,150.19,18913.1,2217.66,0.0,11.29,-0.66
2017-03-28,152.89,18813.5,2217.61,0.0,8.04,-1.78
2017-03-29,150.4,18712.4,2217.56,0.0,7.39,-4.41
2017-03-30,191.82,18636.2,2217.52,12.43,7.61,-4.13
2017-03-31,194.83,18561.7,2217.48,0.0,8.47,-2.15
2017-04-01,190.24,18484.5,2217.44,0.0,9.48,-2.89
2017-04-02,185.98,18404.7,2217.4,0.0,0.17,-8.73
2017-04-03,190.84,18327.9,2217.36,0.0,-3.87,-15.98
2017-04-04,213.66,18264.7,2217.33,1.92,3.01,-8.34
2017-04-05,206.91,18197.5,2217.3,3.08,7.49,-4.19
2017-04-06,206.16,18129.9,2217.26,0.0,4.62,-4.84
2017-04-07,178.57,18045.7,2217.22,0.0,7.58,-4.44
2017-04-08,178.45,17961.4,2217.18,0.0,8.97,-0.22
2017-04-09,170.3,17872.2,2217.14,0.0,9.46,-3.83
2017-04-10,162.67,17778.5,2217.09,0.0,11.06,-0.55
2017-04-11,179.89,17695.1,2217.05,0.0,8.11,-3.63
2017-04-12,177.95,17610.5,2217.01,0.0,8.71,-3.47
2017-04-13,180.18,17527.3,2216.96,0.14,10.22,-1.23
2017-04-14,162.2,17433.2,2216.92,0.0,6.95,-2.17
2017-04-15,162.38,17339.3,2216.87,3.48,6.16,-5.32
2017-04-16,162.87,17245.7,2216.82,0.0,10.82,-0.9
2017-04-17,133.58,17134.5,2216.77,0.0,7.02,-4.51
2017-04-18,190.24,17057.3,2216.73,17.3,5.37,-4.14
2017-04-19,201.61,16986.9,2216.69,5.71,7.95,-4.42
2017-04-20,192.57,16911.1,2216.66,0.0,5.15,-4.26
2017-04-21,195.82,16837.2,2216.62,0.0,11.77,-0.49
2017-04-22,199.66,16765.7,2216.58,4.66,10.57,0.72
2017-04-23,221.43,16707.2,2216.55,0.0,7.66,-1.19
2017-04-24,232.3,16655.2,2216.53,0.0,8.68,-6.47
2017-04-25,273.36,16627.9,2216.51,1.74,4.36,-5.72
2017-04-26,311.51,16623.4,2216.51,0.0,1.93,-8.4
2017-04-27,261.05,16588.7,2216.49,0.0,3.59,-8.25
2017-04-28,279.53,16565.1,2216.48,8.75,14.05,5.09
2017-04-29,310.43,16560.0,2216.48,8.12,16.74,4.53
2017-04-30,376.16,16594.3,2216.5,0.0,17.49,8.55
2017-05-01,419.49,16654.7,2216.53,0.0,13.06,-1.38
2017-05-02,435.34,16724.5,2216.56,0.0,10.09,0.6
2017-05-03,411.21,16779.9,2216.59,0.19,11.09,-1.12
2017-05-04,399.49,16828.3,2216.61,0.0,11.82,-0.76
2017-05-05,399.85,16876.8,2216.64,0.0,11.23,1.3
2017-05-06,469.87,16967.4,2216.68,0.0,11.09,0.34
2017-05-07,433.65,17036.2,2216.72,0.0,7.16,-4.56
2017-05-08,424.66,17099.7,2216.75,0.18,7.58,-1.07
2017-05-09,450.33,17178.5,2216.79,3.22,10.98,2.63
2017-05-10,457.58,17261.7,2216.83,1.37,19.07,5.21
2017-05-11,478.58,17357.5,2216.88,0.0,14.34,1.17
2017-05-12,493.52,17462.3,2216.93,10.94,14.49,3.45
2017-05-13,485.62,17562.3,2216.98,0.0,13.57,0.29
2017-05-14,504.33,17673.6,2217.04,0.19,10.33,1.4
2017-05-15,541.7,17807.2,2217.1,0.0,17.1,7.33
2017-05-16,549.85,17945.8,2217.17,0.44,14.29,3.5
2017-05-17,555.06,18087.5,2217.24,0.0,10.85,-0.9
2017-05-18,617.62,18266.7,2217.33,0.22,9.91,0.64
2017-05-19,552.38,18406.8,2217.4,0.68,16.57,3.16
2017-05-20,540.26,18539.6,2217.47,2.62,18.44,5.4
2017-05-21,569.93,18690.2,2217.55,0.0,17.46,5.98
2017-05-22,521.58,18811.8,2217.61,0.55,24.08,13.21
2017-05-23,581.77,18969.5,2217.68,11.98,22.23,9.51
2017-05-24,508.67,19083.4,2217.74,0.0,19.7,9.17
2017-05-25,478.49,19179.1,2217.79,0.0,19.37,8.14
2017-05-26,489.19,19281.3,2217.84,0.16,19.9,10.44
2017-05-27,503.66,19392.1,2217.9,2.99,21.78,9.83
2017-05-28,450.2,19470.9,2217.94,0.03,23.24,11.23
2017-05-29,426.83,19535.7,2217.97,0.0,21.58,11.57
2017-05-30,390.51,19578.6,2217.99,0.0,18.48,6.84
2017-05-31,423.04,19641.1,2218.02,0.0,17.63,6.52
2017-06-01,432.44,19709.2,2218.05,0.0,15.49,6.66
2017-06-02,411.37,19764.7,2218.08,0.0,18.0,6.49
2017-06-03,424.9,19828.3,2218.11,1.71,19.75,8.66
2017-06-04,393.59,19873.1,2218.14,0.0,18.36,8.72
2017-06-05,424.19,19936.2,2218.17,0.0,18.37,8.94
2017-06-06,475.38,20030.1,2218.22,0.0,22.67,11.87
2017-06-07,438.76,20102.0,2218.25,0.0,18.95,8.64
2017-06-08,483.55,20200.8,2218.3,3.05,19.46,7.0
2017-06-09,518.37,20320.5,2218.36,0.0,17.73,4.18
2017-06-10,489.13,20422.6,2218.41,0.0,13.24,2.75
2017-06-11,525.39,20546.5,2218.47,6.26,16.9,6.92
2017-06-12,472.64,20638.7,2218.52,0.0,20.18,11.31
2017-06-13,524.8,20762.2,2218.58,0.0,22.32,10.96
2017-06-14,559.78,20906.8,2218.65,1.87,19.73,11.21
2017-06-15,586.36,21067.2,2218.73,2.31,22.49,11.15
2017-06-16,599.56,21235.6,2218.82,0.0,24.35,11.03
2017-06-17,627.37,21420.7,2218.91,1.3,21.32,8.91
2017-06-18,617.79,21600.0,2219.0,0.0,24.77,11.91
2017-06-19,595.61,21766.0,2219.08,0.0,23.71,13.6
2017-06-20,636.59,21956.6,2219.18,0.0,18.97,6.96
2017-06-21,721.95,22198.5,2219.3,8.04,17.83,8.16
2017-06-22,747.18,22455.4,2219.43,0.0,18.58,8.52
2017-06-23,706.09,22687.7,2219.54,0.0,17.71,8.26
2017-06-24,721.04,22929.0,2219.66,0.0,19.89,8.89
2017-06-25,667.33,23138.0,2219.77,0.0,18.72,8.36
2017-06-26,709.62,23372.5,2219.89,0.0,22.27,10.66
2017-06-27,657.73,23575.8,2219.99,0.0,16.32,4.73
2017-06-28,570.05,23726.4,2220.06,0.0,23.92,10.09
2017-06-29,577.15,23881.4,2220.14,0.0,26.95,15.26
2017-06-30,537.59,24012.6,2220.21,0.0,29.94,19.79
2017-07-01,562.52,24158.7,2220.28,0.0,24.66,10.81
2017-07-02,570.89,24309.9,2220.35,0.0,25.77,14.09
2017-07-03,596.54,24476.5,2220.44,0.0,28.1,15.86
2017-07-04,605.65,24648.5,2220.52,0.0,22.45,13.68
2017-07-05,629.5,24834.9,2220.62,5.56,20.83,8.67
2017-07-06,669.29,25045.1,2220.72,1.34,15.22,4.35
2017-07-07,684.1,25264.2,2220.83,0.0,15.75,5.86
2017-07-08,639.61,25456.7,2220.93,0.0,24.28,10.74
2017-07-09,734.83,25706.2,2221.05,7.36,19.58,9.78
2017-07-10,703.54,25937.0,2221.17,0.0,18.75,6.91
2017-07-11,647.02,26133.8,2221.27,0.0,17.22,6.05
2017-07-12,582.32,26291.9,2221.35,0.0,20.08,6.29
2017-07-13,644.06,26487.0,2221.44,5.97,20.05,12.22
2017-07-14,548.51,26624.7,2221.51,0.0,23.16,13.76
2017-07-15,682.0,26842.6,2221.62,14.73,23.36,11.66
2017-07-16,564.5,26989.9,2221.69,0.0,19.76,11.18
2017-07-17,529.55,27116.3,2221.76,0.0,18.87,5.03
2017-07-18,681.88,27334.1,2221.87,0.0,16.51,7.37
2017-07-19,674.78,27547.6,2221.97,0.0,19.21,6.75
2017-07-20,658.38,27751.3,2222.08,0.0,18.87,9.03
2017-07-21,702.57,27981.5,2222.19,3.58,22.21,10.31
2017-07-22,570.29,28132.3,2222.27,0.0,18.87,8.99
2017-07-23,556.85,28275.1,2222.34,0.0,22.71,14.69
2017-07-24,551.22,28414.4,2222.41,0.0,21.42,10.13
2017-07-25,514.33,28531.7,2222.47,0.0,22.45,10.55
2017-07-26,536.45,28662.2,2222.53,3.89,22.02,10.39
2017-07-27,508.59,28776.0,2222.59,0.0,21.3,13.14
2017-07-28,511.8,28891.8,2222.65,0.0,16.3,5.27
2017-07-29,503.82,29002.7,2222.7,0.0,15.52,2.46
2017-07-30,470.43,29093.6,2222.75,0.0,14.8,3.26
2017-07-31,413.25,29150.2,2222.78,0.0,18.75,5.36
2017-08-01,421.68,29211.9,2222.81,0.0,17.99,6.58
2017-08-02,541.15,29345.2,2222.87,18.89,17.58,6.82
2017-08-03,604.91,29516.8,2222.96,0.0,28.28,17.25
2017-08-04,609.17,29691.0,2223.05,3.18,27.69,18.88
2017-08-05,590.05,29853.6,2223.13,0.0,23.38,12.67
2017-08-06,568.2,30003.2,2223.2,0.0,24.82,13.14
2017-08-07,534.87,30132.8,2223.27,0.0,22.79,13.72
2017-08-08,584.19,30291.9,2223.35,7.9,25.55,14.31
2017-08-09,566.88,30440.7,2223.42,0.91,25.53,11.88
2017-08-10,555.43,30582.6,2223.49,0.0,26.0,14.13
2017-08-11,550.77,30721.7,2223.56,0.0,21.06,11.16
2017-08-12,572.53,30873.9,2223.64,0.0,21.41,9.43
2017-08-13,515.68,30992.0,2223.7,0.0,13.59,2.14
2017-08-14,502.38,31102.1,2223.75,0.0,18.36,7.43
2017-08-15,446.27,31178.5,2223.79,0.0,18.71,6.08
2017-08-16,413.81,31235.4,2223.82,0.0,14.43,2.46
2017-08-17,366.67,31264.1,2223.83,0.0,21.16,8.67
2017-08-18,368.19,31293.6,2223.85,0.0,14.94,5.33
2017-08-19,339.11,31305.7,2223.85,2.1,16.67,6.62
2017-08-20,346.62,31322.4,2223.86,0.0,15.91,6.09
2017-08-21,332.19,31330.3,2223.87,2.59,19.54,10.46
2017-08-22,288.13,31311.8,2223.86,0.0,20.9,11.16
2017-08-23,291.19,31295.2,2223.85,0.0,18.01,7.18
2017-08-24,340.11,31307.9,2223.85,0.0,15.93,3.64
2017-08-25,398.18,31355.5,2223.88,27.68,18.02,9.36
2017-08-26,416.35,31413.9,2223.91,11.3,20.57,8.07
2017-08-27,393.38,31458.6,2223.93,0.0,18.05,8.64
2017-08-28,309.2,31452.8,2223.93,0.0,18.45,8.83
2017-08-29,288.04,31434.3,2223.92,0.0,20.24,7.58
2017-08-30,259.56,31398.7,2223.9,0.0,20.02,7.21
2017-08-31,259.99,31363.3,2223.88,0.0,17.33,6.44
2017-09-01,308.7,31357.2,2223.88,19.32,19.56,10.6
2017-09-02,272.25,31329.2,2223.86,0.0,17.15,7.35
2017-09-03,224.18,31272.3,2223.84,0.0,19.19,7.6
2017-09-04,223.36,31215.0,2223.81,0.0,16.03,7.33
2017-09-05,214.29,31152.2,2223.78,0.0,17.39,5.49
2017-09-06,216.81,31091.0,2223.75,0.84,19.27,7.81
2017-09-07,211.18,31026.3,2223.71,0.0,20.53,8.83
2017-09-08,295.58,31012.3,2223.71,17.96,23.6,13.9
2017-09-09,280.76,30989.4,2223.69,0.0,20.71,6.0
2017-09-10,249.68,30947.9,2223.67,0.0,22.06,9.48
2017-09-11,199.51,30876.2,2223.64,0.0,21.75,10.05
2017-09-12,196.72,30802.9,2223.6,0.05,16.53,4.49
2017-09-13,202.9,30733.3,2223.57,0.0,16.27,5.49
2017-09-14,188.77,30655.2,2223.53,5.34,17.93,8.04
2017-09-15,226.6,30599.9,2223.5,0.0,17.4,6.35
2017-09-16,205.01,30531.5,2223.47,0.0,18.07,8.38
2017-09-17,170.61,30442.5,2223.42,0.0,16.73,6.16
2017-09-18,177.47,30357.7,2223.38,0.0,14.6,2.14
2017-09-19,179.29,30273.9,2223.34,0.0,17.57,4.15
2017-09-20,153.5,30174.6,2223.29,0.0,16.4,5.04
2017-09-21,158.1,30078.1,2223.24,0.62,14.44,2.14
2017-09-22,134.28,29967.4,2223.18,0.0,17.41,6.72
2017-09-23,135.31,29857.2,2223.13,0.0,16.17,7.5
2017-09-24,132.16,29745.1,2223.07,0.0,22.39,10.41
2017-09-25,121.27,29626.6,2223.01,0.0,20.66,8.24
2017-09-26,136.56,29517.1,2222.96,10.79,14.97,3.61
2017-09-27,138.7,29409.0,2222.9,0.0,12.31,-0.25
2017-09-28,127.21,29294.0,2222.85,0.0,10.61,0.56
2017-09-29,125.34,29177.9,2222.79,0.0,6.78,-2.46
2017-09-30,112.21,29053.8,2222.73,0.0,8.47,-0.93
2017-10-01,119.4,28934.1,2222.67,0.0,8.65,-1.3
2017-10-02,111.0,28809.4,2222.6,0.0,8.31,-0.17
2017-10-03,117.22,28688.4,2222.54,0.01,9.01,-3.41
2017-10-04,114.46,28565.7,2222.48,0.0,14.03,1.1
2017-10-05,111.06,28441.0,2222.42,0.0,8.63,-4.3
2017-10-06,112.37,28317.0,2222.36,0.0,6.83,-2.89
2017-10-07,121.14,28198.4,2222.3,1.37,8.37,-2.16
2017-10-08,136.38,28088.9,2222.24,0.0,9.84,-2.08
2017-10-09,135.32,27978.7,2222.19,0.0,11.89,0.13
2017-10-10,140.53,27871.7,2222.14,0.0,9.61,-3.06
2017-10-11,149.84,27770.2,2222.09,0.0,11.64,3.56
2017-10-12,191.01,27693.5,2222.05,6.72,10.36,0.94
2017-10-13,178.83,27609.4,2222.0,0.0,7.25,-2.6
2017-10-14,170.96,27520.6,2221.96,0.0,11.14,0.44
2017-10-15,189.88,27443.2,2221.92,0.09,8.33,0.32
2017-10-16,176.33,27357.7,2221.88,0.0,7.04,-3.35
2017-10-17,178.86,27273.6,2221.84,0.0,12.51,0.36
2017-10-18,194.96,27199.3,2221.8,7.65,10.5,1.45
2017-10-19,176.35,27113.7,2221.76,0.0,10.3,-1.95
2017-10-20,171.9,27025.5,2221.71,0.0,9.86,-1.34
2017-10-21,162.99,26932.0,2221.67,0.0,2.11,-5.18
2017-10-22,286.17,26912.3,2221.66,39.75,5.68,-4.76
2017-10-23,271.25,26883.7,2221.64,0.0,4.93,-6.23
2017-10-24,280.93,26860.9,2221.63,0.0,7.52,-5.95
2017-10-25,279.92,26837.5,2221.62,0.0,5.36,-5.55
2017-10-26,257.2,26800.5,2221.6,0.0,10.79,-0.35
2017-10-27,242.24,26754.5,2221.58,0.0,11.1,0.67
2017-10-28,236.55,26705.1,2221.55,0.0,10.54,-2.48
2017-10-29,215.69,26643.1,2221.52,0.0,3.91,-5.88
2017-10-30,210.65,26578.2,2221.49,0.0,3.93,-6.47
2017-10-31,211.54,26513.8,2221.46,0.0,5.98,-2.77
2017-11-01,223.18,26456.3,2221.43,0.0,5.98,-4.64
2017-11-02,217.98,26395.8,2221.4,0.0,5.96,-2.1
2017-11-03,198.84,26323.7,2221.36,0.0,8.13,-4.95
2017-11-04,157.2,26226.7,2221.31,0.0,5.82,-4.33
2017-11-05,164.05,26133.8,2221.27,0.0,8.98,-2.93
2017-11-06,165.15,26041.5,2221.22,3.94,8.94,-1.08
2017-11-07,148.06,25939.0,2221.17,0.0,7.44,-3.04
2017-11-08,146.95,25835.8,2221.12,0.0,8.1,-3.65
2017-11-09,164.46,25743.1,2221.07,0.0,7.82,-3.41
2017-11-10,189.9,25665.7,2221.03,0.0,5.02,-4.32
2017-11-11,158.4,25569.4,2220.98,0.0,4.69,-4.85
2017-11-12,139.74,25461.9,2220.93,0.0,5.54,-6.2
2017-11-13,145.95,25358.1,2220.88,0.0,4.23,-7.13
2017-11-14,143.3,25252.8,2220.83,0.0,4.95,-5.26
2017-11-15,151.53,25152.3,2220.78,0.0,12.07,2.22
2017-11-16,149.31,25050.6,2220.73,0.0,13.64,0.05
2017-11-17,162.65,24956.8,2220.68,0.0,9.45,-3.71
2017-11-18,172.8,24869.2,2220.63,0.0,6.07,-4.04
2017-11-19,192.73,24793.4,2220.6,0.0,7.0,-2.19
2017-11-20,188.45,24715.2,2220.56,0.0,8.58,-2.41
2017-11-21,192.38,24639.2,2220.52,0.0,7.28,-3.14
2017-11-22,184.49,24558.6,2220.48,0.0,6.33,-6.63
2017-11-23,170.62,24469.6,2220.43,0.0,1.96,-6.91
2017-11-24,181.35,24387.1,2220.39,0.0,1.13,-9.55
2017-11-25,181.58,24304.7,2220.35,0.0,1.64,-9.8
2017-11-26,181.46,24222.2,2220.31,0.0,0.08,-9.89
2017-11-27,188.65,24144.0,2220.27,0.0,-0.04,-7.94
2017-11-28,211.85,24079.8,2220.24,0.0,5.01,-6.7
2017-11-29,202.93,24010.2,2220.21,0.0,1.79,-9.47
2017-11-30,236.08,23960.5,2220.18,0.0,2.64,-6.22
2017-12-01,269.89,23931.1,2220.17,0.0,8.56,-1.24
2017-12-02,271.16,23902.4,2220.15,0.0,7.34,-2.46
2017-12-03,259.4,23866.7,2220.13,0.0,2.59,-12.13
2017-12-04,253.57,23827.5,2220.11,0.0,5.72,-4.48
2017-12-05,238.04,23779.0,2220.09,0.0,4.78,-6.04
2017-12-06,198.77,23706.9,2220.05,0.0,4.93,-9.0
2017-12-07,186.37,23627.4,2220.01,0.0,4.56,-5.76
2017-12-08,185.38,23547.3,2219.97,0.0,2.53,-9.28
2017-12-09,162.52,23453.4,2219.93,0.0,4.17,-7.82
2017-12-10,155.78,23355.5,2219.88,0.0,3.43,-10.3
2017-12-11,136.37,23246.0,2219.82,0.0,0.09,-9.0
2017-12-12,126.58,23130.6,2219.77,0.0,5.07,-6.75
2017-12-13,132.75,23018.9,2219.71,0.0,5.86,-5.22
2017-12-14,144.19,22914.1,2219.66,0.0,6.01,-6.31
2017-12-15,149.59,22812.5,2219.61,0.0,0.38,-9.02
2017-12-16,136.52,22703.0,2219.55,0.0,2.14,-11.77
2017-12-17,135.8,22593.2,2219.5,0.0,-1.75,-13.29
2017-12-18,134.03,22482.2,2219.44,0.32,-4.8,-14.79
2017-12-19,151.62,22381.9,2219.39,1.57,-0.69,-10.82
2017-12-20,153.13,22282.4,2219.34,0.0,-3.04,-13.97
2017-12-21,142.36,22176.5,2219.29,0.0,-5.2,-18.37
2017-12-22,136.57,22067.1,2219.23,0.0,-7.04,-18.99
2017-12-23,134.69,21956.5,2219.18,0.0,-4.93,-16.82
2017-12-24,153.84,21857.5,2219.13,0.0,-3.89,-15.6
2017-12-25,156.62,21760.1,2219.08,0.0,0.48,-10.28
2017-12-26,162.51,21666.3,2219.03,0.0,-2.09,-12.68
2017-12-27,155.01,21567.9,2218.98,0.0,2.84,-7.41
2017-12-28,165.97,21476.1,2218.94,0.0,0.28,-10.52
2017-12-29,143.35,21370.8,2218.89,0.41,2.29,-10.42
2017-12-30,137.04,21261.7,2218.83,0.0,1.21,-7.12
2017-12-31,143.39,21156.4,2218.78,0.0,-2.06,-12.0
2018-01-01,161.11,21061.7,2218.73,1.05,-2.43,-13.6
2018-01-02,201.1,20991.0,2218.7,0.0,-6.44,-16.33
2018-01-03,180.97,20908.2,2218.65,0.0,-4.48,-16.26
2018-01-04,265.4,20876.1,2218.64,19.15,-9.98,-21.61
2018-01-05,211.97,20812.0,2218.61,0.0,-11.02,-22.06
2018-01-06,226.17,20756.3,2218.58,0.36,-7.98,-19.33
2018-01-07,234.16,20705.5,2218.55,0.0,-5.39,-15.86
2018-01-08,214.05,20642.5,2218.52,0.0,-8.64,-19.41
2018-01-09,177.65,20557.8,2218.48,0.0,-11.87,-22.24
2018-01-10,166.36,20466.2,2218.43,0.0,-5.48,-17.37
2018-01-11,165.64,20374.3,2218.39,1.98,-7.62,-19.6
2018-01-12,169.35,20284.5,2218.34,0.26,-4.73,-14.76
2018-01-13,183.65,20203.4,2218.3,0.0,-8.07,-19.29
2018-01-14,154.51,20104.7,2218.25,0.0,-4.42,-15.95
2018-01-15,158.7,20008.6,2218.2,0.0,-1.97,-15.38
2018-01-16,173.57,19921.4,2218.16,0.0,-5.31,-16.72
2018-01-17,150.22,19820.2,2218.11,1.16,-7.9,-18.99
2018-01-18,127.88,19705.6,2218.05,0.0,-6.59,-18.41
2018-01-19,115.31,19583.4,2217.99,0.0,-8.84,-21.04
2018-01-20,124.65,19466.8,2217.93,0.0,-0.27,-10.31
2018-01-21,155.49,19368.8,2217.88,0.0,0.59,-10.56
2018-01-22,159.19,19273.0,2217.84,0.0,-3.56,-12.73
2018-01-23,185.65,19193.0,2217.8,7.42,-0.71,-11.44
2018-01-24,183.77,19111.9,2217.76,0.0,-3.42,-10.6
2018-01-25,170.6,19022.9,2217.71,0.0,0.63,-10.33
2018-01-26,185.5,18942.9,2217.67,4.67,-0.35,-8.88
2018-01-27,178.7,18858.7,2217.63,0.0,-1.37,-13.13
2018-01-28,181.26,18776.1,2217.59,0.0,-2.93,-13.84
2018-01-29,187.54,18697.3,2217.55,0.0,-3.57,-15.1
2018-01-30,202.45,18627.4,2217.51,0.0,-2.5,-12.85
2018-01-31,192.98,18551.9,2217.48,0.0,-2.46,-14.59
2018-02-01,189.22,18474.1,2217.44,0.0,-0.56,-9.51
2018-02-02,200.27,18402.9,2217.4,0.0,0.66,-8.24
2018-02-03,195.23,18328.7,2217.36,0.0,-0.74,-13.19
2018-02-04,185.21,18248.4,2217.32,0.0,1.78,-8.31
2018-02-05,171.7,18160.1,2217.28,0.14,3.09,-6.95
2018-02-06,195.14,18085.8,2217.24,0.0,-3.27,-14.72
2018-02-07,191.65,18009.5,2217.2,0.0,-3.88,-12.37
2018-02-08,199.87,17938.1,2217.17,0.0,1.57,-9.43
2018-02-09,205.54,17870.0,2217.14,0.0,1.02,-11.28
2018-02-10,220.09,17810.7,2217.11,0.0,-1.95,-13.18
2018-02-11,218.66,17750.6,2217.08,0.0,2.49,-10.05
2018-02-12,245.7,17706.7,2217.05,0.0,2.44,-10.15
2018-02-13,210.08,17641.4,2217.02,0.0,1.63,-8.8
2018-02-14,192.43,17565.5,2216.98,0.0,-1.74,-11.43
2018-02-15,201.36,17494.9,2216.95,0.0,-1.53,-15.26
2018-02-16,216.37,17433.4,2216.92,0.2,1.06,-13.21
2018-02-17,211.87,17369.2,2216.88,0.0,1.0,-13.23
2018-02-18,233.3,17317.8,2216.86,5.19,-3.53,-14.27
2018-02-19,238.82,17269.8,2216.83,0.0,-3.75,-13.0
2018-02-20,237.4,17220.8,2216.81,0.0,-4.14,-15.31
2018-02-21,239.67,17173.3,2216.79,0.0,-5.61,-17.58
2018-02-22,280.81,17150.4,2216.78,0.0,-9.27,-21.76
2018-02-23,269.6,17120.8,2216.76,0.0,-7.7,-19.82
2018-02-24,236.64,17071.5,2216.74,0.0,-7.87,-20.02
2018-02-25,254.94,17033.1,2216.72,0.0,-10.85,-21.79
2018-02-26,245.08,16988.8,2216.69,0.0,-8.08,-19.28
2018-02-27,253.15,16949.3,2216.67,0.0,-7.39,-16.7
2018-02-28,264.64,16916.8,2216.66,0.0,-6.79,-18.57
2018-03-01,234.92,16866.4,2216.63,0.0,-2.55,-14.41
2018-03-02,222.98,16808.8,2216.6,0.0,-1.3,-11.01
2018-03-03,235.79,16758.9,2216.58,0.0,-2.08,-13.2
2018-03-04,221.97,16700.8,2216.55,0.0,-0.02,-9.31
2018-03-05,238.0,16652.2,2216.53,0.0,-1.08,-10.06
2018-03-06,219.28,16592.4,2216.5,0.0,-2.93,-14.92
2018-03-07,228.92,16538.4,2216.47,0.0,6.1,-6.54
2018-03-08,205.45,16470.4,2216.44,0.0,2.48,-6.77
2018-03-09,239.27,16422.6,2216.41,3.47,1.41,-10.9
2018-03-10,230.74,16369.7,2216.38,0.0,5.23,-5.2
2018-03-11,252.54,16329.9,2216.36,0.0,3.35,-6.77
2018-03-12,224.78,16273.4,2216.34,0.0,0.77,-7.46
2018-03-13,230.08,16220.1,2216.31,0.0,-2.5,-13.57
2018-03-14,241.67,16173.7,2216.29,0.0,1.13,-9.45
2018-03-15,239.66,16126.2,2216.26,1.48,0.69,-10.11
2018-03-16,206.01,16058.4,2216.23,0.0,1.33,-10.39
2018-03-17,224.93,16002.0,2216.2,0.0,1.85,-8.58
2018-03-18,230.81,15949.2,2216.17,0.11,4.84,-6.75
2018-03-19,219.48,15889.5,2216.14,0.86,2.29,-8.02
2018-03-20,202.08,15819.4,2216.11,0.0,3.2,-7.86
2018-03-21,215.33,15757.3,2216.08,2.29,2.09,-10.84
2018-03-22,212.0,15693.1,2216.05,1.15,1.69,-7.03
2018-03-23,210.19,15627.9,2216.01,0.0,6.63,-3.81
2018-03-24,204.28,15559.1,2215.98,0.0,6.41,-6.29
2018-03-25,214.9,15496.7,2215.95,0.0,11.25,-0.15
2018-03-26,204.57,15428.1,2215.91,0.0,7.08,-6.21
2018-03-27,191.6,15351.7,2215.88,0.0,1.41,-9.37
2018-03-28,181.74,15269.4,2215.83,0.0,4.57,-9.5
2018-03-29,187.52,15190.6,2215.8,0.0,5.73,-5.9
2018-03-30,169.0,15100.6,2215.75,0.0,1.52,-10.15
2018-03-31,176.97,15015.4,2215.71,0.0,-0.47,-10.03
2018-04-01,205.5,14947.4,2215.67,1.31,1.09,-8.35
2018-04-02,195.21,14873.2,2215.64,0.0,5.25,-1.72
2018-04-03,199.73,14801.7,2215.6,0.0,6.28,-5.8
2018-04-04,178.49,14717.4,2215.56,0.0,10.43,-0.6
2018-04-05,166.84,14626.2,2215.51,0.0,14.37,1.89
2018-04-06,181.81,14543.9,2215.47,3.82,8.02,-0.48
2018-04-07,198.73,14471.8,2215.44,0.0,11.68,1.54
2018-04-08,198.59,14399.6,2215.4,0.0,9.32,-2.73
2018-04-09,238.08,14351.1,2215.38,0.0,8.28,-4.61
2018-04-10,245.31,14306.9,2215.35,1.46,6.81,-1.91
2018-04-11,239.29,14259.1,2215.33,0.0,6.41,-4.3
2018-04-12,213.44,14195.9,2215.3,0.0,6.41,-5.73
2018-04-13,187.71,14117.1,2215.26,0.0,7.25,-1.57
2018-04-14,218.75,14057.0,2215.23,0.0,7.48,-4.67
2018-04-15,227.19,14002.0,2215.2,0.0,9.01,-2.39
2018-04-16,227.28,13947.0,2215.17,0.0,12.8,0.3
2018-04-17,248.8,13905.0,2215.15,0.0,9.15,-1.26
2018-04-18,245.53,13860.9,2215.13,0.0,9.13,-2.51
2018-04-19,275.6,13834.9,2215.12,0.0,8.61,-1.53
2018-04-20,348.78,13852.9,2215.13,4.09,9.71,-0.55
2018-04-21,351.02,13872.1,2215.14,2.99,5.85,-3.06
2018-04-22,400.64,13921.2,2215.16,3.69,7.55,-1.5
2018-04-23,362.2,13947.1,2215.17,0.34,8.62,-1.93
2018-04-24,341.17,13960.5,2215.18,0.92,9.41,-1.9
2018-04-25,358.82,13984.4,2215.19,0.0,7.6,-4.91
2018-04-26,337.26,13995.4,2215.2,0.0,11.25,0.81
2018-04-27,359.93,14020.0,2215.21,3.0,11.12,0.65
2018-04-28,388.34,14061.7,2215.23,0.0,10.61,-3.51
2018-04-29,411.15,14117.0,2215.26,0.0,13.02,2.0
2018-04-30,413.88,14174.0,2215.29,4.76,18.0,3.6
2018-05-01,411.83,14229.8,2215.31,1.18,14.5,4.07
2018-05-02,422.38,14291.8,2215.35,0.0,13.59,2.1
2018-05-03,409.5,14346.2,2215.37,0.0,17.82,7.08
2018-05-04,492.88,14450.6,2215.43,12.28,13.3,2.89
2018-05-05,456.01,14532.8,2215.47,0.0,14.58,0.48
2018-05-06,481.8,14630.6,2215.52,0.0,12.88,2.54
2018-05-07,509.79,14745.1,2215.57,0.0,12.25,3.55
2018-05-08,523.91,14868.1,2215.63,3.62,12.31,2.42
2018-05-09,476.79,14962.8,2215.68,0.2,15.72,3.88
2018-05-10,454.31,15044.0,2215.72,0.0,17.32,7.59
2018-05-11,431.28,15111.5,2215.76,0.0,20.04,7.26
2018-05-12,509.49,15225.8,2215.81,0.0,18.69,10.3
2018-05-13,414.11,15282.9,2215.84,0.0,18.24,4.77
2018-05-14,503.35,15393.6,2215.9,0.0,22.72,9.94
2018-05-15,504.51,15505.0,2215.95,0.0,12.9,1.43
2018-05-16,512.79,15621.3,2216.01,2.69,15.61,5.11
2018-05-17,524.02,15744.3,2216.07,0.0,17.49,6.76
2018-05-18,607.67,15917.6,2216.16,0.0,19.7,10.13
2018-05-19,587.57,16078.8,2216.24,0.0,18.58,6.48
2018-05-20,586.55,16239.4,2216.32,0.0,16.39,5.93
2018-05-21,618.13,16418.9,2216.41,0.0,11.13,3.17
2018-05-22,778.95,16694.9,2216.55,17.84,16.71,6.96
2018-05-23,768.72,16964.8,2216.68,1.45,19.65,9.74
2018-05-24,797.19,17251.8,2216.83,0.0,18.32,3.72
2018-05-25,848.76,17569.7,2216.98,0.0,20.25,9.41
2018-05-26,797.97,17857.1,2217.13,2.23,18.73,7.89
2018-05-27,832.64,18165.3,2217.28,0.0,19.43,7.77
2018-05-28,814.05,18462.4,2217.43,9.14,14.07,3.58
2018-05-29,738.89,18714.4,2217.56,0.0,17.03,6.32
2018-05-30,731.48,18961.9,2217.68,6.83,14.89,6.24
2018-05-31,701.82,19191.7,2217.8,0.0,22.49,9.79
2018-06-01,652.54,19391.9,2217.9,5.78,20.94,10.61
2018-06-02,677.81,19607.2,2218.0,4.37,20.99,11.82
2018-06-03,683.36,19825.9,2218.11,0.0,20.84,10.64
2018-06-04,571.87,19977.6,2218.19,2.3,17.11,7.07
2018-06-05,586.44,20138.2,2218.27,0.0,24.7,14.12
2018-06-06,531.55,20265.7,2218.33,0.23,23.88,15.02
2018-06-07,531.39,20393.2,2218.4,0.0,23.51,12.51
2018-06-08,629.9,20579.8,2218.49,0.0,23.1,8.78
2018-06-09,680.66,20796.9,2218.6,1.56,22.67,14.05
2018-06-10,733.04,21045.3,2218.72,0.0,28.48,19.13
2018-06-11,779.48,21321.7,2218.86,4.01,31.34,19.63
2018-06-12,811.3,21617.1,2219.01,0.95,28.89,17.27
2018-06-13,969.77,22007.6,2219.2,11.19,24.49,11.61
2018-06-14,836.33,22318.1,2219.36,0.0,23.16,13.76
2018-06-15,794.25,22603.3,2219.5,0.0,26.73,10.32
2018-06-16,793.79,22888.2,2219.64,0.0,23.57,11.95
2018-06-17,953.72,23269.1,2219.83,8.85,26.66,17.91
2018-06-18,855.83,23591.2,2220.0,0.0,32.98,19.6
2018-06-19,738.83,23843.2,2220.12,0.0,24.49,15.1
2018-06-20,602.67,24013.4,2220.21,0.0,27.74,14.59
2018-06-21,546.76,24150.1,2220.28,0.0,22.81,11.43
2018-06-22,537.07,24281.0,2220.34,0.0,17.2,4.14
2018-06-23,504.2,24392.2,2220.4,3.32,21.35,10.84
2018-06-24,472.58,24484.4,2220.44,0.0,18.64,8.1
2018-06-25,422.2,24546.4,2220.47,0.0,15.82,5.86
2018-06-26,424.85,24609.9,2220.5,0.0,19.91,7.08
2018-06-27,458.27,24693.5,2220.55,0.0,22.15,11.33
2018-06-28,400.22,24742.3,2220.57,0.0,18.25,9.12
2018-06-29,432.29,24810.3,2220.61,0.0,21.24,11.18
2018-06-30,510.43,24925.3,2220.66,0.0,19.64,9.46
2018-07-01,545.94,25061.5,2220.73,0.0,20.83,9.3
2018-07-02,483.61,25160.3,2220.78,0.0,17.07,4.9
2018-07-03,532.77,25288.6,2220.84,0.14,22.7,12.52
2018-07-04,629.26,25474.8,2220.94,0.01,25.0,13.3
2018-07-05,689.09,25696.9,2221.05,0.9,21.92,12.59
2018-07-06,767.46,25966.0,2221.18,0.0,25.15,16.13
2018-07-07,813.78,26263.0,2221.33,0.0,27.55,16.93
2018-07-08,863.8,26589.9,2221.49,9.94,28.0,16.83
2018-07-09,876.65,26924.5,2221.66,0.0,26.58,15.04
2018-07-10,876.44,27259.0,2221.83,0.0,23.09,11.57
2018-07-11,734.23,27508.2,2221.95,0.0,20.71,11.96
2018-07-12,668.69,27718.1,2222.06,0.0,21.17,9.03
2018-07-13,600.99,27887.3,2222.14,0.26,18.57,8.99
2018-07-14,624.71,28070.8,2222.24,0.0,21.67,9.38
2018-07-15,555.23,28212.6,2222.31,0.0,23.72,13.74
2018-07-16,451.48,28292.1,2222.35,0.0,19.05,10.16
2018-07-17,452.12,28372.1,2222.39,0.0,19.38,8.26
2018-07-18,410.42,28427.0,2222.41,0.0,25.63,13.26
2018-07-19,372.93,28459.4,2222.43,0.0,23.74,11.53
2018-07-20,386.21,28499.8,2222.45,0.0,24.11,13.21
2018-07-21,440.95,28573.0,2222.49,0.0,25.99,17.04
2018-07-22,459.24,28657.2,2222.53,0.53,21.55,11.32
2018-07-23,441.11,28730.5,2222.57,0.0,26.47,14.83
2018-07-24,499.7,28839.0,2222.62,6.85,28.46,18.61
2018-07-25,562.12,28984.9,2222.69,0.0,24.88,14.21
2018-07-26,594.32,29150.1,2222.78,0.0,27.24,15.04
2018-07-27,686.38,29370.6,2222.89,0.0,23.76,12.66
2018-07-28,769.22,29640.8,2223.02,4.45,22.93,12.02
2018-07-29,709.76,29875.3,2223.14,0.0,20.89,13.52
2018-07-30,707.38,30108.4,2223.25,0.0,23.53,13.41
2018-07-31,769.63,30378.8,2223.39,0.0,25.28,12.38
2018-08-01,724.78,30622.3,2223.51,0.0,26.26,13.77
2018-08-02,1059.64,31066.8,2223.73,18.45,21.01,10.84
2018-08-03,953.74,31447.7,2223.92,0.0,20.05,11.96
2018-08-04,853.29,31768.3,2224.08,5.69,17.51,6.96
2018-08-05,814.52,32065.7,2224.23,0.0,17.91,7.15
2018-08-06,751.57,32325.2,2224.36,0.0,22.83,8.66
2018-08-07,722.39,32567.3,2224.48,0.0,22.18,10.05
2018-08-08,670.84,32778.5,2224.59,0.0,23.38,12.65
2018-08-09,624.5,32961.8,2224.68,0.5,27.41,16.48
2018-08-10,565.15,33109.6,2224.75,0.0,23.06,13.5
2018-08-11,515.08,33227.3,2224.81,0.0,25.89,13.65
2018-08-12,571.9,33379.1,2224.89,0.0,26.98,12.54
2018-08-13,572.53,33531.2,2224.97,1.31,26.04,15.05
2018-08-14,568.78,33681.2,2225.04,0.0,24.11,11.87
2018-08-15,554.39,33822.4,2225.11,0.0,18.25,7.27
2018-08-16,482.32,33920.5,2225.16,0.0,21.45,11.92
2018-08-17,480.74,34017.6,2225.21,0.0,21.61,12.84
2018-08-18,441.38,34091.1,2225.25,0.0,18.07,7.57
2018-08-19,448.73,34169.0,2225.28,5.16,16.67,4.19
2018-08-20,444.69,34244.4,2225.32,0.0,15.37,5.62
2018-08-21,408.34,34298.1,2225.35,0.0,20.91,4.42
2018-08-22,386.18,34338.4,2225.37,0.0,16.94,5.37
2018-08-23,369.11,34368.5,2225.38,0.0,15.35,5.73
2018-08-24,344.11,34383.7,2225.39,0.0,11.41,2.4
2018-08-25,375.17,34417.4,2225.41,0.0,17.7,7.51
2018-08-26,367.9,34446.8,2225.42,0.0,16.39,7.23
2018-08-27,378.75,34482.7,2225.44,0.0,13.11,6.66
2018-08-28,378.96,34518.7,2225.46,3.47,17.57,6.5
2018-08-29,362.35,34544.8,2225.47,0.0,17.14,2.42
2018-08-30,327.37,34549.9,2225.47,0.0,16.01,2.72
2018-08-31,291.84,34533.6,2225.47,0.0,16.48,7.77
2018-09-01,293.61,34518.4,2225.46,0.0,18.25,6.05
2018-09-02,318.39,34518.1,2225.46,0.0,21.72,10.42
2018-09-03,311.11,34513.4,2225.46,0.0,17.93,7.89
2018-09-04,319.25,34513.7,2225.46,0.0,18.73,7.22
2018-09-05,314.07,34510.7,2225.46,0.0,16.91,6.04
2018-09-06,297.42,34497.8,2225.45,0.0,20.86,7.24
2018-09-07,283.84,34476.8,2225.44,0.0,22.19,11.19
2018-09-08,225.05,34420.5,2225.41,0.0,17.85,7.23
2018-09-09,200.35,34349.3,2225.37,0.0,19.17,6.28
2018-09-10,184.55,34268.7,2225.33,0.0,19.51,6.46
2018-09-11,211.11,34204.0,2225.3,7.33,19.7,7.06
2018-09-12,173.5,34116.8,2225.26,0.0,16.11,6.25
2018-09-13,151.21,34016.2,2225.21,0.0,17.65,5.32
2018-09-14,153.05,33916.7,2225.16,0.0,13.43,3.6
2018-09-15,154.4,33818.0,2225.11,0.0,13.49,4.54
2018-09-16,146.44,33714.5,2225.06,0.0,12.2,1.82
2018-09-17,155.49,33616.4,2225.01,0.0,13.62,1.13
2018-09-18,167.22,33525.4,2224.96,0.0,11.82,-0.19
2018-09-19,175.62,33439.4,2224.92,0.0,13.31,1.99
2018-09-20,158.86,33343.4,2224.87,0.0,16.29,3.02
2018-09-21,169.7,33253.9,2224.83,0.0,19.51,6.41
2018-09-22,170.15,33164.6,2224.78,0.0,17.8,6.76
2018-09-23,185.97,33084.8,2224.74,0.0,14.05,5.69
2018-09-24,173.59,32997.6,2224.7,0.0,16.09,6.85
2018-09-25,179.3,32913.9,2224.66,0.0,15.82,3.47
2018-09-26,187.12,32834.8,2224.62,0.0,14.27,4.01
2018-09-27,217.73,32774.1,2224.59,5.29,12.27,0.89
2018-09-28,189.62,32696.5,2224.55,0.05,6.54,-3.41
2018-09-29,208.34,32630.2,2224.52,0.0,12.03,-1.14
2018-09-30,188.3,32551.8,2224.48,0.0,10.79,-4.12
2018-10-01,196.1,32478.1,2224.44,0.2,11.16,-0.22
2018-10-02,194.91,32403.7,2224.4,0.0,11.71,0.94
2018-10-03,224.2,32346.9,2224.37,0.0,9.14,-1.52
2018-10-04,225.42,32290.8,2224.35,0.0,7.99,-5.5
2018-10-05,197.29,32217.8,2224.31,0.0,7.22,-2.81
2018-10-06,203.87,32148.8,2224.27,0.0,5.81,-4.59
2018-10-07,223.51,32091.5,2224.25,0.0,3.91,-6.62
2018-10-08,237.82,32042.9,2224.22,0.0,3.34,-8.0
2018-10-09,220.6,31983.9,2224.19,0.0,4.03,-5.2
2018-10-10,223.5,31926.6,2224.16,3.0,4.23,-8.13
2018-10-11,226.03,31870.9,2224.14,5.68,8.33,-2.85
2018-10-12,254.43,31832.2,2224.12,1.03,5.48,-4.14
2018-10-13,239.47,31784.5,2224.09,0.0,7.09,-7.97
2018-10-14,248.29,31742.2,2224.07,0.0,3.44,-8.35
2018-10-15,256.53,31704.7,2224.05,0.0,0.3,-11.0
2018-10-16,200.88,31633.9,2224.02,0.0,3.98,-8.27
2018-10-17,252.49,31594.1,2224.0,16.8,6.43,-3.81
2018-10-18,195.94,31520.3,2223.96,0.0,8.84,-2.55
2018-10-19,199.56,31448.7,2223.92,7.84,10.65,-1.98
2018-10-20,200.91,31377.9,2223.89,0.0,14.0,2.76
2018-10-21,213.44,31314.6,2223.86,0.0,10.14,-1.44
2018-10-22,199.2,31242.7,2223.82,0.0,12.03,1.48
2018-10-23,176.64,31157.4,2223.78,0.0,6.18,-3.92
2018-10-24,178.57,31073.2,2223.74,0.0,7.13,-2.93
2018-10-25,173.03,30985.6,2223.69,0.0,5.23,-8.29
2018-10-26,168.87,30895.6,2223.65,0.0,8.14,-5.18
2018-10-27,167.63,30804.8,2223.6,0.0,5.31,-4.39
2018-10-28,173.39,30717.5,2223.56,0.0,7.35,-6.01
2018-10-29,193.76,30642.4,2223.52,0.05,10.44,-1.66
2018-10-30,185.66,30562.5,2223.48,0.0,3.96,-6.93
2018-10-31,198.2,30490.1,2223.45,0.0,6.73,-5.15
2018-11-01,210.68,30425.1,2223.41,7.02,3.07,-7.43
2018-11-02,217.42,30364.2,2223.38,0.0,3.68,-12.07
2018-11-03,209.48,30298.6,2223.35,0.0,4.8,-5.99
2018-11-04,179.21,30214.7,2223.31,0.0,1.84,-7.77
2018-11-05,183.47,30133.5,2223.27,0.0,3.92,-7.7
2018-11-06,195.45,30059.4,2223.23,0.01,8.33,-1.61
2018-11-07,176.95,29974.2,2223.19,0.0,9.69,-2.64
2018-11-08,183.77,29893.1,2223.15,0.0,2.66,-8.65
2018-11-09,197.86,29820.5,2223.11,0.0,6.32,-6.21
2018-11-10,174.07,29733.6,2223.07,0.0,5.6,-5.35
2018-11-11,191.16,29656.9,2223.03,0.0,2.28,-5.88
2018-11-12,199.94,29585.5,2222.99,0.0,1.05,-10.62
2018-11-13,191.29,29509.0,2222.95,0.0,-1.7,-11.99
2018-11-14,227.34,29454.0,2222.93,0.0,6.37,-4.55
2018-11-15,209.1,29388.1,2222.89,0.0,3.46,-9.33
2018-11-16,208.36,29321.8,2222.86,0.0,3.67,-8.59
2018-11-17,231.75,29269.5,2222.83,0.0,2.67,-9.38
2018-11-18,222.45,29211.6,2222.81,0.0,0.94,-9.83
2018-11-19,198.37,29139.3,2222.77,0.0,-9.38,-17.55
2018-11-20,162.13,29045.2,2222.72,0.0,-5.63,-16.08
2018-11-21,175.34,28959.1,2222.68,0.0,-0.09,-8.63
2018-11-22,169.31,28869.3,2222.63,0.0,-0.3,-12.43
2018-11-23,158.89,28773.3,2222.59,0.0,-2.44,-14.95
2018-11-24,161.51,28678.9,2222.54,0.0,-1.98,-13.46
2018-11-25,155.94,28581.1,2222.49,0.0,1.28,-11.73
2018-11-26,174.75,28494.6,2222.45,0.0,2.24,-10.87
2018-11-27,198.46,28422.3,2222.41,7.69,0.38,-7.74
2018-11-28,195.23,28348.1,2222.37,0.0,1.06,-9.87
2018-11-29,222.21,28290.1,2222.35,0.0,1.63,-7.14
2018-11-30,205.57,28222.0,2222.31,0.0,8.86,-1.81
2018-12-01,207.54,28155.2,2222.28,0.0,2.78,-8.13
2018-12-02,233.45,28103.9,2222.25,0.0,4.04,-8.2
2018-12-03,233.23,28052.5,2222.23,0.0,1.17,-9.07
2018-12-04,217.49,27991.7,2222.2,0.0,-3.33,-11.99
2018-12-05,239.41,27944.0,2222.17,0.0,-4.8,-14.8
2018-12-06,243.37,27898.6,2222.15,0.0,-0.21,-13.08
2018-12-07,232.17,27846.6,2222.12,0.0,-2.19,-13.46
2018-12-08,216.29,27785.0,2222.09,0.0,-6.38,-17.58
2018-12-09,211.52,27720.6,2222.06,0.0,-1.85,-13.97
2018-12-10,185.1,27640.3,2222.02,0.0,1.0,-7.58
2018-12-11,192.89,27564.7,2221.98,0.0,-1.44,-14.71
2018-12-12,188.99,27486.7,2221.94,0.0,0.92,-10.34
2018-12-13,180.93,27403.9,2221.9,0.0,-0.49,-11.06
2018-12-14,177.47,27319.1,2221.86,0.0,-1.43,-13.0
2018-12-15,169.47,27229.4,2221.81,0.0,-6.77,-15.98
2018-12-16,187.13,27150.3,2221.78,0.0,-8.81,-19.15
2018-12-17,192.58,27074.5,2221.74,0.0,-5.33,-14.93
2018-12-18,188.83,26996.5,2221.7,0.0,-5.88,-18.15
2018-12-19,200.4,26925.4,2221.66,6.42,-10.16,-21.01
2018-12-20,183.64,26844.2,2221.62,0.0,-8.67,-18.83
2018-12-21,177.86,26759.6,2221.58,2.64,-11.67,-21.4
2018-12-22,191.66,26683.2,2221.54,0.0,-8.92,-19.18
2018-12-23,171.71,26594.9,2221.5,0.0,-4.66,-18.61
2018-12-24,149.96,26493.5,2221.45,0.0,0.51,-12.22
2018-12-25,135.86,26383.7,2221.39,0.0,0.4,-11.59
2018-12-26,143.34,26278.3,2221.34,0.0,1.32,-12.07
2018-12-27,152.42,26178.4,2221.29,0.0,-3.63,-12.95
2018-12-28,156.33,26080.9,2221.24,0.0,-0.46,-13.42
2018-12-29,175.76,25995.0,2221.2,0.89,-8.11,-16.97
2018-12-30,166.1,25903.3,2221.15,0.0,-5.71,-18.97
2018-12-31,143.61,25798.1,2221.1,0.0,-3.0,-11.76
2019-01-01,127.5,25683.3,2221.04,0.0,-2.25,-12.96
2019-01-02,115.59,25561.3,2220.98,0.0,-2.01,-11.82
2019-01-03,104.36,25432.5,2220.92,0.0,-3.5,-15.39
2019-01-04,100.45,25301.5,2220.85,0.0,0.09,-12.14
2019-01-05,114.66,25178.9,2220.79,0.0,4.01,-7.65
2019-01-06,112.75,25055.2,2220.73,0.0,2.12,-8.71
2019-01-07,129.99,24941.9,2220.67,0.92,-2.45,-15.68
2019-01-08,127.11,24826.8,2220.61,0.0,-2.61,-14.13
2019-01-09,128.55,24712.6,2220.56,0.0,-8.24,-18.04
2019-01-10,114.94,24590.2,2220.5,0.0,-4.24,-15.83
2019-01-11,113.09,24466.7,2220.43,0.0,-8.15,-17.88
2019-01-12,118.18,24346.2,2220.37,0.0,-8.45,-18.2
2019-01-13,107.73,24219.5,2220.31,0.0,-8.14,-18.11
2019-01-14,111.04,24094.8,2220.25,0.0,-7.77,-17.4
2019-01-15,141.09,23988.1,2220.19,1.91,-8.27,-18.92
2019-01-16,141.03,23881.4,2220.14,0.0,-4.94,-12.7
2019-01-17,156.68,23784.0,2220.09,0.0,-6.02,-17.38
2019-01-18,154.08,23685.1,2220.04,0.0,-1.41,-14.15
2019-01-19,165.23,23592.9,2220.0,0.0,-1.48,-12.49
2019-01-20,165.55,23500.9,2219.95,0.0,-6.44,-15.52
2019-01-21,175.08,23414.6,2219.91,0.0,-3.21,-16.36
2019-01-22,163.37,23321.3,2219.86,0.0,-2.04,-14.69
2019-01-23,176.06,23235.6,2219.82,0.0,-3.94,-14.7
2019-01-24,182.57,23153.8,2219.78,0.0,-6.43,-15.92
2019-01-25,179.77,23070.3,2219.74,0.0,-3.57,-14.33
2019-01-26,171.23,22981.7,2219.69,0.0,-3.32,-17.13
2019-01-27,184.02,22900.7,2219.65,0.0,-1.03,-11.64
2019-01-28,186.39,22821.2,2219.61,0.0,-3.79,-10.74
2019-01-29,208.73,22755.1,2219.58,0.0,-1.82,-13.34
2019-01-30,186.44,22675.6,2219.54,0.0,-4.08,-12.67
2019-01-31,187.03,22596.5,2219.5,0.0,-6.13,-15.0
2019-02-01,170.9,22507.7,2219.45,0.0,-5.37,-14.92
2019-02-02,195.63,22433.7,2219.42,0.0,-5.94,-14.07
2019-02-03,189.65,22356.1,2219.38,0.0,-3.35,-13.87
2019-02-04,205.76,22288.2,2219.34,0.0,-6.13,-17.39
2019-02-05,192.66,22212.5,2219.31,0.0,1.82,-11.12
2019-02-06,207.36,22145.6,2219.27,0.0,-4.85,-13.31
2019-02-07,232.41,22093.7,2219.25,0.0,-0.15,-9.11
2019-02-08,238.99,22045.7,2219.22,0.0,-0.74,-10.97
2019-02-09,239.57,21998.1,2219.2,0.0,2.94,-9.96
2019-02-10,204.84,21929.6,2219.16,0.0,-0.78,-8.65
2019-02-11,193.64,21854.5,2219.13,0.0,2.98,-7.26
2019-02-12,208.26,21788.1,2219.09,6.42,7.11,-5.65
2019-02-13,226.62,21732.7,2219.07,0.0,0.5,-9.2
2019-02-14,232.91,21681.1,2219.04,8.83,3.29,-10.38
2019-02-15,229.55,21627.5,2219.01,0.0,-1.64,-12.15
2019-02-16,252.76,21587.8,2218.99,0.0,-2.26,-13.39
2019-02-17,249.68,21546.3,2218.97,0.0,-5.66,-15.84
2019-02-18,267.54,21515.4,2218.96,0.0,-4.87,-16.95
2019-02-19,213.07,21451.9,2218.93,0.0,-1.61,-15.54
2019-02-20,207.37,21385.0,2218.89,0.0,-7.33,-18.08
2019-02-21,216.35,21323.5,2218.86,0.03,-5.86,-19.13
2019-02-22,217.73,21262.7,2218.83,0.0,-9.28,-20.37
2019-02-23,214.35,21200.0,2218.8,0.0,-5.47,-15.34
2019-02-24,213.53,21136.8,2218.77,0.0,-4.54,-14.19
2019-02-25,204.77,21068.3,2218.73,0.19,-4.94,-16.63
2019-02-26,239.03,21020.4,2218.71,0.0,-1.99,-10.91
2019-02-27,232.84,20968.7,2218.68,0.0,-5.09,-15.95
2019-02-28,289.8,20951.2,2218.68,6.65,-3.84,-15.56
2019-03-01,299.82,20939.8,2218.67,0.0,-8.27,-16.82
2019-03-02,260.0,20904.4,2218.65,0.35,-5.15,-12.06
2019-03-03,223.19,20847.0,2218.62,0.0,-1.41,-13.53
2019-03-04,272.35,20819.1,2218.61,3.16,2.21,-9.07
2019-03-05,251.66,20778.7,2218.59,0.0,1.34,-8.32
2019-03-06,262.36,20744.8,2218.57,0.0,0.8,-11.44
2019-03-07,224.29,20688.0,2218.54,0.0,-4.21,-16.1
2019-03-08,215.82,20626.1,2218.51,0.99,-3.82,-13.17
2019-03-09,214.99,20563.8,2218.48,1.53,-1.37,-12.57
2019-03-10,216.71,20502.5,2218.45,0.0,-0.78,-11.39
2019-03-11,246.58,20459.1,2218.43,12.02,-0.56,-11.23
2019-03-12,225.52,20403.0,2218.4,0.0,-3.62,-13.02
2019-03-13,228.28,20348.7,2218.37,0.0,0.84,-10.22
2019-03-14,220.98,20289.9,2218.34,0.0,4.4,-4.97
2019-03-15,189.62,20212.3,2218.31,0.39,1.95,-5.73
2019-03-16,185.53,20132.3,2218.27,0.0,0.89,-9.9
2019-03-17,181.94,20050.1,2218.23,0.0,7.53,-5.02
2019-03-18,194.96,19975.7,2218.19,0.0,9.83,-0.97
2019-03-19,202.4,19905.8,2218.15,0.0,9.72,-0.2
2019-03-20,199.04,19833.9,2218.12,0.0,14.83,4.88
2019-03-21,175.53,19747.9,2218.07,0.41,13.54,5.49
2019-03-22,196.86,19674.6,2218.04,0.0,12.01,3.19
2019-03-23,208.02,19608.1,2218.0,0.0,13.19,2.66
2019-03-24,203.17,19538.6,2217.97,0.0,11.07,-1.14
2019-03-25,217.68,19477.9,2217.94,0.0,7.71,-2.44
2019-03-26,226.94,19422.7,2217.91,3.06,8.25,-1.32
2019-03-27,210.57,19357.7,2217.88,0.0,7.98,-2.37
2019-03-28,217.07,19296.6,2217.85,0.0,6.08,-4.38
2019-03-29,213.02,19233.1,2217.82,0.97,6.83,-1.97
2019-03-30,191.87,19156.8,2217.78,0.0,11.59,-0.86
2019-03-31,173.79,19069.8,2217.73,0.0,5.44,-5.5
2019-04-01,160.01,18974.4,2217.69,0.0,7.08,-3.51
2019-04-02,168.77,18884.3,2217.64,0.0,5.93,-3.26
2019-04-03,175.2,18798.1,2217.6,0.0,8.36,-2.52
2019-04-04,184.0,18717.2,2217.56,0.0,3.72,-8.42
2019-04-05,210.54,18652.1,2217.53,0.0,1.27,-9.23
2019-04-06,255.32,18614.0,2217.51,3.53,2.05,-9.18
2019-04-07,256.94,18576.8,2217.49,0.41,4.6,-9.62
2019-04-08,231.47,18524.3,2217.46,3.11,4.88,-8.19
2019-04-09,228.43,18470.0,2217.44,0.0,4.27,-8.99
2019-04-10,206.32,18402.5,2217.4,0.0,3.82,-3.09
2019-04-11,209.58,18336.9,2217.37,0.0,6.81,-5.17
2019-04-12,178.34,18252.5,2217.33,0.0,7.04,-4.81
2019-04-13,171.58,18164.1,2217.28,0.0,9.77,-0.4
2019-04-14,191.28,18087.6,2217.24,0.0,9.27,-1.21
2019-04-15,213.82,18024.5,2217.21,0.0,12.3,-0.08
2019-04-16,199.4,17952.8,2217.18,0.0,14.58,1.52
2019-04-17,204.53,17884.2,2217.14,0.0,15.56,4.31
2019-04-18,189.7,17806.6,2217.1,0.0,10.66,1.09
2019-04-19,215.18,17744.4,2217.07,0.0,11.37,0.05
2019-04-20,217.06,17683.3,2217.04,0.0,8.34,-2.09
2019-04-21,234.31,17632.5,2217.02,0.0,16.69,7.79
2019-04-22,255.13,17594.2,2217.0,0.0,15.15,6.32
2019-04-23,232.6,17542.5,2216.97,0.0,17.76,4.75
2019-04-24,226.88,17487.2,2216.94,0.0,17.51,3.83
2019-04-25,252.87,17447.6,2216.92,0.0,16.0,2.47
2019-04-26,232.38,17395.7,2216.9,0.0,17.57,6.61
2019-04-27,225.12,17339.4,2216.87,0.0,16.08,1.1
2019-04-28,209.28,17273.6,2216.84,0.0,15.88,4.56
2019-04-29,254.18,17234.8,2216.82,5.67,16.11,4.11
2019-04-30,234.7,17184.3,2216.79,2.11,15.66,5.55
2019-05-01,248.75,17142.2,2216.77,0.0,16.16,6.2
2019-05-02,271.83,17113.9,2216.76,0.0,13.2,4.21
2019-05-03,299.11,17102.0,2216.75,0.0,17.68,8.62
2019-05-04,345.25,17117.8,2216.76,11.85,16.97,4.87
2019-05-05,333.61,17126.6,2216.76,0.0,16.42,7.11
2019-05-06,352.69,17146.9,2216.77,0.0,12.63,3.6
2019-05-07,393.37,17191.6,2216.8,14.42,11.51,-0.43
2019-05-08,424.02,17254.6,2216.83,0.0,15.48,4.83
2019-05-09,382.6,17292.9,2216.85,0.0,12.81,-0.16
2019-05-10,429.27,17359.1,2216.88,9.6,11.0,-1.63
2019-05-11,517.27,17478.1,2216.94,0.0,12.22,-0.03
2019-05-12,463.89,17565.1,2216.98,2.13,11.98,0.92
2019-05-13,505.52,17677.0,2217.04,0.0,12.63,0.1
2019-05-14,494.44,17782.3,2217.09,0.0,15.04,3.3
2019-05-15,512.42,17898.4,2217.15,0.0,14.97,2.58
2019-05-16,474.5,17991.8,2217.2,0.0,17.69,3.39
2019-05-17,461.39,18077.3,2217.24,0.0,14.3,1.34
2019-05-18,423.0,18139.7,2217.27,0.0,14.47,2.37
2019-05-19,394.67,18185.2,2217.29,0.0,18.13,7.26
2019-05-20,381.55,18222.8,2217.31,0.0,21.19,9.41
2019-05-21,359.69,18247.2,2217.32,0.0,16.06,5.07
2019-05-22,365.46,18275.2,2217.34,0.0,16.69,6.68
2019-05-23,374.02,18308.2,2217.35,0.0,12.19,1.88
2019-05-24,323.14,18310.8,2217.36,0.0,17.04,4.42
2019-05-25,400.04,18359.4,2217.38,0.0,18.4,8.45
2019-05-26,394.17,18404.6,2217.4,2.57,15.33,6.32
2019-05-27,347.06,18421.5,2217.41,0.0,17.63,6.47
2019-05-28,408.49,18475.2,2217.44,0.0,15.56,4.14
2019-05-29,440.95,18548.4,2217.47,0.0,14.31,3.36
2019-05-30,523.13,18671.0,2217.54,0.0,20.93,8.81
2019-05-31,563.08,18817.5,2217.61,0.0,21.31,11.16
2019-06-01,660.26,19022.3,2217.71,15.78,19.59,7.26
2019-06-02,595.56,19188.3,2217.79,0.0,12.1,2.46
2019-06-03,499.46,19296.6,2217.85,0.0,15.15,6.34
2019-06-04,487.29,19397.6,2217.9,0.0,17.69,3.88
2019-06-05,494.68,19503.1,2217.95,0.0,21.12,11.98
2019-06-06,577.3,19658.1,2218.03,1.26,22.41,11.07
2019-06-07,578.83,19814.0,2218.11,0.0,22.85,11.85
2019-06-08,510.38,19928.9,2218.16,0.0,18.98,10.6
2019-06-09,551.49,20068.5,2218.23,0.0,19.84,6.25
2019-06-10,576.76,20223.2,2218.31,0.0,18.92,6.7
2019-06-11,721.7,20464.8,2218.43,5.62,20.87,8.7
2019-06-12,677.08,20679.7,2218.54,0.0,23.34,12.22
2019-06-13,708.42,20913.5,2218.66,0.49,23.87,11.11
2019-06-14,670.21,21124.2,2218.76,0.0,24.16,13.01
2019-06-15,623.12,21306.7,2218.85,0.0,25.43,14.52
2019-06-16,654.29,21508.0,2218.95,0.0,26.91,14.03
2019-06-17,675.49,21721.9,2219.06,0.0,28.29,16.68
2019-06-18,674.72,21935.4,2219.17,0.0,24.06,14.62
2019-06-19,689.76,22157.9,2219.28,0.0,21.3,11.32
2019-06-20,654.7,22359.4,2219.38,0.0,24.54,13.55
2019-06-21,816.77,22658.1,2219.53,13.04,29.72,16.21
2019-06-22,743.68,22912.9,2219.66,0.0,28.06,18.54
2019-06-23,690.43,23135.9,2219.77,7.07,30.52,20.89
2019-06-24,570.94,23287.1,2219.84,0.0,26.64,15.06
2019-06-25,511.61,23402.7,2219.9,0.0,19.81,8.26
2019-06-26,476.15,23497.0,2219.95,0.0,17.08,6.53
2019-06-27,542.34,23631.1,2220.02,0.0,23.46,11.24
2019-06-28,592.13,23795.0,2220.1,0.0,22.58,10.63
2019-06-29,521.39,23916.5,2220.16,0.0,25.31,13.37
2019-06-30,504.55,24027.9,2220.21,0.0,22.15,14.68
2019-07-01,531.91,24155.7,2220.28,5.07,24.16,10.55
2019-07-02,539.12,24287.8,2220.34,0.0,24.6,12.45
2019-07-03,521.52,24409.4,2220.4,0.0,29.01,16.34
2019-07-04,653.42,24610.1,2220.51,10.14,29.26,19.13
2019-07-05,670.61,24821.1,2220.61,0.0,27.01,14.28
2019-07-06,543.44,24955.8,2220.68,0.0,25.7,13.63
2019-07-07,571.08,25107.1,2220.75,0.0,27.45,15.11
2019-07-08,533.62,25235.9,2220.82,0.0,25.65,15.36
2019-07-09,551.39,25375.4,2220.89,6.01,26.01,17.08
2019-07-10,531.97,25503.2,2220.95,4.24,24.29,12.45
2019-07-11,537.84,25634.6,2221.02,0.0,23.34,15.21
2019-07-12,464.91,25722.2,2221.06,0.0,28.3,19.04
2019-07-13,504.9,25833.8,2221.12,0.0,25.81,15.35
2019-07-14,509.96,25948.4,2221.17,0.0,30.8,18.98
2019-07-15,490.14,26051.1,2221.23,0.43,29.71,19.97
2019-07-16,457.44,26134.3,2221.27,0.0,26.06,15.32
2019-07-17,479.41,26230.5,2221.32,6.07,28.34,15.06
2019-07-18,449.99,26309.2,2221.35,7.89,18.15,9.13
2019-07-19,413.01,26365.7,2221.38,0.0,19.2,8.84
2019-07-20,469.62,26456.1,2221.43,0.0,21.47,11.6
2019-07-21,448.12,26533.6,2221.47,0.0,21.71,12.65
2019-07-22,417.5,26592.7,2221.5,0.0,16.81,4.3
2019-07-23,441.62,26666.4,2221.53,0.0,21.25,10.86
2019-07-24,480.13,26763.1,2221.58,0.0,15.48,4.14
2019-07-25,483.97,26862.1,2221.63,0.0,14.53,2.85
2019-07-26,470.79,26953.3,2221.68,0.0,15.06,4.1
2019-07-27,491.09,27056.6,2221.73,0.0,15.15,3.14
2019-07-28,595.41,27222.5,2221.81,0.0,12.9,1.89
2019-07-29,590.33,27385.3,2221.89,1.74,16.08,5.52
2019-07-30,475.61,27479.3,2221.94,0.0,18.13,9.58
2019-07-31,427.67,27544.6,2221.97,2.45,23.29,11.87
2019-08-01,454.71,27626.1,2222.01,0.8,27.67,14.7
2019-08-02,404.26,27677.3,2222.04,0.0,25.74,15.36
2019-08-03,393.27,27721.9,2222.06,0.0,27.22,15.79
2019-08-04,371.44,27753.4,2222.08,0.0,27.1,18.39
2019-08-05,337.84,27764.8,2222.08,0.0,26.4,14.33
2019-08-06,423.81,27827.7,2222.11,20.81,25.39,13.85
2019-08-07,451.33,27907.1,2222.15,0.0,26.13,13.87
2019-08-08,441.79,27980.9,2222.19,2.71,25.42,11.69
2019-08-09,459.9,28065.5,2222.23,0.0,24.27,12.25
2019-08-10,410.08,28120.1,2222.26,0.0,26.12,14.83
2019-08-11,404.96,28171.8,2222.29,0.0,26.01,14.68
2019-08-12,397.28,28218.8,2222.31,1.87,19.08,9.4
2019-08-13,368.19,28248.4,2222.32,0.0,21.1,5.93
2019-08-14,372.83,28280.7,2222.34,0.0,17.51,6.58
2019-08-15,363.82,28307.7,2222.35,1.57,18.74,7.36
2019-08-16,333.04,28316.1,2222.36,0.0,18.39,5.74
2019-08-17,314.3,28313.4,2222.36,0.0,21.54,9.17
2019-08-18,332.25,28321.4,2222.36,0.0,23.06,11.83
2019-08-19,327.65,28326.6,2222.36,0.0,25.17,12.88
2019-08-20,320.81,28327.7,2222.36,0.0,21.05,10.9
2019-08-21,295.71,28313.8,2222.36,0.0,21.43,7.96
2019-08-22,394.24,28359.0,2222.38,19.45,20.84,7.19
2019-08-23,400.42,28407.9,2222.4,4.45,23.9,13.97
2019-08-24,320.28,28408.7,2222.4,0.0,26.06,13.96
2019-08-25,314.39,28406.0,2222.4,0.0,21.15,10.33
2019-08-26,292.94,28390.4,2222.4,0.0,21.6,9.84
2019-08-27,319.67,28390.9,2222.4,0.0,20.16,10.58
2019-08-28,314.46,28388.2,2222.39,0.0,22.43,13.43
2019-08-29,322.11,28390.1,2222.4,0.0,23.5,12.08
2019-08-30,300.77,28379.2,2222.39,0.0,22.4,10.86
2019-08-31,287.41,28360.3,2222.38,0.0,24.29,11.79
2019-09-01,290.35,28343.2,2222.37,1.85,25.41,15.61
2019-09-02,292.99,28327.6,2222.36,0.0,22.91,12.44
2019-09-03,255.1,28289.4,2222.34,0.0,26.94,16.4
2019-09-04,264.96,28257.0,2222.33,0.0,19.33,7.72
2019-09-05,271.78,28228.7,2222.31,0.77,13.84,2.91
2019-09-06,252.21,28188.7,2222.29,0.0,18.27,5.71
2019-09-07,222.62,28130.9,2222.27,0.0,22.38,10.18
2019-09-08,230.61,28077.9,2222.24,0.0,21.02,9.6
2019-09-09,229.86,28024.5,2222.21,0.0,19.99,6.46
2019-09-10,229.63,27970.9,2222.19,0.0,17.51,7.57
2019-09-11,215.74,27909.0,2222.15,0.0,14.41,1.2
2019-09-12,244.22,27864.2,2222.13,0.0,10.24,-1.53
2019-09-13,228.09,27809.7,2222.1,0.0,11.13,0.41
2019-09-14,208.4,27743.4,2222.07,0.0,12.66,-0.1
2019-09-15,180.54,27660.4,2222.03,0.0,11.4,0.19
2019-09-16,156.66,27563.0,2221.98,0.0,8.72,-4.81
2019-09-17,141.43,27456.5,2221.93,0.0,8.26,-0.75
2019-09-18,145.6,27352.5,2221.88,0.0,10.61,-1.12
2019-09-19,143.25,27247.1,2221.82,0.0,7.83,-1.93
2019-09-20,161.81,27152.9,2221.78,6.9,10.68,-4.27
2019-09-21,156.82,27055.6,2221.73,0.0,13.08,0.57
2019-09-22,145.77,26951.7,2221.68,0.0,13.19,1.06
2019-09-23,147.02,26848.6,2221.62,0.0,13.32,0.56
2019-09-24,136.6,26739.2,2221.57,0.0,12.16,4.03
2019-09-25,131.01,26626.5,2221.51,0.0,8.77,-2.48
2019-09-26,113.17,26503.0,2221.45,0.0,11.91,0.87
2019-09-27,121.7,26384.7,2221.39,0.03,11.25,2.3
2019-09-28,134.78,26274.2,2221.34,0.0,16.63,6.04
2019-09-29,123.54,26157.0,2221.28,0.0,15.3,4.03
2019-09-30,128.82,26042.9,2221.22,0.0,17.25,5.84
2019-10-01,119.59,25923.3,2221.16,0.0,8.01,-1.83
2019-10-02,117.58,25802.5,2221.1,0.0,8.63,-0.78
2019-10-03,113.71,25679.4,2221.04,0.0,17.54,4.51
2019-10-04,117.19,25558.4,2220.98,0.0,15.69,4.12
2019-10-05,113.78,25435.3,2220.92,0.0,16.14,4.69
2019-10-06,101.0,25304.5,2220.85,0.0,18.71,7.09
2019-10-07,96.84,25171.3,2220.79,0.0,15.68,6.45
2019-10-08,87.38,25032.4,2220.72,0.0,12.07,1.42
2019-10-09,83.26,24891.0,2220.65,0.0,9.94,-2.11
2019-10-10,76.22,24745.4,2220.57,0.0,8.29,-5.64
2019-10-11,86.42,24605.9,2220.5,0.0,5.55,-4.17
2019-10-12,83.11,24464.4,2220.43,0.0,2.26,-6.62
2019-10-13,91.83,24328.1,2220.36,0.0,6.49,-3.67
2019-10-14,94.16,24193.3,2220.3,0.0,8.2,-1.74
2019-10-15,82.61,24051.5,2220.23,0.0,0.78,-10.37
2019-10-16,87.96,23912.9,2220.16,0.0,2.73,-5.28
2019-10-17,110.93,23788.1,2220.09,0.0,2.36,-10.04
2019-10-18,115.14,23665.9,2220.03,0.0,4.0,-5.92
2019-10-19,116.11,23544.2,2219.97,0.0,4.31,-8.18
2019-10-20,122.07,23426.1,2219.91,0.0,6.99,-6.32
2019-10-21,112.87,23302.4,2219.85,0.0,6.32,-3.94
2019-10-22,107.69,23175.7,2219.79,0.0,9.98,0.36
2019-10-23,149.43,23074.0,2219.74,10.17,8.55,-4.59
2019-10-24,152.94,22974.4,2219.69,0.0,10.69,1.53
2019-10-25,144.83,22870.0,2219.63,0.34,9.94,2.92
2019-10-26,150.71,22769.1,2219.58,0.0,8.79,-3.07
2019-10-27,144.25,22664.3,2219.53,0.0,9.81,-1.89
2019-10-28,145.84,22560.4,2219.48,0.0,7.67,-4.9
2019-10-29,166.91,22469.2,2219.43,0.0,10.98,-0.92
2019-10-30,150.99,22368.4,2219.38,0.0,3.48,-7.95
2019-10-31,160.63,22273.5,2219.34,0.0,3.63,-4.99
2019-11-01,150.9,22172.7,2219.29,0.0,6.42,-6.44
2019-11-02,175.0,22086.3,2219.24,0.0,-1.79,-10.87
2019-11-03,189.6,22008.7,2219.2,0.0,-0.2,-10.7
2019-11-04,206.79,21941.5,2219.17,0.0,3.47,-5.4
2019-11-05,178.29,21857.1,2219.13,0.0,1.91,-8.02
2019-11-06,215.31,21794.9,2219.1,8.27,5.0,-5.67
2019-11-07,204.02,21726.0,2219.06,0.0,5.01,-4.66
2019-11-08,213.59,21662.8,2219.03,0.0,-1.79,-11.43
2019-11-09,226.62,21607.4,2219.0,0.0,0.16,-11.13
2019-11-10,226.24,21551.8,2218.98,0.0,3.94,-8.94
2019-11-11,215.56,21489.8,2218.94,0.0,1.57,-10.36
2019-11-12,238.03,21441.3,2218.92,0.0,-0.31,-9.15
2019-11-13,228.78,21387.2,2218.89,0.0,0.04,-11.41
2019-11-14,222.3,21329.2,2218.86,0.0,-0.16,-10.56
2019-11-15,194.81,21254.8,2218.83,0.0,-2.25,-14.28
2019-11-16,188.28,21176.4,2218.79,0.0,-0.32,-11.94
2019-11-17,181.08,21093.7,2218.75,0.0,-1.76,-12.74
2019-11-18,190.42,21016.6,2218.71,0.0,-3.45,-11.11
2019-11-19,193.85,20941.5,2218.67,0.0,2.45,-9.75
2019-11-20,199.64,20870.0,2218.63,0.0,2.3,-8.14
2019-11-21,195.63,20796.0,2218.6,0.0,8.79,-3.43
2019-11-22,247.82,20753.3,2218.58,16.86,6.49,-3.83
2019-11-23,220.42,20694.2,2218.55,0.0,-0.41,-8.41
2019-11-24,207.7,20627.5,2218.51,0.0,0.04,-11.4
2019-11-25,220.37,20568.4,2218.48,0.0,7.75,-6.29
2019-11-26,227.38,20513.5,2218.46,0.0,5.78,-2.81
2019-11-27,240.5,20466.4,2218.43,0.0,5.67,-6.9
2019-11-28,245.06,20422.1,2218.41,0.0,1.89,-10.71
2019-11-29,227.63,20367.3,2218.38,0.0,2.58,-11.81
2019-11-30,245.62,20323.4,2218.36,0.06,-2.72,-12.94
2019-12-01,255.31,20285.2,2218.34,0.0,1.38,-10.65
2019-12-02,236.3,20235.6,2218.32,0.0,2.06,-8.88
2019-12-03,199.04,20163.7,2218.28,0.0,0.12,-12.04
2019-12-04,214.27,20100.9,2218.25,0.0,-7.16,-16.94
2019-12-05,243.87,20055.9,2218.23,0.0,-12.62,-20.84
2019-12-06,208.85,19989.8,2218.19,0.0,-6.77,-16.18
2019-12-07,191.73,19913.5,2218.16,0.0,-7.21,-19.17
2019-12-08,178.48,19829.3,2218.11,0.0,0.26,-13.93
2019-12-09,174.46,19742.6,2218.07,0.0,-6.73,-15.94
2019-12-10,176.91,19657.4,2218.03,0.0,-4.75,-13.8
2019-12-11,171.37,19568.9,2217.98,0.0,-4.44,-14.27
2019-12-12,195.64,19494.9,2217.95,0.0,2.26,-9.5
2019-12-13,195.97,19421.1,2217.91,0.0,-1.23,-11.23
2019-12-14,207.29,19354.2,2217.88,0.0,-6.01,-14.5
2019-12-15,218.11,19293.7,2217.85,0.0,-4.59,-18.23
2019-12-16,213.68,19230.5,2217.82,0.0,-1.57,-13.82
2019-12-17,181.36,19148.0,2217.77,0.0,-2.58,-13.2
2019-12-18,175.1,19061.7,2217.73,0.0,-2.88,-11.6
2019-12-19,168.78,18971.6,2217.69,0.0,-4.2,-16.73
2019-12-20,187.78,18892.9,2217.65,0.0,-1.24,-14.24
2019-12-21,180.19,18809.7,2217.6,4.66,-3.14,-12.11
2019-12-22,192.05,18733.6,2217.57,0.0,-7.68,-19.44
2019-12-23,198.58,18661.4,2217.53,0.0,-4.27,-15.74
2019-12-24,196.2,18587.8,2217.49,0.0,-4.46,-15.55
2019-12-25,184.3,18507.0,2217.45,0.0,-2.04,-16.1
2019-12-26,199.48,18435.3,2217.42,0.0,-3.13,-17.91
2019-12-27,209.89,18369.9,2217.38,0.0,-2.47,-14.4
2019-12-28,200.0,18298.6,2217.35,0.0,-4.42,-15.13
2019-12-29,212.28,18234.6,2217.32,0.0,-0.14,-10.17
2019-12-30,191.26,18158.0,2217.28,0.0,-0.1,-10.24
2019-12-31,207.76,18091.3,2217.25,0.0,-1.3,-12.58
2020-01-01,211.08,18026.6,2217.21,0.0,-3.16,-12.81
2020-01-02,213.71,17963.5,2217.18,0.0,-0.11,-12.03
2020-01-03,252.4,17923.6,2217.16,0.0,-1.47,-12.91
2020-01-04,247.66,17880.8,2217.14,0.0,-0.24,-10.65
2020-01-05,255.64,17842.9,2217.12,0.0,2.22,-8.83
2020-01-06,241.47,17796.4,2217.1,0.0,2.75,-10.12
2020-01-07,234.12,17745.5,2217.07,0.0,-0.19,-11.62
2020-01-08,238.09,17697.0,2217.05,0.0,-0.62,-11.77
2020-01-09,231.18,17644.4,2217.02,0.0,-3.94,-13.16
2020-01-10,243.74,17599.3,2217.0,0.0,-2.02,-15.68
2020-01-11,255.12,17561.0,2216.98,0.0,-1.03,-11.84
2020-01-12,245.14,17516.7,2216.96,0.0,-5.45,-15.97
2020-01-13,241.03,17470.0,2216.93,0.0,-7.39,-18.99
2020-01-14,219.1,17410.1,2216.91,2.03,-7.25,-20.28
2020-01-15,199.26,17338.3,2216.87,0.0,-6.3,-17.75
2020-01-16,210.73,17273.4,2216.84,1.66,-11.54,-21.67
2020-01-17,202.48,17203.5,2216.8,0.0,-8.39,-22.19
2020-01-18,189.41,17125.8,2216.76,0.0,-3.28,-14.79
2020-01-19,214.54,17063.2,2216.73,0.0,-4.14,-12.22
2020-01-20,224.71,17006.7,2216.7,0.0,-4.82,-16.65
2020-01-21,212.19,16942.6,2216.67,0.0,-0.56,-11.88
2020-01-22,207.72,16875.9,2216.64,1.19,-0.06,-10.56
2020-01-23,197.61,16803.1,2216.6,0.0,-1.59,-13.64
2020-01-24,196.23,16729.5,2216.56,0.0,-2.68,-12.3
2020-01-25,200.37,16658.4,2216.53,0.0,2.11,-7.23
2020-01-26,194.18,16583.6,2216.49,8.38,2.22,-11.13
2020-01-27,210.39,16518.5,2216.46,0.0,-1.03,-12.88
2020-01-28,184.24,16437.7,2216.42,0.0,-0.55,-10.67
2020-01-29,167.91,16347.0,2216.37,0.0,-6.16,-17.65
2020-01-30,174.25,16260.2,2216.33,0.0,0.13,-10.6
2020-01-31,162.86,16166.6,2216.28,0.0,-8.76,-18.26
2020-02-01,142.13,16060.5,2216.23,0.0,-8.18,-18.22
2020-02-02,166.62,15969.2,2216.18,5.25,-6.27,-15.19
2020-02-03,157.61,15872.4,2216.14,0.0,-7.1,-16.45
2020-02-04,169.62,15782.8,2216.09,0.0,0.76,-11.09
2020-02-05,164.47,15690.1,2216.05,0.0,-0.83,-12.07
2020-02-06,175.0,15603.8,2216.0,0.0,-4.53,-15.66
2020-02-07,175.17,15517.5,2215.96,0.0,-2.84,-16.13
2020-02-08,172.63,15429.8,2215.91,0.0,-4.97,-14.86
2020-02-09,179.76,15346.3,2215.87,0.0,-1.52,-15.39
2020-02-10,177.27,15261.3,2215.83,0.0,-5.84,-18.78
2020-02-11,171.72,15173.0,2215.79,0.0,-0.47,-10.52
2020-02-12,189.43,15095.3,2215.75,1.42,-5.78,-16.98
2020-02-13,173.11,15007.8,2215.7,0.0,-7.44,-15.46
2020-02-14,187.51,14929.0,2215.66,0.0,-8.69,-19.09
2020-02-15,259.97,14893.6,2215.65,16.04,-1.86,-13.77
2020-02-16,242.73,14847.9,2215.62,0.0,-3.95,-14.36
2020-02-17,228.97,14793.9,2215.6,0.0,0.31,-10.4
2020-02-18,210.02,14728.6,2215.56,0.0,0.37,-8.58
2020-02-19,240.02,14681.2,2215.54,0.0,-1.76,-13.8
2020-02-20,219.05,14621.3,2215.51,0.0,-6.6,-16.24
2020-02-21,224.68,14564.8,2215.48,0.0,0.75,-10.77
2020-02-22,222.57,14507.0,2215.45,0.0,2.45,-8.17
2020-02-23,221.86,14448.7,2215.42,0.0,1.93,-9.23
2020-02-24,215.35,14386.6,2215.39,0.0,-2.36,-10.07
2020-02-25,218.53,14326.4,2215.36,1.53,1.64,-9.67
2020-02-26,190.12,14249.1,2215.32,0.0,-0.46,-12.62
2020-02-27,188.48,14170.8,2215.29,0.0,4.4,-10.41
2020-02-28,193.03,14095.3,2215.25,0.0,4.47,-9.42
2020-02-29,202.2,14025.3,2215.21,0.0,6.28,-7.19
2020-03-01,167.95,13934.7,2215.17,1.91,4.08,-9.53
2020-03-02,163.18,13841.3,2215.12,0.0,4.52,-7.72
2020-03-03,159.58,13745.7,2215.07,0.0,5.73,-5.27
2020-03-04,158.39,13649.3,2215.02,0.0,2.92,-8.96
2020-03-05,167.93,13558.7,2214.98,0.0,1.0,-12.82
2020-03-06,190.18,13481.5,2214.94,0.0,2.78,-10.29
2020-03-07,189.22,13403.7,2214.9,0.0,2.61,-8.45
2020-03-08,195.13,13329.4,2214.86,0.0,5.32,-5.52
2020-03-09,244.13,13284.6,2214.84,12.57,4.27,-7.1
2020-03-10,229.4,13230.8,2214.82,0.0,5.5,-7.89
2020-03-11,224.07,13173.9,2214.79,0.0,5.62,-5.63
2020-03-12,239.81,13126.5,2214.76,0.0,2.8,-4.68
2020-03-13,236.85,13077.2,2214.74,0.0,3.93,-6.59
2020-03-14,219.8,13017.8,2214.71,0.0,2.5,-8.51
2020-03-15,243.38,12972.4,2214.69,0.0,-0.74,-9.47
2020-03-16,235.05,12922.1,2214.66,0.0,-0.88,-14.34
2020-03-17,231.04,12869.4,2214.63,0.0,1.44,-11.24
2020-03-18,251.76,12829.1,2214.61,0.0,3.13,-7.95
2020-03-19,238.23,12780.7,2214.59,2.93,-0.76,-10.36
2020-03-20,198.18,12708.2,2214.55,0.0,7.46,-0.5
2020-03-21,218.09,12647.8,2214.52,0.0,6.17,-2.37
2020-03-22,223.4,12590.4,2214.5,0.0,2.92,-8.68
2020-03-23,234.06,12539.5,2214.47,0.0,4.13,-7.9
2020-03-24,216.77,12478.3,2214.44,0.0,-0.85,-12.01
2020-03-25,263.62,12445.1,2214.42,8.11,1.33,-11.36
2020-03-26,257.39,12408.2,2214.4,0.0,6.81,-5.29
2020-03-27,260.5,12373.1,2214.39,0.0,8.07,-4.86
2020-03-28,254.88,12334.7,2214.37,4.3,0.03,-8.91
2020-03-29,293.47,12319.4,2214.36,4.59,3.14,-10.45
2020-03-30,299.33,12307.7,2214.35,6.07,1.43,-8.5
2020-03-31,297.49,12294.8,2214.35,0.0,6.76,-7.19
2020-04-01,266.58,12263.4,2214.33,0.0,4.6,-7.24
2020-04-02,302.44,12253.5,2214.33,5.65,7.95,-1.73
2020-04-03,303.67,12244.4,2214.32,1.63,9.96,-1.95
2020-04-04,328.4,12250.1,2214.33,0.0,14.87,5.26
2020-04-05,304.51,12241.4,2214.32,0.39,14.74,6.56
2020-04-06,318.15,12241.0,2214.32,0.0,18.72,8.1
2020-04-07,315.55,12239.0,2214.32,0.0,20.87,7.45
2020-04-08,351.69,12258.6,2214.33,0.0,14.58,4.88
2020-04-09,405.05,12310.3,2214.36,0.0,16.18,5.78
2020-04-10,385.96,12350.5,2214.38,0.56,11.57,2.14
2020-04-11,585.52,12510.5,2214.46,12.85,9.2,-0.86
2020-04-12,583.11,12669.0,2214.53,2.15,13.4,5.26
2020-04-13,442.47,12743.1,2214.57,1.5,11.29,0.15
2020-04-14,470.74,12834.2,2214.62,11.88,10.86,1.57
2020-04-15,494.14,12939.4,2214.67,0.0,15.03,3.7
2020-04-16,513.72,13056.2,2214.73,0.0,16.47,3.21
2020-04-17,513.34,13172.9,2214.79,0.26,15.79,4.37
2020-04-18,562.52,13319.1,2214.86,0.0,13.32,2.57
2020-04-19,643.13,13513.6,2214.96,0.0,18.58,7.79
2020-04-20,668.8,13723.5,2215.06,2.94,16.13,3.41
2020-04-21,702.39,13953.6,2215.18,1.44,16.66,5.75
2020-04-22,726.57,14198.2,2215.3,0.53,15.62,7.35
2020-04-23,768.09,14467.7,2215.43,0.0,11.73,1.81
2020-04-24,842.72,14782.0,2215.59,7.89,15.15,2.53
2020-04-25,740.78,15035.1,2215.72,0.0,12.72,0.23
2020-04-26,734.73,15284.6,2215.84,0.0,13.36,1.93
2020-04-27,696.92,15511.4,2215.96,1.74,13.17,4.01
2020-04-28,680.47,15728.3,2216.06,0.0,14.26,6.52
2020-04-29,678.23,15943.9,2216.17,0.0,13.08,0.82
2020-04-30,687.58,16165.1,2216.28,0.0,8.91,-3.22
2020-05-01,696.54,16391.7,2216.4,0.0,11.88,-0.67
2020-05-02,735.37,16641.6,2216.52,0.0,7.58,-2.66
2020-05-03,728.17,16887.1,2216.64,0.0,10.96,-1.27
2020-05-04,692.62,17111.3,2216.76,0.0,16.42,4.98
2020-05-05,601.46,17280.9,2216.84,0.0,13.06,6.09
2020-05-06,626.81,17465.6,2216.93,0.0,14.24,4.49
2020-05-07,675.25,17679.4,2217.04,0.0,17.58,3.64
2020-05-08,598.3,17847.0,2217.12,0.0,18.24,6.92
2020-05-09,601.13,18016.4,2217.21,0.0,18.43,7.55
2020-05-10,570.68,18167.4,2217.28,0.0,14.01,5.02
2020-05-11,547.14,18304.4,2217.35,1.19,21.09,10.62
2020-05-12,480.63,18401.4,2217.4,0.0,18.42,7.3
2020-05-13,474.81,18494.9,2217.45,0.0,14.37,3.67
2020-05-14,517.6,18614.1,2217.51,8.26,15.33,6.24
2020-05-15,509.42,18728.4,2217.56,0.0,13.38,2.65
2020-05-16,517.58,18847.6,2217.62,6.28,12.13,0.84
2020-05-17,539.21,18979.8,2217.69,0.0,12.65,1.2
2020-05-18,547.48,19117.0,2217.76,0.0,13.15,1.83
2020-05-19,512.37,19233.0,2217.82,0.0,14.55,5.31
2020-05-20,490.75,19336.1,2217.87,0.61,16.56,4.19
2020-05-21,453.8,19417.1,2217.91,0.0,14.34,3.33
2020-05-22,505.02,19528.7,2217.96,6.02,13.02,2.77
2020-05-23,530.36,19655.6,2218.03,10.21,11.77,3.98
2020-05-24,471.74,19747.3,2218.07,0.22,13.94,2.99
2020-05-25,450.78,19826.4,2218.11,0.0,16.93,6.16
2020-05-26,507.47,19939.6,2218.17,10.0,15.7,2.05
2020-05-27,535.75,20069.7,2218.23,0.0,20.66,9.5
2020-05-28,519.58,20190.1,2218.3,0.0,18.81,9.26
2020-05-29,523.96,20313.1,2218.36,0.0,19.3,3.83
2020-05-30,691.98,20536.9,2218.47,8.08,18.36,6.82
2020-05-31,646.58,20733.5,2218.57,4.13,13.61,4.28
2020-06-01,660.84,20938.7,2218.67,1.49,17.48,8.22
2020-06-02,621.73,21120.4,2218.76,0.0,21.9,9.9
2020-06-03,579.28,21276.6,2218.84,0.0,24.14,13.32
2020-06-04,558.2,21420.2,2218.91,0.0,18.86,8.28
2020-06-05,545.78,21556.3,2218.98,0.0,18.68,5.46
2020-06-06,528.44,21682.0,2219.04,0.68,20.18,9.22
2020-06-07,507.78,21795.3,2219.1,1.72,23.29,11.93
2020-06-08,515.49,21913.3,2219.16,0.0,20.3,9.29
2020-06-09,527.99,22038.7,2219.22,0.0,20.95,8.0
2020-06-10,574.68,22192.2,2219.3,3.3,21.49,9.13
2020-06-11,546.79,22328.9,2219.36,0.0,26.0,11.57
2020-06-12,537.65,22460.1,2219.43,5.53,19.02,7.72
2020-06-13,458.97,22544.2,2219.47,0.0,19.68,10.12
2020-06-14,473.43,22636.9,2219.52,0.0,20.15,6.87
2020-06-15,475.31,22730.7,2219.57,0.0,17.42,10.05
2020-06-16,576.26,22885.1,2219.64,7.04,14.22,3.9
2020-06-17,591.09,23048.4,2219.72,0.0,21.14,9.97
2020-06-18,863.54,23375.2,2219.89,30.18,19.1,7.16
2020-06-19,757.08,23638.1,2220.02,0.0,13.15,4.61
2020-06-20,634.83,23827.6,2220.11,0.0,12.11,3.77
2020-06-21,549.0,23965.7,2220.18,0.13,15.61,5.46
2020-06-22,553.18,24106.2,2220.25,0.0,12.78,0.75
2020-06-23,623.84,24289.2,2220.34,0.0,15.71,3.84
2020-06-24,622.59,24471.4,2220.44,0.0,18.17,6.78
2020-06-25,585.32,24631.2,2220.52,0.0,18.37,7.81
2020-06-26,589.22,24793.4,2220.6,0.0,19.7,8.93
2020-06-27,615.71,24971.5,2220.69,0.0,19.85,9.79
2020-06-28,668.97,25181.5,2220.79,0.0,20.05,9.89
2020-06-29,666.34,25390.0,2220.89,0.0,21.19,11.45
2020-06-30,570.62,25541.0,2220.97,0.0,17.44,9.02
2020-07-01,615.58,25719.0,2221.06,10.56,15.3,2.47
2020-07-02,666.2,25927.4,2221.16,0.0,18.87,7.39
2020-07-03,646.41,26123.9,2221.26,0.0,17.8,7.75
2020-07-04,589.83,26286.4,2221.34,0.0,15.27,7.17
2020-07-05,589.02,26448.5,2221.42,2.75,17.8,5.92
2020-07-06,517.42,26567.6,2221.48,0.0,17.23,8.37
2020-07-07,549.73,26706.1,2221.55,0.0,19.69,6.81
2020-07-08,487.92,26807.5,2221.6,0.0,20.2,10.18
2020-07-09,477.85,26902.9,2221.65,0.0,18.43,9.25
2020-07-10,426.81,26967.6,2221.68,0.0,21.01,9.37
2020-07-11,453.01,27048.0,2221.72,0.0,17.0,4.86
2020-07-12,462.6,27134.3,2221.77,0.0,20.26,9.72
2020-07-13,407.24,27187.3,2221.79,0.0,19.84,10.65
2020-07-14,391.53,27230.8,2221.82,0.0,18.89,10.2
2020-07-15,358.53,27254.6,2221.83,1.65,21.88,10.93
2020-07-16,358.08,27278.1,2221.84,0.0,27.63,15.63
2020-07-17,371.41,27309.6,2221.85,3.1,27.57,14.73
2020-07-18,328.31,27315.2,2221.86,0.0,27.21,16.59
2020-07-19,344.54,27330.6,2221.87,0.0,23.19,10.79
2020-07-20,400.54,27379.6,2221.89,2.69,21.06,9.85
2020-07-21,400.64,27428.6,2221.91,0.0,24.48,12.02
2020-07-22,382.76,27466.9,2221.93,0.0,21.77,8.92
2020-07-23,389.69,27509.4,2221.95,0.0,18.4,7.21
2020-07-24,409.47,27563.7,2221.98,0.0,17.67,6.71
2020-07-25,391.79,27607.4,2222.0,0.0,23.82,12.65
2020-07-26,421.84,27669.2,2222.03,0.0,24.97,14.5
2020-07-27,420.81,27730.3,2222.07,0.0,19.39,10.55
2020-07-28,450.32,27809.2,2222.1,6.37,24.63,13.6
2020-07-29,424.77,27872.7,2222.14,0.0,24.03,12.51
2020-07-30,429.93,27939.3,2222.17,0.0,25.46,14.42
2020-07-31,420.8,28000.4,2222.2,0.0,23.32,9.27
2020-08-01,393.95,28045.5,2222.22,0.0,21.27,9.18
2020-08-02,386.51,28086.0,2222.24,0.0,24.14,12.8
2020-08-03,348.79,28103.9,2222.25,0.46,21.76,13.0
2020-08-04,385.71,28144.0,2222.27,1.62,14.91,4.85
2020-08-05,404.3,28195.2,2222.3,0.0,13.65,3.39
2020-08-06,388.81,28237.2,2222.32,0.0,19.16,8.88
2020-08-07,445.63,28313.2,2222.36,1.72,19.54,9.1
2020-08-08,459.98,28397.9,2222.4,0.0,17.14,6.81
2020-08-09,453.39,28478.5,2222.44,0.0,23.01,11.8
2020-08-10,390.94,28521.8,2222.46,0.0,24.8,9.7
2020-08-11,429.38,28588.0,2222.49,0.0,16.75,6.23
2020-08-12,423.91,28651.0,2222.53,0.0,17.92,9.43
2020-08-13,431.97,28718.9,2222.56,0.0,22.57,10.59
2020-08-14,457.95,28802.3,2222.6,0.0,21.98,11.07
2020-08-15,454.85,28883.8,2222.64,0.0,20.78,9.35
2020-08-16,417.98,28943.3,2222.67,0.0,22.14,12.93
2020-08-17,407.22,28996.3,2222.7,0.0,23.82,13.55
2020-08-18,381.88,29034.1,2222.72,0.0,23.65,12.26
2020-08-19,329.68,29040.5,2222.72,0.0,22.86,9.04
2020-08-20,296.95,29027.3,2222.71,3.92,17.76,6.21
2020-08-21,248.11,28984.8,2222.69,0.0,18.42,5.84
2020-08-22,259.53,28949.2,2222.67,0.0,20.64,7.76
2020-08-23,265.85,28917.4,2222.66,1.21,20.31,7.8
2020-08-24,270.67,28888.4,2222.64,0.0,19.91,10.15
2020-08-25,288.02,28869.9,2222.63,0.0,18.96,8.77
2020-08-26,294.32,28855.1,2222.63,1.98,16.48,5.41
2020-08-27,289.53,28837.5,2222.62,0.0,17.57,5.65
2020-08-28,282.52,28815.7,2222.61,0.0,23.8,13.96
2020-08-29,277.4,28790.8,2222.6,0.0,24.55,13.86
2020-08-30,282.24,28768.8,2222.58,2.8,25.15,13.76
2020-08-31,274.83,28742.3,2222.57,0.0,22.21,11.24
2020-09-01,281.83,28720.1,2222.56,0.0,19.32,12.47
2020-09-02,286.64,28700.7,2222.55,0.0,24.1,10.27
2020-09-03,263.97,28667.7,2222.53,0.0,16.08,5.77
2020-09-04,256.17,28630.1,2222.52,0.0,18.09,8.97
2020-09-05,253.56,28590.9,2222.5,0.0,18.92,6.75
2020-09-06,220.43,28531.8,2222.47,0.0,16.31,7.31
2020-09-07,191.36,28455.2,2222.43,0.0,17.75,7.85
2020-09-08,180.71,28372.3,2222.39,0.0,19.73,7.27
2020-09-09,200.32,28301.2,2222.35,0.0,23.77,11.45
2020-09-10,176.04,28215.4,2222.31,0.0,22.53,10.44
2020-09-11,178.94,28131.5,2222.27,0.0,11.13,0.85
2020-09-12,159.35,28035.7,2222.22,0.0,7.15,-3.05
2020-09-13,182.42,27953.8,2222.18,0.0,7.36,-3.97
2020-09-14,153.94,27854.8,2222.13,0.0,7.28,-4.03
2020-09-15,163.67,27761.7,2222.08,0.0,5.5,-7.37
2020-09-16,149.01,27659.7,2222.03,0.0,10.25,-2.18
2020-09-17,143.58,27554.5,2221.98,0.0,15.29,1.84
2020-09-18,132.48,27442.7,2221.92,0.0,14.36,3.92
2020-09-19,149.84,27341.2,2221.87,0.0,14.13,5.83
2020-09-20,128.33,27226.9,2221.81,0.0,11.74,0.72
2020-09-21,139.35,27119.2,2221.76,0.0,13.27,3.71
2020-09-22,123.16,27001.7,2221.7,0.0,18.47,8.94
2020-09-23,118.22,26881.3,2221.64,0.0,15.43,5.75
2020-09-24,120.45,26762.2,2221.58,0.0,18.73,7.28
2020-09-25,97.66,26629.4,2221.51,0.0,15.74,3.36
2020-09-26,102.22,26499.4,2221.45,0.0,9.92,-2.21
2020-09-27,106.33,26371.9,2221.39,0.0,10.15,-0.84
2020-09-28,107.15,26244.8,2221.32,0.0,11.62,0.33
2020-09-29,107.17,26117.8,2221.26,0.0,10.57,-2.03
2020-09-30,117.42,25996.9,2221.2,0.0,11.88,-1.34
2020-10-01,120.78,25878.0,2221.14,0.0,7.72,-3.78
2020-10-02,125.36,25761.9,2221.08,0.0,13.25,3.6
2020-10-03,129.85,25648.4,2221.02,0.0,15.1,5.0
2020-10-04,131.21,25535.8,2220.97,0.0,14.26,1.99
2020-10-05,189.6,25458.2,2220.93,19.92,15.49,4.27
2020-10-06,199.06,25386.3,2220.89,0.0,12.89,0.87
2020-10-07,213.18,25322.9,2220.86,0.0,12.29,4.91
2020-10-08,207.36,25255.9,2220.83,0.0,17.13,6.63
2020-10-09,215.23,25193.7,2220.8,0.0,10.58,1.7
2020-10-10,220.35,25134.6,2220.77,11.42,9.64,-2.65
2020-10-11,202.41,25064.7,2220.73,0.0,13.64,1.27
2020-10-12,204.41,24996.0,2220.7,0.0,12.72,4.59
2020-10-13,209.21,24930.1,2220.67,0.0,18.3,7.44
2020-10-14,213.9,24867.1,2220.63,0.0,11.02,0.59
2020-10-15,228.31,24812.8,2220.61,0.0,12.5,2.1
2020-10-16,229.03,24758.8,2220.58,0.0,9.99,-0.59
2020-10-17,214.79,24696.4,2220.55,0.0,4.47,-4.91
2020-10-18,223.36,24639.0,2220.52,4.03,3.62,-5.63
2020-10-19,229.89,24585.6,2220.49,0.0,7.49,-3.05
2020-10-20,241.96,24539.5,2220.47,0.0,9.38,-4.55
2020-10-21,274.42,24512.8,2220.46,0.0,9.08,-1.53
2020-10-22,271.18,24484.1,2220.44,0.0,7.87,-3.95
2020-10-23,295.29,24469.9,2220.43,0.0,11.98,1.56
2020-10-24,307.71,24463.2,2220.43,0.0,8.71,-0.34
2020-10-25,272.74,24435.5,2220.42,0.0,8.97,-2.9
2020-10-26,261.86,24401.3,2220.4,0.0,4.53,-4.55
2020-10-27,230.04,24348.0,2220.37,0.0,9.63,-2.16
2020-10-28,219.17,24288.1,2220.34,0.0,8.44,-2.31
2020-10-29,190.74,24211.2,2220.31,0.0,5.82,-6.38
2020-10-30,226.55,24155.8,2220.28,0.0,2.66,-8.94
2020-10-31,254.26,24117.0,2220.26,0.0,3.71,-5.28
2020-11-01,236.85,24067.8,2220.23,0.0,3.92,-7.95
2020-11-02,227.83,24013.1,2220.21,0.0,5.94,-2.91
2020-11-03,231.72,23960.8,2220.18,0.0,4.49,-7.93
2020-11-04,254.62,23922.2,2220.16,0.0,9.13,-0.83
2020-11-05,255.49,23884.2,2220.14,0.0,10.13,2.32
2020-11-06,218.04,23823.6,2220.11,0.0,11.27,-0.47
2020-11-07,195.9,23749.8,2220.07,0.37,7.06,-1.38
2020-11-08,222.84,23692.2,2220.05,0.0,5.33,-4.09
2020-11-09,239.87,23644.7,2220.02,0.0,7.68,-5.12
2020-11-10,228.55,23590.5,2220.0,0.0,5.86,-3.24
2020-11-11,198.31,23518.2,2219.96,0.0,10.96,-2.9
2020-11-12,232.18,23466.1,2219.93,0.0,4.29,-5.25
2020-11-13,216.46,23404.6,2219.9,0.0,3.52,-4.43
2020-11-14,199.5,23333.0,2219.87,0.0,4.97,-6.59
2020-11-15,208.17,23266.6,2219.83,0.0,4.37,-7.03
2020-11-16,201.05,23195.8,2219.8,0.0,-1.45,-11.34
2020-11-17,193.46,23120.6,2219.76,0.0,2.39,-10.38
2020-11-18,185.23,23040.4,2219.72,0.0,-0.38,-12.28
2020-11-19,187.85,22961.7,2219.68,0.0,1.35,-8.4
2020-11-20,165.42,22869.6,2219.63,0.0,0.04,-11.87
2020-11-21,170.93,22780.8,2219.59,0.0,5.62,-5.72
2020-11-22,159.46,22685.2,2219.54,0.0,2.39,-5.7
2020-11-23,142.75,22579.5,2219.49,0.0,0.36,-10.09
2020-11-24,154.39,22480.7,2219.44,0.0,-1.9,-13.91
2020-11-25,176.6,22395.3,2219.4,0.0,-3.69,-14.45
2020-11-26,193.6,22320.2,2219.36,0.0,-3.95,-12.71
2020-11-27,167.51,22229.3,2219.31,0.0,-4.88,-15.54
2020-11-28,173.66,22142.2,2219.27,0.0,-5.16,-15.26
2020-11-29,185.02,22061.8,2219.23,0.0,-3.34,-14.36
2020-11-30,173.75,21974.7,2219.19,0.0,-1.71,-13.0
2020-12-01,164.47,21882.1,2219.14,0.0,-6.04,-17.1
2020-12-02,182.06,21799.9,2219.1,1.59,-6.4,-16.43
2020-12-03,184.83,21719.5,2219.06,0.0,-3.38,-17.5
2020-12-04,220.56,21660.5,2219.03,4.99,1.49,-10.39
2020-12-05,234.0,21609.5,2219.0,0.0,-2.34,-10.09
2020-12-06,214.38,21546.8,2218.97,0.0,-0.33,-12.77
2020-12-07,218.83,21486.8,2218.94,1.94,-1.72,-11.87
2020-12-08,226.2,21431.1,2218.92,0.0,2.08,-9.75
2020-12-09,246.79,21387.9,2218.89,0.0,-1.78,-14.36
2020-12-10,246.41,21344.3,2218.87,0.0,-0.22,-13.32
2020-12-11,249.77,21302.9,2218.85,0.0,-3.65,-13.23
2020-12-12,236.08,21253.2,2218.83,0.0,-4.0,-13.76
2020-12-13,238.38,21204.8,2218.8,0.0,2.46,-9.5
2020-12-14,243.53,21159.6,2218.78,0.0,4.12,-7.27
2020-12-15,238.22,21111.2,2218.76,0.0,2.47,-9.91
2020-12-16,218.18,21050.8,2218.73,0.0,-3.3,-13.86
2020-12-17,194.0,20975.8,2218.69,0.0,-6.31,-17.93
2020-12-18,217.38,20914.9,2218.66,0.0,-6.22,-18.67
2020-12-19,220.58,20855.9,2218.63,0.0,-7.09,-17.47
2020-12-20,233.39,20804.6,2218.6,0.0,-3.34,-17.08
2020-12-21,221.37,20746.0,2218.57,0.0,-4.29,-13.07
2020-12-22,232.67,20694.3,2218.55,0.0,-3.15,-13.18
2020-12-23,247.22,20651.3,2218.53,0.0,-1.6,-13.25
2020-12-24,238.34,20602.9,2218.5,8.37,-3.92,-13.86
2020-12-25,197.52,20530.1,2218.47,0.0,-0.84,-12.42
2020-12-26,199.58,20458.5,2218.43,0.0,2.55,-5.95
2020-12-27,190.58,20381.5,2218.39,1.54,3.46,-5.09
2020-12-28,188.92,20303.5,2218.35,0.0,2.01,-9.75
2020-12-29,202.62,20233.7,2218.32,0.0,-2.77,-12.9
2020-12-30,197.44,20160.8,2218.28,0.0,-4.51,-11.26
2020-12-31,181.75,20078.5,2218.24,0.0,-5.71,-17.24
2021-01-01,158.77,19982.4,2218.19,0.0,-2.98,-15.77
2021-01-02,152.67,19882.7,2218.14,0.0,-1.97,-13.82
2021-01-03,138.86,19774.7,2218.09,0.0,0.3,-11.58
2021-01-04,151.35,19674.1,2218.04,0.0,0.1,-11.35
2021-01-05,148.12,19571.6,2217.99,0.52,-5.17,-15.14
2021-01-06,158.02,19475.1,2217.94,0.0,-4.81,-17.65
2021-01-07,184.36,19394.4,2217.9,0.0,-7.3,-16.57
2021-01-08,191.37,19317.9,2217.86,0.0,-7.14,-17.39
2021-01-09,177.33,19232.9,2217.82,0.0,-3.13,-13.79
2021-01-10,205.21,19164.7,2217.78,0.0,-2.06,-13.9
2021-01-11,203.18,19095.2,2217.75,0.0,-2.38,-11.01
2021-01-12,209.59,19029.6,2217.71,0.0,-7.09,-18.02
2021-01-13,188.79,18951.6,2217.68,0.0,-7.78,-20.66
2021-01-14,185.44,18871.5,2217.64,0.0,-7.31,-14.37
2021-01-15,190.29,18794.3,2217.6,0.0,-5.52,-17.01
2021-01-16,186.37,18714.8,2217.56,0.0,-0.92,-12.97
2021-01-17,186.38,18635.3,2217.52,0.64,-9.81,-18.24
2021-01-18,198.87,18563.2,2217.48,0.0,-3.65,-11.73
2021-01-19,202.91,18493.6,2217.45,0.0,-1.93,-12.43
2021-01-20,202.89,18424.0,2217.41,0.0,0.88,-9.26
2021-01-21,212.55,18360.2,2217.38,0.0,-3.92,-13.54
2021-01-22,199.33,18288.4,2217.34,0.0,-1.55,-11.92
2021-01-23,176.4,18202.9,2217.3,0.0,-0.66,-11.73
2021-01-24,165.03,18110.6,2217.26,0.0,-0.22,-12.33
2021-01-25,153.21,18011.2,2217.21,0.0,3.52,-8.27
2021-01-26,139.24,17903.4,2217.15,0.0,-0.55,-8.15
2021-01-27,160.61,17808.4,2217.1,0.0,6.08,-4.58
2021-01-28,144.23,17703.6,2217.05,0.0,3.09,-8.01
2021-01-29,145.69,17599.6,2217.0,0.0,-0.43,-10.02
2021-01-30,163.62,17506.5,2216.95,0.0,-1.36,-13.29
2021-01-31,163.78,17413.4,2216.91,0.0,1.61,-9.28
2021-02-01,180.7,17330.5,2216.87,0.0,0.04,-8.78
2021-02-02,193.65,17255.3,2216.83,0.0,-2.34,-14.55
2021-02-03,227.73,17200.6,2216.8,0.0,-4.05,-16.04
2021-02-04,223.25,17143.2,2216.77,0.0,-4.08,-14.89
2021-02-05,197.96,17070.6,2216.74,0.0,-1.25,-11.02
2021-02-06,213.99,17007.7,2216.7,0.0,4.53,-6.26
2021-02-07,217.7,16946.9,2216.67,0.0,-1.07,-11.51
2021-02-08,197.51,16874.1,2216.64,0.0,-1.25,-14.34
2021-02-09,165.93,16782.3,2216.59,0.0,-3.19,-12.83
2021-02-10,158.45,16686.0,2216.54,0.0,-6.21,-17.65
2021-02-11,169.62,16596.4,2216.5,1.83,-0.01,-13.81
2021-02-12,146.29,16492.9,2216.45,0.0,-3.32,-14.43
2021-02-13,169.52,16403.2,2216.4,8.57,-0.29,-11.89
2021-02-14,162.17,16309.2,2216.35,4.33,-0.78,-12.61
2021-02-15,169.03,16219.2,2216.31,0.0,-2.35,-13.34
2021-02-16,157.72,16122.5,2216.26,0.0,-2.99,-14.78
2021-02-17,164.45,16029.9,2216.21,0.0,-3.96,-14.96
2021-02-18,181.9,15947.6,2216.17,3.09,-7.38,-16.45
2021-02-19,155.41,15849.5,2216.12,0.0,-3.81,-16.39
2021-02-20,148.52,15747.3,2216.07,0.0,-1.08,-12.54
2021-02-21,173.43,15660.0,2216.03,14.12,-4.4,-13.89
2021-02-22,183.02,15578.5,2215.99,5.35,-0.05,-8.04
2021-02-23,168.55,15488.3,2215.94,0.0,-1.25,-12.11
2021-02-24,168.5,15398.0,2215.9,2.55,-6.53,-16.31
2021-02-25,152.45,15298.1,2215.85,0.0,-7.82,-19.14
2021-02-26,148.06,15195.6,2215.8,0.0,-8.61,-21.98
2021-02-27,142.9,15090.0,2215.75,0.0,-5.77,-15.59
2021-02-28,139.68,14982.5,2215.69,0.0,-1.28,-13.98
2021-03-01,144.23,14877.7,2215.64,0.0,-0.03,-11.66
2021-03-02,135.67,14767.7,2215.58,0.0,-1.32,-11.75
2021-03-03,151.36,14667.2,2215.53,6.25,-1.92,-14.27
2021-03-04,151.67,14566.8,2215.48,0.0,-0.14,-10.16
2021-03-05,140.45,14459.8,2215.43,0.0,2.87,-9.11
2021-03-06,150.06,14358.4,2215.38,0.0,3.08,-8.8
2021-03-07,128.05,14243.9,2215.32,0.0,5.8,-7.51
2021-03-08,125.19,14127.7,2215.26,0.0,3.82,-8.33
2021-03-09,136.33,14018.1,2215.21,5.68,3.51,-4.09
2021-03-10,130.61,13905.2,2215.15,0.0,8.65,-1.2
2021-03-11,144.33,13800.4,2215.1,5.92,5.64,-4.75
2021-03-12,110.54,13675.4,2215.04,0.0,3.42,-7.7
2021-03-13,106.22,13547.8,2214.97,0.0,6.68,-2.8
2021-03-14,112.32,13423.8,2214.91,0.0,1.3,-9.65
2021-03-15,113.92,13300.8,2214.85,1.6,1.6,-9.89
2021-03-16,105.0,13172.5,2214.79,0.0,0.84,-10.34
2021-03-17,106.14,13044.8,2214.72,0.0,-4.66,-13.15
2021-03-18,97.18,12911.8,2214.66,0.0,-0.63,-10.08
2021-03-19,97.07,12778.6,2214.59,2.61,-0.41,-10.19
2021-03-20,97.56,12645.8,2214.52,1.74,2.18,-7.26
2021-03-21,102.58,12516.0,2214.46,0.0,1.56,-8.06
2021-03-22,104.27,12387.2,2214.39,0.0,6.63,-6.56
2021-03-23,109.41,12261.5,2214.33,2.41,3.23,-7.22
2021-03-24,107.03,12134.4,2214.27,0.0,9.66,-0.87
2021-03-25,113.45,12011.1,2214.21,0.0,8.09,-3.76
2021-03-26,116.79,11889.9,2214.14,5.22,9.9,-2.84
2021-03-27,128.14,11775.4,2214.09,1.11,4.91,-6.7
2021-03-28,126.19,11659.8,2214.03,0.0,2.71,-9.54
2021-03-29,140.95,11553.0,2213.98,6.53,1.81,-8.65
2021-03-30,148.43,11450.7,2213.93,0.0,5.45,-7.61
2021-03-31,146.9,11347.5,2213.87,0.0,8.64,0.36
2021-04-01,153.62,11248.3,2213.82,0.0,4.32,-5.14
2021-04-02,144.13,11143.4,2213.77,0.0,5.82,-6.67
2021-04-03,151.49,11043.0,2213.72,0.0,3.83,-5.79
2021-04-04,158.74,10946.9,2213.67,0.0,6.64,-1.63
2021-04-05,160.07,10851.6,2213.63,3.17,6.71,-5.76
2021-04-06,171.04,10762.9,2213.58,4.1,7.05,-3.88
2021-04-07,174.32,10676.1,2213.54,0.0,8.58,-1.97
2021-04-08,179.37,10592.4,2213.5,0.0,12.09,-3.39
2021-04-09,185.93,10512.6,2213.46,0.0,11.73,-0.58
2021-04-10,176.87,10427.4,2213.41,0.0,8.54,-2.82
2021-04-11,209.13,10361.5,2213.38,0.0,5.82,-7.85
2021-04-12,229.5,10307.8,2213.35,0.0,8.5,-2.78
2021-04-13,216.46,10246.4,2213.32,0.0,10.4,-3.19
2021-04-14,233.92,10195.4,2213.3,0.0,4.83,-6.44
2021-04-15,240.53,10148.3,2213.27,0.0,1.18,-10.55
2021-04-16,279.97,10125.0,2213.26,0.41,5.62,-6.97
2021-04-17,306.25,10117.4,2213.26,3.51,2.3,-6.18
2021-04-18,317.11,10116.3,2213.26,0.0,5.97,-6.1
2021-04-19,431.05,10183.6,2213.29,22.66,7.11,-2.91
2021-04-20,412.76,10239.9,2213.32,0.0,7.4,-5.97
2021-04-21,429.58,10306.3,2213.35,0.0,9.76,0.25
2021-04-22,428.27,10371.9,2213.39,0.0,11.03,-0.58
2021-04-23,439.33,10444.1,2213.42,0.0,5.97,-2.95
2021-04-24,476.64,10538.8,2213.47,0.0,7.61,-4.15
2021-04-25,487.32,10639.8,2213.52,0.0,6.84,-2.81
2021-04-26,456.35,10722.3,2213.56,0.0,7.66,-2.57
2021-04-27,497.19,10829.2,2213.61,5.18,9.62,-0.73
2021-04-28,443.64,10904.1,2213.65,0.0,13.81,-0.84
2021-04-29,409.72,10958.6,2213.68,0.0,12.78,1.38
2021-04-30,442.48,11032.7,2213.72,0.0,16.32,4.44
2021-05-01,463.65,11119.5,2213.76,0.0,16.63,1.58
2021-05-02,419.21,11179.7,2213.79,0.0,16.38,4.83
2021-05-03,421.3,11241.1,2213.82,0.0,12.31,0.01
2021-05-04,423.7,11304.0,2213.85,0.0,14.56,3.79
2021-05-05,516.9,11422.8,2213.91,0.0,13.9,2.59
2021-05-06,550.46,11561.7,2213.98,0.0,16.65,6.77
2021-05-07,496.48,11668.3,2214.03,0.0,16.56,4.46
2021-05-08,454.35,11749.5,2214.07,0.0,12.08,3.24
2021-05-09,450.63,11828.6,2214.11,0.0,17.1,7.36
2021-05-10,483.27,11927.2,2214.16,8.07,9.79,-0.32
2021-05-11,482.95,12025.6,2214.21,0.0,12.49,1.9
2021-05-12,452.52,12105.8,2214.25,0.0,11.44,-1.11
2021-05-13,518.95,12225.8,2214.31,3.36,13.54,1.0
2021-05-14,598.91,12393.8,2214.4,14.7,9.64,1.04
2021-05-15,592.76,12558.1,2214.48,1.95,11.81,1.18
2021-05-16,541.94,12691.9,2214.55,1.73,14.07,4.63
2021-05-17,430.26,12758.7,2214.58,0.0,12.63,1.98
2021-05-18,376.74,12793.4,2214.6,0.0,12.98,3.63
2021-05-19,453.22,12874.0,2214.64,16.51,17.01,4.45
2021-05-20,447.76,12951.3,2214.68,0.0,14.18,2.38
2021-05-21,419.07,13011.4,2214.71,0.0,11.74,1.0
2021-05-22,385.86,13051.5,2214.73,0.0,16.51,4.75
2021-05-23,383.59,13090.4,2214.75,0.0,16.42,5.46
2021-05-24,404.5,13141.7,2214.77,0.0,14.87,2.99
2021-05-25,421.47,13203.2,2214.8,0.0,17.16,7.29
2021-05-26,421.56,13264.8,2214.83,0.0,19.14,8.38
2021-05-27,536.4,13395.3,2214.9,6.43,22.98,12.07
2021-05-28,637.62,13586.5,2214.99,22.62,27.51,15.23
2021-05-29,579.65,13743.0,2215.07,0.0,23.44,12.96
2021-05-30,534.55,13872.4,2215.14,0.0,22.44,11.3
2021-05-31,617.37,14051.4,2215.23,0.43,26.69,14.25
2021-06-01,650.9,14250.6,2215.33,0.0,23.61,11.8
2021-06-02,602.5,14420.8,2215.41,0.0,20.96,10.13
2021-06-03,600.76,14589.9,2215.49,0.0,23.13,12.77
2021-06-04,581.82,14747.6,2215.57,0.48,29.84,16.37
2021-06-05,550.66,14886.7,2215.64,0.0,30.26,18.59
2021-06-06,559.8,15031.2,2215.72,1.08,27.3,17.47
2021-06-07,502.66,15141.5,2215.77,0.0,28.3,13.93
2021-06-08,462.35,15227.5,2215.81,5.42,19.93,8.7
2021-06-09,468.53,15317.3,2215.86,0.0,21.36,12.06
2021-06-10,474.33,15410.5,2215.91,0.0,22.22,12.37
2021-06-11,439.59,15482.9,2215.94,0.0,22.9,11.1
2021-06-12,429.9,15549.5,2215.97,0.0,22.46,12.06
2021-06-13,397.53,15596.7,2216.0,0.0,19.43,8.43
2021-06-14,394.12,15641.8,2216.02,0.0,20.34,9.21
2021-06-15,384.7,15681.3,2216.04,0.0,23.71,12.68
2021-06-16,396.58,15727.9,2216.06,0.0,22.81,12.42
2021-06-17,447.85,15805.2,2216.1,0.94,26.0,14.41
2021-06-18,437.63,15876.5,2216.14,0.0,18.84,11.05
2021-06-19,400.44,15925.4,2216.16,0.0,15.44,7.29
2021-06-20,427.53,15990.6,2216.2,0.0,20.71,6.8
2021-06-21,558.55,16134.3,2216.27,3.05,18.86,8.1
2021-06-22,542.94,16268.8,2216.33,0.0,24.06,11.0
2021-06-23,473.31,16361.4,2216.38,2.74,21.26,9.69
2021-06-24,496.38,16467.9,2216.43,7.75,24.5,13.11
2021-06-25,626.74,16652.6,2216.53,13.15,17.83,8.62
2021-06-26,534.73,16782.1,2216.59,0.0,18.56,8.98
2021-06-27,545.01,16917.7,2216.66,0.0,15.97,5.34
2021-06-28,537.16,17048.7,2216.72,0.0,18.67,6.48
2021-06-29,537.36,17179.7,2216.79,0.0,22.09,12.48
2021-06-30,546.76,17316.4,2216.86,0.0,19.27,11.6
2021-07-01,521.6,17438.0,2216.92,0.0,24.11,16.17
2021-07-02,591.7,17601.7,2217.0,0.0,21.33,9.53
2021-07-03,553.78,17742.6,2217.07,0.21,23.48,10.51
2021-07-04,500.77,17851.7,2217.13,0.0,19.53,9.15
2021-07-05,562.33,17997.8,2217.2,0.0,15.95,5.2
2021-07-06,518.13,18117.3,2217.26,0.0,19.14,6.61
2021-07-07,616.15,18295.7,2217.35,0.0,21.71,10.02
2021-07-08,561.91,18441.5,2217.42,0.0,25.58,15.77
2021-07-09,489.78,18544.0,2217.47,0.0,20.25,12.01
2021-07-10,491.39,18647.5,2217.52,0.0,19.07,6.22
2021-07-11,602.77,18817.8,2217.61,12.4,18.24,3.82
2021-07-12,568.24,18967.4,2217.68,2.77,20.19,9.3
2021-07-13,552.48,19107.5,2217.75,0.0,22.3,10.35
2021-07-14,503.49,19218.2,2217.81,0.0,21.18,9.12
2021-07-15,493.37,19322.9,2217.86,0.0,20.18,10.19
2021-07-16,441.85,19396.7,2217.9,0.0,24.7,13.67
2021-07-17,394.07,19441.8,2217.92,0.0,24.27,11.87
2021-07-18,512.6,19558.0,2217.98,12.18,22.31,11.93
2021-07-19,550.51,19696.9,2218.05,0.74,24.01,14.66
2021-07-20,488.3,19798.6,2218.1,0.87,23.09,11.67
2021-07-21,452.42,19878.7,2218.14,0.0,17.93,8.23
2021-07-22,413.28,19935.3,2218.17,0.38,21.78,13.27
2021-07-23,365.87,19963.5,2218.18,0.0,20.38,10.95
2021-07-24,369.18,19993.6,2218.2,1.02,26.51,15.49
2021-07-25,465.88,20081.8,2218.24,0.0,31.41,19.77
2021-07-26,471.33,20173.3,2218.29,0.0,32.22,23.12
2021-07-27,553.23,20313.9,2218.36,2.59,31.88,21.33
2021-07-28,608.49,20487.6,2218.44,0.0,29.69,17.88
2021-07-29,585.65,20647.6,2218.52,0.36,23.75,10.18
2021-07-30,562.94,20794.1,2218.6,0.04,22.44,12.65
2021-07-31,509.55,20908.4,2218.65,0.0,28.19,17.08
2021-08-01,456.4,20990.9,2218.7,0.0,25.06,14.86
2021-08-02,426.78,21055.6,2218.73,0.0,28.73,18.7
2021-08-03,409.96,21110.3,2218.76,1.41,25.89,13.41
2021-08-04,403.02,21160.7,2218.78,0.0,27.24,17.13
2021-08-05,399.39,21209.0,2218.8,6.37,28.22,16.17
2021-08-06,409.18,21263.2,2218.83,16.34,27.72,16.64
2021-08-07,404.25,21314.4,2218.86,0.52,21.85,10.54
2021-08-08,324.51,21317.7,2218.86,0.0,22.31,10.4
2021-08-09,307.34,21310.8,2218.86,0.0,24.65,11.78
2021-08-10,335.47,21320.7,2218.86,0.41,22.94,10.06
2021-08-11,344.9,21336.3,2218.87,2.76,18.38,7.71
2021-08-12,361.74,21362.0,2218.88,0.0,18.47,8.15
2021-08-13,408.64,21415.8,2218.91,5.81,23.89,12.43
2021-08-14,436.12,21486.2,2218.94,0.0,23.73,13.43
2021-08-15,470.97,21577.4,2218.99,0.0,21.75,9.12
2021-08-16,486.65,21678.0,2219.04,0.0,21.71,13.33
2021-08-17,488.5,21779.8,2219.09,0.0,21.4,11.56
2021-08-18,476.53,21874.4,2219.14,0.0,18.08,9.04
2021-08-19,451.06,21953.7,2219.18,0.0,21.21,8.58
2021-08-20,418.58,22013.5,2219.21,1.79,18.98,11.28
2021-08-21,411.47,22069.0,2219.23,0.0,19.3,6.95
2021-08-22,462.59,22155.2,2219.28,0.0,21.67,8.93
2021-08-23,469.51,22245.6,2219.32,0.0,21.67,9.97
2021-08-24,447.82,22322.9,2219.36,0.0,18.25,11.12
2021-08-25,558.53,22466.7,2219.43,8.68,21.66,8.27
2021-08-26,474.96,22560.3,2219.48,0.0,19.84,8.58
2021-08-27,365.9,22588.5,2219.49,0.0,18.45,6.0
2021-08-28,360.51,22613.4,2219.51,0.0,20.01,8.82
2021-08-29,370.17,22644.2,2219.52,7.02,18.98,6.51
2021-08-30,345.18,22659.9,2219.53,0.0,24.9,10.03
2021-08-31,327.3,22665.0,2219.53,0.0,19.49,8.71
2021-09-01,326.54,22669.6,2219.53,0.0,22.17,10.93
2021-09-02,350.24,22688.3,2219.54,3.58,20.9,8.97
2021-09-03,314.28,22685.6,2219.54,0.0,19.26,8.03
2021-09-04,333.9,22694.6,2219.55,0.0,21.13,10.28
2021-09-05,312.21,22690.5,2219.55,0.0,16.31,4.04
2021-09-06,312.53,22686.7,2219.54,0.0,15.35,2.99
2021-09-07,345.85,22702.9,2219.55,0.0,15.4,4.24
2021-09-08,307.75,22696.2,2219.55,0.0,16.34,5.22
2021-09-09,264.05,22663.2,2219.53,0.0,18.93,4.55
2021-09-10,243.57,22618.0,2219.51,1.09,12.58,0.86
2021-09-11,262.66,22584.3,2219.49,0.0,11.71,-0.81
2021-09-12,257.63,22547.5,2219.47,0.0,10.75,-2.31
2021-09-13,246.42,22504.0,2219.45,0.0,12.03,0.24
2021-09-14,261.96,22469.8,2219.43,0.0,15.19,4.41
2021-09-15,269.13,22440.0,2219.42,0.0,11.06,0.02
2021-09-16,285.12,22419.7,2219.41,1.2,8.63,-0.4
2021-09-17,252.6,22379.9,2219.39,0.0,14.28,0.22
2021-09-18,224.14,22323.0,2219.36,0.0,12.81,0.75
2021-09-19,216.22,22261.4,2219.33,0.0,8.73,-4.01
2021-09-20,224.95,22205.0,2219.3,4.87,6.29,-5.31
2021-09-21,220.46,22146.0,2219.27,0.0,2.79,-9.41
2021-09-22,194.49,22071.3,2219.24,0.0,4.24,-7.92
2021-09-23,208.01,22004.8,2219.2,0.0,4.01,-5.96
2021-09-24,250.07,21963.5,2219.18,0.0,11.33,-1.38
2021-09-25,258.01,21926.9,2219.16,0.0,8.74,-1.25
2021-09-26,219.11,21867.0,2219.13,0.0,11.59,-0.72
2021-09-27,227.07,21811.9,2219.11,0.0,15.28,2.61
2021-09-28,224.51,21755.3,2219.08,0.0,14.76,1.57
2021-09-29,212.88,21691.7,2219.05,0.0,11.55,0.46
2021-09-30,213.58,21628.5,2219.01,0.0,14.97,5.98
2021-10-01,204.21,21559.6,2218.98,0.0,15.46,3.92
2021-10-02,211.38,21495.1,2218.95,0.0,19.0,7.87
2021-10-03,219.85,21435.7,2218.92,1.62,13.31,3.17
2021-10-04,241.01,21388.9,2218.89,0.0,17.52,6.45
2021-10-05,231.98,21336.8,2218.87,0.0,16.03,4.95
2021-10-06,242.51,21290.9,2218.85,3.54,13.59,3.82
2021-10-07,196.86,21217.7,2218.81,0.45,15.3,5.48
2021-10-08,193.23,21142.3,2218.77,0.0,12.68,0.1
2021-10-09,181.19,21059.6,2218.73,0.0,13.29,1.59
2021-10-10,177.86,20975.0,2218.69,0.0,12.81,1.08
2021-10-11,189.22,20897.2,2218.65,0.0,9.48,1.3
2021-10-12,199.1,20825.3,2218.61,0.0,7.08,-1.45
2021-10-13,187.9,20746.7,2218.57,0.0,6.36,-4.52
2021-10-14,200.74,20675.8,2218.54,0.0,3.71,-8.37
2021-10-15,206.15,20608.1,2218.5,0.0,4.27,-9.5
2021-10-16,190.9,20531.3,2218.47,0.0,8.23,-4.6
2021-10-17,196.97,20458.2,2218.43,0.0,8.83,-3.48
2021-10-18,215.77,20396.3,2218.4,0.0,12.11,-0.45
2021-10-19,218.42,20336.0,2218.37,0.0,7.96,-4.2
2021-10-20,198.24,20263.6,2218.33,0.0,9.74,-1.6
2021-10-21,209.12,20197.7,2218.3,2.58,7.28,-1.76
2021-10-22,195.46,20123.6,2218.26,0.0,7.79,-4.74
2021-10-23,200.5,20052.6,2218.23,0.0,8.75,-1.08
2021-10-24,203.41,19983.3,2218.19,0.0,5.35,-4.07
2021-10-25,191.93,19907.1,2218.15,0.0,3.85,-6.44
2021-10-26,222.71,19849.3,2218.12,0.0,3.68,-8.15
2021-10-27,213.08,19785.8,2218.09,0.0,4.46,-7.17
2021-10-28,211.18,19721.2,2218.06,0.0,4.97,-7.35
2021-10-29,179.47,19637.5,2218.02,0.0,2.31,-6.57
2021-10-30,171.23,19548.9,2217.97,0.0,8.63,-3.37
2021-10-31,174.91,19462.5,2217.93,0.0,2.74,-7.35
2021-11-01,247.07,19419.4,2217.91,13.42,5.36,-7.55
2021-11-02,225.5,19363.4,2217.88,0.0,6.19,-3.38
2021-11-03,201.43,19292.9,2217.85,0.0,5.84,-6.13
2021-11-04,204.96,19224.5,2217.81,0.0,3.0,-6.49
2021-11-05,205.34,19156.4,2217.78,0.0,4.96,-5.19
2021-11-06,200.35,19085.2,2217.74,0.0,8.33,-0.44
2021-11-07,211.9,19021.0,2217.71,0.0,6.87,-4.04
2021-11-08,207.64,18954.2,2217.68,2.25,1.36,-8.1
2021-11-09,196.79,18881.0,2217.64,0.0,1.06,-8.55
2021-11-10,199.34,18809.2,2217.6,0.0,0.21,-10.49
2021-11-11,223.34,18751.9,2217.58,0.0,-3.57,-13.14
2021-11-12,229.85,18698.4,2217.55,0.0,0.18,-9.88
2021-11-13,234.82,18648.0,2217.52,0.0,3.06,-10.06
2021-11-14,235.67,18598.0,2217.5,0.0,1.27,-9.39
2021-11-15,243.05,18552.5,2217.48,0.0,1.67,-6.04
2021-11-16,243.85,18507.5,2217.45,0.0,5.57,-7.6
2021-11-17,254.36,18468.7,2217.43,0.0,5.75,-3.41
2021-11-18,238.52,18420.5,2217.41,0.0,5.36,-6.73
2021-11-19,226.69,18365.2,2217.38,0.0,5.85,-4.82
2021-11-20,211.12,18300.5,2217.35,0.0,6.9,-4.78
2021-11-21,216.95,18239.3,2217.32,0.0,3.61,-6.46
2021-11-22,208.7,18173.2,2217.29,0.0,1.81,-11.16
2021-11-23,188.57,18095.0,2217.25,0.0,-5.12,-15.24
2021-11-24,180.45,18011.9,2217.21,0.0,-9.25,-19.68
2021-11-25,174.56,17925.3,2217.16,0.56,-6.35,-13.75
2021-11-26,178.32,17840.9,2217.12,0.0,-6.25,-18.22
2021-11-27,175.85,17755.1,2217.08,0.0,-2.21,-13.0
2021-11-28,206.15,17687.4,2217.04,0.0,-2.58,-11.65
2021-11-29,198.39,17615.1,2217.01,0.17,-6.62,-13.36
2021-11-30,228.55,17560.9,2216.98,10.46,-4.98,-16.31
2021-12-01,212.75,17497.2,2216.95,0.0,1.29,-9.74
2021-12-02,205.48,17429.1,2216.91,0.0,-4.26,-12.91
2021-12-03,204.07,17360.2,2216.88,0.0,-7.2,-16.44
2021-12-04,212.19,17296.2,2216.85,0.0,-7.79,-18.27
2021-12-05,221.13,17237.5,2216.82,0.0,-2.59,-11.8
2021-12-06,220.03,17178.2,2216.79,0.0,-6.32,-14.42
2021-12-07,227.8,17123.5,2216.76,0.0,-1.29,-12.8
2021-12-08,228.37,17069.2,2216.73,4.65,-3.59,-14.32
2021-12-09,210.77,17004.3,2216.7,0.0,-8.09,-20.01
2021-12-10,207.09,16937.2,2216.67,0.0,-5.33,-15.89
2021-12-11,188.17,16858.8,2216.63,0.0,-5.03,-14.7
2021-12-12,184.9,16778.4,2216.59,0.0,-2.44,-14.79
2021-12-13,224.81,16721.9,2216.56,0.0,-1.78,-12.53
2021-12-14,222.9,16664.3,2216.53,0.0,-2.39,-14.51
2021-12-15,209.98,16598.9,2216.5,0.0,-2.9,-12.76
2021-12-16,208.07,16532.4,2216.47,0.0,-0.56,-11.66
2021-12-17,202.11,16462.3,2216.43,0.0,-3.39,-14.96
2021-12-18,236.13,16412.7,2216.41,10.51,-4.72,-17.4
2021-12-19,211.6,16348.3,2216.37,0.0,-9.51,-18.84
2021-12-20,232.84,16296.6,2216.35,0.0,-0.07,-10.76
2021-12-21,226.64,16241.3,2216.32,0.0,-4.38,-16.21
2021-12-22,238.07,16192.8,2216.3,0.0,1.52,-12.82
2021-12-23,232.72,16141.0,2216.27,0.0,-2.5,-14.42
2021-12-24,216.09,16079.3,2216.24,0.0,-12.24,-20.24
2021-12-25,181.17,15996.7,2216.2,0.0,-13.84,-20.69
2021-12-26,187.14,15917.6,2216.16,0.0,-12.92,-21.55
2021-12-27,159.75,15822.1,2216.11,0.0,-8.48,-19.11
2021-12-28,180.88,15739.3,2216.07,0.0,-10.25,-19.71
2021-12-29,181.56,15656.9,2216.03,0.0,-6.89,-17.13
2021-12-30,162.01,15562.8,2215.98,3.02,-5.25,-15.81
2021-12-31,151.15,15462.1,2215.93,0.0,-5.49,-16.81
