date,inflow,storage,elevation,precip,tmax,tmin
2010-01-01,320.0,28800.0,2488.68,0.0,-4.87,-14.61
2010-01-02,310.95,28660.3,2488.62,0.0,-3.98,-12.65
2010-01-03,305.5,28517.2,2488.57,0.0,-6.93,-15.0
2010-01-04,324.15,28385.4,2488.52,0.0,-11.13,-23.91
2010-01-05,342.04,28264.3,2488.47,0.0,-11.6,-23.17
2010-01-06,334.69,28138.8,2488.42,0.0,-9.47,-20.1
2010-01-07,298.01,27991.3,2488.36,0.0,-8.41,-19.77
2010-01-08,280.25,27833.1,2488.3,0.0,-6.71,-15.28
2010-01-09,297.07,27685.0,2488.24,4.92,-7.73,-16.4
2010-01-10,341.76,27563.8,2488.2,0.0,-8.98,-19.43
2010-01-11,315.56,27426.8,2488.14,0.0,-5.35,-15.43
2010-01-12,365.75,27319.9,2488.1,12.5,-7.88,-20.59
2010-01-13,334.84,27194.5,2488.05,0.0,-6.53,-17.38
2010-01-14,348.3,27077.2,2488.01,0.0,-7.82,-17.93
2010-01-15,321.92,26944.0,2487.96,0.0,-8.95,-19.32
2010-01-16,318.78,26809.0,2487.9,0.0,-7.28,-19.46
2010-01-17,293.62,26658.8,2487.85,0.0,-7.32,-19.24
2010-01-18,306.4,26516.3,2487.79,0.0,-3.14,-12.91
2010-01-19,293.02,26365.8,2487.73,0.64,-5.2,-13.31
2010-01-20,290.42,26213.8,2487.67,0.0,-3.94,-14.15
2010-01-21,284.78,26058.3,2487.61,0.0,-4.98,-15.06
2010-01-22,299.87,25911.9,2487.56,0.05,-4.39,-15.09
2010-01-23,266.9,25745.7,2487.49,0.0,-1.99,-13.6
2010-01-24,267.0,25579.6,2487.43,0.0,-6.18,-18.24
2010-01-25,268.46,25414.4,2487.36,0.0,-10.8,-21.15
2010-01-26,256.95,25242.2,2487.3,0.0,-10.8,-21.59
2010-01-27,287.76,25088.6,2487.24,0.0,-11.45,-22.61
2010-01-28,242.01,24907.4,2487.17,0.0,-12.64,-25.36
2010-01-29,227.53,24717.6,2487.09,0.0,-16.02,-26.15
2010-01-30,234.9,24532.3,2487.02,0.0,-9.91,-21.27
2010-01-31,241.55,24350.9,2486.95,0.0,-4.18,-16.23
2010-02-01,261.51,24181.5,2486.89,0.0,-8.54,-20.01
2010-02-02,220.2,23987.3,2486.81,0.0,-10.96,-23.71
2010-02-03,241.58,23805.9,2486.74,0.0,-10.69,-20.01
2010-02-04,252.34,23631.0,2486.67,0.0,-11.32,-19.69
2010-02-05,263.56,23462.8,2486.61,0.0,-11.03,-21.9
2010-02-06,289.01,23309.9,2486.55,0.0,-8.86,-17.98
2010-02-07,284.89,23154.5,2486.49,0.0,-10.69,-20.68
2010-02-08,274.04,22992.6,2486.43,0.0,-6.46,-16.34
2010-02-09,259.04,22821.7,2486.36,8.99,-2.05,-13.39
2010-02-10,248.43,22644.5,2486.29,0.0,4.74,-8.14
2010-02-11,234.35,22458.8,2486.22,0.58,0.58,-10.44
2010-02-12,228.99,22269.8,2486.15,1.68,0.81,-10.77
2010-02-13,252.44,22095.0,2486.08,0.0,0.11,-11.82
2010-02-14,240.77,21913.1,2486.01,0.0,-6.84,-19.39
2010-02-15,247.56,21735.3,2485.94,0.0,-4.33,-13.84
2010-02-16,227.67,21545.6,2485.87,0.0,-1.64,-10.92
2010-02-17,244.89,21366.2,2485.8,0.0,-2.98,-12.16
2010-02-18,247.93,21188.7,2485.73,0.75,-5.45,-13.56
2010-02-19,203.66,20984.5,2485.65,0.0,-7.03,-18.33
2010-02-20,240.29,20802.4,2485.58,7.03,-11.4,-22.63
2010-02-21,222.25,20609.4,2485.5,0.0,-8.87,-18.87
2010-02-22,232.45,20422.6,2485.43,0.0,-8.59,-16.98
2010-02-23,223.4,20230.3,2485.36,0.0,-6.28,-17.11
2010-02-24,210.54,20030.3,2485.28,0.0,-4.49,-17.32
2010-02-25,206.26,19827.7,2485.2,0.0,-4.79,-17.08
2010-02-26,226.74,19637.5,2485.13,0.0,-3.39,-15.07
2010-02-27,235.85,19452.7,2485.06,0.0,-2.45,-12.3
2010-02-28,253.17,19278.2,2484.99,1.62,-2.41,-13.62
2010-03-01,243.38,19098.0,2484.92,0.0,-5.21,-14.93
2010-03-02,236.4,18913.5,2484.85,0.0,-10.13,-20.39
2010-03-03,231.76,18726.2,2484.77,0.0,-10.85,-20.53
2010-03-04,220.52,18532.2,2484.7,0.0,-1.17,-13.06
2010-03-05,224.69,18340.7,2484.62,0.0,1.97,-10.73
2010-03-06,252.13,18165.7,2484.56,0.0,-1.05,-9.71
2010-03-07,302.89,18021.1,2484.5,4.45,-2.58,-13.9
2010-03-08,288.66,17868.0,2484.44,0.0,-1.6,-15.12
2010-03-09,292.73,17717.3,2484.38,0.0,-0.39,-12.74
2010-03-10,285.47,17562.2,2484.32,0.0,-2.32,-14.36
2010-03-11,293.5,17412.0,2484.27,0.0,-2.02,-11.78
2010-03-12,270.82,17248.2,2484.2,0.0,2.19,-8.19
2010-03-13,345.11,17128.9,2484.16,5.04,-0.69,-11.96
2010-03-14,339.72,17006.5,2484.11,0.0,0.97,-9.26
2010-03-15,328.99,16877.5,2484.06,0.0,1.64,-7.03
2010-03-16,353.83,16763.5,2484.01,0.0,4.02,-4.81
2010-03-17,432.37,16696.6,2483.99,0.0,7.47,-4.74
2010-03-18,432.83,16630.0,2483.96,0.0,5.5,-3.29
2010-03-19,383.46,16533.8,2483.92,0.0,0.9,-6.98
2010-03-20,387.12,16439.7,2483.89,0.0,4.38,-7.64
2010-03-21,362.9,16331.1,2483.85,0.0,4.33,-5.55
2010-03-22,325.62,16200.2,2483.8,0.0,7.06,-5.18
2010-03-23,348.84,16083.2,2483.75,0.0,4.68,-5.3
2010-03-24,379.44,15984.5,2483.71,0.0,6.32,-5.22
2010-03-25,413.21,15906.1,2483.68,0.0,5.97,-7.55
2010-03-26,430.06,15837.8,2483.66,0.0,6.51,-4.82
2010-03-27,414.12,15760.0,2483.63,0.0,8.65,-3.23
2010-03-28,431.13,15692.4,2483.6,0.0,7.0,-3.89
2010-03-29,397.06,15604.3,2483.56,0.0,2.98,-6.51
2010-03-30,368.03,15498.8,2483.52,0.0,6.57,-5.13
2010-03-31,388.51,15405.6,2483.49,0.0,2.63,-9.15
2010-04-01,371.49,15302.1,2483.45,0.0,7.1,-5.31
2010-04-02,338.69,15179.0,2483.4,0.0,2.99,-7.76
2010-04-03,317.28,15043.1,2483.35,0.0,5.29,-1.2
2010-04-04,357.38,14931.2,2483.3,8.49,2.96,-7.41
2010-04-05,319.36,14796.5,2483.25,0.01,4.82,-9.12
2010-04-06,336.83,14672.3,2483.2,0.0,1.87,-8.8
2010-04-07,384.16,14576.4,2483.17,9.76,-2.48,-15.25
2010-04-08,434.0,14510.5,2483.14,9.12,2.27,-9.92
2010-04-09,425.74,14439.6,2483.11,0.0,7.55,-3.0
2010-04-10,424.99,14368.3,2483.09,0.0,5.89,-4.89
2010-04-11,351.35,14252.8,2483.04,0.0,6.44,-3.73
2010-04-12,364.65,14145.3,2483.0,0.0,2.6,-9.41
2010-04-13,416.65,14069.0,2482.97,9.72,7.66,-4.13
2010-04-14,427.32,13999.0,2482.94,0.01,9.13,-0.13
2010-04-15,384.09,13903.2,2482.91,0.0,12.35,1.4
2010-04-16,394.52,13813.6,2482.87,0.84,16.67,5.83
2010-04-17,437.24,13749.6,2482.85,0.78,13.65,2.95
2010-04-18,510.82,13729.8,2482.84,0.0,8.98,-1.6
2010-04-19,528.24,13720.4,2482.84,0.0,9.4,-1.81
2010-04-20,647.09,13782.3,2482.86,7.14,10.67,-1.37
2010-04-21,573.22,13799.9,2482.87,0.0,7.7,-3.89
2010-04-22,495.69,13771.0,2482.85,0.0,6.1,-5.79
2010-04-23,503.49,13746.8,2482.85,5.73,9.78,0.82
2010-04-24,499.81,13720.4,2482.84,0.0,14.17,2.73
2010-04-25,543.58,13720.2,2482.84,0.0,16.93,7.71
2010-04-26,498.34,13692.9,2482.82,0.92,19.0,7.96
2010-04-27,482.62,13656.1,2482.81,0.0,17.51,5.58
2010-04-28,594.96,13686.8,2482.82,13.24,13.91,2.65
2010-04-29,656.97,13754.7,2482.85,5.45,12.83,3.07
2010-04-30,680.26,13836.5,2482.88,1.43,6.56,-3.48
2010-05-01,644.74,13897.0,2482.9,0.0,10.49,0.41
2010-05-02,667.13,13971.0,2482.93,2.18,11.88,1.7
2010-05-03,921.11,14197.3,2483.02,20.74,12.72,2.58
2010-05-04,976.94,14457.2,2483.12,1.89,14.7,2.23
2010-05-05,1053.93,14763.2,2483.24,7.79,12.98,3.04
2010-05-06,947.58,15005.5,2483.33,0.0,14.28,2.56
2010-05-07,1020.65,15291.5,2483.44,13.68,14.28,2.23
2010-05-08,883.77,15495.5,2483.52,0.0,17.42,4.98
2010-05-09,772.32,15632.5,2483.58,1.56,16.55,3.9
2010-05-10,693.49,15722.3,2483.61,0.0,14.46,1.51
2010-05-11,724.42,15830.7,2483.65,0.0,11.51,-1.14
2010-05-12,817.25,15994.7,2483.72,0.0,12.19,2.29
2010-05-13,898.7,16207.6,2483.8,2.56,13.38,3.32
2010-05-14,1002.05,16482.5,2483.91,0.0,17.69,7.4
2010-05-15,1054.09,16788.6,2484.02,8.13,13.51,3.73
2010-05-16,1039.13,17085.8,2484.14,0.0,13.14,0.96
2010-05-17,932.01,17318.7,2484.23,0.0,10.22,-0.27
2010-05-18,890.7,17526.8,2484.31,0.0,8.46,-3.23
2010-05-19,866.82,17720.5,2484.38,0.25,12.09,0.38
2010-05-20,890.58,17928.6,2484.47,0.0,12.75,0.61
2010-05-21,817.79,18092.9,2484.53,0.0,12.32,-0.79
2010-05-22,753.17,18218.5,2484.58,0.0,14.11,3.87
2010-05-23,731.33,18331.0,2484.62,0.0,14.75,2.39
2010-05-24,798.66,18483.9,2484.68,0.39,9.6,1.92
2010-05-25,784.99,18628.6,2484.74,0.0,13.34,1.66
2010-05-26,753.11,18754.1,2484.78,0.0,13.49,3.15
2010-05-27,776.94,18893.9,2484.84,0.0,18.54,7.59
2010-05-28,905.62,19111.0,2484.92,10.76,20.52,7.61
2010-05-29,778.99,19252.1,2484.98,0.15,21.78,8.56
2010-05-30,704.67,19348.6,2485.02,0.0,16.73,7.61
2010-05-31,664.01,19420.6,2485.04,0.03,19.01,8.09
2010-06-01,692.19,19509.6,2485.08,0.0,20.0,7.36
2010-06-02,715.97,19612.9,2485.12,1.6,18.37,7.42
2010-06-03,618.11,19657.5,2485.13,0.0,19.49,7.46
2010-06-04,681.26,19739.9,2485.17,13.52,19.04,9.45
2010-06-05,668.38,19814.6,2485.2,0.0,18.79,7.33
2010-06-06,725.87,19923.8,2485.24,0.0,15.88,6.09
2010-06-07,703.64,20019.7,2485.28,0.0,16.18,4.92
2010-06-08,682.97,20103.1,2485.31,0.0,15.2,3.94
2010-06-09,745.68,20224.2,2485.35,3.03,15.81,5.45
2010-06-10,868.55,20419.0,2485.43,0.0,23.95,10.36
2010-06-11,952.53,20664.2,2485.52,0.0,22.36,10.12
2010-06-12,974.3,20922.5,2485.62,0.4,20.3,11.79
2010-06-13,1113.37,21264.2,2485.76,3.99,18.93,6.5
2010-06-14,1286.42,21709.7,2485.93,6.3,20.32,10.58
2010-06-15,1401.15,22224.1,2486.13,0.0,20.94,9.44
2010-06-16,1322.22,22691.1,2486.31,0.0,22.98,10.93
2010-06-17,1248.73,23114.1,2486.47,0.0,18.22,8.63
2010-06-18,1253.17,23539.6,2486.64,0.0,22.08,10.45
2010-06-19,1540.87,24137.8,2486.87,11.75,24.3,12.78
2010-06-20,1486.08,24703.2,2487.09,0.0,23.73,11.89
2010-06-21,1479.15,25264.3,2487.31,0.0,18.16,5.03
2010-06-22,1461.94,25815.2,2487.52,0.0,22.63,11.79
2010-06-23,1341.0,26293.5,2487.71,0.0,26.17,13.54
2010-06-24,1601.22,26927.9,2487.95,5.14,25.1,13.99
2010-06-25,1515.19,27510.7,2488.18,0.0,26.14,13.29
2010-06-26,1507.58,28088.9,2488.4,0.0,21.86,9.79
2010-06-27,1339.06,28566.0,2488.59,0.0,19.67,11.25
2010-06-28,1359.27,29055.3,2488.77,1.09,19.89,9.79
2010-06-29,1360.16,29545.1,2488.96,0.0,21.04,10.75
2010-06-30,1437.55,30081.3,2489.17,0.0,22.32,12.86
2010-07-01,1397.23,30593.3,2489.37,0.0,23.29,11.57
2010-07-02,1340.77,31071.4,2489.56,0.0,23.6,13.3
2010-07-03,1376.84,31571.2,2489.75,0.0,24.81,14.48
2010-07-04,1256.89,31999.0,2489.91,0.0,27.77,20.07
2010-07-05,1201.54,32393.6,2490.07,0.0,28.24,16.45
2010-07-06,1197.14,32785.6,2490.22,0.0,30.19,19.0
2010-07-07,1144.32,33145.9,2490.36,0.0,27.34,16.22
2010-07-08,1180.93,33528.1,2490.51,0.0,22.03,11.22
2010-07-09,1140.12,33885.9,2490.65,0.0,24.96,13.95
2010-07-10,1029.17,34177.1,2490.76,0.0,22.35,11.29
2010-07-11,1026.6,34466.7,2490.87,0.0,17.61,6.86
2010-07-12,1289.36,34914.0,2491.04,10.21,18.03,6.92
2010-07-13,1370.53,35410.0,2491.24,0.0,18.14,9.33
2010-07-14,1433.23,35943.6,2491.44,0.0,20.05,7.71
2010-07-15,1481.32,36506.1,2491.66,0.0,22.08,9.26
2010-07-16,1435.14,37040.9,2491.87,0.0,19.55,13.13
2010-07-17,1405.28,37557.7,2492.07,0.0,23.32,14.15
2010-07-18,1278.85,37998.7,2492.24,0.0,22.02,9.95
2010-07-19,1254.55,38425.1,2492.4,0.0,23.56,9.89
2010-07-20,1129.53,38776.5,2492.54,0.0,24.34,11.28
2010-07-21,1010.67,39056.6,2492.65,0.0,16.04,6.11
2010-07-22,1105.37,39393.5,2492.78,0.0,10.24,-0.44
2010-07-23,1210.73,39793.6,2492.93,0.0,16.32,3.52
2010-07-24,1036.36,40089.1,2493.05,0.48,17.65,7.96
2010-07-25,1029.34,40380.4,2493.16,0.0,17.22,5.99
2010-07-26,1081.59,40703.0,2493.29,0.23,23.55,11.67
2010-07-27,1041.45,41001.6,2493.4,0.0,23.11,11.58
2010-07-28,806.22,41159.0,2493.46,0.0,25.43,12.91
2010-07-29,902.67,41374.3,2493.55,1.93,23.72,11.99
2010-07-30,853.63,41560.1,2493.62,0.81,23.12,10.8
2010-07-31,904.88,41776.8,2493.7,5.96,21.8,9.51
2010-08-01,886.34,41982.2,2493.78,0.0,18.52,4.9
2010-08-02,967.48,42236.4,2493.88,0.0,20.52,8.69
2010-08-03,914.41,42458.7,2493.97,0.0,22.49,12.34
2010-08-04,861.77,42649.5,2494.04,0.0,18.35,6.07
2010-08-05,832.61,42822.7,2494.11,0.0,18.06,7.26
2010-08-06,732.93,42936.2,2494.15,0.0,12.98,3.36
2010-08-07,783.11,43079.7,2494.21,2.61,19.25,7.91
2010-08-08,795.08,43230.4,2494.26,0.53,21.13,11.21
2010-08-09,884.81,43435.0,2494.34,2.14,20.88,7.84
2010-08-10,790.59,43583.0,2494.4,3.04,18.13,6.88
2010-08-11,726.41,43692.6,2494.44,0.0,21.66,15.25
2010-08-12,728.19,43803.2,2494.49,0.0,21.91,11.44
2010-08-13,688.46,43889.9,2494.52,0.0,22.43,12.76
2010-08-14,619.37,43935.2,2494.54,0.0,21.73,12.51
2010-08-15,500.34,43909.1,2494.53,0.0,21.51,9.26
2010-08-16,418.58,43833.9,2494.5,0.83,17.09,9.32
2010-08-17,425.05,43762.7,2494.47,0.0,19.72,6.82
2010-08-18,483.12,43726.2,2494.46,0.43,21.62,9.16
2010-08-19,436.18,43661.6,2494.43,0.0,21.9,10.59
2010-08-20,369.7,43557.1,2494.39,0.0,23.7,10.83
2010-08-21,379.07,43458.2,2494.35,0.0,22.0,10.52
2010-08-22,425.66,43387.3,2494.33,0.0,20.45,11.46
2010-08-23,443.88,43327.3,2494.3,0.0,21.52,11.05
2010-08-24,401.24,43241.7,2494.27,0.0,15.57,3.72
2010-08-25,332.88,43115.1,2494.22,0.0,15.54,3.72
2010-08-26,339.9,42992.8,2494.17,0.0,14.13,3.91
2010-08-27,390.01,42900.4,2494.14,0.0,17.02,5.3
2010-08-28,392.72,42809.8,2494.1,0.0,15.61,4.1
2010-08-29,421.24,42736.2,2494.07,7.03,16.72,3.54
2010-08-30,377.29,42636.3,2494.03,0.0,13.7,3.03
2010-08-31,400.03,42549.9,2494.0,0.0,10.12,-1.94
2010-09-01,371.69,42446.6,2493.96,0.0,11.97,1.13
2010-09-02,324.17,42314.8,2493.91,0.0,15.93,4.61
2010-09-03,262.82,42146.2,2493.84,0.0,11.39,-0.2
2010-09-04,252.82,41971.6,2493.78,0.0,11.0,0.34
2010-09-05,237.78,41787.9,2493.71,0.0,14.65,2.47
2010-09-06,228.31,41598.6,2493.63,0.06,20.37,10.16
2010-09-07,255.48,41425.6,2493.57,0.0,16.77,8.71
2010-09-08,291.15,41273.9,2493.51,0.0,24.4,13.39
2010-09-09,313.16,41135.5,2493.45,0.0,20.87,10.58
2010-09-10,302.3,40990.6,2493.4,0.0,15.9,3.19
2010-09-11,282.63,40833.8,2493.34,0.0,14.83,6.65
2010-09-12,300.33,40687.7,2493.28,0.0,17.41,5.61
2010-09-13,311.31,40548.2,2493.23,0.0,12.98,1.32
2010-09-14,285.29,40393.0,2493.17,0.0,10.9,-0.73
2010-09-15,293.95,40243.1,2493.11,0.0,11.67,-0.78
2010-09-16,461.61,40193.7,2493.09,16.87,10.75,-1.4
2010-09-17,454.12,40139.9,2493.07,5.07,8.03,-1.16
2010-09-18,417.79,40064.2,2493.04,0.0,6.7,-1.49
2010-09-19,372.79,39961.6,2493.0,0.0,10.49,-0.75
2010-09-20,367.5,39855.8,2492.96,0.0,8.95,-2.12
2010-09-21,434.04,39789.9,2492.93,8.62,11.63,1.16
2010-09-22,455.01,39736.6,2492.91,0.0,9.54,-2.81
2010-09-23,465.5,39689.5,2492.89,0.0,12.17,2.05
2010-09-24,505.51,39666.5,2492.88,0.0,12.08,2.6
2010-09-25,464.78,39619.1,2492.87,0.0,16.95,5.87
2010-09-26,410.55,39539.1,2492.84,0.08,25.55,14.72
2010-09-27,349.3,39422.4,2492.79,0.0,21.51,12.09
2010-09-28,347.99,39304.8,2492.74,0.0,18.73,10.19
2010-09-29,357.69,39193.1,2492.7,0.0,18.74,9.86
2010-09-30,318.84,39058.1,2492.65,0.0,19.79,9.03
2010-10-01,303.37,38913.8,2492.59,0.0,15.9,6.3
2010-10-02,268.83,38748.8,2492.53,0.0,14.55,2.53
2010-10-03,254.48,38575.2,2492.46,0.0,12.68,-0.07
2010-10-04,253.58,38401.0,2492.39,0.0,9.58,-1.2
2010-10-05,252.56,38226.2,2492.33,0.0,6.91,-3.24
2010-10-06,256.08,38053.5,2492.26,0.0,9.23,-4.53
2010-10-07,254.77,37880.1,2492.19,0.0,6.21,-4.77
2010-10-08,232.9,37693.5,2492.12,0.0,4.21,-9.31
2010-10-09,266.76,37527.3,2492.06,0.0,1.58,-7.76
2010-10-10,280.54,37369.3,2491.99,0.0,4.29,-7.07
2010-10-11,313.74,37231.2,2491.94,0.0,9.8,-2.02
2010-10-12,318.19,37095.8,2491.89,0.0,9.16,-2.93
2010-10-13,306.72,36953.5,2491.83,2.57,4.35,-8.46
2010-10-14,305.65,36810.6,2491.78,0.0,6.06,-5.71
2010-10-15,331.05,36682.9,2491.73,0.0,2.15,-11.31
2010-10-16,375.56,36581.9,2491.69,0.0,2.28,-7.86
2010-10-17,372.79,36479.3,2491.65,0.0,3.22,-6.16
2010-10-18,360.06,36369.0,2491.61,0.0,3.73,-8.97
2010-10-19,380.76,36271.1,2491.57,0.0,-0.09,-12.08
2010-10-20,365.91,36164.3,2491.53,0.0,2.8,-5.72
2010-10-21,360.23,36054.2,2491.49,0.0,2.71,-7.66
2010-10-22,353.61,35940.0,2491.44,0.0,1.77,-6.9
2010-10-23,290.62,35788.1,2491.38,0.0,1.69,-9.04
2010-10-24,292.63,35637.3,2491.32,0.0,3.15,-7.45
2010-10-25,268.09,35471.9,2491.26,0.0,2.88,-10.99
2010-10-26,238.38,35288.6,2491.19,0.0,-2.12,-10.86
2010-10-27,231.47,35101.1,2491.12,0.0,2.17,-7.86
2010-10-28,256.15,34928.5,2491.05,0.0,1.48,-7.1
2010-10-29,220.02,34734.2,2490.97,0.0,9.1,-0.91
2010-10-30,225.52,34543.2,2490.9,0.0,6.65,-2.71
2010-10-31,218.36,34347.9,2490.82,0.0,6.99,-3.48
2010-11-01,201.14,34142.3,2490.74,0.0,6.11,-4.45
2010-11-02,230.14,33954.0,2490.67,0.0,6.11,-7.63
2010-11-03,250.62,33778.1,2490.6,0.0,2.49,-8.94
2010-11-04,302.64,33633.3,2490.55,0.0,-0.35,-10.23
2010-11-05,290.38,33481.2,2490.49,0.0,0.13,-7.06
2010-11-06,258.94,33310.3,2490.42,0.0,2.44,-11.5
2010-11-07,301.55,33164.9,2490.37,3.73,4.39,-9.29
2010-11-08,358.8,33053.9,2490.32,0.0,2.63,-6.9
2010-11-09,369.16,32949.0,2490.28,0.0,5.46,-8.02
2010-11-10,357.97,32837.5,2490.24,0.0,0.7,-7.16
2010-11-11,349.27,32720.8,2490.19,0.0,4.92,-5.64
2010-11-12,347.58,32603.0,2490.15,0.0,4.17,-5.64
2010-11-13,333.34,32476.7,2490.1,0.0,4.4,-5.52
2010-11-14,397.29,32388.7,2490.07,0.0,3.36,-6.44
2010-11-15,404.0,32304.8,2490.03,0.0,10.04,-1.47
2010-11-16,381.93,32207.6,2490.0,0.0,5.06,-8.57
2010-11-17,362.28,32098.7,2489.95,0.0,4.39,-6.83
2010-11-18,300.21,31952.5,2489.9,0.0,-2.0,-12.0
2010-11-19,291.99,31801.4,2489.84,0.0,-5.01,-17.79
2010-11-20,285.79,31646.5,2489.78,0.0,-3.85,-14.5
2010-11-21,302.4,31501.7,2489.72,0.0,0.91,-11.44
2010-11-22,284.45,31346.0,2489.66,0.0,-4.16,-12.05
2010-11-23,358.18,31234.6,2489.62,0.0,3.22,-8.78
2010-11-24,323.41,31102.3,2489.57,0.0,-1.58,-13.03
2010-11-25,308.91,30961.3,2489.51,0.0,-1.27,-10.98
2010-11-26,324.97,30830.0,2489.46,0.0,-4.54,-15.14
2010-11-27,247.27,30652.1,2489.39,0.0,-1.06,-11.37
2010-11-28,255.8,30479.2,2489.33,0.0,1.83,-7.29
2010-11-29,275.38,30318.1,2489.26,0.0,-0.29,-11.11
2010-11-30,264.19,30150.3,2489.2,0.0,4.79,-3.93
2010-12-01,211.19,29950.7,2489.12,0.0,1.99,-8.22
2010-12-02,213.67,29752.6,2489.04,0.59,2.59,-5.04
2010-12-03,232.86,29566.0,2488.97,0.0,-0.02,-13.01
2010-12-04,223.15,29373.6,2488.9,0.0,4.35,-7.5
2010-12-05,229.53,29185.0,2488.82,0.0,2.28,-8.29
2010-12-06,263.53,29016.8,2488.76,0.0,0.17,-10.64
2010-12-07,237.76,28833.1,2488.69,0.0,-1.1,-16.46
2010-12-08,239.62,28650.6,2488.62,0.0,-6.4,-17.44
2010-12-09,245.5,28471.5,2488.55,0.0,1.17,-12.29
2010-12-10,273.18,28309.1,2488.49,0.0,-1.05,-13.43
2010-12-11,279.76,28150.7,2488.42,0.0,-4.21,-12.93
2010-12-12,286.61,27996.3,2488.36,0.0,-1.72,-13.04
2010-12-13,312.09,27857.3,2488.31,0.0,-6.01,-13.46
2010-12-14,290.69,27705.4,2488.25,0.0,-4.54,-15.6
2010-12-15,273.66,27543.2,2488.19,0.0,-8.2,-20.35
2010-12-16,274.55,27381.6,2488.13,2.11,-9.15,-20.77
2010-12-17,241.33,27200.1,2488.06,0.0,-10.07,-21.48
2010-12-18,274.13,27038.3,2487.99,0.0,-9.41,-20.93
2010-12-19,299.39,26891.6,2487.94,0.0,-14.06,-26.28
2010-12-20,326.33,26761.1,2487.89,1.21,-10.69,-21.17
2010-12-21,358.4,26649.8,2487.84,0.0,-7.49,-17.64
2010-12-22,330.56,26521.8,2487.79,0.0,-2.47,-13.71
2010-12-23,347.77,26404.2,2487.75,0.0,-6.58,-17.9
2010-12-24,365.12,26296.9,2487.71,0.42,-7.2,-17.81
2010-12-25,332.78,26170.3,2487.66,0.0,-11.17,-18.83
2010-12-26,333.44,26044.0,2487.61,0.0,-10.45,-22.64
2010-12-27,307.88,25902.4,2487.55,0.0,-5.22,-19.51
2010-12-28,329.23,25773.6,2487.5,0.0,-0.33,-13.56
2010-12-29,318.4,25638.4,2487.45,0.0,-5.66,-12.17
2010-12-30,310.94,25498.6,2487.4,0.0,-8.03,-20.47
2010-12-31,280.72,25340.7,2487.34,0.0,-6.46,-14.66
2011-01-01,250.43,25164.7,2487.27,0.0,-8.91,-21.6
2011-01-02,267.62,24998.9,2487.2,0.0,-11.23,-21.09
2011-01-03,274.0,24837.0,2487.14,0.3,-11.43,-22.71
2011-01-04,281.78,24679.8,2487.08,0.0,-8.79,-19.08
2011-01-05,299.49,24533.1,2487.02,0.0,-7.55,-18.1
2011-01-06,342.96,24412.6,2486.98,0.47,-12.66,-23.92
2011-01-07,318.55,24277.4,2486.92,0.0,-11.55,-21.34
2011-01-08,354.8,24164.0,2486.88,0.0,-5.78,-19.92
2011-01-09,431.44,24096.5,2486.85,0.0,-5.16,-17.08
2011-01-10,349.75,23980.0,2486.81,0.0,-7.13,-15.1
2011-01-11,340.77,23858.2,2486.76,0.0,-7.69,-19.73
2011-01-12,384.12,23762.3,2486.72,5.72,-8.69,-19.27
2011-01-13,378.67,23663.2,2486.69,0.0,-8.91,-17.57
2011-01-14,396.52,23574.8,2486.65,0.0,-2.4,-14.85
2011-01-15,402.15,23489.8,2486.62,0.0,-1.12,-14.25
2011-01-16,391.51,23398.4,2486.58,0.0,-4.21,-14.03
2011-01-17,392.8,23307.7,2486.55,0.0,-6.04,-16.87
2011-01-18,345.46,23188.7,2486.5,0.0,-5.09,-17.02
2011-01-19,313.1,23050.2,2486.45,0.0,-10.22,-19.49
2011-01-20,345.44,22931.2,2486.4,0.0,-13.98,-22.81
2011-01-21,324.38,22799.5,2486.35,0.0,-8.08,-19.71
2011-01-22,328.26,22670.1,2486.3,0.0,-4.81,-15.03
2011-01-23,322.3,22537.2,2486.25,0.0,-3.37,-10.71
2011-01-24,332.27,22410.2,2486.2,0.0,-5.28,-14.23
2011-01-25,310.46,22270.2,2486.15,0.0,-9.82,-16.66
2011-01-26,306.06,22127.5,2486.09,0.0,-10.04,-18.02
2011-01-27,296.04,21978.8,2486.03,0.0,-5.66,-14.33
2011-01-28,361.19,21869.2,2485.99,11.56,-4.67,-15.05
2011-01-29,386.35,21774.7,2485.95,0.0,-7.72,-19.66
2011-01-30,391.06,21683.0,2485.92,0.0,-7.33,-19.65
2011-01-31,347.94,21565.5,2485.87,0.17,-11.36,-22.17
2011-02-01,320.32,21431.3,2485.82,0.0,-13.12,-24.88
2011-02-02,297.68,21283.6,2485.76,0.0,-10.59,-21.2
2011-02-03,296.52,21135.2,2485.71,0.67,-6.32,-15.96
2011-02-04,262.41,20966.3,2485.64,0.0,-4.21,-14.7
2011-02-05,289.7,20813.8,2485.58,5.46,-6.0,-15.47
2011-02-06,275.93,20653.1,2485.52,0.0,-6.48,-18.02
2011-02-07,276.92,20492.9,2485.46,0.0,-8.65,-18.22
2011-02-08,311.95,20353.8,2485.4,0.0,-3.49,-16.43
2011-02-09,288.37,20200.5,2485.35,0.0,-2.28,-14.81
2011-02-10,260.45,20030.4,2485.28,0.0,-7.0,-17.45
2011-02-11,229.88,19842.0,2485.21,0.0,-3.05,-16.55
2011-02-12,211.83,19642.8,2485.13,0.0,-3.7,-14.35
2011-02-13,205.39,19439.7,2485.05,0.0,-6.99,-17.26
2011-02-14,200.02,19233.4,2484.97,0.0,-1.94,-14.72
2011-02-15,251.54,19058.0,2484.9,1.45,-4.02,-13.86
2011-02-16,238.32,18874.7,2484.83,0.0,-1.67,-12.77
2011-02-17,239.08,18691.8,2484.76,0.0,1.48,-11.7
2011-02-18,255.12,18518.6,2484.69,0.0,-2.95,-12.8
2011-02-19,319.11,18383.7,2484.64,0.0,-4.42,-15.97
2011-02-20,383.19,18287.3,2484.6,0.0,-3.89,-16.02
2011-02-21,389.72,18194.8,2484.57,0.22,-5.48,-15.25
2011-02-22,433.64,18128.7,2484.54,0.0,-4.81,-16.62
2011-02-23,452.16,18073.7,2484.52,0.0,-7.01,-16.16
2011-02-24,419.85,17999.3,2484.49,0.0,-7.14,-15.46
2011-02-25,398.32,17912.0,2484.46,0.0,-5.11,-16.12
2011-02-26,394.97,17822.6,2484.42,0.0,0.04,-12.18
2011-02-27,384.59,17727.1,2484.39,0.0,-0.03,-9.55
2011-02-28,483.54,17690.9,2484.37,5.85,2.95,-11.5
2011-03-01,437.1,17626.8,2484.35,0.0,-0.01,-11.47
2011-03-02,396.58,17538.4,2484.31,0.0,4.43,-5.86
2011-03-03,494.34,17508.7,2484.3,7.84,5.19,-4.28
2011-03-04,490.79,17476.9,2484.29,3.93,6.1,-3.72
2011-03-05,474.97,17435.5,2484.27,0.0,7.62,-3.99
2011-03-06,440.32,17373.4,2484.25,0.0,-0.4,-4.02
2011-03-07,441.41,17311.9,2484.23,0.0,5.89,-3.56
2011-03-08,439.19,17249.1,2484.2,0.0,8.86,-1.31
2011-03-09,450.5,17193.1,2484.18,0.0,7.96,-3.86
2011-03-10,483.05,17156.6,2484.17,0.0,-0.2,-11.3
2011-03-11,487.7,17122.9,2484.15,4.33,1.54,-11.06
2011-03-12,447.54,17065.1,2484.13,0.0,0.82,-9.06
2011-03-13,462.3,17016.2,2484.11,3.0,-4.16,-14.05
2011-03-14,462.89,16967.6,2484.09,0.0,-2.51,-13.56
2011-03-15,414.74,16890.1,2484.06,0.0,-1.12,-13.75
2011-03-16,413.49,16811.9,2484.03,0.0,-4.47,-15.82
2011-03-17,413.04,16733.4,2484.0,0.0,-7.37,-17.44
2011-03-18,421.05,16659.7,2483.97,0.0,2.49,-8.23
2011-03-19,392.09,16568.7,2483.94,0.0,-1.44,-12.25
2011-03-20,420.56,16494.7,2483.91,0.6,-1.37,-13.47
2011-03-21,382.12,16397.6,2483.87,0.0,2.62,-9.39
2011-03-22,359.58,16287.1,2483.83,0.0,4.07,-7.46
2011-03-23,375.19,16185.9,2483.79,0.01,4.76,-6.9
2011-03-24,365.68,16079.0,2483.75,0.0,0.86,-9.61
2011-03-25,402.41,15994.1,2483.72,0.0,-0.76,-11.0
2011-03-26,449.43,15937.4,2483.69,7.3,-0.95,-12.89
2011-03-27,402.74,15852.7,2483.66,0.0,-0.16,-12.91
2011-03-28,405.01,15769.4,2483.63,0.0,5.22,-4.73
2011-03-29,363.62,15661.3,2483.59,0.0,5.88,-5.53
2011-03-30,365.55,15554.3,2483.55,0.0,4.17,-4.94
2011-03-31,346.99,15436.2,2483.5,0.0,6.18,-4.15
2011-04-01,361.82,15327.0,2483.46,0.0,5.03,-7.19
2011-04-02,385.92,15232.2,2483.42,0.09,7.28,-3.71
2011-04-03,447.92,15174.6,2483.4,4.08,6.53,-5.37
2011-04-04,421.9,15101.4,2483.37,0.14,11.53,-2.8
2011-04-05,384.08,15005.6,2483.33,0.0,9.38,-2.85
2011-04-06,378.88,14906.6,2483.29,0.0,12.97,1.9
2011-04-07,342.33,14785.7,2483.25,0.0,9.35,1.1
2011-04-08,458.34,14734.3,2483.23,28.03,12.11,0.52
2011-04-09,508.99,14713.4,2483.22,15.83,13.22,1.66
2011-04-10,494.98,14684.1,2483.21,0.23,14.22,3.19
2011-04-11,476.0,14643.4,2483.19,0.0,5.87,-4.4
2011-04-12,422.68,14570.7,2483.16,0.0,8.78,-3.81
2011-04-13,502.61,14545.9,2483.16,9.89,6.74,-4.41
2011-04-14,431.17,14478.3,2483.13,0.0,5.41,-4.67
2011-04-15,431.61,14410.9,2483.1,0.0,7.91,-2.11
2011-04-16,417.15,14334.9,2483.07,0.0,8.07,-2.94
2011-04-17,392.79,14244.3,2483.04,0.0,13.43,4.59
2011-04-18,436.8,14180.0,2483.01,3.5,18.11,6.83
2011-04-19,434.89,14114.6,2482.99,0.0,12.73,2.83
2011-04-20,550.36,14118.5,2482.99,17.5,9.71,-0.61
2011-04-21,485.62,14083.6,2482.98,2.59,5.7,-2.02
2011-04-22,448.86,14026.6,2482.95,0.97,8.94,-2.71
2011-04-23,448.67,13969.5,2482.93,0.0,5.09,-3.26
2011-04-24,501.89,13944.3,2482.92,5.89,0.39,-8.16
2011-04-25,523.07,13931.8,2482.92,0.0,4.55,-6.38
2011-04-26,502.29,13906.9,2482.91,0.0,8.21,-1.36
2011-04-27,599.31,13940.1,2482.92,0.0,7.23,-1.02
2011-04-28,617.55,13984.3,2482.94,0.0,8.55,-2.12
2011-04-29,593.73,14014.3,2482.95,0.0,6.97,-3.03
2011-04-30,675.51,14093.2,2482.98,3.54,10.07,-1.25
2011-05-01,680.93,14175.5,2483.01,0.0,13.23,0.9
2011-05-02,716.64,14279.1,2483.05,0.0,12.78,3.29
2011-05-03,732.87,14392.5,2483.1,0.0,11.42,-4.47
2011-05-04,637.3,14448.6,2483.12,0.0,11.08,-0.68
2011-05-05,615.41,14491.5,2483.13,0.0,11.19,1.32
2011-05-06,540.71,14489.6,2483.13,0.0,11.84,1.73
2011-05-07,538.89,14486.7,2483.13,0.0,13.46,3.49
2011-05-08,578.0,14507.1,2483.14,0.0,12.14,0.66
2011-05-09,623.37,14554.8,2483.16,0.0,15.37,3.25
2011-05-10,563.36,14566.5,2483.16,0.0,15.98,4.94
2011-05-11,586.08,14591.9,2483.17,0.0,17.93,6.79
2011-05-12,667.66,14666.2,2483.2,2.95,16.74,4.5
2011-05-13,674.52,14744.5,2483.23,0.0,18.04,7.12
2011-05-14,655.41,14811.5,2483.26,0.0,12.72,3.34
2011-05-15,815.26,14974.3,2483.32,2.36,13.2,1.41
2011-05-16,956.87,15222.1,2483.42,0.83,17.78,5.47
2011-05-17,956.31,15469.6,2483.51,0.08,14.11,3.1
2011-05-18,963.71,15721.5,2483.61,0.0,11.17,0.91
2011-05-19,1215.21,16124.3,2483.77,5.29,7.95,-1.49
2011-05-20,1297.5,16576.5,2483.94,0.0,10.11,-0.41
2011-05-21,1359.1,17065.6,2484.13,6.34,11.02,1.45
2011-05-22,1093.66,17395.5,2484.26,0.0,15.69,6.26
2011-05-23,1017.21,17679.5,2484.37,1.48,14.39,5.86
2011-05-24,998.09,17952.0,2484.47,0.0,18.79,8.14
2011-05-25,1221.71,18358.7,2484.63,4.61,20.29,9.78
2011-05-26,1168.84,18733.7,2484.78,0.0,20.96,11.07
2011-05-27,1085.62,19058.8,2484.9,0.0,15.65,5.4
2011-05-28,1242.11,19477.7,2485.07,3.52,17.58,4.24
2011-05-29,1180.3,19859.6,2485.21,2.89,13.97,3.31
2011-05-30,1127.98,20210.1,2485.35,0.0,11.97,2.28
2011-05-31,1126.43,20559.6,2485.48,0.0,18.33,5.21
2011-06-01,953.77,20805.6,2485.58,0.0,16.61,7.48
2011-06-02,922.55,21032.8,2485.67,0.0,13.87,3.82
2011-06-03,927.38,21262.9,2485.76,0.0,16.39,7.14
2011-06-04,1120.26,21608.7,2485.89,7.09,19.59,11.86
2011-06-05,1018.24,21893.3,2486.0,0.0,21.46,9.19
2011-06-06,880.76,22095.5,2486.08,0.0,20.35,9.65
2011-06-07,853.59,22281.3,2486.15,0.0,17.11,6.89
2011-06-08,831.12,22453.7,2486.22,0.0,13.32,3.33
2011-06-09,834.08,22627.8,2486.29,0.0,13.42,4.75
2011-06-10,968.43,22882.5,2486.38,0.0,12.99,3.63
2011-06-11,960.65,23132.6,2486.48,0.32,13.1,2.06
2011-06-12,911.7,23353.3,2486.57,1.29,13.21,1.19
2011-06-13,1073.09,23670.8,2486.69,0.0,19.23,6.4
2011-06-14,1410.38,24190.7,2486.89,19.24,17.66,9.25
2011-06-15,1347.2,24672.7,2487.08,0.0,18.17,8.81
2011-06-16,1302.25,25127.8,2487.25,2.42,14.34,2.69
2011-06-17,1345.21,25608.6,2487.44,4.92,17.02,5.05
2011-06-18,1588.78,26235.5,2487.68,5.52,17.41,7.22
2011-06-19,1930.97,27067.8,2488.0,6.19,20.72,8.34
2011-06-20,1977.98,27928.3,2488.34,0.0,15.11,6.63
2011-06-21,2146.39,28889.8,2488.71,1.34,18.82,9.84
2011-06-22,2087.65,29816.1,2489.07,0.0,15.43,4.98
2011-06-23,1708.17,30514.6,2489.34,0.0,18.72,5.49
2011-06-24,2476.39,31674.2,2489.79,21.85,21.51,9.47
2011-06-25,3098.08,33206.7,2490.38,25.22,18.27,7.31
2011-06-26,2674.84,34485.3,2490.88,0.0,18.66,7.42
2011-06-27,2486.13,35650.6,2491.33,0.0,19.87,9.35
2011-06-28,2190.73,36638.8,2491.71,0.0,20.57,10.63
2011-06-29,1817.82,37403.1,2492.01,0.0,22.18,10.61
2011-06-30,1824.4,38171.5,2492.31,0.0,24.57,13.38
2011-07-01,1634.74,38826.0,2492.56,0.0,22.7,12.01
2011-07-02,1333.52,39299.8,2492.74,0.0,24.06,13.79
2011-07-03,1284.5,39744.2,2492.91,0.0,23.51,12.85
2011-07-04,1115.01,40086.8,2493.05,0.0,22.62,11.43
2011-07-05,1112.59,40428.1,2493.18,0.0,21.85,13.61
2011-07-06,1182.91,40811.5,2493.33,0.0,21.72,10.23
2011-07-07,1142.13,41170.5,2493.47,0.0,22.13,11.4
2011-07-08,1138.9,41527.5,2493.61,0.0,20.47,7.27
2011-07-09,1166.01,41900.8,2493.75,0.0,18.34,8.35
2011-07-10,1551.8,42505.5,2493.98,11.91,21.62,8.14
2011-07-11,1312.4,42966.7,2494.16,0.0,19.84,10.77
2011-07-12,1468.86,43521.7,2494.38,3.58,20.16,8.53
2011-07-13,1455.41,44068.6,2494.59,0.0,18.37,7.63
2011-07-14,1329.79,44540.1,2494.77,0.0,18.72,8.04
2011-07-15,1138.52,44896.9,2494.91,0.0,17.37,7.17
2011-07-16,1094.28,45227.2,2495.04,0.0,16.09,5.12
2011-07-17,1062.88,45538.6,2495.16,0.0,11.89,-1.12
2011-07-18,1081.18,45861.0,2495.28,4.79,12.86,0.45
2011-07-19,1178.71,46241.9,2495.43,3.94,14.22,5.65
2011-07-20,1075.21,46560.7,2495.55,0.0,17.29,5.62
2011-07-21,1551.51,47165.3,2495.79,26.55,16.53,5.62
2011-07-22,1488.3,47731.9,2496.01,0.0,15.96,6.14
2011-07-23,1513.43,48313.7,2496.23,0.0,15.82,5.63
2011-07-24,1523.66,48901.6,2496.46,5.32,21.18,9.43
2011-07-25,1425.6,49430.6,2496.67,0.0,28.54,15.94
2011-07-26,1258.68,49859.5,2496.83,0.0,23.41,12.42
2011-07-27,1235.69,50274.6,2496.99,8.0,24.77,17.54
2011-07-28,997.72,50546.9,2497.1,1.44,23.21,14.44
2011-07-29,951.76,50791.6,2497.19,0.0,18.03,4.69
2011-07-30,940.66,51029.7,2497.29,0.0,17.49,4.32
2011-07-31,837.73,51206.0,2497.35,0.0,13.02,4.47
2011-08-01,1180.73,51588.2,2497.5,21.25,15.46,6.3
2011-08-02,997.81,51860.5,2497.61,1.94,18.58,7.1
2011-08-03,1065.87,52173.7,2497.73,20.1,18.71,8.71
2011-08-04,882.58,52377.0,2497.81,0.0,19.76,11.37
2011-08-05,774.15,52515.1,2497.86,0.0,19.54,7.98
2011-08-06,724.11,52623.3,2497.9,0.0,23.12,12.38
2011-08-07,600.49,52657.2,2497.92,0.0,22.34,11.62
2011-08-08,570.45,52673.2,2497.92,0.0,20.29,10.74
2011-08-09,557.24,52681.2,2497.93,0.0,21.72,9.85
2011-08-10,536.38,52676.7,2497.92,0.87,22.27,11.48
2011-08-11,582.71,52700.0,2497.93,3.7,20.76,11.62
2011-08-12,563.37,52711.7,2497.94,0.0,19.82,6.98
2011-08-13,598.37,52744.4,2497.95,5.81,18.56,6.79
2011-08-14,694.92,52835.1,2497.98,0.48,21.32,10.33
2011-08-15,608.77,52874.0,2498.0,0.0,23.72,10.49
2011-08-16,532.89,52867.4,2498.0,1.77,23.83,11.55
2011-08-17,540.29,52865.3,2498.0,0.0,23.27,12.06
2011-08-18,479.76,52826.8,2497.98,0.0,22.98,12.43
2011-08-19,451.27,52771.3,2497.96,0.0,21.52,10.03
2011-08-20,486.73,52737.0,2497.95,0.0,17.91,5.63
2011-08-21,506.26,52714.4,2497.94,0.0,20.18,9.8
2011-08-22,502.01,52689.3,2497.93,0.0,21.82,10.47
2011-08-23,500.52,52663.3,2497.92,0.0,18.13,7.9
2011-08-24,435.62,52598.4,2497.89,0.0,18.41,8.29
2011-08-25,465.52,52551.4,2497.88,0.0,18.04,7.86
2011-08-26,511.77,52532.1,2497.87,1.45,18.57,2.89
2011-08-27,501.99,52507.0,2497.86,0.0,17.39,7.31
2011-08-28,513.29,52488.6,2497.85,0.0,15.63,6.21
2011-08-29,443.6,52428.5,2497.83,0.0,15.52,3.11
2011-08-30,435.66,52363.5,2497.8,0.0,7.13,-3.72
2011-08-31,358.5,52252.3,2497.76,0.0,13.14,0.06
2011-09-01,339.01,52129.4,2497.71,0.0,12.48,-0.44
2011-09-02,386.69,52035.1,2497.68,4.73,11.78,1.66
2011-09-03,402.27,51950.2,2497.64,10.83,17.03,5.78
2011-09-04,349.82,51833.7,2497.6,0.0,14.12,5.97
2011-09-05,339.83,51711.3,2497.55,3.98,18.55,7.63
2011-09-06,345.15,51592.1,2497.5,0.0,17.17,6.01
2011-09-07,376.79,51491.8,2497.46,2.6,15.26,4.3
2011-09-08,387.46,51398.0,2497.43,0.0,17.77,6.21
2011-09-09,379.73,51299.5,2497.39,0.0,15.76,5.73
2011-09-10,342.39,51178.6,2497.34,0.08,17.7,8.02
2011-09-11,340.25,51056.5,2497.3,0.0,19.43,6.43
2011-09-12,297.63,50908.7,2497.24,0.0,16.37,4.98
2011-09-13,281.15,50751.1,2497.18,0.0,15.13,3.65
2011-09-14,272.0,50588.0,2497.11,0.0,16.15,6.17
2011-09-15,254.02,50414.1,2497.05,0.0,14.21,4.72
2011-09-16,245.43,50235.0,2496.98,0.0,14.2,1.17
2011-09-17,227.81,50045.4,2496.9,0.0,11.96,-1.98
2011-09-18,205.76,49842.5,2496.83,0.0,13.0,0.85
2011-09-19,225.26,49651.4,2496.75,2.54,15.56,4.07
2011-09-20,235.52,49466.4,2496.68,3.97,10.2,0.77
2011-09-21,247.81,49288.7,2496.61,0.0,10.3,-2.95
2011-09-22,227.4,49098.8,2496.54,0.0,5.91,-3.67
2011-09-23,253.98,48924.9,2496.47,0.0,11.73,-3.11
2011-09-24,242.93,48744.3,2496.4,0.0,12.65,0.67
2011-09-25,267.29,48578.4,2496.34,0.0,14.14,2.67
2011-09-26,291.92,48427.2,2496.28,0.0,15.43,4.01
2011-09-27,341.13,48305.6,2496.23,0.0,9.86,-2.71
2011-09-28,349.63,48189.0,2496.19,0.0,15.46,5.26
2011-09-29,363.99,48081.1,2496.14,0.0,9.92,-1.31
2011-09-30,329.39,47952.4,2496.09,1.28,10.29,-1.0
2011-10-01,334.98,47827.1,2496.05,0.0,8.58,0.34
2011-10-02,280.15,47668.9,2495.98,0.0,10.01,0.19
2011-10-03,343.91,47548.9,2495.94,7.87,7.51,-3.05
2011-10-04,341.63,47427.6,2495.89,5.64,8.73,-2.58
2011-10-05,331.12,47299.9,2495.84,0.0,9.09,-2.18
2011-10-06,326.58,47169.6,2495.79,0.0,12.81,3.06
2011-10-07,315.25,47032.4,2495.74,0.97,9.15,-0.91
2011-10-08,296.78,46884.1,2495.68,0.0,12.65,1.43
2011-10-09,276.6,46723.8,2495.62,0.0,12.76,3.72
2011-10-10,292.11,46572.7,2495.56,0.0,15.15,4.36
2011-10-11,289.58,46420.2,2495.5,0.0,13.47,6.25
2011-10-12,300.85,46274.3,2495.44,0.0,10.82,-3.64
2011-10-13,273.1,46111.9,2495.38,0.0,9.93,-0.03
2011-10-14,261.69,45942.6,2495.32,0.0,3.52,-7.11
2011-10-15,335.1,45817.3,2495.27,6.61,0.32,-11.23
2011-10-16,321.75,45684.1,2495.22,0.0,1.38,-8.87
2011-10-17,304.94,45540.7,2495.16,0.0,0.05,-7.93
2011-10-18,359.85,45430.3,2495.12,1.36,0.75,-8.91
2011-10-19,327.77,45300.6,2495.07,9.27,0.53,-8.4
2011-10-20,310.23,45160.5,2495.01,0.0,2.59,-8.26
2011-10-21,285.27,45005.3,2494.95,0.0,5.12,-4.71
2011-10-22,277.87,44845.7,2494.89,0.0,3.47,-6.74
2011-10-23,285.63,44690.8,2494.83,0.0,10.46,1.23
2011-10-24,286.16,44536.1,2494.77,0.0,11.1,3.41
2011-10-25,295.86,44387.3,2494.71,0.0,6.38,-4.51
2011-10-26,282.91,44230.8,2494.65,0.0,10.1,-1.67
2011-10-27,299.7,44084.3,2494.6,0.0,8.64,-1.57
2011-10-28,304.04,43940.4,2494.54,0.0,10.88,-0.08
2011-10-29,291.64,43789.0,2494.48,0.0,7.17,-4.65
2011-10-30,306.53,43646.6,2494.43,0.0,3.66,-7.15
2011-10-31,268.15,43481.2,2494.36,0.0,6.83,-4.42
2011-11-01,280.63,43323.3,2494.3,0.0,1.17,-9.34
2011-11-02,266.94,43157.1,2494.24,0.0,6.86,-1.63
2011-11-03,271.07,42993.4,2494.17,0.0,2.62,-10.76
2011-11-04,251.77,42818.2,2494.11,0.0,4.56,-3.68
2011-11-05,236.68,42633.9,2494.03,0.0,11.08,-1.3
2011-11-06,287.04,42479.8,2493.97,0.0,7.32,-4.71
2011-11-07,266.88,42313.6,2493.91,0.0,2.98,-5.68
2011-11-08,257.21,42141.6,2493.84,0.0,2.99,-10.07
2011-11-09,268.18,41976.2,2493.78,0.0,-1.28,-9.12
2011-11-10,278.44,41816.9,2493.72,0.0,2.5,-7.61
2011-11-11,293.23,41666.6,2493.66,0.0,11.37,-1.26
2011-11-12,296.68,41518.3,2493.6,0.0,8.17,-3.37
2011-11-13,325.32,41387.1,2493.55,0.0,3.85,-4.89
2011-11-14,346.22,41268.5,2493.51,0.0,0.95,-9.38
2011-11-15,369.89,41164.2,2493.46,0.0,3.29,-4.39
2011-11-16,340.56,41042.2,2493.42,0.0,3.01,-8.72
2011-11-17,320.97,40908.4,2493.37,0.0,3.36,-8.98
2011-11-18,270.17,40744.2,2493.3,0.0,1.87,-8.5
2011-11-19,246.1,40565.6,2493.23,0.0,1.5,-9.52
2011-11-20,289.01,40412.6,2493.17,0.0,3.04,-4.71
2011-11-21,270.18,40248.4,2493.11,0.0,3.89,-7.56
2011-11-22,287.27,40094.5,2493.05,0.0,-0.84,-12.69
2011-11-23,282.11,39937.4,2492.99,0.0,0.77,-9.35
2011-11-24,299.27,39790.7,2492.93,0.0,3.27,-9.0
2011-11-25,343.58,39670.5,2492.89,0.0,-3.27,-11.7
2011-11-26,333.29,39544.2,2492.84,0.0,-4.78,-15.94
2011-11-27,316.19,39407.6,2492.78,0.0,-2.83,-12.71
2011-11-28,306.28,39265.0,2492.73,0.0,-1.68,-11.46
2011-11-29,294.14,39115.2,2492.67,0.0,2.02,-9.47
2011-11-30,320.42,38981.1,2492.62,0.0,1.07,-8.68
2011-12-01,348.0,38863.6,2492.57,0.0,-3.87,-11.42
2011-12-02,371.53,38760.2,2492.53,0.0,1.91,-10.19
2011-12-03,352.71,38645.5,2492.49,0.0,3.32,-9.0
2011-12-04,367.44,38539.6,2492.45,0.0,-1.93,-12.94
2011-12-05,364.9,38432.3,2492.41,0.0,-4.35,-13.75
2011-12-06,459.42,38381.6,2492.39,16.99,-5.41,-13.17
2011-12-07,396.71,38293.3,2492.35,2.0,-2.46,-14.72
2011-12-08,347.59,38175.5,2492.31,0.0,-6.77,-15.57
2011-12-09,326.2,38044.9,2492.26,0.0,-2.79,-15.61
2011-12-10,334.75,37919.5,2492.21,0.0,0.8,-9.66
2011-12-11,319.84,37785.1,2492.16,0.0,-3.15,-10.56
2011-12-12,375.01,37683.7,2492.12,0.0,-5.0,-17.73
2011-12-13,436.1,37619.1,2492.09,5.94,-2.52,-13.48
2011-12-14,405.72,37536.2,2492.06,0.0,-5.03,-13.32
2011-12-15,436.06,37471.5,2492.03,0.0,-4.13,-11.98
2011-12-16,459.75,37421.0,2492.01,1.67,-2.62,-13.62
2011-12-17,487.83,37387.4,2492.0,0.0,-0.45,-10.41
2011-12-18,536.48,37383.0,2492.0,0.0,0.3,-9.38
2011-12-19,571.16,37399.4,2492.01,2.78,-0.87,-12.2
2011-12-20,557.15,37407.4,2492.01,2.22,-1.08,-11.66
2011-12-21,529.35,37398.6,2492.01,0.0,-0.67,-11.35
2011-12-22,494.83,37369.2,2491.99,0.0,0.11,-11.35
2011-12-23,463.06,37320.7,2491.98,0.0,-1.86,-14.33
2011-12-24,438.61,37257.6,2491.95,0.0,-4.3,-14.43
2011-12-25,441.8,37196.4,2491.93,0.0,-4.8,-16.97
2011-12-26,421.05,37122.7,2491.9,0.0,-9.2,-21.06
2011-12-27,414.32,37044.9,2491.87,0.0,-8.89,-21.57
2011-12-28,369.91,36940.6,2491.83,0.0,-10.7,-21.83
2011-12-29,356.51,36828.2,2491.79,0.0,-9.6,-20.5
2011-12-30,334.44,36702.5,2491.74,0.0,-7.87,-18.44
2011-12-31,306.51,36560.1,2491.68,0.0,-11.13,-24.63
2012-01-01,291.21,36408.5,2491.62,0.0,-12.53,-25.16
2012-01-02,275.26,36247.3,2491.56,0.0,-7.46,-18.39
2012-01-03,309.18,36106.5,2491.51,0.0,-12.79,-20.91
2012-01-04,325.81,35975.7,2491.46,0.83,-9.33,-21.32
2012-01-05,337.03,35851.6,2491.41,0.0,-13.66,-22.21
2012-01-06,295.81,35702.8,2491.35,0.0,-11.89,-25.77
2012-01-07,274.77,35541.3,2491.29,0.0,-10.07,-21.31
2012-01-08,287.91,35387.7,2491.23,0.0,-11.41,-20.25
2012-01-09,299.29,35241.0,2491.17,0.0,-13.27,-24.59
2012-01-10,310.72,35101.1,2491.12,0.0,-15.99,-24.79
2012-01-11,269.38,34936.4,2491.05,0.0,-10.84,-22.37
2012-01-12,302.48,34791.6,2491.0,0.0,-11.07,-22.01
2012-01-13,260.16,34621.4,2490.93,0.0,-10.6,-19.72
2012-01-14,267.0,34455.2,2490.87,0.0,-6.25,-17.38
2012-01-15,276.93,34295.1,2490.8,0.0,-6.41,-17.36
2012-01-16,290.29,34142.9,2490.75,0.0,-8.48,-18.54
2012-01-17,259.6,33972.4,2490.68,0.0,-9.0,-20.46
2012-01-18,319.59,33837.8,2490.63,0.0,-9.71,-20.3
2012-01-19,316.22,33701.2,2490.57,0.0,-8.96,-21.91
2012-01-20,302.01,33556.1,2490.52,0.0,-8.15,-16.94
2012-01-21,273.09,33393.6,2490.45,0.0,-4.99,-16.58
2012-01-22,349.11,33276.8,2490.41,8.44,-9.57,-18.74
2012-01-23,307.0,33134.7,2490.35,0.0,-4.29,-14.53
2012-01-24,316.82,32998.4,2490.3,0.0,-5.04,-17.91
2012-01-25,263.67,32830.3,2490.24,0.0,-6.93,-19.71
2012-01-26,249.8,32653.9,2490.17,0.0,-9.54,-23.18
2012-01-27,246.26,32475.3,2490.1,0.0,-10.08,-19.43
2012-01-28,234.71,32289.8,2490.03,0.0,-12.28,-24.83
2012-01-29,256.67,32117.5,2489.96,0.0,-7.51,-19.78
2012-01-30,299.58,31970.9,2489.9,10.74,-8.03,-19.63
2012-01-31,312.28,31832.0,2489.85,0.99,-4.45,-18.72
2012-02-01,268.55,31666.8,2489.79,0.0,-10.7,-21.98
2012-02-02,303.48,31522.6,2489.73,0.0,-2.21,-16.93
2012-02-03,291.93,31371.4,2489.67,0.0,-6.3,-18.29
2012-02-04,289.36,31218.7,2489.61,0.0,-5.04,-16.4
2012-02-05,264.31,31051.0,2489.55,0.0,-5.29,-14.46
2012-02-06,248.53,30873.8,2489.48,0.0,-8.85,-17.94
2012-02-07,238.85,30690.8,2489.41,0.0,-7.72,-17.43
2012-02-08,230.26,30502.6,2489.34,0.0,-9.88,-21.62
2012-02-09,223.05,30310.1,2489.26,0.0,-12.78,-22.6
2012-02-10,227.79,30120.5,2489.19,0.0,-10.23,-20.19
2012-02-11,218.76,29925.4,2489.11,0.0,-7.5,-18.77
2012-02-12,218.04,29729.9,2489.04,0.0,-12.85,-22.05
2012-02-13,210.69,29530.0,2488.96,0.0,-5.13,-20.0
2012-02-14,183.72,29313.9,2488.87,0.0,-9.35,-17.9
2012-02-15,185.86,29099.1,2488.79,0.0,-2.13,-15.15
2012-02-16,202.57,28894.3,2488.71,0.0,0.69,-12.67
2012-02-17,250.19,28718.1,2488.64,14.09,0.2,-10.21
2012-02-18,231.09,28530.5,2488.57,2.19,1.41,-8.22
2012-02-19,235.81,28345.6,2488.5,0.0,1.18,-9.73
2012-02-20,237.02,28161.5,2488.43,0.0,-1.19,-10.29
2012-02-21,257.27,27989.6,2488.36,0.0,-2.93,-15.11
2012-02-22,244.02,27809.7,2488.29,0.0,-3.9,-16.32
2012-02-23,255.81,27636.8,2488.23,0.0,-0.4,-9.08
2012-02-24,217.76,27441.2,2488.15,0.0,0.46,-12.53
2012-02-25,242.79,27260.5,2488.08,10.87,-2.28,-10.94
2012-02-26,263.61,27092.4,2488.01,0.0,-2.08,-15.28
2012-02-27,278.42,26933.1,2487.95,0.0,-2.15,-13.91
2012-02-28,300.26,26787.0,2487.9,0.0,-0.98,-14.22
2012-02-29,276.51,26626.5,2487.83,0.0,-9.57,-21.01
2012-03-01,305.92,26483.8,2487.78,0.0,-5.64,-16.02
2012-03-02,325.25,26352.6,2487.73,0.71,-2.44,-12.16
2012-03-03,314.07,26214.7,2487.67,0.0,-0.45,-11.12
2012-03-04,282.8,26058.1,2487.61,0.0,-2.39,-14.18
2012-03-05,281.72,25900.8,2487.55,0.0,-4.12,-16.11
2012-03-06,305.76,25757.9,2487.5,0.0,-2.46,-13.43
2012-03-07,298.25,25610.6,2487.44,0.0,-6.86,-16.53
2012-03-08,321.33,25477.0,2487.39,0.0,-2.29,-14.85
2012-03-09,375.78,25376.2,2487.35,0.0,-3.42,-15.14
2012-03-10,371.64,25272.9,2487.31,0.0,-0.5,-10.52
2012-03-11,385.46,25177.8,2487.27,0.0,-1.96,-10.29
2012-03-12,327.36,25047.9,2487.22,0.0,2.15,-7.29
2012-03-13,260.51,24877.9,2487.16,0.0,-2.69,-12.0
2012-03-14,295.84,24729.1,2487.1,0.0,0.23,-10.64
2012-03-15,285.31,24574.0,2487.04,0.0,-4.04,-11.94
2012-03-16,268.1,24408.5,2486.97,0.0,-4.68,-15.87
2012-03-17,281.85,24251.3,2486.91,0.12,-5.95,-17.03
2012-03-18,290.76,24099.4,2486.86,0.0,-1.77,-13.68
2012-03-19,334.34,23973.7,2486.81,2.2,-3.78,-14.38
2012-03-20,348.03,23856.2,2486.76,0.0,-6.21,-16.52
2012-03-21,338.91,23733.2,2486.71,1.33,1.53,-12.13
2012-03-22,370.1,23629.0,2486.67,0.0,1.88,-6.04
2012-03-23,315.76,23492.1,2486.62,0.81,1.81,-5.97
2012-03-24,274.44,23330.5,2486.56,0.0,1.64,-10.26
2012-03-25,249.33,23153.8,2486.49,2.7,5.89,-5.09
2012-03-26,248.43,22976.5,2486.42,4.6,6.51,-5.6
2012-03-27,244.8,22797.1,2486.35,0.0,6.36,-3.76
2012-03-28,263.34,22628.7,2486.29,0.0,6.25,-5.35
2012-03-29,304.24,22485.0,2486.23,18.55,4.79,-8.47
2012-03-30,263.15,22316.5,2486.16,0.21,7.15,-4.74
2012-03-31,261.49,22147.1,2486.1,0.0,9.59,-3.0
2012-04-01,258.63,21976.0,2486.03,0.0,5.83,-5.4
2012-04-02,236.97,21791.8,2485.96,0.0,3.48,-7.47
2012-04-03,229.18,21603.0,2485.89,0.0,7.62,-3.32
2012-04-04,218.69,21407.9,2485.81,0.0,6.94,-6.41
2012-04-05,272.48,21245.1,2485.75,6.89,5.36,-8.14
2012-04-06,312.43,21106.2,2485.7,0.0,6.33,-3.69
2012-04-07,315.41,20969.2,2485.64,0.0,2.27,-9.4
2012-04-08,346.31,20850.6,2485.6,0.0,2.21,-9.45
2012-04-09,332.56,20723.8,2485.55,0.0,3.4,-5.39
2012-04-10,329.47,20595.2,2485.5,0.0,3.36,-6.33
2012-04-11,401.31,20509.7,2485.46,0.0,5.14,-3.73
2012-04-12,436.47,20445.2,2485.44,3.54,8.21,-4.23
2012-04-13,456.93,20393.1,2485.42,3.31,10.41,-0.35
2012-04-14,434.79,20327.6,2485.39,3.03,7.0,-2.61
2012-04-15,406.87,20245.4,2485.36,0.0,5.65,-5.03
2012-04-16,358.41,20134.2,2485.32,0.0,6.21,-8.62
2012-04-17,371.42,20030.7,2485.28,0.0,3.26,-8.53
2012-04-18,358.9,19919.7,2485.24,0.0,7.47,-4.62
2012-04-19,296.46,19771.3,2485.18,0.0,6.11,-3.3
2012-04-20,325.25,19640.1,2485.13,0.0,5.98,-2.83
2012-04-21,320.95,19506.4,2485.08,0.0,7.71,-2.94
2012-04-22,301.23,19360.8,2485.02,0.0,12.26,0.85
2012-04-23,344.5,19241.2,2484.97,4.21,10.12,0.35
2012-04-24,348.69,19124.1,2484.93,1.06,8.29,0.61
2012-04-25,352.3,19009.1,2484.88,0.0,6.07,-2.82
2012-04-26,348.38,18891.8,2484.84,0.0,14.55,-0.51
2012-04-27,367.57,18786.1,2484.8,0.0,16.79,4.66
2012-04-28,455.35,18732.9,2484.78,4.55,16.25,6.38
2012-04-29,464.6,18685.4,2484.76,0.4,8.67,-5.11
2012-04-30,526.33,18674.9,2484.75,4.75,11.51,2.96
2012-05-01,567.97,18689.3,2484.76,0.0,12.75,-2.23
2012-05-02,621.41,18735.9,2484.78,0.0,10.23,1.59
2012-05-03,620.76,18782.0,2484.8,0.0,11.25,-1.89
2012-05-04,523.38,18769.7,2484.79,0.42,9.05,-3.48
2012-05-05,495.04,18740.4,2484.78,2.38,11.85,1.02
2012-05-06,504.77,18717.0,2484.77,0.91,13.88,1.89
2012-05-07,581.75,18739.7,2484.78,0.0,9.68,-0.34
2012-05-08,621.8,18786.4,2484.8,0.0,9.71,-0.13
2012-05-09,556.02,18793.7,2484.8,0.0,10.6,0.69
2012-05-10,484.98,18758.4,2484.79,0.0,16.28,3.25
2012-05-11,546.58,18760.0,2484.79,0.0,10.78,0.86
2012-05-12,659.44,18829.4,2484.81,1.96,16.86,2.92
2012-05-13,653.27,18895.0,2484.84,0.0,14.81,5.74
2012-05-14,654.45,18961.4,2484.87,0.04,18.01,9.36
2012-05-15,665.27,19034.2,2484.89,0.0,17.56,6.23
2012-05-16,646.11,19095.6,2484.92,0.0,15.02,5.95
2012-05-17,758.92,19224.6,2484.97,0.0,12.91,3.52
2012-05-18,784.15,19368.8,2485.02,0.0,16.25,3.52
2012-05-19,740.36,19486.7,2485.07,1.69,15.16,5.81
2012-05-20,858.37,19675.4,2485.14,1.15,17.97,9.05
2012-05-21,1007.24,19953.4,2485.25,0.0,19.47,9.72
2012-05-22,1128.69,20304.3,2485.39,0.0,21.69,10.82
2012-05-23,1394.97,20815.0,2485.58,5.23,17.75,4.95
2012-05-24,1278.36,21255.7,2485.75,0.0,14.26,3.22
2012-05-25,1388.21,21762.3,2485.95,0.0,14.14,3.22
2012-05-26,1369.41,22257.6,2486.14,0.0,18.48,7.1
2012-05-27,1348.23,22740.2,2486.33,0.0,20.74,7.74
2012-05-28,1394.5,23250.6,2486.53,1.11,21.15,7.33
2012-05-29,1399.85,23764.2,2486.73,0.0,15.41,6.39
2012-05-30,1479.54,24325.6,2486.94,0.42,17.39,6.85
2012-05-31,1474.79,24884.2,2487.16,0.0,17.89,7.0
2012-06-01,1431.5,25416.7,2487.37,0.0,18.36,6.42
2012-06-02,1447.49,25958.9,2487.58,1.21,16.46,6.06
2012-06-03,1709.24,26658.1,2487.85,10.62,20.79,10.2
2012-06-04,1623.77,27306.1,2488.1,5.73,18.82,6.89
2012-06-05,1491.24,27874.5,2488.32,0.0,20.17,6.75
2012-06-06,1522.98,28462.0,2488.54,0.0,22.59,10.46
2012-06-07,1723.05,29169.5,2488.82,0.0,22.86,11.66
2012-06-08,1690.77,29857.6,2489.09,6.65,20.06,10.39
2012-06-09,1573.08,30475.2,2489.32,4.92,18.14,4.37
2012-06-10,1589.11,31102.3,2489.57,0.0,19.14,8.25
2012-06-11,1573.75,31720.3,2489.81,0.0,17.32,3.83
2012-06-12,1832.05,32493.2,2490.11,5.38,19.13,9.28
2012-06-13,1769.24,33228.4,2490.39,1.93,21.39,11.9
2012-06-14,1735.23,33943.2,2490.67,1.58,20.99,8.99
2012-06-15,1715.11,34646.0,2490.94,0.0,20.29,12.51
2012-06-16,1507.63,35224.2,2491.16,0.0,21.64,9.03
2012-06-17,1522.24,35811.2,2491.39,0.0,22.16,13.09
2012-06-18,1664.27,36483.5,2491.65,0.0,21.85,9.42
2012-06-19,1766.79,37217.2,2491.94,3.65,21.72,10.51
2012-06-20,1629.71,37868.8,2492.19,0.0,26.45,12.98
2012-06-21,1544.03,38468.8,2492.42,0.0,22.95,7.7
2012-06-22,1637.42,39125.0,2492.67,0.0,18.31,7.24
2012-06-23,1427.89,39655.4,2492.88,0.0,16.17,6.59
2012-06-24,1273.8,40093.4,2493.05,0.0,11.91,2.49
2012-06-25,1493.9,40663.4,2493.27,3.21,9.15,-2.22
2012-06-26,1210.63,41063.4,2493.43,0.0,13.06,1.28
2012-06-27,1346.18,41544.8,2493.61,0.0,15.9,4.85
2012-06-28,1182.77,41928.2,2493.76,0.0,18.56,4.13
2012-06-29,1322.93,42395.6,2493.94,7.6,15.6,5.89
2012-06-30,1378.73,42896.5,2494.14,0.33,16.73,7.06
2012-07-01,1187.23,43282.5,2494.29,0.0,14.91,3.59
2012-07-02,1121.7,43629.2,2494.42,0.0,16.19,3.69
2012-07-03,1128.54,43980.1,2494.56,0.0,18.73,10.12
2012-07-04,1195.69,44371.1,2494.71,1.0,16.7,9.02
2012-07-05,1498.04,44943.6,2494.93,15.35,17.26,8.17
2012-07-06,1477.26,45503.7,2495.15,0.0,17.5,7.41
2012-07-07,1245.96,45924.9,2495.31,0.0,10.38,2.77
2012-07-08,1238.31,46341.6,2495.47,0.0,17.12,5.29
2012-07-09,1240.72,46759.7,2495.63,0.0,15.55,4.7
2012-07-10,1111.27,47100.2,2495.76,0.0,13.67,3.48
2012-07-11,1088.99,47427.2,2495.89,0.0,18.2,6.67
2012-07-12,1063.29,47738.9,2496.01,0.0,21.49,8.24
2012-07-13,1013.99,48021.0,2496.12,4.25,21.79,11.41
2012-07-14,906.5,48238.6,2496.2,0.07,21.58,12.82
2012-07-15,951.95,48483.4,2496.3,1.19,18.77,9.91
2012-07-16,973.09,48740.9,2496.4,0.0,22.86,11.29
2012-07-17,833.97,48915.0,2496.47,0.0,22.87,13.14
2012-07-18,688.86,49002.0,2496.5,0.0,24.4,10.6
2012-07-19,652.43,49067.1,2496.53,0.0,25.0,15.08
2012-07-20,663.22,49138.8,2496.55,0.93,24.83,13.43
2012-07-21,712.33,49239.8,2496.59,0.0,24.43,12.31
2012-07-22,673.54,49317.7,2496.62,0.0,23.43,13.18
2012-07-23,693.54,49407.5,2496.66,0.0,25.13,13.13
2012-07-24,771.78,49544.2,2496.71,0.0,23.73,12.68
2012-07-25,730.98,49656.5,2496.75,0.0,17.77,8.83
2012-07-26,750.32,49780.3,2496.8,0.0,15.03,6.21
2012-07-27,879.75,49981.9,2496.88,9.31,22.28,8.81
2012-07-28,826.17,50151.3,2496.95,0.0,18.71,5.75
2012-07-29,744.94,50271.9,2496.99,0.0,16.75,6.41
2012-07-30,820.27,50437.7,2497.06,0.0,15.59,5.39
2012-07-31,996.32,50709.2,2497.16,0.0,18.14,7.16
2012-08-01,926.69,50938.9,2497.25,0.0,15.47,5.53
2012-08-02,961.25,51189.3,2497.35,0.0,16.96,5.69
2012-08-03,928.43,51420.1,2497.44,0.0,14.43,3.62
2012-08-04,885.59,51625.1,2497.52,2.29,18.21,8.36
2012-08-05,837.05,51801.0,2497.58,0.0,21.74,10.47
2012-08-06,724.89,51909.6,2497.63,0.0,23.75,9.66
2012-08-07,612.41,51950.8,2497.64,0.0,19.23,9.32
2012-08-08,586.61,51976.4,2497.65,0.0,19.67,9.51
2012-08-09,528.71,51967.3,2497.65,0.0,21.45,10.36
2012-08-10,547.84,51969.7,2497.65,0.0,16.32,1.81
2012-08-11,489.43,51937.1,2497.64,1.7,21.12,9.65
2012-08-12,495.71,51908.2,2497.63,4.9,21.01,9.56
2012-08-13,508.62,51887.0,2497.62,0.0,21.21,9.6
2012-08-14,480.4,51848.9,2497.6,0.0,23.74,10.87
2012-08-15,451.07,51793.3,2497.58,0.0,21.46,14.76
2012-08-16,437.57,51729.5,2497.56,0.0,28.13,16.56
2012-08-17,398.73,51642.4,2497.52,0.0,26.64,14.69
2012-08-18,421.01,51568.7,2497.49,0.0,22.16,10.71
2012-08-19,526.73,51558.4,2497.49,2.98,20.06,9.58
2012-08-20,408.39,51477.1,2497.46,0.0,18.01,7.77
2012-08-21,364.98,51369.8,2497.42,0.0,13.84,4.51
2012-08-22,349.02,51252.9,2497.37,0.0,15.75,5.28
2012-08-23,319.23,51118.1,2497.32,0.0,14.15,4.15
2012-08-24,372.06,51015.0,2497.28,0.0,15.87,5.72
2012-08-25,355.42,50902.0,2497.24,0.0,19.85,7.5
2012-08-26,387.0,50807.8,2497.2,0.85,18.27,5.57
2012-08-27,426.94,50737.7,2497.17,0.0,15.63,2.11
2012-08-28,405.26,50654.5,2497.14,0.0,15.89,5.04
2012-08-29,399.19,50567.7,2497.11,0.0,17.07,7.84
2012-08-30,393.68,50477.6,2497.07,0.0,13.43,3.04
2012-08-31,388.61,50384.5,2497.04,0.0,20.18,8.17
2012-09-01,381.45,50287.0,2497.0,0.0,22.61,11.76
2012-09-02,351.27,50171.5,2496.95,0.0,21.61,12.63
2012-09-03,347.49,50053.6,2496.91,0.0,23.55,16.25
2012-09-04,332.08,49926.6,2496.86,0.0,21.16,10.98
2012-09-05,322.78,49793.9,2496.81,0.0,24.34,11.1
2012-09-06,317.12,49657.9,2496.75,1.32,15.73,7.19
2012-09-07,278.42,49498.6,2496.69,0.0,19.96,6.65
2012-09-08,269.91,49334.2,2496.63,0.0,18.07,6.33
2012-09-09,315.79,49197.4,2496.58,0.0,17.65,8.32
2012-09-10,286.3,49042.8,2496.52,0.0,13.74,1.95
2012-09-11,315.99,48906.1,2496.46,0.0,11.65,0.42
2012-09-12,288.97,48753.2,2496.4,0.0,11.07,-0.34
2012-09-13,301.86,48608.0,2496.35,0.0,11.98,1.39
2012-09-14,323.79,48475.9,2496.3,0.0,11.13,-1.2
2012-09-15,377.73,48376.3,2496.26,0.0,13.67,3.43
2012-09-16,379.68,48277.7,2496.22,0.0,15.41,2.89
2012-09-17,359.82,48167.3,2496.18,0.0,9.29,-1.08
2012-09-18,330.72,48039.4,2496.13,0.0,9.62,-0.93
2012-09-19,336.37,47914.9,2496.08,0.0,12.03,1.95
2012-09-20,324.98,47783.6,2496.03,0.0,13.7,0.85
2012-09-21,363.0,47675.1,2495.99,0.0,7.02,-1.04
2012-09-22,354.88,47561.7,2495.94,0.0,10.7,-2.46
2012-09-23,318.75,47426.6,2495.89,0.07,8.16,-2.24
2012-09-24,307.09,47284.6,2495.84,0.5,9.32,-0.74
2012-09-25,289.95,47132.2,2495.78,0.0,9.06,-1.39
2012-09-26,286.84,46978.0,2495.72,0.0,3.71,-5.85
2012-09-27,293.64,46827.9,2495.66,0.0,7.69,-3.2
2012-09-28,290.96,46676.1,2495.6,0.0,6.15,-5.26
2012-09-29,292.53,46525.3,2495.54,0.0,6.66,-5.18
2012-09-30,297.35,46377.4,2495.48,0.0,9.7,-1.63
2012-10-01,278.25,46218.0,2495.42,0.0,9.97,-2.99
2012-10-02,298.79,46071.0,2495.37,0.0,6.67,-2.04
2012-10-03,299.98,45924.7,2495.31,0.0,8.83,-1.63
2012-10-04,319.6,45790.1,2495.26,0.0,12.99,2.22
2012-10-05,331.4,45662.6,2495.21,0.0,6.55,-4.32
2012-10-06,328.06,45533.1,2495.16,0.0,6.2,-3.45
2012-10-07,364.82,45425.7,2495.12,0.91,9.91,-2.34
2012-10-08,355.55,45312.7,2495.07,0.0,9.39,1.21
2012-10-09,394.68,45223.2,2495.04,0.0,11.24,-0.19
2012-10-10,352.05,45108.1,2494.99,0.0,7.62,-0.68
2012-10-11,356.94,44996.0,2494.95,0.0,3.08,-8.27
2012-10-12,363.1,44887.5,2494.91,0.0,4.29,-9.4
2012-10-13,370.76,44783.7,2494.87,0.0,-2.17,-13.14
2012-10-14,387.61,44689.9,2494.83,0.0,0.63,-10.08
2012-10-15,376.94,44589.8,2494.79,0.0,7.16,-5.67
2012-10-16,384.61,44494.2,2494.75,0.0,11.79,-0.71
2012-10-17,320.52,44360.2,2494.7,0.0,8.2,-2.26
2012-10-18,352.15,44245.2,2494.66,0.0,2.79,-7.16
2012-10-19,315.34,44108.1,2494.6,0.0,-1.84,-10.61
2012-10-20,347.28,43990.1,2494.56,0.0,4.25,-9.82
2012-10-21,323.8,43858.1,2494.51,0.0,2.35,-6.61
2012-10-22,324.53,43726.5,2494.46,0.39,3.27,-8.44
2012-10-23,313.66,43588.3,2494.4,0.0,1.06,-11.91
2012-10-24,317.08,43452.3,2494.35,0.0,4.02,-8.07
2012-10-25,359.96,43341.9,2494.31,0.0,11.14,-0.33
2012-10-26,412.77,43263.3,2494.28,0.0,10.14,-1.99
2012-10-27,412.43,43184.4,2494.25,0.0,13.72,2.23
2012-10-28,416.54,43108.0,2494.22,0.0,10.13,1.15
2012-10-29,504.72,43084.5,2494.21,17.35,6.92,-4.66
2012-10-30,547.67,43086.8,2494.21,0.0,4.64,-6.32
2012-10-31,579.37,43108.1,2494.22,0.0,4.46,-7.68
2012-11-01,578.09,43128.7,2494.23,0.0,-3.88,-12.91
2012-11-02,548.43,43131.4,2494.23,0.0,-3.05,-14.4
2012-11-03,512.43,43112.5,2494.22,0.0,-4.92,-15.33
2012-11-04,527.22,43102.5,2494.22,0.0,-2.73,-12.55
2012-11-05,548.2,43105.1,2494.22,0.0,-0.7,-12.29
2012-11-06,530.51,43097.1,2494.21,0.0,-2.45,-14.88
2012-11-07,490.88,43065.3,2494.2,0.0,-2.59,-13.18
2012-11-08,547.77,43067.7,2494.2,0.0,3.39,-8.59
2012-11-09,461.15,43018.1,2494.18,0.0,6.86,-2.62
2012-11-10,511.22,42998.5,2494.18,0.0,3.98,-6.24
2012-11-11,435.16,42933.3,2494.15,0.0,-1.67,-11.25
2012-11-12,429.79,42864.8,2494.12,0.0,1.35,-10.37
2012-11-13,551.79,42869.6,2494.13,10.27,-0.41,-9.65
2012-11-14,559.9,42879.2,2494.13,0.0,2.04,-7.45
2012-11-15,556.23,42886.6,2494.13,0.0,4.69,-6.26
2012-11-16,508.31,42865.3,2494.12,0.0,3.9,-6.76
2012-11-17,428.63,42796.1,2494.1,0.0,6.46,-3.76
2012-11-18,388.82,42703.1,2494.06,0.0,1.41,-10.28
2012-11-19,396.66,42614.8,2494.03,0.52,-1.19,-9.9
2012-11-20,395.21,42525.6,2493.99,0.0,0.82,-6.71
2012-11-21,381.69,42428.3,2493.95,0.0,2.8,-6.82
2012-11-22,418.2,42352.9,2493.93,0.0,2.66,-10.28
2012-11-23,421.55,42279.5,2493.9,0.0,4.03,-7.63
2012-11-24,429.08,42210.6,2493.87,0.0,2.44,-7.73
2012-11-25,422.15,42137.6,2493.84,0.0,0.45,-12.59
2012-11-26,422.83,42065.0,2493.81,0.0,2.79,-7.31
2012-11-27,391.54,41973.6,2493.78,0.0,-1.85,-14.9
2012-11-28,394.51,41884.0,2493.74,3.52,-3.67,-15.85
2012-11-29,369.48,41779.3,2493.7,0.0,-1.17,-14.36
2012-11-30,390.43,41687.3,2493.67,0.0,-3.78,-14.72
2012-12-01,352.66,41572.6,2493.62,0.0,1.55,-10.59
2012-12-02,395.91,41483.8,2493.59,0.0,-4.36,-13.89
2012-12-03,432.3,41416.8,2493.56,6.91,-2.41,-13.86
2012-12-04,370.45,41312.8,2493.52,2.6,2.45,-9.94
2012-12-05,389.22,41220.0,2493.49,0.0,3.68,-9.51
2012-12-06,354.74,41106.5,2493.44,0.0,-1.33,-12.36
2012-12-07,345.54,40987.5,2493.4,0.0,0.62,-9.06
2012-12-08,339.36,40864.8,2493.35,0.0,-2.2,-14.26
2012-12-09,338.47,40741.6,2493.3,0.0,-1.42,-13.92
2012-12-10,314.01,40603.7,2493.25,0.0,-6.32,-15.52
2012-12-11,311.39,40464.2,2493.19,0.0,-7.56,-19.99
2012-12-12,318.2,40328.8,2493.14,0.0,-3.74,-15.1
2012-12-13,320.65,40194.9,2493.09,0.0,0.2,-13.06
2012-12-14,353.2,40080.5,2493.04,0.0,-1.06,-11.67
2012-12-15,343.45,39960.2,2493.0,0.0,-4.55,-17.26
2012-12-16,342.33,39839.3,2492.95,0.0,-0.66,-12.35
2012-12-17,355.69,39726.4,2492.91,0.0,-4.34,-18.43
2012-12-18,311.73,39587.1,2492.85,0.0,-0.22,-12.81
2012-12-19,349.81,39470.7,2492.81,0.0,-5.99,-16.22
2012-12-20,395.03,39381.4,2492.77,0.0,-4.56,-15.14
2012-12-21,449.51,39324.8,2492.75,8.46,-3.21,-13.52
2012-12-22,452.0,39269.7,2492.73,4.45,-7.0,-17.9
2012-12-23,463.13,39221.2,2492.71,0.0,-8.39,-20.07
2012-12-24,514.5,39203.6,2492.71,7.86,-9.24,-20.17
2012-12-25,479.17,39164.8,2492.69,0.0,-9.21,-20.29
2012-12-26,446.46,39106.3,2492.67,0.0,-5.66,-16.68
2012-12-27,374.72,39004.9,2492.63,0.0,-10.57,-19.23
2012-12-28,394.77,38915.4,2492.59,0.0,-7.07,-16.63
2012-12-29,421.91,38842.2,2492.57,3.11,-5.51,-17.58
2012-12-30,399.73,38755.8,2492.53,0.0,-10.18,-21.39
2012-12-31,397.5,38667.9,2492.5,0.0,-6.96,-16.62
2013-01-01,462.39,38619.1,2492.48,8.08,-9.78,-21.78
2013-01-02,467.94,38573.5,2492.46,0.0,-12.43,-21.77
2013-01-03,414.07,38495.6,2492.43,0.0,-12.72,-24.51
2013-01-04,354.94,38382.3,2492.39,0.0,-14.74,-24.25
2013-01-05,349.31,38265.5,2492.34,0.0,-9.2,-21.24
2013-01-06,355.7,38152.6,2492.3,0.0,-7.29,-18.61
2013-01-07,354.8,38039.2,2492.25,0.0,-5.24,-19.19
2013-01-08,461.62,37989.9,2492.24,15.7,-7.36,-18.49
2013-01-09,388.31,37896.5,2492.2,0.0,-6.38,-18.52
2013-01-10,347.79,37778.9,2492.15,0.0,-3.27,-14.67
2013-01-11,305.18,37635.7,2492.1,0.0,-9.8,-21.86
2013-01-12,300.25,37489.5,2492.04,0.0,-8.19,-21.89
2013-01-13,304.19,37345.7,2491.99,0.0,-7.08,-17.24
2013-01-14,361.16,37236.1,2491.94,0.0,-2.64,-18.39
2013-01-15,333.18,37109.7,2491.89,0.0,-9.39,-20.6
2013-01-16,383.2,37013.3,2491.86,0.0,-5.83,-21.13
2013-01-17,345.41,36894.2,2491.81,0.0,-7.93,-20.56
2013-01-18,380.37,36796.1,2491.77,0.0,-8.5,-21.69
2013-01-19,377.47,36696.3,2491.73,0.0,-7.99,-20.19
2013-01-20,384.15,36600.4,2491.7,0.0,-2.48,-14.57
2013-01-21,380.36,36502.3,2491.66,0.0,-1.83,-15.04
2013-01-22,389.98,36410.0,2491.62,0.0,-3.19,-13.92
2013-01-23,414.99,36332.7,2491.59,0.0,-5.4,-17.21
2013-01-24,374.72,36231.2,2491.55,0.0,-5.14,-15.57
2013-01-25,372.42,36128.3,2491.51,0.0,1.11,-9.16
2013-01-26,404.74,36044.8,2491.48,8.41,2.83,-7.94
2013-01-27,366.47,35938.4,2491.44,0.0,0.45,-8.49
2013-01-28,362.46,35829.6,2491.4,0.0,0.03,-16.26
2013-01-29,350.5,35713.6,2491.35,0.0,-3.62,-16.23
2013-01-30,328.75,35584.5,2491.3,0.0,-6.1,-19.73
2013-01-31,360.3,35474.3,2491.26,0.0,-6.09,-18.95
2013-02-01,350.3,35358.2,2491.22,0.0,-7.04,-18.15
2013-02-02,337.09,35234.1,2491.17,0.0,-3.26,-15.64
2013-02-03,327.54,35104.3,2491.12,0.0,-4.78,-16.13
2013-02-04,341.93,34983.2,2491.07,0.0,-4.23,-15.5
2013-02-05,388.63,34890.0,2491.03,6.02,-5.72,-15.8
2013-02-06,402.43,34805.2,2491.0,0.0,-5.22,-17.8
2013-02-07,510.61,34785.2,2490.99,17.07,-5.02,-14.59
2013-02-08,449.53,34728.6,2490.97,0.0,-3.31,-12.32
2013-02-09,433.0,34662.1,2490.95,0.88,-1.68,-14.72
2013-02-10,423.96,34590.2,2490.92,0.0,-1.98,-14.32
2013-02-11,423.17,34517.8,2490.89,0.0,-3.09,-12.63
2013-02-12,411.95,34438.6,2490.86,0.0,-1.49,-12.03
2013-02-13,451.19,34383.0,2490.84,6.43,-3.89,-15.72
2013-02-14,439.28,34320.3,2490.81,0.0,-3.77,-13.35
2013-02-15,448.46,34263.0,2490.79,0.0,-4.9,-15.11
2013-02-16,373.53,34160.8,2490.75,0.0,2.47,-7.25
2013-02-17,352.75,34046.1,2490.71,0.0,1.98,-10.9
2013-02-18,320.19,33911.9,2490.66,0.0,-2.98,-10.32
2013-02-19,314.43,33774.3,2490.6,0.99,-0.2,-14.41
2013-02-20,325.31,33643.1,2490.55,0.21,-3.2,-15.54
2013-02-21,333.24,33516.8,2490.5,0.0,-3.25,-14.47
2013-02-22,309.69,33376.3,2490.45,0.0,-0.06,-10.29
2013-02-23,384.88,33280.9,2490.41,5.66,-0.45,-9.95
2013-02-24,388.27,33187.5,2490.38,0.0,-0.16,-11.19
2013-02-25,368.65,33082.4,2490.33,0.0,0.43,-9.66
2013-02-26,388.84,32989.4,2490.3,0.0,-1.87,-14.11
2013-02-27,401.4,32903.9,2490.27,0.0,-4.94,-18.02
2013-02-28,350.81,32788.1,2490.22,0.0,-5.8,-16.78
2013-03-01,333.74,32662.0,2490.17,0.0,-5.0,-16.72
2013-03-02,307.99,32520.5,2490.12,0.0,-10.94,-22.0
2013-03-03,328.39,32391.2,2490.07,0.0,-10.16,-20.41
2013-03-04,308.59,32250.0,2490.01,0.0,-5.55,-19.59
2013-03-05,353.63,32135.9,2489.97,9.89,-8.69,-18.55
2013-03-06,366.61,32029.5,2489.93,0.5,-4.52,-18.88
2013-03-07,342.27,31908.6,2489.88,0.0,-6.11,-15.74
2013-03-08,297.53,31760.8,2489.82,0.0,-6.04,-18.65
2013-03-09,334.97,31635.4,2489.77,0.0,-8.4,-18.98
2013-03-10,348.28,31518.1,2489.73,0.0,-1.88,-13.75
2013-03-11,387.77,31424.4,2489.69,2.11,-3.28,-13.23
2013-03-12,389.18,31331.6,2489.66,0.0,-3.35,-14.22
2013-03-13,383.42,31235.4,2489.62,0.0,-3.36,-13.64
2013-03-14,466.92,31189.2,2489.6,11.42,-3.06,-13.22
2013-03-15,415.93,31112.4,2489.57,5.2,-2.88,-15.17
2013-03-16,411.82,31033.2,2489.54,0.0,-4.95,-16.14
2013-03-17,374.64,30931.7,2489.5,0.0,-4.06,-13.4
2013-03-18,368.08,30826.2,2489.46,1.42,-2.67,-16.43
2013-03-19,314.83,30688.8,2489.41,0.0,-6.16,-18.03
2013-03-20,290.88,30537.0,2489.35,0.0,-1.59,-13.84
2013-03-21,291.31,30385.5,2489.29,0.0,1.87,-9.74
2013-03-22,297.25,30237.5,2489.23,0.0,3.28,-6.32
2013-03-23,290.53,30085.5,2489.17,0.0,10.72,1.36
2013-03-24,282.62,29928.7,2489.11,0.65,9.84,-2.64
2013-03-25,271.76,29765.5,2489.05,0.0,7.35,-3.95
2013-03-26,276.12,29604.8,2488.99,0.0,7.18,-2.11
2013-03-27,258.17,29433.4,2488.92,1.42,6.74,-4.51
2013-03-28,244.87,29254.0,2488.85,0.0,2.53,-8.71
2013-03-29,223.21,29061.6,2488.78,0.0,2.4,-7.4
2013-03-30,242.52,28880.8,2488.71,0.0,5.53,-7.69
2013-03-31,267.44,28715.0,2488.64,0.29,4.91,-7.36
2013-04-01,251.47,28539.5,2488.57,0.0,4.6,-5.92
2013-04-02,349.92,28423.2,2488.53,8.33,8.94,-3.7
2013-04-03,374.88,28321.8,2488.49,8.45,4.68,-5.97
2013-04-04,327.57,28192.0,2488.44,0.0,2.85,-9.9
2013-04-05,291.16,28040.4,2488.38,0.0,2.88,-8.49
2013-04-06,285.16,27885.2,2488.32,0.0,2.64,-8.64
2013-04-07,286.63,27730.8,2488.26,0.0,11.23,-1.98
2013-04-08,277.74,27571.1,2488.2,0.0,9.68,-0.27
2013-04-09,333.43,27444.9,2488.15,0.0,8.03,-2.4
2013-04-10,345.72,27326.0,2488.1,3.58,7.94,-1.87
2013-04-11,367.41,27220.1,2488.06,2.7,11.07,-3.01
2013-04-12,341.45,27098.7,2488.02,0.0,5.81,-5.33
2013-04-13,297.84,26951.0,2487.96,0.0,9.35,0.42
2013-04-14,334.32,26825.3,2487.91,10.15,12.61,-0.83
2013-04-15,408.87,26744.3,2487.88,0.0,10.21,-0.74
2013-04-16,396.25,26655.8,2487.85,0.0,9.48,-0.23
2013-04-17,388.3,26562.4,2487.81,0.0,7.32,-3.32
2013-04-18,400.12,26476.2,2487.78,0.0,7.89,-4.52
2013-04-19,371.86,26373.0,2487.74,0.0,-1.14,-12.09
2013-04-20,484.63,26337.4,2487.72,9.97,6.65,-6.2
2013-04-21,493.39,26307.1,2487.71,0.0,13.49,-0.94
2013-04-22,460.57,26257.2,2487.69,0.0,8.23,-3.84
2013-04-23,455.17,26203.9,2487.67,0.0,7.12,-3.28
2013-04-24,472.9,26161.4,2487.65,0.0,9.96,-1.84
2013-04-25,484.55,26125.8,2487.64,0.0,3.53,-7.76
2013-04-26,465.14,26078.6,2487.62,0.0,8.29,-2.15
2013-04-27,508.44,26057.3,2487.61,10.57,16.24,7.09
2013-04-28,499.27,26030.5,2487.6,0.0,15.4,5.19
2013-04-29,488.64,25997.4,2487.59,0.4,11.87,2.66
2013-04-30,385.59,25902.4,2487.55,0.0,10.4,-0.62
2013-05-01,417.67,25826.7,2487.52,0.0,6.39,-4.16
2013-05-02,401.34,25741.2,2487.49,0.0,7.77,-2.75
2013-05-03,499.59,25714.6,2487.48,0.0,10.53,-0.17
2013-05-04,575.86,25733.9,2487.49,1.19,13.31,2.7
2013-05-05,605.15,25770.6,2487.5,0.39,7.32,-1.34
2013-05-06,619.8,25816.2,2487.52,0.0,12.98,0.65
2013-05-07,587.24,25842.2,2487.53,0.22,16.29,5.12
2013-05-08,605.16,25879.0,2487.54,3.39,20.75,8.71
2013-05-09,591.49,25907.6,2487.56,0.0,22.86,13.95
2013-05-10,659.65,25977.0,2487.58,0.0,22.95,12.96
2013-05-11,657.4,26045.2,2487.61,1.53,25.57,16.04
2013-05-12,670.18,26120.9,2487.64,1.94,23.15,12.9
2013-05-13,608.13,26159.5,2487.65,1.88,23.1,10.17
2013-05-14,618.88,26204.5,2487.67,0.0,17.17,7.46
2013-05-15,642.74,26263.8,2487.69,0.0,13.48,2.36
2013-05-16,862.98,26455.3,2487.77,14.42,11.29,-0.83
2013-05-17,916.38,26678.8,2487.85,4.09,8.87,-1.9
2013-05-18,957.93,26927.3,2487.95,6.0,12.1,1.13
2013-05-19,847.25,27109.3,2488.02,0.0,14.66,3.56
2013-05-20,753.53,27235.1,2488.07,0.0,9.02,-2.42
2013-05-21,759.27,27364.3,2488.12,0.0,4.71,-6.07
2013-05-22,794.3,27514.6,2488.18,0.0,5.56,-4.51
2013-05-23,867.99,27709.1,2488.25,0.0,10.61,-1.24
2013-05-24,748.15,27831.6,2488.3,0.0,10.66,1.32
2013-05-25,837.58,28007.9,2488.37,2.28,8.02,-2.79
2013-05-26,749.83,28131.4,2488.42,0.0,12.78,1.41
2013-05-27,809.65,28290.9,2488.48,0.0,13.55,0.31
2013-05-28,811.61,28451.6,2488.54,0.0,17.77,7.03
2013-05-29,757.39,28579.7,2488.59,2.17,14.22,8.65
2013-05-30,850.13,28763.4,2488.66,0.0,15.75,4.24
2013-05-31,885.76,28968.6,2488.74,8.08,12.31,0.66
2013-06-01,974.23,29226.8,2488.84,1.36,8.38,-0.69
2013-06-02,950.43,29470.7,2488.94,4.26,11.66,2.42
2013-06-03,938.04,29707.2,2489.03,0.0,11.76,1.96
2013-06-04,917.62,29931.5,2489.11,3.98,16.8,5.48
2013-06-05,821.89,30098.3,2489.18,0.0,15.7,6.64
2013-06-06,787.47,30244.5,2489.24,0.0,17.63,4.54
2013-06-07,1023.06,30532.0,2489.35,19.18,15.81,5.8
2013-06-08,1045.26,30832.8,2489.46,1.67,15.8,5.17
2013-06-09,1025.88,31122.0,2489.58,0.0,16.81,4.13
2013-06-10,905.39,31339.0,2489.66,3.65,16.27,6.87
2013-06-11,836.49,31514.5,2489.73,0.0,19.22,5.96
2013-06-12,832.41,31687.7,2489.79,0.0,13.38,6.59
2013-06-13,815.87,31850.9,2489.86,0.0,14.31,2.27
2013-06-14,901.22,32065.3,2489.94,0.42,11.73,3.56
2013-06-15,965.65,32318.4,2490.04,0.0,13.42,4.29
2013-06-16,926.1,32547.7,2490.13,0.0,15.03,3.42
2013-06-17,998.2,32820.3,2490.23,6.72,14.85,4.29
2013-06-18,1003.09,33095.8,2490.34,0.0,17.6,5.62
2013-06-19,1058.24,33404.4,2490.46,0.0,19.08,8.21
2013-06-20,995.95,33675.7,2490.56,0.0,19.16,9.68
2013-06-21,999.0,33948.8,2490.67,0.0,19.62,6.29
2013-06-22,956.83,34196.6,2490.77,0.0,16.75,5.58
2013-06-23,1053.21,34502.2,2490.88,0.0,15.43,7.05
2013-06-24,1092.82,34831.5,2491.01,0.39,16.78,5.86
2013-06-25,1282.1,35274.5,2491.18,2.43,19.4,9.66
2013-06-26,1395.2,35785.3,2491.38,0.0,21.96,14.49
2013-06-27,1231.2,36197.7,2491.54,0.05,25.89,11.72
2013-06-28,1348.84,36680.7,2491.73,0.0,21.79,11.64
2013-06-29,1340.53,37158.7,2491.91,0.0,25.5,15.09
2013-06-30,1298.92,37611.7,2492.09,0.32,26.92,16.49
2013-07-01,1307.04,38069.6,2492.27,2.71,27.43,16.6
2013-07-02,1294.46,38520.0,2492.44,0.0,31.23,18.78
2013-07-03,1195.37,38910.9,2492.59,0.0,25.26,13.94
2013-07-04,1034.08,39205.0,2492.71,0.0,27.01,19.64
2013-07-05,1027.78,39495.3,2492.82,0.0,27.37,16.26
2013-07-06,1008.71,39774.2,2492.93,0.0,25.71,13.43
2013-07-07,1001.39,40048.8,2493.03,0.0,21.81,11.93
2013-07-08,962.5,40299.9,2493.13,0.11,18.73,5.62
2013-07-09,1077.14,40619.9,2493.25,0.0,21.59,9.4
2013-07-10,1010.51,40899.9,2493.36,1.6,17.86,7.63
2013-07-11,998.12,41172.5,2493.47,6.13,20.13,9.05
2013-07-12,962.56,41423.7,2493.57,0.0,18.1,8.67
2013-07-13,920.02,41649.4,2493.65,0.0,23.41,13.27
2013-07-14,1003.58,41925.2,2493.76,0.0,16.41,6.37
2013-07-15,1138.12,42281.8,2493.9,0.05,17.35,3.59
2013-07-16,1023.39,42569.5,2494.01,0.0,22.7,8.89
2013-07-17,1068.3,42884.1,2494.13,0.0,15.54,3.87
2013-07-18,997.24,43156.2,2494.24,0.0,18.31,8.79
2013-07-19,1009.11,43435.3,2494.34,0.0,22.05,8.97
2013-07-20,1098.88,43768.3,2494.47,0.0,24.45,13.19
2013-07-21,916.68,43992.0,2494.56,0.0,20.5,9.79
2013-07-22,870.51,44188.0,2494.64,0.75,24.94,11.43
2013-07-23,824.57,44356.4,2494.7,0.0,25.55,15.01
2013-07-24,1110.41,44696.3,2494.83,14.12,22.82,10.89
2013-07-25,996.04,44967.6,2494.94,5.45,18.99,8.79
2013-07-26,889.65,45175.1,2495.02,4.96,13.75,2.7
2013-07-27,753.39,45300.8,2495.07,0.41,14.52,3.77
2013-07-28,742.46,45420.0,2495.11,0.0,20.63,9.89
2013-07-29,652.62,45485.2,2495.14,0.0,24.3,11.32
2013-07-30,653.09,45550.8,2495.16,0.0,25.23,15.1
2013-07-31,666.15,45624.1,2495.19,0.0,15.72,6.94
2013-08-01,686.26,45709.6,2495.23,0.0,18.87,7.09
2013-08-02,631.72,45762.3,2495.25,0.08,12.08,3.12
2013-08-03,591.82,45791.1,2495.26,1.59,11.49,1.4
2013-08-04,631.35,45843.6,2495.28,0.0,15.99,2.92
2013-08-05,633.61,45897.4,2495.3,1.22,15.07,5.16
2013-08-06,584.69,45921.9,2495.31,0.0,15.19,4.57
2013-08-07,515.16,45904.7,2495.3,0.0,17.81,4.13
2013-08-08,537.79,45901.0,2495.3,0.0,15.3,5.12
2013-08-09,586.89,45926.8,2495.31,0.0,16.64,6.89
2013-08-10,578.23,45947.5,2495.32,0.0,17.92,6.45
2013-08-11,520.87,45933.7,2495.31,0.0,17.59,4.87
2013-08-12,634.6,45988.1,2495.33,11.88,14.9,3.33
2013-08-13,611.12,46028.5,2495.35,0.0,18.47,10.51
2013-08-14,587.44,46054.6,2495.36,0.0,16.52,6.39
2013-08-15,613.3,46096.3,2495.37,0.0,12.96,2.46
2013-08-16,634.67,46150.8,2495.4,1.32,18.92,8.08
2013-08-17,558.85,46159.7,2495.4,0.0,19.16,9.05
2013-08-18,730.31,46271.6,2495.44,14.36,24.07,10.2
2013-08-19,701.46,46366.2,2495.48,0.0,24.29,10.7
2013-08-20,700.58,46460.2,2495.52,0.0,24.71,15.05
2013-08-21,647.63,46522.5,2495.54,0.0,24.36,12.56
2013-08-22,611.76,46563.2,2495.56,0.0,19.8,11.15
2013-08-23,716.27,46666.6,2495.6,0.0,24.14,12.26
2013-08-24,559.98,46676.3,2495.6,0.0,25.17,16.64
2013-08-25,522.97,46663.8,2495.59,0.0,22.94,12.13
2013-08-26,475.61,46622.8,2495.58,0.0,31.13,16.03
2013-08-27,452.42,46568.0,2495.56,0.0,25.56,15.68
2013-08-28,382.91,46471.4,2495.52,0.0,21.97,14.49
2013-08-29,355.61,46358.4,2495.48,1.82,16.74,8.53
2013-08-30,393.93,46268.5,2495.44,8.57,15.85,3.78
2013-08-31,443.64,46208.3,2495.42,1.58,18.09,8.36
2013-09-01,409.46,46127.7,2495.39,0.0,18.99,6.0
2013-09-02,398.2,46040.3,2495.35,0.0,17.86,4.66
2013-09-03,383.69,45944.2,2495.32,0.0,16.71,5.26
2013-09-04,354.62,45830.6,2495.27,0.0,19.45,6.11
2013-09-05,390.35,45738.5,2495.24,0.0,22.96,9.06
2013-09-06,421.2,45664.9,2495.21,0.0,24.17,10.84
2013-09-07,430.57,45597.0,2495.18,3.58,21.4,9.0
2013-09-08,462.56,45548.2,2495.16,7.64,15.42,4.78
2013-09-09,555.69,45555.3,2495.17,13.22,15.94,4.95
2013-09-10,543.91,45555.3,2495.17,0.0,15.87,3.19
2013-09-11,448.05,45497.8,2495.14,0.0,19.89,7.02
2013-09-12,480.8,45460.0,2495.13,3.92,13.47,2.09
2013-09-13,398.51,45372.8,2495.09,0.0,14.57,3.11
2013-09-14,354.29,45259.0,2495.05,0.18,10.58,1.39
2013-09-15,354.22,45145.2,2495.01,0.0,13.41,3.33
2013-09-16,371.47,45041.8,2494.97,0.0,19.44,6.57
2013-09-17,357.94,44930.2,2494.92,0.0,19.23,7.4
2013-09-18,396.08,44841.6,2494.89,0.0,17.44,5.77
2013-09-19,431.55,44774.2,2494.86,0.0,18.03,3.1
2013-09-20,460.15,44724.0,2494.84,0.0,9.81,-1.0
2013-09-21,449.49,44667.3,2494.82,0.0,10.95,-1.8
2013-09-22,501.1,44641.7,2494.81,0.27,9.68,-0.93
2013-09-23,507.94,44620.1,2494.8,4.74,12.36,0.57
2013-09-24,466.72,44573.8,2494.79,0.0,12.34,-0.5
2013-09-25,480.12,44535.6,2494.77,4.14,16.08,4.98
2013-09-26,439.91,44473.2,2494.75,0.0,14.43,2.54
2013-09-27,438.11,44409.8,2494.72,0.0,17.3,6.49
2013-09-28,453.48,44355.5,2494.7,0.0,14.99,4.03
2013-09-29,470.8,44311.7,2494.68,0.0,16.72,6.21
2013-09-30,441.14,44250.1,2494.66,0.0,15.85,5.54
2013-10-01,437.28,44186.1,2494.64,0.0,19.22,7.66
2013-10-02,452.09,44131.0,2494.61,0.0,15.08,5.82
2013-10-03,466.34,44084.5,2494.6,0.0,10.65,-3.57
2013-10-04,742.11,44203.5,2494.64,22.52,15.17,2.53
2013-10-05,686.87,44289.3,2494.68,0.0,9.06,-2.56
2013-10-06,591.72,44318.0,2494.69,0.0,13.98,3.49
2013-10-07,585.45,44342.9,2494.7,0.0,8.47,-1.43
2013-10-08,591.52,44371.5,2494.71,0.0,6.49,-4.97
2013-10-09,562.23,44382.6,2494.71,0.0,9.49,-2.17
2013-10-10,576.65,44402.2,2494.72,0.0,8.34,-0.39
2013-10-11,477.12,44362.2,2494.7,0.0,12.57,1.94
2013-10-12,480.64,44324.3,2494.69,0.0,6.92,-3.72
2013-10-13,459.55,44273.7,2494.67,0.0,9.06,-3.18
2013-10-14,434.31,44207.9,2494.64,0.0,6.89,-0.68
2013-10-15,387.54,44114.1,2494.61,0.0,8.41,-3.13
2013-10-16,409.78,44033.7,2494.58,0.0,11.22,-0.04
2013-10-17,422.67,43961.0,2494.55,0.0,5.62,-3.64
2013-10-18,371.44,43857.5,2494.51,0.0,5.05,-5.56
2013-10-19,359.76,43747.0,2494.47,0.0,7.59,-0.59
2013-10-20,365.58,43640.1,2494.42,0.0,5.49,-6.03
2013-10-21,393.64,43549.9,2494.39,0.79,4.4,-5.69
2013-10-22,401.55,43464.6,2494.36,0.0,4.81,-7.97
2013-10-23,383.06,43368.1,2494.32,0.0,-2.74,-10.55
2013-10-24,361.35,43258.6,2494.28,0.0,2.06,-11.44
2013-10-25,358.29,43147.2,2494.23,0.0,3.9,-8.18
2013-10-26,346.9,43029.0,2494.19,0.0,3.41,-6.07
2013-10-27,377.54,42929.2,2494.15,0.0,7.2,-3.38
2013-10-28,354.47,42815.6,2494.1,0.0,7.93,-2.25
2013-10-29,373.04,42713.1,2494.06,0.0,11.63,0.37
2013-10-30,348.89,42596.1,2494.02,0.0,15.62,3.93
2013-10-31,334.86,42470.7,2493.97,0.0,9.84,-1.93
2013-11-01,347.62,42353.0,2493.93,0.0,5.37,-3.94
2013-11-02,368.21,42247.6,2493.88,3.49,2.97,-6.3
2013-11-03,356.33,42135.1,2493.84,0.0,0.66,-10.62
2013-11-04,377.87,42035.5,2493.8,0.0,2.15,-6.78
2013-11-05,371.42,41932.0,2493.76,0.0,-0.0,-8.85
2013-11-06,409.34,41851.3,2493.73,0.0,1.02,-9.85
2013-11-07,442.81,41790.7,2493.71,0.0,-0.49,-11.9
2013-11-08,403.35,41706.4,2493.67,0.0,5.28,-6.58
2013-11-09,444.95,41647.0,2493.65,0.0,5.67,-3.81
2013-11-10,398.15,41559.6,2493.62,0.0,5.81,-4.66
2013-11-11,457.26,41507.6,2493.6,0.0,5.95,-3.59
2013-11-12,378.49,41408.4,2493.56,0.0,2.67,-6.71
2013-11-13,375.74,41307.5,2493.52,0.0,5.19,-7.19
2013-11-14,345.42,41188.4,2493.47,0.0,2.56,-9.85
2013-11-15,333.82,41062.4,2493.43,0.0,3.24,-5.82
2013-11-16,317.41,40926.5,2493.37,0.0,3.0,-4.28
2013-11-17,271.64,40763.2,2493.31,0.0,5.14,-7.69
2013-11-18,286.17,40608.6,2493.25,0.0,3.0,-5.9
2013-11-19,307.41,40466.7,2493.19,0.0,1.55,-9.94
2013-11-20,349.93,40350.4,2493.15,0.0,2.31,-9.5
2013-11-21,386.31,40255.8,2493.11,0.0,-1.51,-13.13
2013-11-22,348.53,40138.6,2493.07,0.0,-0.38,-12.59
2013-11-23,310.33,39998.5,2493.01,0.0,-5.36,-13.56
2013-11-24,327.4,39868.6,2492.96,0.97,-1.23,-12.02
2013-11-25,294.86,39719.2,2492.9,0.0,-0.35,-12.81
2013-11-26,297.83,39571.6,2492.85,0.0,-0.79,-11.37
2013-11-27,329.54,39443.0,2492.8,0.0,0.02,-13.09
2013-11-28,350.81,39327.2,2492.75,0.0,-0.13,-9.44
2013-11-29,368.33,39221.9,2492.71,0.0,1.96,-8.04
2013-11-30,366.94,39115.7,2492.67,0.0,1.98,-9.7
2013-12-01,361.01,39006.0,2492.63,1.31,6.5,-5.59
2013-12-02,349.22,38889.2,2492.58,0.0,-0.14,-9.55
2013-12-03,341.42,38767.7,2492.54,0.0,9.16,-0.58
2013-12-04,379.66,38669.2,2492.5,0.0,4.76,-7.59
2013-12-05,395.97,38580.5,2492.46,0.0,1.68,-6.76
2013-12-06,435.47,38515.4,2492.44,1.76,1.36,-7.61
2013-12-07,379.18,38416.6,2492.4,0.0,4.85,-3.29
2013-12-08,400.62,38330.7,2492.37,0.0,8.64,-1.88
2013-12-09,405.19,38247.5,2492.33,0.0,1.81,-8.92
2013-12-10,345.02,38128.2,2492.29,0.0,3.91,-11.61
2013-12-11,334.9,38002.8,2492.24,0.0,5.08,-7.43
2013-12-12,362.45,37893.9,2492.2,0.0,1.28,-9.9
2013-12-13,340.33,37771.8,2492.15,0.0,1.92,-7.32
2013-12-14,324.18,37640.0,2492.1,0.0,-1.75,-15.19
2013-12-15,329.41,37511.3,2492.05,0.0,-2.64,-13.32
2013-12-16,306.0,37368.6,2491.99,0.0,-4.96,-14.94
2013-12-17,280.93,37210.9,2491.93,0.0,-5.8,-14.89
2013-12-18,279.47,37052.2,2491.87,0.0,-5.74,-15.96
2013-12-19,252.21,36877.2,2491.8,0.0,-3.92,-18.97
2013-12-20,261.64,36707.9,2491.74,0.0,-3.27,-16.51
2013-12-21,256.27,36535.3,2491.67,0.0,0.44,-11.34
2013-12-22,247.68,36357.6,2491.6,0.0,-2.46,-14.35
2013-12-23,253.67,36183.5,2491.54,0.0,-0.99,-10.83
2013-12-24,273.38,36021.2,2491.47,0.0,-2.04,-13.22
2013-12-25,287.51,35867.4,2491.41,0.0,-3.85,-10.94
2013-12-26,263.14,35699.0,2491.35,0.0,0.59,-10.38
2013-12-27,291.8,35547.7,2491.29,0.0,5.47,-7.85
2013-12-28,268.75,35382.7,2491.23,0.0,3.22,-7.07
2013-12-29,303.12,35238.2,2491.17,0.0,1.82,-10.5
2013-12-30,319.86,35103.8,2491.12,0.0,-2.01,-11.27
2013-12-31,306.39,34961.3,2491.06,0.0,-2.8,-14.26
2014-01-01,334.07,34835.5,2491.01,0.0,-3.73,-15.11
2014-01-02,330.65,34707.5,2490.96,0.0,-0.89,-12.52
2014-01-03,298.57,34560.3,2490.91,0.0,-2.53,-12.35
2014-01-04,264.97,34393.0,2490.84,0.0,-3.44,-13.42
2014-01-05,284.15,34237.2,2490.78,0.0,-0.01,-11.74
2014-01-06,291.15,34085.6,2490.72,0.0,-2.73,-10.74
2014-01-07,321.87,33952.4,2490.67,11.22,4.34,-4.79
2014-01-08,340.69,33830.5,2490.62,0.0,-3.2,-12.39
2014-01-09,320.44,33696.4,2490.57,0.0,-4.97,-15.56
2014-01-10,340.76,33574.5,2490.53,0.0,-6.07,-16.45
2014-01-11,325.41,33443.5,2490.47,0.0,-6.46,-17.3
2014-01-12,337.89,33319.9,2490.43,0.0,-8.64,-16.13
2014-01-13,346.75,33201.6,2490.38,0.0,-10.26,-21.6
2014-01-14,364.68,33094.1,2490.34,0.0,-5.53,-18.3
2014-01-15,368.72,32989.0,2490.3,0.0,-12.43,-23.54
2014-01-16,398.64,32901.9,2490.26,0.04,-7.49,-18.43
2014-01-17,411.2,32822.3,2490.23,0.0,-8.34,-20.05
2014-01-18,383.74,32726.2,2490.2,0.0,-11.77,-19.99
2014-01-19,370.48,32622.2,2490.16,0.0,-5.76,-15.42
2014-01-20,351.59,32506.8,2490.11,0.0,-5.41,-17.06
2014-01-21,397.73,32419.1,2490.08,0.0,-4.53,-14.3
2014-01-22,412.75,32340.5,2490.05,0.0,-7.08,-19.61
2014-01-23,424.06,32268.6,2490.02,2.84,-3.23,-16.22
2014-01-24,405.26,32185.4,2489.99,0.0,-8.34,-18.47
2014-01-25,444.36,32125.7,2489.96,0.45,-11.42,-21.12
2014-01-26,459.1,32074.9,2489.94,0.0,-9.27,-18.5
2014-01-27,456.75,32022.6,2489.92,0.0,-4.36,-14.83
2014-01-28,488.42,31989.3,2489.91,0.0,-4.05,-15.08
2014-01-29,510.72,31969.4,2489.9,0.0,3.49,-6.13
2014-01-30,537.31,31965.5,2489.9,0.91,-3.06,-15.33
2014-01-31,472.29,31922.6,2489.89,0.34,-4.99,-14.34
2014-02-01,661.17,31992.9,2489.91,24.09,-6.3,-16.51
2014-02-02,534.28,31987.2,2489.91,0.0,-4.39,-15.51
2014-02-03,469.39,31942.5,2489.89,0.0,-7.44,-18.18
2014-02-04,429.55,31873.9,2489.87,0.0,-3.67,-14.42
2014-02-05,429.63,31805.4,2489.84,0.0,-9.08,-18.9
2014-02-06,402.37,31720.5,2489.81,0.0,-10.53,-22.21
2014-02-07,394.77,31631.0,2489.77,0.0,-6.94,-15.56
2014-02-08,311.97,31491.9,2489.72,0.46,-6.62,-17.91
2014-02-09,331.83,31364.7,2489.67,0.0,-3.99,-13.15
2014-02-10,293.42,31214.4,2489.61,0.0,-5.51,-19.13
2014-02-11,315.61,31077.5,2489.56,0.0,-6.48,-15.86
2014-02-12,357.84,30965.9,2489.51,0.0,-4.99,-17.48
2014-02-13,354.56,30852.3,2489.47,0.0,-3.16,-13.16
2014-02-14,347.87,30734.7,2489.43,0.0,-2.09,-14.01
2014-02-15,332.36,30607.8,2489.38,0.0,-1.63,-12.1
2014-02-16,324.7,30476.3,2489.33,0.0,-1.71,-13.12
2014-02-17,344.21,30356.5,2489.28,2.93,3.68,-7.96
2014-02-18,354.16,30242.7,2489.23,0.0,8.08,-3.54
2014-02-19,314.42,30105.0,2489.18,0.0,8.06,-4.88
2014-02-20,327.15,29975.0,2489.13,1.68,7.85,-4.38
2014-02-21,414.34,29897.2,2489.1,16.59,9.28,-2.12
2014-02-22,380.89,29799.5,2489.06,0.0,5.07,-5.56
2014-02-23,367.18,29693.4,2489.02,0.0,-0.43,-9.59
2014-02-24,308.12,29552.0,2488.97,0.0,3.74,-4.72
2014-02-25,307.33,29410.1,2488.91,0.0,6.31,-4.52
2014-02-26,274.0,29248.2,2488.85,0.0,4.85,-7.97
2014-02-27,252.38,29073.3,2488.78,0.0,4.67,-4.2
2014-02-28,242.97,28892.7,2488.71,0.0,1.12,-6.19
2014-03-01,264.82,28725.3,2488.65,0.0,5.02,-6.36
2014-03-02,261.5,28555.9,2488.58,0.0,1.26,-10.78
2014-03-03,223.65,28363.8,2488.51,0.0,2.84,-10.12
2014-03-04,254.09,28189.9,2488.44,0.0,-3.6,-13.37
2014-03-05,233.04,28003.4,2488.37,0.0,1.69,-10.61
2014-03-06,206.68,27801.1,2488.29,0.3,3.6,-8.99
2014-03-07,213.98,27603.2,2488.21,0.0,-0.07,-10.21
2014-03-08,259.31,27432.4,2488.15,0.0,0.99,-10.27
2014-03-09,238.66,27249.3,2488.08,0.0,2.27,-8.65
2014-03-10,274.38,27087.6,2488.01,0.0,-2.05,-13.42
2014-03-11,289.6,26935.1,2487.95,0.0,-6.24,-14.75
2014-03-12,282.07,26778.0,2487.89,0.0,-1.73,-14.21
2014-03-13,413.36,26699.7,2487.86,14.45,-4.7,-14.07
2014-03-14,398.02,26612.2,2487.83,0.0,-2.57,-15.13
2014-03-15,431.55,26544.8,2487.8,0.0,-5.4,-18.93
2014-03-16,408.28,26463.4,2487.77,0.0,-8.1,-21.0
2014-03-17,372.54,26360.6,2487.73,0.0,-6.66,-16.65
2014-03-18,369.16,26255.8,2487.69,6.14,-9.82,-21.1
2014-03-19,363.79,26147.8,2487.65,0.0,-3.84,-15.0
2014-03-20,417.54,26072.0,2487.62,3.76,1.04,-10.39
2014-03-21,478.12,26032.5,2487.6,0.0,-0.76,-11.4
2014-03-22,466.63,25986.2,2487.59,0.0,-0.6,-12.93
2014-03-23,449.98,25929.9,2487.56,0.0,1.8,-7.35
2014-03-24,415.67,25852.9,2487.53,0.4,4.12,-6.67
2014-03-25,370.11,25748.7,2487.49,0.0,3.74,-7.14
2014-03-26,380.88,25650.9,2487.46,0.0,0.04,-12.93
2014-03-27,466.73,25604.6,2487.44,7.78,4.35,-7.94
2014-03-28,425.55,25533.6,2487.41,0.0,2.8,-7.86
2014-03-29,472.68,25490.9,2487.39,1.88,4.16,-4.97
2014-03-30,596.18,25522.3,2487.41,20.09,6.09,-7.34
2014-03-31,558.58,25531.1,2487.41,5.7,9.77,-4.15
2014-04-01,519.69,25516.6,2487.4,0.0,2.72,-7.91
2014-04-02,518.53,25501.4,2487.4,3.49,10.82,-3.88
2014-04-03,457.43,25449.6,2487.38,0.0,7.64,-4.13
2014-04-04,416.15,25372.9,2487.35,0.0,2.33,-8.26
2014-04-05,398.27,25285.6,2487.31,3.42,0.85,-10.72
2014-04-06,389.35,25192.9,2487.28,0.0,3.05,-7.89
2014-04-07,399.7,25106.4,2487.25,0.0,3.89,-8.13
2014-04-08,401.34,25020.9,2487.21,0.12,6.82,-5.76
2014-04-09,349.82,24904.4,2487.17,0.0,9.7,-2.21
2014-04-10,373.67,24802.3,2487.13,0.0,13.07,2.81
2014-04-11,464.29,24754.6,2487.11,10.11,13.54,1.26
2014-04-12,529.07,24745.7,2487.11,0.0,11.02,1.01
2014-04-13,465.76,24698.8,2487.09,2.67,15.49,3.97
2014-04-14,475.32,24657.7,2487.07,0.0,15.0,5.72
2014-04-15,424.7,24586.2,2487.04,0.0,10.39,-1.36
2014-04-16,446.68,24527.9,2487.02,0.5,9.59,-0.84
2014-04-17,481.63,24490.5,2487.01,0.0,6.49,-4.85
2014-04-18,489.61,24458.0,2486.99,0.0,3.21,-6.98
2014-04-19,507.91,24436.4,2486.99,0.0,0.77,-8.05
2014-04-20,568.71,24451.3,2486.99,0.0,8.05,-2.86
2014-04-21,594.59,24481.8,2487.0,0.0,10.44,-2.62
2014-04-22,651.35,24546.3,2487.03,3.67,5.73,-5.38
2014-04-23,709.24,24645.5,2487.07,0.0,8.78,-3.0
2014-04-24,931.58,24878.1,2487.16,15.78,8.04,-1.88
2014-04-25,804.44,25034.5,2487.22,1.42,11.68,0.38
2014-04-26,776.07,25173.8,2487.27,0.0,11.51,0.02
2014-04-27,689.75,25261.3,2487.31,0.0,12.49,2.23
2014-04-28,588.17,25287.9,2487.32,0.22,13.09,0.46
2014-04-29,662.0,25358.8,2487.34,0.13,13.72,-0.35
2014-04-30,740.8,25476.9,2487.39,4.66,14.27,2.48
2014-05-01,778.18,25617.5,2487.44,0.0,12.44,-0.84
2014-05-02,754.71,25744.0,2487.49,0.0,15.11,5.36
2014-05-03,662.21,25815.1,2487.52,0.0,13.06,3.95
2014-05-04,754.06,25941.2,2487.57,0.0,14.27,1.68
2014-05-05,769.4,26076.5,2487.62,0.0,15.61,5.3
2014-05-06,701.73,26171.2,2487.66,0.0,15.04,3.75
2014-05-07,826.32,26340.7,2487.72,11.8,13.94,2.57
2014-05-08,749.24,26463.9,2487.77,0.0,17.51,6.13
2014-05-09,738.36,26580.6,2487.82,0.78,16.49,4.04
2014-05-10,672.32,26657.7,2487.85,0.0,10.06,-0.37
2014-05-11,837.23,26833.7,2487.91,8.84,12.55,3.17
2014-05-12,826.59,27003.3,2487.98,0.0,17.9,5.54
2014-05-13,823.37,27171.0,2488.04,0.0,19.9,5.87
2014-05-14,886.45,27376.6,2488.12,5.24,15.24,4.66
2014-05-15,959.56,27626.0,2488.22,3.71,13.49,3.51
2014-05-16,895.0,27836.7,2488.3,0.0,18.59,5.4
2014-05-17,829.84,28008.3,2488.37,0.0,21.27,9.71
2014-05-18,748.1,28130.8,2488.42,0.25,21.17,11.94
2014-05-19,703.42,28226.5,2488.45,0.0,17.72,6.98
2014-05-20,666.71,28300.3,2488.48,2.11,12.74,3.74
2014-05-21,726.5,28409.8,2488.52,0.0,11.35,1.51
2014-05-22,740.04,28527.5,2488.57,0.01,13.96,1.04
2014-05-23,762.57,28658.8,2488.62,0.0,13.18,4.32
2014-05-24,760.49,28788.7,2488.67,0.0,11.57,0.85
2014-05-25,737.51,28904.9,2488.72,0.1,11.67,-0.49
2014-05-26,714.91,29007.5,2488.76,0.0,14.92,-0.36
2014-05-27,743.72,29127.5,2488.8,6.38,15.04,4.07
2014-05-28,715.97,29230.7,2488.84,0.0,13.92,4.78
2014-05-29,720.91,29337.0,2488.88,0.0,16.32,1.83
2014-05-30,721.03,29443.3,2488.92,4.11,15.64,3.82
2014-05-31,654.08,29509.4,2488.95,0.0,19.97,10.04
2014-06-01,652.3,29574.4,2488.98,0.0,18.23,8.53
2014-06-02,758.84,29703.4,2489.03,0.0,19.68,12.15
2014-06-03,796.51,29855.0,2489.08,5.63,24.43,14.42
2014-06-04,807.38,30013.1,2489.15,1.03,19.77,8.73
2014-06-05,786.95,30159.0,2489.2,0.0,21.71,9.95
2014-06-06,736.64,30274.6,2489.25,0.0,17.8,9.13
2014-06-07,885.28,30479.5,2489.33,0.0,15.81,5.76
2014-06-08,972.7,30736.8,2489.43,9.45,19.01,6.62
2014-06-09,962.72,30988.1,2489.52,0.0,22.35,8.82
2014-06-10,952.44,31233.2,2489.62,0.0,17.48,8.32
2014-06-11,1038.48,31530.0,2489.73,0.0,18.35,7.86
2014-06-12,1091.98,31858.9,2489.86,0.0,20.29,8.92
2014-06-13,1123.81,32206.9,2490.0,0.0,17.51,6.29
2014-06-14,1145.57,32567.9,2490.14,0.0,16.92,7.02
2014-06-15,1156.7,32935.6,2490.28,0.0,18.87,7.06
2014-06-16,1084.52,33260.0,2490.4,0.0,17.85,7.63
2014-06-17,1049.13,33563.1,2490.52,1.37,18.7,8.11
2014-06-18,918.75,33788.1,2490.61,0.0,15.54,4.07
2014-06-19,957.13,34036.0,2490.7,0.0,19.69,8.34
2014-06-20,1002.54,34311.2,2490.81,1.7,20.44,7.45
2014-06-21,914.63,34533.7,2490.9,0.0,19.21,7.35
2014-06-22,1067.16,34847.7,2491.02,6.69,22.77,8.73
2014-06-23,1214.34,35250.0,2491.17,2.99,21.27,9.68
2014-06-24,1058.02,35558.5,2491.29,0.0,23.06,13.53
2014-06-25,1084.72,35883.0,2491.42,0.0,27.45,16.33
2014-06-26,1045.98,36184.2,2491.54,0.0,22.7,14.15
2014-06-27,1078.01,36504.7,2491.66,0.0,22.72,10.01
2014-06-28,1020.71,36790.8,2491.77,0.0,20.8,12.09
2014-06-29,1085.56,37115.9,2491.9,0.0,19.73,6.03
2014-06-30,1227.8,37526.2,2492.06,7.18,16.9,6.17
2014-07-01,1092.79,37855.6,2492.18,0.0,14.1,3.49
2014-07-02,1132.32,38208.7,2492.32,3.55,17.55,5.5
2014-07-03,1124.04,38556.8,2492.45,0.0,17.11,6.34
2014-07-04,1394.77,39067.3,2492.65,12.15,21.91,10.55
2014-07-05,1328.11,39537.8,2492.83,0.0,21.15,11.3
2014-07-06,1182.69,39921.1,2492.98,0.0,20.1,8.56
2014-07-07,1061.55,40231.8,2493.1,2.44,20.06,8.91
2014-07-08,1179.64,40613.2,2493.25,1.26,13.06,4.23
2014-07-09,1141.81,40972.0,2493.39,0.0,18.26,5.97
2014-07-10,1066.07,41285.3,2493.51,0.0,21.32,10.45
2014-07-11,1067.1,41599.3,2493.63,0.0,21.15,10.52
2014-07-12,1113.84,41941.2,2493.77,0.0,22.7,9.23
2014-07-13,1083.29,42264.9,2493.89,0.0,28.01,15.86
2014-07-14,1073.57,42582.7,2494.01,2.0,23.71,9.8
2014-07-15,1076.12,42902.1,2494.14,0.0,20.19,9.41
2014-07-16,1012.59,43183.3,2494.25,0.0,18.85,9.68
2014-07-17,967.12,43437.3,2494.35,0.0,17.48,7.05
2014-07-18,1188.24,43823.9,2494.49,9.99,20.99,9.85
2014-07-19,1094.64,44154.4,2494.62,0.0,21.07,8.95
2014-07-20,1145.05,44515.1,2494.76,0.0,21.82,9.37
2014-07-21,1201.72,44909.8,2494.92,0.0,21.02,9.39
2014-07-22,1241.83,45328.6,2495.08,10.92,16.95,7.96
2014-07-23,1267.92,45763.0,2495.25,0.0,23.87,15.49
2014-07-24,1225.84,46172.2,2495.4,0.0,23.4,15.11
2014-07-25,1005.63,46449.2,2495.51,0.0,24.04,15.0
2014-07-26,962.29,46700.3,2495.61,0.0,21.09,9.29
2014-07-27,926.06,46929.6,2495.7,0.0,17.23,4.59
2014-07-28,785.15,47074.4,2495.75,0.0,16.04,6.43
2014-07-29,679.07,47155.5,2495.79,0.0,13.72,5.09
2014-07-30,697.96,47248.0,2495.82,0.0,23.98,12.31
2014-07-31,732.74,47361.3,2495.86,0.0,23.12,12.05
2014-08-01,731.74,47474.0,2495.91,0.0,27.41,16.1
2014-08-02,744.54,47594.4,2495.96,0.0,31.43,17.45
2014-08-03,681.39,47676.9,2495.99,0.0,26.75,16.98
2014-08-04,629.84,47728.5,2496.01,0.0,21.9,9.52
2014-08-05,637.24,47784.6,2496.03,0.0,22.36,12.72
2014-08-06,662.79,47855.9,2496.06,0.0,21.91,9.14
2014-08-07,688.54,47942.7,2496.09,0.0,18.58,9.39
2014-08-08,702.13,48037.7,2496.13,0.0,17.47,7.62
2014-08-09,804.44,48194.0,2496.19,9.91,20.5,8.65
2014-08-10,867.3,48388.1,2496.26,9.23,17.17,6.35
2014-08-11,960.52,48638.1,2496.36,0.0,18.45,9.35
2014-08-12,874.31,48836.3,2496.44,0.0,15.16,5.96
2014-08-13,879.3,49037.6,2496.51,7.87,18.76,7.01
2014-08-14,810.63,49197.7,2496.58,0.0,17.35,5.32
2014-08-15,870.41,49393.6,2496.65,0.0,19.17,5.68
2014-08-16,766.43,49527.1,2496.7,0.0,16.84,8.22
2014-08-17,756.02,49654.4,2496.75,1.66,22.92,12.77
2014-08-18,692.91,49743.8,2496.79,0.0,22.53,11.01
2014-08-19,685.64,49828.9,2496.82,0.0,18.23,9.48
2014-08-20,700.65,49923.0,2496.86,0.0,20.2,9.69
2014-08-21,655.2,49989.8,2496.88,0.0,17.56,5.66
2014-08-22,586.13,50015.1,2496.89,0.0,19.71,7.26
2014-08-23,536.78,50010.9,2496.89,0.0,21.86,12.17
2014-08-24,630.09,50062.6,2496.91,12.44,24.65,13.32
2014-08-25,525.05,50051.3,2496.91,0.0,22.59,12.91
2014-08-26,468.53,50006.1,2496.89,0.0,20.41,7.9
2014-08-27,457.44,49954.3,2496.87,0.0,15.51,3.09
2014-08-28,370.06,49850.0,2496.83,0.0,15.26,2.68
2014-08-29,328.98,49721.1,2496.78,1.04,14.45,2.88
2014-08-30,304.17,49577.2,2496.72,0.0,15.83,4.16
2014-08-31,320.37,49443.1,2496.67,0.0,20.03,9.77
2014-09-01,372.56,49340.4,2496.63,0.0,18.48,3.99
2014-09-02,354.54,49226.8,2496.59,0.0,11.74,-0.77
2014-09-03,381.52,49129.4,2496.55,0.0,13.63,3.54
2014-09-04,396.93,49041.2,2496.52,0.0,13.38,4.54
2014-09-05,339.53,48918.6,2496.47,0.0,14.57,4.7
2014-09-06,329.91,48790.2,2496.42,0.0,19.83,9.44
2014-09-07,326.26,48659.7,2496.37,0.0,18.52,7.7
2014-09-08,311.11,48520.0,2496.31,0.0,19.9,7.31
2014-09-09,290.29,48367.9,2496.25,0.0,19.29,9.01
2014-09-10,344.46,48248.2,2496.21,6.09,14.31,6.7
2014-09-11,414.36,48170.5,2496.18,6.78,13.24,3.89
2014-09-12,404.53,48086.9,2496.15,0.0,10.26,-1.2
2014-09-13,402.37,48002.0,2496.11,0.0,12.75,2.65
2014-09-14,307.62,47860.3,2496.06,0.0,11.66,2.92
2014-09-15,393.7,47770.2,2496.02,19.25,10.52,0.85
2014-09-16,390.23,47678.0,2495.99,0.0,9.16,0.77
2014-09-17,334.57,47552.4,2495.94,0.0,11.39,0.12
2014-09-18,303.17,47408.0,2495.88,0.0,10.69,1.95
2014-09-19,260.73,47238.1,2495.82,0.0,9.61,0.31
2014-09-20,270.03,47073.8,2495.75,5.2,14.0,1.82
2014-09-21,270.51,46909.8,2495.69,0.0,12.2,0.46
2014-09-22,244.08,46729.9,2495.62,0.0,8.97,-2.39
2014-09-23,236.25,46545.4,2495.55,0.0,13.11,3.61
2014-09-24,247.62,46367.6,2495.48,0.0,14.73,-0.04
2014-09-25,257.4,46195.7,2495.41,0.0,12.04,0.64
2014-09-26,233.42,46009.5,2495.34,0.0,13.06,0.97
2014-09-27,211.19,45809.9,2495.26,0.0,10.54,-0.42
2014-09-28,235.5,45624.9,2495.19,1.71,11.38,-1.97
2014-09-29,235.24,45439.7,2495.12,0.0,9.23,-0.06
2014-09-30,266.96,45273.5,2495.06,0.7,12.38,2.07
2014-10-01,249.38,45096.8,2494.99,0.0,10.71,2.97
2014-10-02,260.71,44927.0,2494.92,0.0,12.35,3.12
2014-10-03,278.72,44767.9,2494.86,0.0,10.55,0.95
2014-10-04,276.99,44607.7,2494.8,0.0,8.57,-4.28
2014-10-05,277.71,44448.0,2494.74,0.38,9.51,1.02
2014-10-06,279.14,44289.2,2494.67,0.0,14.09,2.31
2014-10-07,238.68,44106.1,2494.6,0.0,13.36,0.83
2014-10-08,209.42,43905.4,2494.53,0.0,13.05,0.7
2014-10-09,229.61,43716.9,2494.45,0.0,11.17,0.1
2014-10-10,212.21,43517.9,2494.38,0.0,14.06,2.37
2014-10-11,195.2,43308.7,2494.3,0.0,17.04,2.85
2014-10-12,206.3,43106.2,2494.22,0.0,15.96,4.71
2014-10-13,188.84,42893.1,2494.13,0.0,13.24,2.41
2014-10-14,199.81,42686.7,2494.05,0.82,14.11,4.32
2014-10-15,206.49,42484.3,2493.98,0.0,18.88,8.01
2014-10-16,197.59,42276.5,2493.9,0.0,18.19,3.65
2014-10-17,219.19,42081.7,2493.82,0.0,13.85,2.39
2014-10-18,229.84,41893.3,2493.75,0.0,14.74,4.58
2014-10-19,217.93,41697.7,2493.67,0.0,9.23,-2.57
2014-10-20,239.83,41515.3,2493.6,0.0,8.3,-7.05
2014-10-21,225.61,41324.4,2493.53,0.0,6.78,-1.84
2014-10-22,265.38,41157.3,2493.46,0.0,1.63,-10.7
2014-10-23,246.45,40978.8,2493.39,0.0,5.6,-5.64
2014-10-24,234.27,40793.1,2493.32,0.0,2.53,-8.5
2014-10-25,255.71,40620.2,2493.25,1.05,4.18,-6.68
2014-10-26,275.31,40459.1,2493.19,0.0,6.19,-4.89
2014-10-27,296.3,40310.5,2493.13,0.0,7.83,-4.76
2014-10-28,290.76,40158.7,2493.08,0.0,3.39,-5.53
2014-10-29,271.24,39995.1,2493.01,0.0,3.48,-7.72
2014-10-30,242.23,39814.1,2492.94,0.0,2.95,-8.44
2014-10-31,197.21,39606.1,2492.86,0.0,0.62,-10.88
2014-11-01,176.01,39385.4,2492.78,0.0,-1.71,-10.25
2014-11-02,206.61,39183.0,2492.7,0.0,4.35,-5.89
2014-11-03,230.97,38995.3,2492.62,3.89,5.75,-7.56
2014-11-04,207.57,38793.5,2492.55,0.0,4.07,-4.48
2014-11-05,212.05,38594.4,2492.47,0.0,1.89,-9.04
2014-11-06,219.07,38399.6,2492.39,0.0,1.69,-9.37
2014-11-07,206.79,38197.3,2492.32,0.0,0.55,-9.89
2014-11-08,211.85,37998.1,2492.24,0.0,2.43,-10.1
2014-11-09,177.61,37778.4,2492.15,0.0,4.61,-6.67
2014-11-10,191.13,37566.7,2492.07,0.0,6.13,-4.86
2014-11-11,204.26,37363.0,2491.99,0.0,-0.1,-10.16
2014-11-12,237.65,37179.2,2491.92,0.0,-2.34,-14.58
2014-11-13,222.15,36986.2,2491.85,0.0,-3.25,-12.2
2014-11-14,238.38,36802.9,2491.78,0.0,-3.41,-12.2
2014-11-15,296.57,36654.5,2491.72,0.0,6.61,-8.22
2014-11-16,289.66,36502.0,2491.66,0.12,6.16,-3.93
2014-11-17,303.22,36357.6,2491.6,0.0,3.36,-8.15
2014-11-18,301.18,36212.0,2491.55,0.0,4.54,-5.99
2014-11-19,293.86,36062.0,2491.49,0.0,4.4,-8.75
2014-11-20,325.14,35930.8,2491.44,0.0,6.22,-4.69
2014-11-21,304.07,35786.9,2491.38,0.0,7.52,-2.47
2014-11-22,355.22,35673.7,2491.34,0.0,12.63,1.47
2014-11-23,395.84,35584.9,2491.3,0.0,8.69,-2.82
2014-11-24,448.07,35527.4,2491.28,11.95,7.07,-4.37
2014-11-25,372.55,35424.6,2491.24,0.0,8.94,-1.97
2014-11-26,333.26,35298.3,2491.19,0.0,9.49,-0.78
2014-11-27,311.04,35158.6,2491.14,0.0,3.86,-4.95
2014-11-28,318.25,35023.2,2491.09,0.0,6.54,-5.5
2014-11-29,349.16,34906.4,2491.04,10.66,4.32,-5.96
2014-11-30,346.14,34787.8,2490.99,0.0,8.88,-4.4
2014-12-01,343.19,34667.4,2490.95,0.47,5.6,-1.48
2014-12-02,285.6,34512.4,2490.89,0.0,0.22,-9.6
2014-12-03,298.45,34365.1,2490.83,0.0,-0.6,-9.98
2014-12-04,286.32,34210.6,2490.77,0.0,-1.32,-12.39
2014-12-05,297.7,34062.9,2490.71,0.0,-4.84,-16.3
2014-12-06,289.65,33910.4,2490.66,0.0,-6.19,-19.48
2014-12-07,275.23,33749.2,2490.59,0.0,-5.65,-16.83
2014-12-08,258.0,33577.7,2490.53,0.0,-8.91,-20.13
2014-12-09,287.81,33424.0,2490.47,0.0,-6.44,-15.85
2014-12-10,262.92,33255.5,2490.4,0.0,1.63,-10.13
2014-12-11,311.59,33116.1,2490.35,0.0,-0.76,-12.27
2014-12-12,324.03,32984.2,2490.3,0.0,0.42,-11.05
2014-12-13,291.44,32832.8,2490.24,0.0,-5.09,-15.0
2014-12-14,283.72,32676.7,2490.18,0.0,-6.48,-17.08
2014-12-15,323.18,32544.3,2490.13,0.0,-5.17,-13.35
2014-12-16,329.87,32415.9,2490.08,0.0,-1.65,-13.16
2014-12-17,356.91,32303.7,2490.03,0.01,-3.1,-13.56
2014-12-18,287.73,32150.0,2489.97,0.0,-3.77,-14.22
2014-12-19,266.05,31983.3,2489.91,0.0,-3.48,-17.21
2014-12-20,286.83,31829.1,2489.85,0.0,-4.5,-14.86
2014-12-21,269.51,31664.5,2489.79,0.0,-6.57,-15.9
2014-12-22,293.31,31514.2,2489.73,0.0,-4.7,-18.27
2014-12-23,291.28,31362.6,2489.67,0.0,-3.88,-15.15
2014-12-24,299.39,31215.9,2489.61,3.87,-1.21,-13.2
2014-12-25,324.75,31084.5,2489.56,0.0,-4.41,-15.99
2014-12-26,327.43,30954.6,2489.51,0.0,-2.04,-11.21
2014-12-27,326.19,30824.0,2489.46,0.0,-1.66,-12.16
2014-12-28,354.99,30710.7,2489.42,0.0,-5.68,-15.25
2014-12-29,365.75,30603.8,2489.37,0.0,-7.96,-21.18
2014-12-30,410.36,30523.7,2489.34,0.0,-11.53,-21.37
2014-12-31,428.91,30454.7,2489.32,0.0,-6.9,-19.53
2015-01-01,420.06,30380.4,2489.29,0.0,-4.17,-16.41
2015-01-02,436.93,30316.3,2489.26,0.0,-3.28,-16.33
2015-01-03,401.94,30231.1,2489.23,0.0,0.27,-11.57
2015-01-04,396.26,30142.6,2489.2,0.0,-5.05,-15.3
2015-01-05,414.14,30064.7,2489.17,0.0,-8.2,-17.63
2015-01-06,343.71,29944.6,2489.12,0.0,-7.78,-14.95
2015-01-07,312.78,29806.0,2489.07,0.0,-9.18,-18.5
2015-01-08,291.29,29654.4,2489.01,0.0,-8.31,-18.86
2015-01-09,274.24,29492.7,2488.94,0.0,-4.67,-15.95
2015-01-10,267.62,29326.9,2488.88,0.0,-3.54,-15.77
2015-01-11,259.22,29156.1,2488.81,0.0,-6.34,-17.63
2015-01-12,248.39,28978.8,2488.75,0.0,-8.67,-19.2
2015-01-13,252.81,28804.2,2488.68,0.65,-5.32,-19.09
2015-01-14,279.08,28645.3,2488.62,0.0,-3.41,-16.05
2015-01-15,267.65,28479.6,2488.55,0.0,-4.66,-16.8
2015-01-16,260.51,28309.6,2488.49,0.0,-11.58,-19.59
2015-01-17,267.66,28143.9,2488.42,0.0,-8.1,-18.88
2015-01-18,303.02,27999.4,2488.37,0.0,-9.75,-20.85
2015-01-19,368.96,27894.4,2488.33,9.71,-15.28,-24.92
2015-01-20,349.97,27778.1,2488.28,0.0,-13.1,-20.27
2015-01-21,396.69,27689.8,2488.25,0.0,-13.1,-26.05
2015-01-22,399.9,27603.4,2488.21,0.0,-16.4,-26.77
2015-01-23,398.2,27516.0,2488.18,0.0,-11.67,-19.61
2015-01-24,513.87,27498.0,2488.17,13.62,-9.93,-20.65
2015-01-25,476.22,27457.4,2488.16,0.0,-9.27,-18.9
2015-01-26,410.49,27377.4,2488.12,0.0,-8.99,-19.44
2015-01-27,402.09,27292.3,2488.09,0.0,-7.81,-16.05
2015-01-28,399.73,27205.9,2488.06,0.0,-8.38,-19.7
2015-01-29,387.77,27112.2,2488.02,0.0,-7.62,-19.08
2015-01-30,419.14,27037.4,2487.99,0.0,-6.48,-19.3
2015-01-31,417.27,26961.4,2487.96,0.0,-6.81,-15.78
2015-02-01,407.68,26879.7,2487.93,0.0,-0.75,-12.89
2015-02-02,371.86,26776.5,2487.89,0.0,1.11,-11.18
2015-02-03,409.82,26696.1,2487.86,0.0,-0.26,-11.45
2015-02-04,383.89,26600.1,2487.82,0.0,-4.11,-14.58
2015-02-05,422.44,26527.2,2487.8,0.0,-10.14,-21.33
2015-02-06,560.48,26537.2,2487.8,17.16,-7.01,-18.16
2015-02-07,507.9,26515.6,2487.79,0.0,-8.16,-21.79
2015-02-08,404.03,26431.7,2487.76,0.0,-9.58,-19.57
2015-02-09,436.49,26367.3,2487.73,2.58,-2.29,-15.32
2015-02-10,420.31,26293.2,2487.7,0.0,-4.14,-14.27
2015-02-11,413.66,26215.1,2487.67,2.4,-4.54,-16.01
2015-02-12,425.27,26143.9,2487.65,0.0,-0.41,-10.16
2015-02-13,447.06,26085.8,2487.62,0.0,-2.2,-14.24
2015-02-14,390.49,25993.8,2487.59,0.0,-1.54,-15.79
2015-02-15,363.6,25885.6,2487.55,0.0,-5.62,-14.25
2015-02-16,387.27,25791.7,2487.51,0.0,-2.67,-12.7
2015-02-17,425.36,25720.6,2487.48,2.12,-2.32,-16.3
2015-02-18,389.99,25628.2,2487.45,0.0,-1.13,-11.37
2015-02-19,357.79,25516.6,2487.4,0.0,-1.08,-11.68
2015-02-20,371.21,25413.0,2487.36,0.0,-1.97,-14.67
2015-02-21,366.28,25306.5,2487.32,2.95,-5.16,-17.7
2015-02-22,341.61,25185.1,2487.28,0.0,-10.56,-17.87
2015-02-23,360.13,25074.9,2487.23,0.0,-9.87,-19.7
2015-02-24,363.65,24966.7,2487.19,0.0,-2.88,-13.1
2015-02-25,380.84,24868.9,2487.15,0.0,-1.59,-14.45
2015-02-26,352.42,24754.1,2487.11,0.0,-1.53,-13.63
2015-02-27,386.33,24659.5,2487.07,4.11,-7.25,-15.06
2015-02-28,369.43,24554.9,2487.03,0.0,-2.62,-13.13
2015-03-01,324.9,24423.5,2486.98,0.0,3.71,-8.92
2015-03-02,311.99,24284.4,2486.93,0.0,2.69,-8.0
2015-03-03,314.56,24146.8,2486.87,0.0,1.7,-9.82
2015-03-04,349.33,24030.1,2486.83,0.0,2.52,-5.54
2015-03-05,355.91,23917.3,2486.78,0.0,1.8,-7.16
2015-03-06,433.47,23851.1,2486.76,7.61,2.36,-12.05
2015-03-07,462.14,23802.0,2486.74,0.0,0.96,-11.99
2015-03-08,440.02,23739.7,2486.72,0.0,-1.32,-12.72
2015-03-09,416.82,23663.5,2486.69,0.0,1.53,-12.62
2015-03-10,363.85,23555.5,2486.64,0.0,1.74,-8.76
2015-03-11,315.96,23418.8,2486.59,0.0,3.52,-9.3
2015-03-12,293.64,23268.6,2486.53,0.0,10.06,-1.29
2015-03-13,343.38,23148.3,2486.49,0.0,11.57,-0.99
2015-03-14,374.5,23046.7,2486.45,0.0,11.17,-0.44
2015-03-15,350.21,22930.5,2486.4,0.0,7.81,-1.72
2015-03-16,401.73,22845.2,2486.37,0.0,3.91,-7.38
2015-03-17,394.66,22755.7,2486.33,0.0,4.7,-5.51
2015-03-18,374.1,22653.8,2486.3,3.66,4.47,-5.87
2015-03-19,329.0,22524.9,2486.25,1.32,2.19,-7.37
2015-03-20,347.24,22407.0,2486.2,0.4,1.32,-8.21
2015-03-21,339.13,22284.1,2486.15,0.0,2.88,-9.15
2015-03-22,294.77,22134.7,2486.09,0.0,2.83,-8.06
2015-03-23,352.91,22020.1,2486.05,0.0,1.43,-9.94
2015-03-24,377.17,21920.1,2486.01,0.0,2.9,-8.73
2015-03-25,427.96,21850.5,2485.98,0.0,3.45,-8.11
2015-03-26,410.62,21770.6,2485.95,0.0,2.86,-6.87
2015-03-27,387.66,21676.9,2485.92,0.0,-0.08,-7.09
2015-03-28,441.06,21615.2,2485.89,0.62,3.54,-8.45
2015-03-29,458.73,21564.1,2485.87,0.0,4.1,-5.46
2015-03-30,385.67,21469.2,2485.84,0.0,7.32,-7.48
2015-03-31,377.62,21369.4,2485.8,0.0,1.51,-9.52
2015-04-01,394.6,21279.9,2485.76,0.0,6.2,-5.83
2015-04-02,393.01,21189.4,2485.73,0.0,3.32,-6.75
2015-04-03,451.52,21134.0,2485.71,3.38,4.17,-5.16
2015-04-04,376.97,21033.8,2485.67,0.0,-0.04,-7.06
2015-04-05,344.45,20914.2,2485.62,0.65,4.88,-10.27
2015-04-06,360.74,20804.3,2485.58,0.0,4.68,-5.03
2015-04-07,343.98,20684.4,2485.53,0.0,5.25,-5.39
2015-04-08,340.86,20562.6,2485.49,0.0,6.27,-0.95
2015-04-09,373.34,20460.3,2485.45,8.85,8.9,1.33
2015-04-10,338.78,20337.2,2485.4,0.0,8.17,-4.29
2015-04-11,406.35,20254.7,2485.37,1.5,-0.7,-12.86
2015-04-12,440.84,20192.9,2485.34,0.03,1.16,-10.62
2015-04-13,430.25,20124.7,2485.32,0.0,1.72,-10.16
2015-04-14,534.48,20119.1,2485.31,22.07,4.74,-5.89
2015-04-15,580.55,20141.1,2485.32,0.0,7.44,-2.87
2015-04-16,531.02,20133.4,2485.32,0.0,8.43,-2.48
2015-04-17,524.09,20121.5,2485.31,0.0,7.62,-1.63
2015-04-18,460.13,20071.3,2485.3,0.0,6.73,-5.32
2015-04-19,503.63,20047.1,2485.29,0.0,4.89,-4.81
2015-04-20,514.18,20029.3,2485.28,3.39,7.12,-5.11
2015-04-21,431.27,19961.8,2485.25,0.0,8.7,-1.51
2015-04-22,458.25,19910.4,2485.23,0.0,2.88,-4.98
2015-04-23,444.03,19850.5,2485.21,0.0,10.03,-2.13
2015-04-24,590.22,19878.3,2485.22,12.89,9.49,3.28
2015-04-25,601.24,19912.7,2485.23,3.84,13.13,1.02
2015-04-26,568.03,19927.2,2485.24,0.0,11.17,-0.35
2015-04-27,587.2,19953.2,2485.25,0.0,7.49,-5.76
2015-04-28,606.59,19990.9,2485.26,1.13,5.43,-8.06
2015-04-29,623.77,20038.8,2485.28,0.0,6.9,-6.71
2015-04-30,610.94,20079.1,2485.3,1.03,3.9,-9.22
2015-05-01,745.3,20199.9,2485.34,0.0,9.0,-4.98
2015-05-02,801.38,20354.4,2485.4,0.0,6.99,-1.93
2015-05-03,699.58,20447.9,2485.44,0.0,4.53,-5.09
2015-05-04,691.06,20536.2,2485.48,1.82,6.64,-5.02
2015-05-05,694.32,20626.4,2485.51,4.52,8.29,-4.36
2015-05-06,759.5,20755.8,2485.56,0.0,10.9,0.55
2015-05-07,768.34,20890.5,2485.61,2.47,16.0,5.89
2015-05-08,689.9,20978.1,2485.65,0.0,18.2,8.12
2015-05-09,614.86,21020.7,2485.66,0.0,16.41,6.91
2015-05-10,660.81,21090.9,2485.69,0.0,14.83,3.56
2015-05-11,721.24,21197.3,2485.73,0.0,16.95,5.66
2015-05-12,762.19,21328.3,2485.78,0.0,17.45,8.59
2015-05-13,796.46,21479.9,2485.84,0.0,19.67,9.18
2015-05-14,954.98,21726.5,2485.94,3.87,19.38,9.81
2015-05-15,810.69,21886.6,2486.0,0.0,20.44,9.29
2015-05-16,762.57,22017.9,2486.05,0.0,17.33,7.58
2015-05-17,687.27,22103.9,2486.08,0.05,15.17,5.47
2015-05-18,722.29,22211.0,2486.12,0.0,18.81,7.32
2015-05-19,896.0,22422.2,2486.21,13.9,16.73,2.3
2015-05-20,848.26,22604.9,2486.28,0.0,15.56,6.62
2015-05-21,740.21,22722.7,2486.32,0.47,15.41,6.88
2015-05-22,709.19,22821.9,2486.36,0.0,17.67,4.48
2015-05-23,736.53,22937.5,2486.41,0.0,17.93,6.85
2015-05-24,713.02,23039.0,2486.44,0.0,14.76,3.4
2015-05-25,757.37,23167.1,2486.49,0.0,16.95,2.86
2015-05-26,759.26,23296.3,2486.54,0.0,16.35,5.51
2015-05-27,721.37,23402.8,2486.59,0.0,18.56,9.43
2015-05-28,792.45,23552.0,2486.64,0.0,20.58,9.39
2015-05-29,791.86,23700.8,2486.7,3.44,16.7,5.61
2015-05-30,843.56,23880.6,2486.77,0.0,14.1,5.92
2015-05-31,827.26,24050.6,2486.84,1.26,14.52,2.32
2015-06-01,1020.91,24336.9,2486.95,7.64,14.67,5.26
2015-06-02,965.03,24589.6,2487.05,0.0,18.06,7.44
2015-06-03,966.47,24843.1,2487.14,0.0,12.5,2.26
2015-06-04,1042.62,25142.4,2487.26,0.0,13.45,1.89
2015-06-05,977.14,25402.3,2487.36,0.0,13.25,4.14
2015-06-06,885.48,25607.3,2487.44,0.0,12.87,5.71
2015-06-07,799.79,25760.9,2487.5,0.0,13.78,5.54
2015-06-08,868.17,25955.5,2487.57,5.69,15.89,2.97
2015-06-09,775.23,26094.3,2487.63,0.0,12.13,2.33
2015-06-10,806.99,26252.1,2487.69,0.0,17.83,7.04
2015-06-11,784.12,26396.3,2487.74,0.0,17.75,7.03
2015-06-12,727.01,26506.2,2487.79,0.0,14.89,3.87
2015-06-13,752.02,26631.1,2487.84,0.0,21.35,8.04
2015-06-14,776.8,26770.8,2487.89,0.0,18.77,7.78
2015-06-15,967.48,27025.0,2487.99,0.15,24.82,12.51
2015-06-16,1079.38,27346.3,2488.11,0.0,23.41,11.69
2015-06-17,1125.92,27695.6,2488.25,0.0,22.81,10.88
2015-06-18,1172.58,28072.8,2488.39,0.0,20.54,11.0
2015-06-19,1271.62,28509.4,2488.56,0.39,26.64,15.61
2015-06-20,1181.84,28892.2,2488.71,0.0,23.37,13.99
2015-06-21,1049.03,29195.3,2488.83,0.0,22.12,11.08
2015-06-22,986.63,29461.0,2488.93,0.0,23.68,14.78
2015-06-23,1237.5,29877.2,2489.09,14.95,18.37,7.48
2015-06-24,1114.72,30219.7,2489.23,2.47,18.41,8.84
2015-06-25,1084.4,30544.0,2489.35,0.0,19.67,6.07
2015-06-26,1109.49,30883.4,2489.48,4.36,20.88,9.85
2015-06-27,1078.16,31203.9,2489.61,0.0,15.53,3.46
2015-06-28,1063.4,31515.7,2489.73,0.0,16.0,5.69
2015-06-29,1047.78,31818.0,2489.84,0.0,15.58,5.75
2015-06-30,1201.43,32212.6,2490.0,1.4,21.97,8.97
2015-07-01,1136.8,32568.3,2490.14,0.0,23.46,11.59
2015-07-02,1214.04,32970.4,2490.29,0.89,16.62,9.31
2015-07-03,1220.51,33376.4,2490.45,0.01,17.63,10.12
2015-07-04,1030.91,33668.6,2490.56,0.0,17.48,4.47
2015-07-05,1148.62,34031.5,2490.7,0.0,17.3,7.72
2015-07-06,1040.02,34329.2,2490.82,0.0,20.47,10.83
2015-07-07,923.34,34556.9,2490.91,0.0,23.47,12.01
2015-07-08,992.0,34825.7,2491.01,0.0,30.07,19.19
2015-07-09,1007.9,35104.2,2491.12,2.39,28.69,20.43
2015-07-10,1069.97,35419.8,2491.24,0.0,25.09,15.39
2015-07-11,1104.05,35755.9,2491.37,0.0,24.83,14.78
2015-07-12,1459.91,36305.6,2491.58,16.25,26.07,17.68
2015-07-13,1310.92,36765.8,2491.76,0.0,23.73,13.89
2015-07-14,1210.76,37165.9,2491.92,0.0,21.19,8.73
2015-07-15,1245.25,37586.8,2492.08,0.0,20.55,8.57
2015-07-16,1129.71,37938.3,2492.22,0.0,22.08,8.08
2015-07-17,1137.48,38294.4,2492.35,0.0,24.97,15.96
2015-07-18,1127.28,38644.5,2492.49,0.0,32.02,20.34
2015-07-19,1245.46,39065.5,2492.65,0.0,26.94,16.27
2015-07-20,1390.64,39573.5,2492.85,0.0,22.47,13.21
2015-07-21,1536.17,40168.9,2493.08,0.0,24.19,14.75
2015-07-22,1472.12,40725.9,2493.29,0.0,23.72,12.9
2015-07-23,1379.78,41227.4,2493.49,0.0,26.16,12.75
2015-07-24,1117.21,41571.4,2493.62,0.0,21.07,9.87
2015-07-25,1050.25,41875.3,2493.74,0.0,24.76,13.45
2015-07-26,953.72,42121.2,2493.84,0.0,22.75,11.35
2015-07-27,1054.9,42427.8,2493.95,3.05,18.41,8.53
2015-07-28,1068.42,42742.5,2494.08,1.77,16.77,6.1
2015-07-29,909.19,42961.7,2494.16,0.0,20.72,8.17
2015-07-30,872.59,43159.0,2494.24,0.0,17.52,7.27
2015-07-31,983.9,43423.0,2494.34,0.0,19.18,8.95
2015-08-01,1035.02,43717.7,2494.45,0.0,21.45,11.66
2015-08-02,1188.98,44104.7,2494.6,16.79,24.12,14.36
2015-08-03,1152.12,44469.7,2494.74,0.0,21.94,15.48
2015-08-04,950.59,44713.7,2494.84,0.0,24.31,13.56
2015-08-05,1146.37,45075.2,2494.98,15.87,25.72,16.37
2015-08-06,1232.55,45488.4,2495.14,5.56,27.98,16.93
2015-08-07,1112.71,45829.8,2495.27,1.11,22.82,13.38
2015-08-08,1062.51,46140.9,2495.39,4.06,25.77,12.44
2015-08-09,904.16,46357.1,2495.48,2.93,19.61,7.8
2015-08-10,828.71,46528.0,2495.54,0.0,18.96,8.09
2015-08-11,795.26,46678.9,2495.6,1.19,16.85,7.27
2015-08-12,706.99,46776.7,2495.64,0.0,22.95,12.7
2015-08-13,658.07,46845.3,2495.66,4.12,26.33,13.47
2015-08-14,695.85,46936.5,2495.7,1.8,24.7,9.32
2015-08-15,667.85,47010.8,2495.73,0.0,23.86,11.73
2015-08-16,618.74,47055.8,2495.75,0.0,19.43,7.26
2015-08-17,602.72,47091.1,2495.76,4.03,19.93,7.21
2015-08-18,831.69,47263.8,2495.83,26.76,20.94,10.9
2015-08-19,803.25,47419.4,2495.89,0.0,21.77,10.86
2015-08-20,654.53,47485.8,2495.91,0.0,18.83,9.5
2015-08-21,598.67,47518.7,2495.93,0.0,16.47,7.49
2015-08-22,601.88,47553.5,2495.94,0.0,17.2,5.53
2015-08-23,607.97,47592.0,2495.95,0.0,18.2,6.29
2015-08-24,526.97,47581.8,2495.95,0.0,15.0,2.28
2015-08-25,466.42,47535.4,2495.93,0.0,14.17,3.51
2015-08-26,421.4,47461.9,2495.9,0.0,12.97,0.75
2015-08-27,397.35,47374.0,2495.87,0.0,14.43,4.41
2015-08-28,396.07,47285.3,2495.84,0.0,17.98,3.59
2015-08-29,384.74,47189.8,2495.8,1.07,13.86,1.72
2015-08-30,425.7,47118.9,2495.77,1.42,19.51,8.99
2015-08-31,409.04,47038.0,2495.74,0.0,15.92,5.21
2015-09-01,458.75,46987.0,2495.72,7.82,17.08,5.81
2015-09-02,497.13,46958.9,2495.71,0.0,12.0,2.83
2015-09-03,435.21,46893.7,2495.68,0.0,14.5,0.07
2015-09-04,452.98,46839.2,2495.66,4.45,12.47,-1.37
2015-09-05,390.78,46747.4,2495.63,0.0,10.45,0.75
2015-09-06,362.0,46638.2,2495.58,0.0,14.5,4.44
2015-09-07,358.52,46527.0,2495.54,0.0,17.5,5.02
2015-09-08,305.41,46384.0,2495.49,0.0,18.72,6.59
2015-09-09,306.02,46241.3,2495.43,0.0,20.34,9.94
2015-09-10,272.6,46078.5,2495.37,0.0,20.94,8.98
2015-09-11,273.28,45916.1,2495.31,0.0,20.4,6.31
2015-09-12,292.27,45765.2,2495.25,0.0,16.35,5.46
2015-09-13,282.25,45608.2,2495.19,0.0,16.43,4.0
2015-09-14,281.35,45450.7,2495.12,0.0,19.17,5.1
2015-09-15,291.94,45299.6,2495.07,0.0,20.93,11.11
2015-09-16,298.27,45152.2,2495.01,0.0,19.15,6.95
2015-09-17,313.74,45014.1,2494.96,0.0,14.53,2.61
2015-09-18,279.5,44855.5,2494.89,0.0,18.09,5.76
2015-09-19,277.8,44695.9,2494.83,0.0,17.52,5.99
2015-09-20,272.14,44532.8,2494.77,1.53,15.84,4.69
2015-09-21,294.05,44382.9,2494.71,0.0,14.63,2.02
2015-09-22,280.72,44225.1,2494.65,0.0,9.43,-2.65
2015-09-23,297.25,44077.1,2494.59,0.0,8.74,-1.3
2015-09-24,287.81,43923.4,2494.53,0.0,7.88,-1.71
2015-09-25,280.34,43765.3,2494.47,0.0,7.65,-4.25
2015-09-26,265.43,43598.3,2494.41,0.0,9.37,-1.49
2015-09-27,230.25,43410.1,2494.33,0.8,9.77,-0.38
2015-09-28,246.42,43231.6,2494.27,0.0,9.33,-5.17
2015-09-29,256.32,43059.1,2494.2,0.0,0.98,-8.17
2015-09-30,284.2,42903.3,2494.14,0.0,-0.63,-8.13
2015-10-01,286.79,42749.1,2494.08,0.0,0.23,-10.11
2015-10-02,260.62,42579.1,2494.01,0.74,5.38,-7.91
2015-10-03,286.66,42424.8,2493.95,3.94,6.83,-3.83
2015-10-04,312.07,42285.7,2493.9,0.0,4.36,-8.11
2015-10-05,365.01,42178.4,2493.86,4.75,8.11,-2.34
2015-10-06,343.27,42058.1,2493.81,0.0,12.88,2.7
2015-10-07,321.18,41924.5,2493.76,0.0,12.17,3.33
2015-10-08,343.78,41804.4,2493.71,0.0,12.86,1.06
2015-10-09,367.16,41698.4,2493.67,5.34,11.69,-0.63
2015-10-10,339.41,41575.7,2493.62,0.0,3.65,-3.19
2015-10-11,400.23,41489.5,2493.59,0.0,4.73,-2.5
2015-10-12,324.8,41358.1,2493.54,3.02,11.55,0.21
2015-10-13,261.71,41188.8,2493.47,0.0,11.26,-0.63
2015-10-14,243.94,41008.8,2493.4,0.25,12.29,1.44
2015-10-15,240.43,40826.8,2493.33,0.0,9.27,0.43
2015-10-16,232.7,40640.1,2493.26,0.0,8.93,-2.69
2015-10-17,253.8,40466.0,2493.19,0.0,10.04,-1.07
2015-10-18,249.66,40289.5,2493.13,0.0,5.52,-6.16
2015-10-19,282.95,40133.0,2493.07,0.0,4.2,-9.04
2015-10-20,306.96,39990.8,2493.01,0.0,8.72,-1.35
2015-10-21,295.22,39841.6,2492.95,0.0,10.12,-1.94
2015-10-22,283.68,39685.5,2492.89,0.0,12.62,-1.46
2015-10-23,341.6,39564.2,2492.84,0.0,9.85,-0.4
2015-10-24,321.93,39431.0,2492.79,0.0,9.43,-2.41
2015-10-25,342.37,39310.1,2492.75,0.0,10.21,-0.57
2015-10-26,357.99,39198.6,2492.7,0.0,6.45,-5.79
2015-10-27,332.67,39071.9,2492.65,0.0,8.72,-3.19
2015-10-28,289.94,38919.5,2492.6,0.0,3.8,-6.87
2015-10-29,272.36,38756.6,2492.53,0.0,-1.39,-13.41
2015-10-30,248.2,38579.2,2492.46,0.0,0.01,-7.98
2015-10-31,264.8,38411.8,2492.4,0.0,5.51,-6.47
2015-11-01,261.85,38242.6,2492.33,0.0,3.48,-9.62
2015-11-02,273.57,38080.4,2492.27,0.0,7.19,-1.15
2015-11-03,280.04,37922.1,2492.21,0.0,1.86,-9.79
2015-11-04,303.51,37777.9,2492.15,0.0,4.46,-6.83
2015-11-05,286.41,37623.4,2492.09,0.0,5.61,-5.44
2015-11-06,311.33,37483.9,2492.04,0.0,-3.06,-12.08
2015-11-07,272.34,37321.0,2491.98,0.0,2.54,-10.1
2015-11-08,263.7,37152.9,2491.91,0.0,0.85,-10.93
2015-11-09,260.23,36982.7,2491.85,0.0,-0.95,-10.84
2015-11-10,287.07,36828.6,2491.79,0.0,-2.97,-15.83
2015-11-11,323.12,36696.2,2491.73,0.0,-0.75,-14.07
2015-11-12,312.3,36557.2,2491.68,0.0,4.53,-9.04
2015-11-13,281.97,36400.1,2491.62,0.0,8.47,-4.18
2015-11-14,283.46,36243.9,2491.56,0.0,3.24,-9.21
2015-11-15,304.61,36100.3,2491.5,0.0,4.77,-5.69
2015-11-16,284.18,35944.5,2491.44,0.0,2.38,-7.85
2015-11-17,292.69,35793.8,2491.38,0.0,1.75,-7.84
2015-11-18,298.8,35646.8,2491.33,0.0,-1.85,-12.72
2015-11-19,304.3,35503.0,2491.27,0.0,-3.24,-13.82
2015-11-20,260.74,35333.1,2491.21,0.0,-4.84,-13.91
2015-11-21,263.61,35165.0,2491.14,0.0,-3.5,-16.14
2015-11-22,251.93,34989.8,2491.07,0.0,1.84,-10.11
2015-11-23,239.32,34807.1,2491.0,0.0,-2.57,-14.6
2015-11-24,245.72,34628.2,2490.93,0.05,-4.99,-14.84
2015-11-25,262.57,34459.4,2490.87,0.0,-10.43,-21.97
2015-11-26,242.89,34278.9,2490.8,0.0,-6.44,-18.28
2015-11-27,224.03,34086.9,2490.72,0.0,-10.36,-20.58
2015-11-28,203.31,33882.6,2490.64,0.0,-1.36,-12.28
2015-11-29,231.48,33695.2,2490.57,0.0,-1.33,-13.02
2015-11-30,232.37,33508.3,2490.5,0.0,-2.36,-13.7
2015-12-01,268.67,33343.2,2490.44,0.0,-2.08,-13.15
2015-12-02,255.13,33169.9,2490.37,0.0,-0.23,-11.91
2015-12-03,220.33,32975.8,2490.29,0.0,-1.66,-15.52
2015-12-04,230.26,32787.7,2490.22,5.21,-1.08,-11.6
2015-12-05,246.8,32609.4,2490.15,0.0,-0.03,-12.34
2015-12-06,227.65,32419.7,2490.08,0.0,-1.12,-13.68
2015-12-07,258.13,32248.2,2490.01,0.0,-4.2,-13.57
2015-12-08,225.03,32056.9,2489.94,0.0,0.07,-11.72
2015-12-09,221.19,31863.3,2489.86,0.0,1.3,-10.54
2015-12-10,194.39,31653.7,2489.78,0.0,2.66,-8.55
2015-12-11,214.19,31455.9,2489.7,0.0,3.08,-8.04
2015-12-12,210.4,31255.8,2489.63,0.0,-2.5,-12.29
2015-12-13,192.4,31044.9,2489.55,0.0,4.2,-7.65
2015-12-14,203.72,30840.8,2489.47,0.0,0.29,-8.28
2015-12-15,183.17,30624.4,2489.38,0.0,-4.1,-14.78
2015-12-16,187.46,30410.5,2489.3,2.56,-6.87,-17.44
2015-12-17,196.36,30202.0,2489.22,5.69,-1.29,-14.0
2015-12-18,201.34,29996.5,2489.14,0.0,-7.69,-17.97
2015-12-19,182.62,29779.8,2489.06,0.0,-5.37,-12.79
2015-12-20,193.7,29569.7,2488.97,0.0,-9.32,-20.58
2015-12-21,176.89,29349.5,2488.89,0.0,-1.38,-16.15
2015-12-22,185.77,29134.7,2488.81,0.0,-4.42,-16.34
2015-12-23,184.44,28919.0,2488.72,0.0,-2.1,-13.74
2015-12-24,173.05,28696.5,2488.64,0.0,-4.36,-18.65
2015-12-25,180.96,28478.8,2488.55,0.0,-1.05,-12.61
2015-12-26,178.52,28259.6,2488.47,0.0,0.18,-12.55
2015-12-27,285.92,28104.8,2488.41,15.41,0.06,-11.99
2015-12-28,331.92,27977.6,2488.36,2.12,-2.54,-11.09
2015-12-29,304.84,27834.2,2488.3,0.0,3.52,-7.26
2015-12-30,342.78,27713.6,2488.26,5.52,-1.28,-10.75
2015-12-31,394.2,27623.8,2488.22,0.0,-5.48,-17.69
2016-01-01,368.93,27518.8,2488.18,0.0,-6.51,-17.37
2016-01-02,373.58,27416.6,2488.14,0.0,-4.46,-17.66
2016-01-03,317.91,27281.1,2488.09,0.0,-3.82,-14.13
2016-01-04,346.05,27162.4,2488.04,0.0,-4.62,-14.9
2016-01-05,408.36,27081.1,2488.01,11.1,-1.04,-14.2
2016-01-06,372.82,26978.4,2487.97,0.0,-8.05,-18.64
2016-01-07,355.48,26865.4,2487.93,0.0,-4.82,-16.33
2016-01-08,353.02,26750.9,2487.88,0.0,-3.3,-15.06
2016-01-09,351.03,26635.2,2487.84,0.0,-5.02,-18.08
2016-01-10,330.83,26507.4,2487.79,0.0,-5.26,-16.59
2016-01-11,350.27,26391.2,2487.74,0.0,-5.71,-16.37
2016-01-12,357.96,26279.7,2487.7,0.0,-6.17,-18.24
2016-01-13,344.54,26160.1,2487.65,0.86,-4.08,-15.6
2016-01-14,354.3,26046.4,2487.61,0.0,-5.25,-17.33
2016-01-15,432.47,25979.5,2487.58,3.9,-7.61,-18.01
2016-01-16,383.1,25883.1,2487.55,0.0,-2.78,-15.77
2016-01-17,378.62,25783.9,2487.51,0.0,-7.47,-19.72
2016-01-18,351.18,25668.3,2487.46,0.0,-8.67,-18.51
2016-01-19,390.38,25576.2,2487.43,0.0,-8.43,-20.38
2016-01-20,384.97,25480.9,2487.39,0.0,-8.26,-19.1
2016-01-21,369.56,25376.3,2487.35,0.0,-5.27,-14.76
2016-01-22,361.82,25267.1,2487.31,0.0,0.45,-10.04
2016-01-23,351.81,25151.8,2487.26,0.0,-1.53,-11.21
2016-01-24,327.08,25021.8,2487.21,0.0,-2.33,-12.52
2016-01-25,333.44,24895.5,2487.16,0.0,-0.42,-12.53
2016-01-26,347.52,24777.7,2487.12,0.0,-3.06,-11.45
2016-01-27,345.06,24658.4,2487.07,0.0,-3.76,-15.92
2016-01-28,364.06,24550.5,2487.03,0.0,-2.34,-14.95
2016-01-29,389.9,24458.2,2486.99,0.0,-5.17,-16.92
2016-01-30,416.61,24381.8,2486.96,0.21,-3.29,-16.8
2016-01-31,429.86,24313.4,2486.94,0.0,-1.76,-13.46
2016-02-01,413.42,24235.1,2486.91,0.0,-1.35,-12.64
2016-02-02,387.5,24141.3,2486.87,0.0,-2.99,-12.89
2016-02-03,360.76,24031.5,2486.83,0.0,-5.68,-17.86
2016-02-04,329.3,23902.7,2486.78,0.77,-6.91,-17.58
2016-02-05,322.21,23769.7,2486.73,2.71,-3.0,-11.71
2016-02-06,312.82,23631.1,2486.67,0.0,-7.01,-16.89
2016-02-07,319.44,23496.4,2486.62,0.0,-3.14,-14.22
2016-02-08,346.37,23377.9,2486.58,0.0,-6.28,-15.61
2016-02-09,338.89,23255.0,2486.53,0.0,-7.41,-18.77
2016-02-10,304.62,23111.4,2486.47,0.0,-9.55,-20.84
2016-02-11,325.85,22980.6,2486.42,0.0,-6.3,-17.08
2016-02-12,272.37,22817.7,2486.36,0.0,-3.7,-12.83
2016-02-13,281.34,22660.2,2486.3,0.0,2.43,-7.91
2016-02-14,290.4,22508.1,2486.24,0.81,-1.71,-13.57
2016-02-15,289.76,22355.6,2486.18,0.0,2.61,-7.51
2016-02-16,330.95,22227.9,2486.13,0.0,-0.58,-8.74
2016-02-17,335.3,22102.8,2486.08,0.0,1.24,-8.9
2016-02-18,347.18,21984.8,2486.04,0.0,0.62,-10.33
2016-02-19,326.6,21854.4,2485.99,0.0,-2.77,-12.31
2016-02-20,337.78,21730.7,2485.94,0.0,-1.7,-13.98
2016-02-21,289.27,21578.0,2485.88,0.0,-2.72,-11.82
2016-02-22,329.2,21449.2,2485.83,0.0,0.61,-12.38
2016-02-23,348.71,21332.1,2485.78,1.07,-2.05,-11.45
2016-02-24,326.85,21201.9,2485.73,0.0,-0.26,-11.77
2016-02-25,338.68,21078.8,2485.69,0.0,1.62,-7.57
2016-02-26,345.55,20959.8,2485.64,0.0,1.16,-10.86
2016-02-27,331.94,20832.7,2485.59,0.0,9.58,2.1
2016-02-28,281.5,20675.2,2485.53,0.0,7.64,-3.28
2016-02-29,278.26,20515.9,2485.47,0.0,5.37,-4.27
2016-03-01,281.41,20358.4,2485.41,0.0,5.21,-6.92
2016-03-02,309.01,20217.5,2485.35,3.62,-0.75,-11.22
2016-03-03,375.59,20116.5,2485.31,8.5,0.91,-8.58
2016-03-04,374.2,20014.7,2485.27,0.0,-1.94,-9.17
2016-03-05,393.32,19924.4,2485.24,2.65,4.27,-6.65
2016-03-06,316.82,19788.2,2485.19,0.0,3.35,-7.9
2016-03-07,348.22,19670.8,2485.14,0.44,-0.47,-11.72
2016-03-08,363.08,19562.3,2485.1,0.0,-0.98,-11.83
2016-03-09,366.81,19456.1,2485.06,0.0,-2.01,-13.28
2016-03-10,378.59,19356.9,2485.02,0.0,-2.9,-13.85
2016-03-11,380.17,19258.7,2484.98,0.0,-2.53,-15.01
2016-03-12,394.16,19168.9,2484.95,0.0,-2.39,-12.75
2016-03-13,434.64,19103.3,2484.92,0.0,-3.88,-14.8
2016-03-14,439.33,19040.6,2484.9,0.0,4.04,-9.16
2016-03-15,550.22,19044.4,2484.9,10.97,2.33,-9.94
2016-03-16,475.43,19003.4,2484.88,0.0,-2.31,-16.55
2016-03-17,464.37,18955.7,2484.86,0.0,-3.28,-15.35
2016-03-18,392.08,18864.6,2484.83,0.0,-2.32,-12.29
2016-03-19,411.11,18785.0,2484.8,0.0,-1.77,-9.58
2016-03-20,454.4,18731.3,2484.78,0.0,2.54,-8.26
2016-03-21,564.25,18743.5,2484.78,7.67,-1.52,-13.04
2016-03-22,573.13,18761.1,2484.79,10.12,-2.86,-13.28
2016-03-23,493.29,18730.7,2484.78,0.26,-2.25,-11.86
2016-03-24,530.8,18722.9,2484.77,0.0,-1.0,-10.5
2016-03-25,484.16,18687.1,2484.76,0.0,1.75,-13.24
2016-03-26,488.27,18653.7,2484.75,0.0,1.03,-8.96
2016-03-27,455.86,18600.9,2484.73,0.0,2.75,-5.61
2016-03-28,423.68,18528.8,2484.7,0.0,4.99,-5.03
2016-03-29,388.18,18435.4,2484.66,0.0,4.29,-2.8
2016-03-30,376.47,18335.0,2484.62,1.32,4.12,-5.01
2016-03-31,368.53,18229.8,2484.58,0.0,6.26,-4.05
2016-04-01,370.59,18125.8,2484.54,0.0,7.04,-3.56
2016-04-02,303.36,17981.5,2484.49,0.0,6.6,-2.08
2016-04-03,312.87,17842.9,2484.43,0.0,3.11,-6.55
2016-04-04,338.57,17719.7,2484.38,0.0,6.73,-2.0
2016-04-05,327.34,17589.8,2484.33,0.0,5.25,-6.02
2016-04-06,307.88,17448.2,2484.28,0.0,5.11,-6.2
2016-04-07,317.9,17312.6,2484.23,0.0,6.06,-4.95
2016-04-08,288.98,17159.7,2484.17,0.0,4.36,-7.05
2016-04-09,280.66,17001.8,2484.11,0.0,7.76,-2.57
2016-04-10,260.54,16831.8,2484.04,0.0,10.2,-1.4
2016-04-11,255.68,16658.9,2483.97,0.0,4.12,-8.65
2016-04-12,348.03,16541.4,2483.93,0.0,8.74,-1.69
2016-04-13,360.71,16431.5,2483.89,4.66,11.14,-0.24
2016-04-14,391.87,16340.3,2483.85,7.88,10.99,0.33
2016-04-15,463.13,16291.8,2483.83,1.07,10.12,-1.16
2016-04-16,485.64,16256.9,2483.82,0.0,13.79,2.05
2016-04-17,447.34,16199.0,2483.8,0.0,13.88,2.17
2016-04-18,394.69,16109.5,2483.76,0.0,13.79,3.0
2016-04-19,374.81,16008.1,2483.72,0.0,13.17,2.79
2016-04-20,396.97,15919.9,2483.69,0.0,11.35,-1.14
2016-04-21,371.6,15816.6,2483.65,0.0,9.87,-1.83
2016-04-22,436.66,15752.2,2483.62,0.0,9.69,-0.64
2016-04-23,477.42,15712.4,2483.61,0.7,13.59,-1.13
2016-04-24,547.98,15714.8,2483.61,0.0,10.6,0.96
2016-04-25,568.67,15729.7,2483.61,0.0,15.41,4.05
2016-04-26,628.79,15780.7,2483.63,0.0,17.35,7.31
2016-04-27,644.03,15840.8,2483.66,0.0,15.59,4.16
2016-04-28,716.0,15944.1,2483.7,0.0,12.93,2.92
2016-04-29,739.82,16061.6,2483.74,0.0,15.23,2.95
2016-04-30,772.74,16199.0,2483.8,0.0,13.86,1.96
2016-05-01,773.43,16336.7,2483.85,5.17,10.75,2.21
2016-05-02,882.47,16539.9,2483.93,8.75,11.63,2.09
2016-05-03,872.7,16737.2,2484.0,0.0,9.1,-2.37
2016-05-04,775.3,16876.0,2484.06,0.0,7.53,-0.9
2016-05-05,1037.11,17172.0,2484.17,15.3,7.03,-4.52
2016-05-06,1012.34,17453.1,2484.28,0.0,7.18,-3.9
2016-05-07,916.57,17676.7,2484.37,0.0,11.22,1.24
2016-05-08,935.89,17911.9,2484.46,1.19,11.42,-0.13
2016-05-09,914.61,18134.3,2484.54,0.0,8.92,1.06
2016-05-10,965.13,18387.1,2484.64,9.48,16.77,4.14
2016-05-11,895.48,18598.1,2484.72,0.0,13.98,3.23
2016-05-12,966.98,18851.9,2484.82,0.0,17.74,7.35
2016-05-13,1181.8,19234.7,2484.97,9.52,22.08,10.84
2016-05-14,1129.44,19586.0,2485.11,0.0,20.44,10.53
2016-05-15,1310.9,20046.3,2485.29,6.78,20.07,5.65
2016-05-16,1208.43,20445.0,2485.44,0.0,15.41,3.61
2016-05-17,1271.63,20881.7,2485.61,0.0,13.43,2.04
2016-05-18,1116.36,21225.2,2485.74,0.0,15.31,2.62
2016-05-19,1078.42,21545.9,2485.87,1.5,14.56,4.33
2016-05-20,1074.22,21864.1,2485.99,0.0,11.19,-0.59
2016-05-21,1040.83,22162.3,2486.1,5.93,14.89,5.53
2016-05-22,1038.9,22459.3,2486.22,5.37,11.63,1.06
2016-05-23,972.07,22716.2,2486.32,0.0,12.66,1.72
2016-05-24,1253.28,23141.9,2486.48,8.94,16.32,3.96
2016-05-25,1211.14,23542.3,2486.64,4.09,22.56,11.23
2016-05-26,1222.02,23949.2,2486.8,0.0,15.07,3.64
2016-05-27,1303.78,24405.1,2486.97,0.0,14.45,5.46
2016-05-28,1289.75,24852.6,2487.15,0.0,16.93,4.58
2016-05-29,1303.59,25308.5,2487.32,0.0,15.67,5.8
2016-05-30,1382.49,25811.6,2487.52,0.0,19.48,10.22
2016-05-31,1478.36,26372.3,2487.74,0.0,18.18,8.9
2016-06-01,1436.67,26908.0,2487.94,0.49,24.47,13.23
2016-06-02,1386.86,27413.8,2488.14,0.0,20.28,9.36
2016-06-03,1479.28,27975.1,2488.36,0.0,14.81,4.29
2016-06-04,1336.06,28450.4,2488.54,0.0,20.48,8.91
2016-06-05,1321.32,28916.9,2488.72,2.56,17.12,4.43
2016-06-06,1111.53,29257.5,2488.85,0.0,17.46,6.94
2016-06-07,1154.04,29623.6,2488.99,13.15,18.58,8.74
2016-06-08,1193.65,30013.5,2489.15,3.75,21.63,10.18
2016-06-09,1191.79,30402.2,2489.3,0.0,19.94,8.04
2016-06-10,1238.54,30819.0,2489.46,0.0,19.89,7.12
2016-06-11,1162.61,31190.3,2489.6,0.47,21.69,10.81
2016-06-12,1292.99,31639.7,2489.78,0.0,22.91,12.37
2016-06-13,1386.37,32145.2,2489.97,0.0,26.12,13.4
2016-06-14,1298.42,32598.0,2490.15,0.0,22.04,12.1
2016-06-15,1374.48,33096.3,2490.34,0.0,22.35,11.86
2016-06-16,1306.77,33554.1,2490.52,0.0,24.43,14.37
2016-06-17,1341.41,34032.6,2490.7,1.75,22.25,9.58
2016-06-18,1201.7,34427.3,2490.86,0.0,27.41,17.19
2016-06-19,1283.28,34871.0,2491.03,0.0,22.78,13.09
2016-06-20,1361.38,35361.5,2491.22,0.0,22.24,10.95
2016-06-21,1152.85,35726.9,2491.36,0.24,20.85,8.63
2016-06-22,1189.41,36114.2,2491.51,0.0,17.57,7.57
2016-06-23,1144.53,36474.6,2491.65,0.09,21.41,9.65
2016-06-24,1249.8,36898.2,2491.81,0.0,20.36,10.77
2016-06-25,1372.16,37395.1,2492.0,3.19,21.71,10.34
2016-06-26,1294.14,37845.3,2492.18,0.0,19.9,7.72
2016-06-27,1322.98,38312.8,2492.36,0.0,23.23,11.48
2016-06-28,1328.1,38783.3,2492.54,4.15,21.03,12.37
2016-06-29,1134.96,39138.0,2492.68,0.0,22.58,11.28
2016-06-30,1204.58,39534.4,2492.83,0.0,25.04,13.45
2016-07-01,1207.2,39932.4,2492.99,0.0,27.71,17.91
2016-07-02,1208.83,40331.4,2493.14,0.0,27.63,17.31
2016-07-03,1254.01,40757.5,2493.31,3.81,26.18,13.6
2016-07-04,1136.13,41112.8,2493.44,0.0,22.78,11.3
2016-07-05,1215.1,41515.6,2493.6,0.0,20.16,9.41
2016-07-06,1100.36,41849.5,2493.73,0.0,22.26,10.29
2016-07-07,1071.39,42166.0,2493.85,9.24,23.22,11.85
2016-07-08,872.93,42363.4,2493.93,0.0,21.75,10.36
2016-07-09,940.23,42601.2,2494.02,0.16,18.72,8.56
2016-07-10,807.77,42759.6,2494.08,0.04,18.83,6.51
2016-07-11,767.93,42894.0,2494.13,0.0,22.11,9.34
2016-07-12,791.5,43042.6,2494.19,0.0,24.04,13.73
2016-07-13,931.12,43275.0,2494.28,8.73,26.52,13.9
2016-07-14,838.38,43451.7,2494.35,0.0,22.41,8.58
2016-07-15,799.86,43605.3,2494.41,0.0,16.75,4.21
2016-07-16,746.53,43726.9,2494.46,0.0,8.68,-0.3
2016-07-17,658.58,43795.7,2494.48,0.43,10.95,2.23
2016-07-18,612.42,43836.8,2494.5,0.0,18.29,9.64
2016-07-19,588.01,43863.3,2494.51,0.0,22.04,10.78
2016-07-20,684.54,43947.7,2494.54,0.0,19.07,9.1
2016-07-21,690.57,44035.8,2494.58,0.0,21.3,10.05
2016-07-22,784.88,44180.4,2494.63,4.12,19.13,10.22
2016-07-23,744.31,44300.6,2494.68,0.0,21.85,10.77
2016-07-24,747.56,44422.8,2494.73,0.0,20.09,4.95
2016-07-25,806.47,44580.4,2494.79,2.34,20.43,5.68
2016-07-26,878.03,44780.9,2494.87,0.0,16.99,4.41
2016-07-27,868.69,44975.8,2494.94,4.65,17.07,5.44
2016-07-28,868.38,45170.5,2495.02,3.62,16.8,7.18
2016-07-29,837.03,45346.4,2495.08,0.0,18.12,7.51
2016-07-30,836.41,45521.9,2495.15,1.03,22.09,12.54
2016-07-31,799.6,45675.4,2495.21,0.0,21.51,10.45
2016-08-01,816.75,45839.1,2495.28,0.0,23.02,11.37
2016-08-02,897.72,46051.4,2495.36,0.0,22.49,10.53
2016-08-03,982.31,46314.5,2495.46,1.52,20.27,8.63
2016-08-04,1100.41,46648.4,2495.59,0.0,20.34,10.59
2016-08-05,1072.76,46965.8,2495.71,0.0,15.7,3.76
2016-08-06,1009.45,47245.1,2495.82,0.0,13.07,1.25
2016-08-07,941.21,47483.5,2495.91,0.0,19.37,6.25
2016-08-08,974.02,47741.6,2496.01,0.0,14.76,4.29
2016-08-09,872.03,47938.5,2496.09,0.0,16.09,6.63
2016-08-10,839.3,48115.8,2496.16,0.07,19.57,9.27
2016-08-11,1099.12,48448.9,2496.29,18.47,20.52,9.04
2016-08-12,1234.6,48863.4,2496.45,20.82,18.31,6.25
2016-08-13,1005.85,49140.6,2496.55,0.44,17.62,8.42
2016-08-14,978.06,49401.1,2496.65,0.0,19.54,11.21
2016-08-15,917.44,49625.2,2496.74,0.0,15.13,4.16
2016-08-16,836.99,49801.1,2496.81,3.15,19.1,8.81
2016-08-17,939.24,50038.3,2496.9,2.55,17.84,6.85
2016-08-18,862.91,50229.8,2496.98,0.0,18.89,7.71
2016-08-19,817.18,50393.7,2497.04,0.0,18.91,8.9
2016-08-20,725.38,50502.7,2497.08,0.0,19.45,9.08
2016-08-21,659.24,50571.9,2497.11,0.0,22.05,9.94
2016-08-22,672.09,50648.8,2497.14,0.0,20.64,10.08
2016-08-23,653.77,50714.8,2497.16,0.0,17.0,5.34
2016-08-24,612.88,50756.2,2497.18,0.0,15.85,4.74
2016-08-25,573.19,50773.8,2497.19,0.0,17.74,6.94
2016-08-26,513.78,50755.7,2497.18,0.0,14.92,4.6
2016-08-27,455.71,50702.8,2497.16,0.0,18.93,7.43
2016-08-28,418.06,50627.3,2497.13,0.0,19.25,7.77
2016-08-29,351.79,50512.1,2497.09,0.0,19.33,8.03
2016-08-30,352.18,50397.1,2497.04,3.09,20.34,7.04
2016-08-31,353.34,50282.8,2497.0,5.24,23.54,11.53
2016-09-01,340.81,50160.9,2496.95,0.0,22.08,8.25
2016-09-02,305.47,50017.9,2496.89,0.0,18.85,5.24
2016-09-03,285.19,49862.7,2496.83,0.0,17.89,6.08
2016-09-04,265.0,49695.4,2496.77,0.0,13.27,-1.88
2016-09-05,232.12,49508.3,2496.7,0.0,5.66,-4.6
2016-09-06,225.61,49317.4,2496.62,0.0,5.38,-4.03
2016-09-07,221.77,49124.1,2496.55,0.0,7.63,-3.49
2016-09-08,197.89,48916.5,2496.47,0.0,9.98,-2.74
2016-09-09,198.07,48709.1,2496.39,0.0,11.55,1.46
2016-09-10,194.84,48499.7,2496.31,0.0,16.61,2.5
2016-09-11,255.23,48326.5,2496.24,13.48,20.06,11.37
2016-09-12,291.44,48175.0,2496.18,16.53,19.41,8.19
2016-09-13,272.34,48012.1,2496.12,0.0,19.59,8.72
2016-09-14,211.14,47812.5,2496.04,0.0,20.11,7.54
2016-09-15,221.31,47618.9,2495.96,7.43,18.12,7.89
2016-09-16,217.42,47423.1,2495.89,0.0,12.1,2.84
2016-09-17,221.11,47229.4,2495.81,0.0,12.84,2.85
2016-09-18,229.54,47040.8,2495.74,0.0,14.74,4.28
2016-09-19,226.14,46850.2,2495.67,1.61,18.22,6.39
2016-09-20,238.36,46666.9,2495.6,0.0,19.24,9.22
2016-09-21,248.83,46489.9,2495.53,0.0,17.24,5.5
2016-09-22,257.62,46318.1,2495.46,0.0,13.62,4.12
2016-09-23,263.88,46150.1,2495.4,0.0,14.76,2.69
2016-09-24,275.41,45989.1,2495.33,0.0,16.78,5.83
2016-09-25,239.5,45806.4,2495.26,0.0,20.07,11.54
2016-09-26,276.5,45646.0,2495.2,0.0,22.32,12.34
2016-09-27,333.89,45520.0,2495.15,7.76,17.69,4.07
2016-09-28,345.03,45400.7,2495.11,0.0,15.64,5.61
2016-09-29,348.53,45283.5,2495.06,0.0,14.93,4.36
2016-09-30,321.17,45149.9,2495.01,0.0,8.66,0.17
2016-10-01,303.29,45005.6,2494.95,0.0,8.76,-2.73
2016-10-02,391.97,44914.4,2494.92,15.84,12.85,2.21
2016-10-03,344.91,44795.1,2494.87,0.0,10.79,1.27
2016-10-04,353.85,44681.0,2494.83,0.0,5.9,-5.92
2016-10-05,387.16,44587.0,2494.79,0.0,11.34,1.06
2016-10-06,359.64,44476.5,2494.75,0.0,6.25,-5.61
2016-10-07,327.74,44346.8,2494.7,0.0,5.75,-5.96
2016-10-08,310.04,44206.5,2494.64,0.0,7.72,-2.25
2016-10-09,287.68,44052.8,2494.58,0.0,12.88,1.26
2016-10-10,284.36,43897.1,2494.52,0.0,10.07,-2.34
2016-10-11,416.13,43820.5,2494.49,20.1,4.6,-4.61
2016-10-12,374.56,43718.9,2494.45,0.0,3.27,-8.03
2016-10-13,343.26,43598.5,2494.41,0.0,7.57,-2.46
2016-10-14,362.83,43489.9,2494.37,0.0,8.62,-0.43
2016-10-15,282.12,43332.9,2494.3,0.0,13.67,1.13
2016-10-16,277.44,43173.0,2494.24,0.0,11.09,-1.95
2016-10-17,231.38,42985.5,2494.17,0.0,9.57,-3.88
2016-10-18,235.89,42800.7,2494.1,0.0,10.94,0.51
2016-10-19,250.47,42624.7,2494.03,2.3,6.64,-2.56
2016-10-20,245.6,42445.7,2493.96,0.0,11.87,1.02
2016-10-21,236.6,42261.4,2493.89,0.0,9.22,-1.5
2016-10-22,265.59,42094.4,2493.82,0.0,5.39,-6.32
2016-10-23,279.01,41935.5,2493.76,0.05,2.92,-8.65
2016-10-24,297.75,41787.8,2493.71,0.0,-1.53,-13.1
2016-10-25,300.05,41641.5,2493.65,0.0,1.12,-8.1
2016-10-26,305.99,41498.8,2493.59,0.0,4.49,-5.46
2016-10-27,307.09,41356.8,2493.54,0.0,5.41,-5.11
2016-10-28,305.06,41213.5,2493.48,0.0,6.15,-5.51
2016-10-29,352.39,41098.6,2493.44,0.0,2.96,-10.3
2016-10-30,354.76,40985.1,2493.4,0.0,2.8,-10.32
2016-10-31,348.74,40868.0,2493.35,0.0,1.82,-10.55
2016-11-01,349.6,40751.5,2493.3,0.0,-0.49,-12.57
2016-11-02,346.12,40632.8,2493.26,0.0,5.06,-8.52
2016-11-03,346.06,40514.2,2493.21,0.0,0.33,-12.73
2016-11-04,464.14,40466.3,2493.19,10.61,-1.23,-9.79
2016-11-05,462.43,40417.5,2493.18,3.57,2.09,-10.5
2016-11-06,497.45,40389.6,2493.16,0.0,3.81,-9.93
2016-11-07,490.0,40357.3,2493.15,0.0,5.92,-4.79
2016-11-08,444.84,40297.9,2493.13,0.0,5.54,-7.22
2016-11-09,418.03,40222.4,2493.1,0.0,-0.42,-10.4
2016-11-10,402.64,40137.6,2493.07,0.0,-2.58,-15.04
2016-11-11,362.06,40028.6,2493.02,0.0,-2.79,-12.89
2016-11-12,395.18,39939.3,2492.99,0.0,1.31,-11.55
2016-11-13,389.78,39846.9,2492.95,1.21,6.84,-4.46
2016-11-14,365.27,39739.7,2492.91,0.0,9.39,0.23
2016-11-15,402.87,39655.1,2492.88,0.0,7.24,-0.53
2016-11-16,314.13,39517.3,2492.83,0.0,6.97,-3.23
2016-11-17,290.22,39365.1,2492.77,0.0,9.72,-2.87
2016-11-18,307.82,39223.5,2492.71,0.0,5.3,-5.84
2016-11-19,312.41,39084.6,2492.66,1.78,3.99,-6.58
2016-11-20,302.26,38939.7,2492.6,0.0,2.73,-11.93
2016-11-21,275.08,38778.4,2492.54,0.0,-1.98,-14.0
2016-11-22,278.02,38618.9,2492.48,0.0,-7.63,-16.99
2016-11-23,238.27,38435.5,2492.41,0.0,-3.06,-16.12
2016-11-24,275.13,38274.3,2492.35,8.81,-5.44,-14.91
2016-11-25,285.51,38119.3,2492.29,0.0,-2.51,-14.29
2016-11-26,322.99,37986.7,2492.23,0.0,-2.86,-13.9
2016-11-27,317.34,37850.8,2492.18,0.0,-10.3,-19.92
2016-11-28,299.66,37704.3,2492.12,0.0,-6.09,-15.46
2016-11-29,270.43,37540.2,2492.06,0.0,-5.6,-16.7
2016-11-30,273.62,37378.1,2492.0,0.0,-4.3,-14.85
2016-12-01,255.77,37205.2,2491.93,0.0,-2.86,-15.9
2016-12-02,255.98,37032.5,2491.86,0.0,-0.62,-12.47
2016-12-03,274.67,36871.0,2491.8,0.0,-2.51,-12.04
2016-12-04,520.56,36857.0,2491.8,37.99,-7.2,-17.6
2016-12-05,538.76,36853.9,2491.8,0.0,-5.53,-17.38
2016-12-06,478.85,36814.9,2491.78,0.0,-5.96,-15.47
2016-12-07,399.41,36728.3,2491.75,0.0,-5.11,-16.17
2016-12-08,411.07,36648.6,2491.72,0.0,-9.05,-19.56
2016-12-09,471.14,36605.0,2491.7,3.43,-7.24,-17.15
2016-12-10,436.33,36540.4,2491.67,0.0,-4.84,-13.09
2016-12-11,445.22,36481.3,2491.65,0.0,-2.51,-13.46
2016-12-12,473.71,36439.2,2491.63,0.0,-4.55,-15.63
2016-12-13,560.37,36449.1,2491.64,0.0,-6.9,-17.52
2016-12-14,576.2,36468.5,2491.65,0.0,-3.37,-16.86
2016-12-15,563.23,36480.1,2491.65,0.0,-1.78,-12.02
2016-12-16,504.52,36456.5,2491.64,0.0,-2.64,-14.53
2016-12-17,470.07,36412.2,2491.62,0.0,-2.44,-16.08
2016-12-18,478.94,36373.3,2491.61,0.0,1.56,-11.22
2016-12-19,590.85,36401.5,2491.62,14.08,0.04,-9.46
2016-12-20,497.62,36373.7,2491.61,0.0,-1.79,-13.8
2016-12-21,418.39,36298.4,2491.58,0.0,-2.67,-15.44
2016-12-22,458.58,36247.3,2491.56,0.0,0.12,-11.97
2016-12-23,487.93,36213.7,2491.55,0.83,-0.98,-11.19
2016-12-24,382.31,36116.8,2491.51,0.0,-1.1,-15.08
2016-12-25,396.59,36028.4,2491.48,0.0,-3.05,-15.03
2016-12-26,425.35,35957.3,2491.45,0.0,-6.37,-16.39
2016-12-27,368.11,35851.8,2491.41,0.0,-3.58,-13.86
2016-12-28,375.63,35750.9,2491.37,0.0,-4.29,-13.98
2016-12-29,336.79,35626.6,2491.32,0.0,-6.08,-16.33
2016-12-30,344.05,35506.8,2491.27,0.0,1.21,-11.63
2016-12-31,379.63,35408.2,2491.24,0.0,-2.79,-12.78
2017-01-01,356.42,35295.8,2491.19,0.0,-1.23,-11.33
2017-01-02,401.06,35210.1,2491.16,0.0,-5.91,-15.2
2017-01-03,418.86,35135.1,2491.13,0.0,-7.16,-17.06
2017-01-04,422.3,35062.1,2491.1,1.49,-6.19,-15.71
2017-01-05,421.05,34988.4,2491.07,0.0,-5.06,-13.68
2017-01-06,452.66,34933.7,2491.05,0.0,-4.31,-13.34
2017-01-07,507.78,34912.1,2491.04,1.52,1.74,-9.92
2017-01-08,495.73,34883.2,2491.03,0.0,-1.54,-11.83
2017-01-09,610.53,34923.2,2491.05,7.32,-3.49,-13.57
2017-01-10,553.69,34929.1,2491.05,0.0,-1.33,-14.77
2017-01-11,611.89,34969.9,2491.07,12.46,-4.67,-16.15
2017-01-12,521.28,34956.3,2491.06,0.0,-2.25,-14.66
2017-01-13,423.4,34884.1,2491.03,0.0,-3.53,-13.0
2017-01-14,429.22,34815.3,2491.01,0.0,-9.46,-18.75
2017-01-15,502.86,34790.7,2491.0,0.0,-4.19,-16.02
2017-01-16,508.16,34769.3,2490.99,0.0,-3.02,-13.37
2017-01-17,429.55,34700.7,2490.96,0.0,-2.28,-14.78
2017-01-18,377.26,34600.7,2490.92,0.92,-4.55,-16.42
2017-01-19,403.06,34516.2,2490.89,0.0,-5.04,-14.18
2017-01-20,416.66,34439.9,2490.86,0.0,0.01,-11.58
2017-01-21,390.3,34347.8,2490.82,0.0,0.31,-12.39
2017-01-22,375.02,34246.5,2490.79,0.0,-0.92,-13.06
2017-01-23,348.58,34129.3,2490.74,0.0,-4.3,-15.4
2017-01-24,396.36,34040.8,2490.71,0.0,-4.39,-14.35
2017-01-25,407.68,33959.1,2490.67,0.0,-0.04,-12.88
2017-01-26,389.52,33866.5,2490.64,0.0,3.28,-7.36
2017-01-27,409.47,33785.8,2490.61,0.68,6.55,-4.39
2017-01-28,338.93,33662.9,2490.56,0.0,0.39,-13.06
2017-01-29,328.57,33533.7,2490.51,0.0,0.59,-9.78
2017-01-30,306.04,33391.0,2490.45,0.0,-1.67,-12.28
2017-01-31,334.26,33265.3,2490.41,0.0,1.44,-11.66
2017-02-01,374.31,33163.5,2490.37,5.06,-1.92,-10.26
2017-02-02,375.69,33062.6,2490.33,0.0,-1.16,-10.75
2017-02-03,425.2,32991.4,2490.3,0.0,1.04,-10.81
2017-02-04,403.74,32907.4,2490.27,0.0,-0.7,-11.14
2017-02-05,457.27,32855.4,2490.25,0.0,-2.41,-13.47
2017-02-06,450.46,32799.4,2490.22,0.0,0.58,-11.88
2017-02-07,431.78,32732.1,2490.2,0.0,-0.15,-9.94
2017-02-08,480.55,32694.1,2490.18,0.29,-0.91,-11.79
2017-02-09,447.94,32636.6,2490.16,0.0,-2.11,-13.65
2017-02-10,437.23,32572.6,2490.14,0.0,-3.5,-15.74
2017-02-11,419.97,32498.2,2490.11,0.0,-2.49,-12.61
2017-02-12,410.6,32418.3,2490.08,0.0,-5.72,-14.94
2017-02-13,438.43,32355.0,2490.05,0.0,-6.71,-18.66
2017-02-14,399.07,32268.1,2490.02,0.0,-1.89,-14.06
2017-02-15,396.58,32179.8,2489.98,0.0,0.74,-8.67
2017-02-16,320.22,32045.6,2489.93,0.0,-1.24,-11.0
2017-02-17,372.5,31942.8,2489.89,1.29,-4.39,-15.6
2017-02-18,355.67,31829.9,2489.85,0.0,-0.59,-13.63
2017-02-19,332.9,31703.3,2489.8,0.0,-0.12,-12.94
2017-02-20,385.28,31608.1,2489.76,0.0,-7.68,-16.09
2017-02-21,354.61,31494.6,2489.72,1.65,-6.77,-16.91
2017-02-22,383.72,31398.5,2489.68,0.0,-5.13,-15.7
2017-02-23,324.08,31266.6,2489.63,0.0,0.4,-11.73
2017-02-24,310.88,31126.8,2489.58,0.0,-0.8,-12.68
2017-02-25,288.08,30973.4,2489.52,0.0,-2.82,-15.62
2017-02-26,275.31,30812.2,2489.46,0.0,-4.67,-15.21
2017-02-27,262.97,30643.7,2489.39,0.0,0.27,-11.78
2017-02-28,261.68,30474.4,2489.32,0.0,-0.7,-12.96
2017-03-01,300.12,30328.1,2489.27,0.0,0.7,-8.04
2017-03-02,299.04,30181.2,2489.21,0.0,-6.56,-15.31
2017-03-03,284.98,30025.9,2489.15,0.0,-3.06,-13.36
2017-03-04,263.61,29857.8,2489.09,0.0,-2.29,-13.29
2017-03-05,248.69,29680.6,2489.02,0.0,-5.12,-17.36
2017-03-06,259.39,29510.0,2488.95,0.0,2.2,-8.9
2017-03-07,238.04,29326.5,2488.88,0.0,4.91,-6.35
2017-03-08,308.46,29185.2,2488.83,0.0,4.04,-5.3
2017-03-09,285.04,29029.9,2488.76,0.0,6.23,-7.05
2017-03-10,292.72,28879.2,2488.71,0.12,8.77,-2.61
2017-03-11,313.79,28741.2,2488.65,0.0,4.29,-5.88
2017-03-12,282.2,28584.2,2488.59,0.0,1.29,-10.32
2017-03-13,295.16,28435.0,2488.53,0.0,-1.29,-11.28
2017-03-14,297.25,28287.0,2488.48,0.0,-1.9,-12.09
2017-03-15,298.45,28139.8,2488.42,0.0,-1.23,-8.51
2017-03-16,298.55,27992.6,2488.36,0.0,1.16,-8.77
2017-03-17,276.91,27832.4,2488.3,0.0,-2.46,-13.62
2017-03-18,237.82,27648.8,2488.23,0.0,-3.27,-13.23
2017-03-19,281.41,27491.3,2488.17,0.0,0.19,-11.21
2017-03-20,275.59,27330.3,2488.11,0.0,6.01,-5.78
2017-03-21,283.64,27174.2,2488.05,1.58,4.17,-7.1
2017-03-22,287.77,27020.6,2487.99,0.0,4.12,-9.05
2017-03-23,311.99,26881.4,2487.93,3.7,4.67,-8.43
2017-03-24,278.49,26722.2,2487.87,0.0,0.45,-11.44
2017-03-25,301.82,26577.0,2487.81,0.0,0.84,-13.1
2017-03-26,282.56,26420.2,2487.75,0.0,1.19,-11.65
2017-03-27,287.2,26266.2,2487.69,0.0,2.86,-8.27
2017-03-28,289.7,26113.7,2487.64,0.0,2.34,-8.18
2017-03-29,303.93,25969.7,2487.58,0.0,4.98,-7.0
2017-03-30,298.2,25822.3,2487.52,0.0,4.22,-8.94
2017-03-31,338.0,25698.8,2487.47,0.0,0.06,-9.44
2017-04-01,338.82,25575.8,2487.43,0.0,0.83,-9.65
2017-04-02,386.27,25481.2,2487.39,0.0,2.41,-10.88
2017-04-03,454.02,25427.3,2487.37,0.0,2.11,-5.35
2017-04-04,464.88,25379.9,2487.35,3.75,11.85,-0.82
2017-04-05,410.46,25299.9,2487.32,0.87,15.3,3.09
2017-04-06,428.57,25230.7,2487.29,0.67,10.34,-0.91
2017-04-07,422.02,25157.6,2487.27,0.0,10.14,-4.81
2017-04-08,412.42,25078.8,2487.23,0.0,7.01,-3.91
2017-04-09,450.12,25022.5,2487.21,0.0,6.55,-3.84
2017-04-10,467.44,24976.6,2487.19,0.0,8.87,-3.67
2017-04-11,455.46,24923.6,2487.17,5.38,6.17,-2.53
2017-04-12,433.52,24857.4,2487.15,0.0,11.4,1.41
2017-04-13,469.06,24812.5,2487.13,0.0,10.98,0.56
2017-04-14,437.62,24748.8,2487.11,0.0,13.34,1.36
2017-04-15,377.21,24648.8,2487.07,0.0,12.05,2.39
2017-04-16,359.66,24538.3,2487.03,0.0,14.38,2.67
2017-04-17,384.98,24442.9,2486.99,0.0,12.22,2.11
2017-04-18,397.28,24355.0,2486.95,0.0,9.78,-0.03
2017-04-19,364.58,24247.4,2486.91,0.0,15.39,6.16
2017-04-20,423.7,24175.3,2486.88,3.85,11.28,1.26
2017-04-21,438.16,24111.9,2486.86,0.0,13.77,2.86
2017-04-22,475.57,24070.9,2486.84,2.95,17.84,6.84
2017-04-23,460.47,24020.9,2486.82,0.0,15.7,2.75
2017-04-24,444.56,23961.3,2486.8,0.0,15.95,5.0
2017-04-25,590.26,23989.1,2486.81,10.84,13.36,1.13
2017-04-26,498.5,23961.9,2486.8,0.0,10.37,-2.94
2017-04-27,487.15,23927.9,2486.79,0.0,11.35,2.33
2017-04-28,518.5,23912.7,2486.78,0.0,12.7,1.09
2017-04-29,561.68,23923.4,2486.79,0.0,10.05,-0.45
2017-04-30,593.25,23953.0,2486.8,3.01,7.78,-4.06
2017-05-01,696.73,24044.7,2486.83,6.16,8.92,-1.54
2017-05-02,597.72,24077.0,2486.85,0.0,12.6,-0.46
2017-05-03,599.08,24110.2,2486.86,0.57,10.51,0.81
2017-05-04,590.92,24138.4,2486.87,0.0,12.41,-0.31
2017-05-05,603.34,24174.1,2486.88,0.0,12.56,4.11
2017-05-06,599.98,24207.7,2486.9,0.0,9.64,2.63
2017-05-07,752.54,24333.0,2486.95,0.45,11.09,0.16
2017-05-08,802.37,24488.1,2487.01,6.67,12.08,-0.05
2017-05-09,785.85,24633.2,2487.06,1.76,10.29,0.35
2017-05-10,822.66,24800.5,2487.13,0.0,6.94,-3.19
2017-05-11,829.43,24971.9,2487.19,0.0,15.13,3.42
2017-05-12,791.64,25120.5,2487.25,0.0,12.71,2.36
2017-05-13,834.14,25294.7,2487.32,0.0,10.36,-1.27
2017-05-14,794.89,25445.3,2487.38,0.83,9.24,-0.46
2017-05-15,763.19,25576.9,2487.43,1.01,14.13,-0.21
2017-05-16,758.29,25705.6,2487.48,0.0,12.13,1.76
2017-05-17,740.07,25823.3,2487.52,0.0,12.37,6.03
2017-05-18,752.27,25948.3,2487.57,3.15,16.56,5.66
2017-05-19,794.25,26098.6,2487.63,0.0,20.28,9.11
2017-05-20,671.1,26174.9,2487.66,0.0,18.29,6.63
2017-05-21,694.75,26265.4,2487.69,0.0,16.68,7.99
2017-05-22,676.66,26345.1,2487.73,0.0,16.34,4.84
2017-05-23,750.86,26469.3,2487.77,0.0,16.17,5.07
2017-05-24,850.81,26653.5,2487.84,0.0,19.47,7.84
2017-05-25,810.28,26813.3,2487.91,0.0,20.9,8.52
2017-05-26,755.2,26940.1,2487.96,0.0,18.19,6.36
2017-05-27,813.56,27101.9,2488.02,2.84,18.38,7.95
2017-05-28,912.63,27323.2,2488.1,0.0,18.05,4.47
2017-05-29,1056.28,27630.7,2488.22,0.46,13.81,3.05
2017-05-30,1143.81,27990.6,2488.36,6.81,13.86,1.9
2017-05-31,1129.45,28342.0,2488.5,1.63,8.35,0.5
2017-06-01,1142.01,28700.9,2488.64,0.0,14.59,4.17
2017-06-02,1587.83,29327.2,2488.88,26.68,16.27,7.25
2017-06-03,1479.31,29888.5,2489.1,0.0,18.36,6.23
2017-06-04,1442.35,30427.6,2489.31,0.0,17.1,5.71
2017-06-05,1388.95,30934.7,2489.5,0.0,17.71,9.11
2017-06-06,1251.17,31359.0,2489.67,0.0,14.83,5.93
2017-06-07,1290.27,31806.9,2489.84,0.0,17.24,6.31
2017-06-08,1454.0,32353.0,2490.05,3.52,16.21,7.57
2017-06-09,1540.86,32951.2,2490.28,0.0,19.59,8.66
2017-06-10,1586.7,33576.9,2490.53,1.29,19.3,8.49
2017-06-11,1487.0,34142.7,2490.75,0.0,19.69,5.53
2017-06-12,1182.31,34525.8,2490.89,0.0,19.97,9.94
2017-06-13,1275.08,34964.5,2491.06,7.64,17.44,8.94
2017-06-14,1433.3,35498.2,2491.27,0.0,20.44,9.27
2017-06-15,1390.58,36006.2,2491.47,0.0,21.01,8.9
2017-06-16,1355.31,36493.1,2491.66,1.54,21.77,7.45
2017-06-17,1215.04,36895.8,2491.81,0.0,23.41,8.54
2017-06-18,1154.71,37262.3,2491.95,0.0,21.73,10.33
2017-06-19,1160.31,37632.2,2492.1,1.73,22.92,10.75
2017-06-20,1124.77,37980.7,2492.23,0.0,21.54,9.99
2017-06-21,1169.77,38356.3,2492.38,0.0,21.73,10.88
2017-06-22,959.8,38605.8,2492.47,0.04,21.18,7.95
2017-06-23,805.11,38762.6,2492.53,0.0,19.29,9.87
2017-06-24,768.24,38897.2,2492.59,0.0,20.05,9.04
2017-06-25,741.78,39016.0,2492.63,0.0,26.32,14.71
2017-06-26,824.38,39184.3,2492.7,0.9,20.69,11.53
2017-06-27,736.51,39299.9,2492.74,0.0,25.07,15.09
2017-06-28,748.89,39422.9,2492.79,0.0,19.14,9.61
2017-06-29,775.71,39562.0,2492.84,7.0,18.09,5.74
2017-06-30,758.06,39690.5,2492.89,0.0,22.45,8.44
2017-07-01,700.28,39784.3,2492.93,0.0,20.2,8.38
2017-07-02,606.98,39822.2,2492.94,0.0,19.57,9.51
2017-07-03,662.86,39893.6,2492.97,0.0,15.98,2.68
2017-07-04,789.17,40040.8,2493.03,0.0,15.4,0.05
2017-07-05,944.03,40280.9,2493.12,0.0,16.94,3.25
2017-07-06,914.45,40503.2,2493.21,0.0,16.32,6.15
2017-07-07,930.04,40734.9,2493.3,0.0,14.89,5.95
2017-07-08,950.2,40978.7,2493.39,0.0,17.83,8.75
2017-07-09,1014.37,41261.0,2493.5,0.0,24.03,13.0
2017-07-10,1068.37,41575.8,2493.62,0.0,21.72,10.63
2017-07-11,1070.3,41891.6,2493.75,0.0,21.51,11.36
2017-07-12,1099.8,42225.2,2493.88,0.0,20.45,7.23
2017-07-13,1029.53,42516.6,2493.99,0.0,16.66,7.36
2017-07-14,1074.31,42834.8,2494.11,0.0,20.73,10.64
2017-07-15,1051.13,43139.2,2494.23,0.0,22.11,9.43
2017-07-16,1026.09,43428.5,2494.34,0.0,22.86,13.29
2017-07-17,952.59,43673.8,2494.44,0.0,22.21,10.9
2017-07-18,948.16,43916.3,2494.53,0.0,22.45,11.92
2017-07-19,954.18,44162.5,2494.63,0.0,24.15,12.73
2017-07-20,933.85,44396.5,2494.72,0.0,24.33,14.58
2017-07-21,925.16,44625.3,2494.81,0.0,22.29,9.35
2017-07-22,975.14,44884.1,2494.91,0.0,16.47,7.49
2017-07-23,939.11,45121.2,2495.0,0.0,20.67,8.29
2017-07-24,899.0,45334.3,2495.08,0.0,18.54,8.04
2017-07-25,810.13,45494.1,2495.14,0.0,21.24,7.1
2017-07-26,864.32,45686.3,2495.22,0.0,18.68,7.62
2017-07-27,809.62,45845.8,2495.28,1.53,17.76,6.62
2017-07-28,823.38,46013.5,2495.34,0.0,15.58,3.65
2017-07-29,764.24,46145.7,2495.39,0.0,19.69,7.07
2017-07-30,733.74,46259.6,2495.44,0.0,21.23,9.38
2017-07-31,811.94,46420.5,2495.5,0.0,16.23,7.14
2017-08-01,750.75,46544.6,2495.55,0.0,20.61,6.25
2017-08-02,692.83,46634.0,2495.58,0.0,20.95,10.78
2017-08-03,730.98,46746.3,2495.63,0.0,15.24,5.6
2017-08-04,611.97,46787.1,2495.64,0.0,21.61,9.12
2017-08-05,570.64,46803.2,2495.65,1.52,18.49,5.38
2017-08-06,546.7,46804.9,2495.65,0.0,19.15,7.17
2017-08-07,461.82,46755.7,2495.63,0.0,19.96,7.73
2017-08-08,563.68,46767.6,2495.63,20.25,18.31,7.12
2017-08-09,501.09,46741.9,2495.62,0.0,18.12,7.32
2017-08-10,431.07,46674.2,2495.6,0.0,23.19,11.14
2017-08-11,476.04,46633.5,2495.58,0.0,21.27,9.75
2017-08-12,469.75,46589.1,2495.57,0.0,23.29,13.48
2017-08-13,440.54,46527.1,2495.54,0.0,24.02,11.04
2017-08-14,467.02,46481.0,2495.52,0.0,23.71,12.95
2017-08-15,530.42,46472.9,2495.52,0.0,23.16,8.55
2017-08-16,461.87,46423.7,2495.5,0.0,16.87,5.53
2017-08-17,504.36,46400.0,2495.49,0.41,15.88,4.2
2017-08-18,454.39,46346.3,2495.47,0.0,17.31,6.18
2017-08-19,424.64,46274.8,2495.44,0.0,16.0,4.79
2017-08-20,443.74,46214.7,2495.42,5.15,9.77,-2.52
2017-08-21,469.09,46169.8,2495.4,0.0,11.0,1.12
2017-08-22,455.83,46117.0,2495.38,1.57,11.97,2.91
2017-08-23,450.6,46061.1,2495.36,0.0,9.95,-1.3
2017-08-24,429.01,45992.2,2495.33,0.0,16.18,6.98
2017-08-25,408.68,45911.0,2495.3,0.0,7.66,-0.54
2017-08-26,369.72,45806.6,2495.26,0.0,13.34,3.6
2017-08-27,392.42,45715.7,2495.23,0.0,16.54,5.11
2017-08-28,430.06,45647.4,2495.2,1.85,18.78,9.68
2017-08-29,368.41,45542.1,2495.16,0.0,16.34,7.23
2017-08-30,364.02,45434.2,2495.12,0.0,17.47,6.85
2017-08-31,363.74,45326.2,2495.08,0.0,16.61,6.18
2017-09-01,337.6,45202.4,2495.03,0.0,20.1,3.07
2017-09-02,373.46,45100.2,2494.99,10.04,18.09,7.67
2017-09-03,356.13,44987.5,2494.95,0.0,14.71,3.53
2017-09-04,304.89,44844.1,2494.89,0.0,13.77,4.48
2017-09-05,319.58,44709.6,2494.84,3.19,13.37,4.66
2017-09-06,317.15,44573.5,2494.79,0.0,16.28,4.0
2017-09-07,362.07,44464.5,2494.74,7.97,17.24,6.17
2017-09-08,327.86,44334.9,2494.69,0.0,14.39,1.17
2017-09-09,309.59,44194.3,2494.64,0.0,18.31,7.12
2017-09-10,320.35,44060.2,2494.59,0.17,18.19,7.17
2017-09-11,330.81,43932.3,2494.54,0.0,15.91,5.21
2017-09-12,311.69,43793.0,2494.48,0.0,13.71,2.38
2017-09-13,309.46,43652.4,2494.43,0.0,11.58,1.16
2017-09-14,335.02,43527.1,2494.38,4.49,9.64,0.55
2017-09-15,368.73,43422.0,2494.34,0.0,14.71,3.14
2017-09-16,356.5,43309.6,2494.3,0.0,15.58,5.67
2017-09-17,327.62,43179.9,2494.25,0.0,13.46,1.83
2017-09-18,318.76,43044.8,2494.19,2.61,13.16,4.65
2017-09-19,310.58,42904.8,2494.14,0.0,13.81,2.44
2017-09-20,306.48,42762.4,2494.08,0.0,15.18,3.46
2017-09-21,309.58,42621.8,2494.03,0.0,20.07,8.29
2017-09-22,333.23,42495.4,2493.98,0.0,17.85,7.74
2017-09-23,352.69,42380.7,2493.94,0.0,16.04,4.1
2017-09-24,400.4,42294.7,2493.9,0.0,14.0,2.0
2017-09-25,369.63,42190.1,2493.86,0.0,14.25,3.57
2017-09-26,375.07,42088.8,2493.82,0.0,15.8,1.12
2017-09-27,372.27,41985.9,2493.78,0.0,13.2,2.4
2017-09-28,398.13,41898.4,2493.75,2.49,8.88,-0.21
2017-09-29,372.04,41795.4,2493.71,0.0,8.17,-4.13
2017-09-30,358.2,41684.0,2493.67,0.0,11.19,-0.79
2017-10-01,358.88,41573.0,2493.62,0.0,15.99,7.61
2017-10-02,388.03,41479.5,2493.59,0.0,17.57,2.74
2017-10-03,420.43,41405.4,2493.56,8.58,16.59,6.62
2017-10-04,394.53,41315.8,2493.52,0.0,15.91,6.0
2017-10-05,353.12,41201.4,2493.48,0.0,15.81,5.89
2017-10-06,353.91,41087.4,2493.43,0.0,12.85,4.94
2017-10-07,424.54,41015.8,2493.41,0.0,12.42,1.94
2017-10-08,408.87,40934.8,2493.38,0.0,13.68,-0.93
2017-10-09,406.9,40852.6,2493.34,0.0,7.1,-1.8
2017-10-10,447.32,40794.7,2493.32,0.43,9.76,-1.55
2017-10-11,412.81,40716.1,2493.29,0.0,10.75,-1.03
2017-10-12,470.97,40672.3,2493.27,0.0,7.16,-4.62
2017-10-13,440.29,40610.2,2493.25,0.0,8.26,-0.45
2017-10-14,429.87,40541.8,2493.22,0.0,6.08,-3.88
2017-10-15,413.71,40463.7,2493.19,0.0,10.27,-3.31
2017-10-16,372.4,40360.8,2493.15,0.0,8.05,-2.74
2017-10-17,374.82,40259.4,2493.11,0.0,5.21,-4.94
2017-10-18,444.11,40199.5,2493.09,0.0,5.37,-6.14
2017-10-19,420.87,40125.7,2493.06,0.0,5.97,-6.46
2017-10-20,403.46,40041.5,2493.03,0.0,9.65,0.28
2017-10-21,388.97,39948.6,2492.99,0.0,11.35,0.82
2017-10-22,359.49,39837.9,2492.95,0.0,8.49,-2.55
2017-10-23,363.91,39730.0,2492.91,0.0,8.1,-3.54
2017-10-24,381.11,39632.3,2492.87,0.0,3.85,-7.54
2017-10-25,385.39,39537.2,2492.83,0.0,5.83,-3.01
2017-10-26,378.38,39437.9,2492.8,0.0,4.8,-5.41
2017-10-27,356.92,39325.8,2492.75,0.0,3.54,-5.61
2017-10-28,434.36,39260.1,2492.73,0.0,6.97,-4.94
2017-10-29,370.65,39156.1,2492.69,0.0,8.59,-1.22
2017-10-30,362.99,39047.6,2492.64,0.0,0.65,-6.44
2017-10-31,356.28,38935.1,2492.6,0.0,11.13,-4.06
2017-11-01,360.85,38825.2,2492.56,0.0,8.52,-4.37
2017-11-02,371.73,38722.0,2492.52,0.0,6.04,-7.16
2017-11-03,605.27,38758.8,2492.53,20.23,4.99,-8.81
2017-11-04,483.58,38722.6,2492.52,0.0,2.63,-7.15
2017-11-05,494.16,38692.8,2492.51,3.9,3.85,-7.94
2017-11-06,438.39,38629.5,2492.48,0.0,2.61,-8.47
2017-11-07,408.7,38548.4,2492.45,0.0,2.53,-9.76
2017-11-08,402.68,38463.7,2492.42,0.0,-0.22,-12.32
2017-11-09,371.91,38360.6,2492.38,0.0,3.08,-8.52
2017-11-10,354.1,38246.7,2492.33,0.0,0.93,-8.46
2017-11-11,289.37,38094.0,2492.28,0.0,1.46,-6.68
2017-11-12,306.21,37951.4,2492.22,0.0,5.37,-6.09
2017-11-13,258.18,37780.0,2492.15,0.0,0.83,-7.75
2017-11-14,241.11,37598.3,2492.08,0.0,2.8,-5.97
2017-11-15,277.08,37438.3,2492.02,0.0,1.59,-10.34
2017-11-16,290.29,37286.1,2491.96,0.0,1.53,-11.44
2017-11-17,309.74,37145.7,2491.91,0.38,-0.84,-12.79
2017-11-18,339.47,37023.0,2491.86,0.0,-0.03,-9.11
2017-11-19,348.14,36905.6,2491.82,0.0,-2.51,-10.84
2017-11-20,392.8,36814.9,2491.78,2.71,0.63,-10.88
2017-11-21,372.87,36712.4,2491.74,0.0,-1.91,-13.15
2017-11-22,356.69,36600.0,2491.7,0.0,-2.21,-11.53
2017-11-23,320.12,36465.8,2491.64,0.0,-0.08,-8.49
2017-11-24,319.93,36331.4,2491.59,0.0,1.71,-9.21
2017-11-25,324.99,36200.1,2491.54,0.0,1.54,-11.8
2017-11-26,304.31,36056.4,2491.49,0.0,2.06,-10.18
2017-11-27,344.72,35936.9,2491.44,0.0,0.71,-9.28
2017-11-28,365.24,35829.7,2491.4,0.0,-5.44,-14.34
2017-11-29,433.01,35763.2,2491.37,0.0,-5.72,-16.75
2017-11-30,424.9,35691.8,2491.35,1.74,1.0,-8.96
2017-12-01,436.61,35627.5,2491.32,0.0,1.0,-11.74
2017-12-02,355.76,35514.6,2491.28,0.0,-1.23,-10.5
2017-12-03,332.22,35387.6,2491.23,0.0,-0.54,-12.83
2017-12-04,313.34,35249.3,2491.17,0.0,-0.95,-11.95
2017-12-05,298.62,35102.2,2491.12,0.0,-2.91,-13.25
2017-12-06,293.46,34951.9,2491.06,0.0,-1.88,-13.02
2017-12-07,332.98,34825.4,2491.01,0.0,-2.58,-14.8
2017-12-08,384.85,34730.0,2490.97,0.0,1.98,-9.05
2017-12-09,380.94,34632.2,2490.93,0.0,-3.02,-15.75
2017-12-10,424.51,34560.6,2490.91,0.0,-2.41,-13.72
2017-12-11,457.24,34508.6,2490.89,0.0,-3.57,-14.58
2017-12-12,453.68,34454.5,2490.87,0.0,-6.49,-16.78
2017-12-13,403.43,34370.3,2490.83,0.0,-3.34,-11.84
2017-12-14,396.71,34282.0,2490.8,0.0,-4.68,-16.07
2017-12-15,352.89,34167.4,2490.75,0.0,-0.89,-13.71
2017-12-16,362.61,34058.6,2490.71,0.0,-2.23,-14.75
2017-12-17,375.51,33957.6,2490.67,0.0,3.11,-8.91
2017-12-18,433.4,33891.4,2490.65,2.35,-5.78,-17.04
2017-12-19,430.17,33823.1,2490.62,0.0,-2.55,-12.88
2017-12-20,395.61,33734.2,2490.59,0.0,-7.33,-19.04
2017-12-21,419.55,33659.6,2490.56,1.41,-8.38,-18.44
2017-12-22,354.67,33546.1,2490.51,0.0,-6.73,-18.71
2017-12-23,296.74,33397.8,2490.46,0.0,-7.03,-18.24
2017-12-24,292.14,33246.8,2490.4,0.44,-13.1,-20.88
2017-12-25,326.2,33116.2,2490.35,0.0,-8.23,-21.65
2017-12-26,329.74,32987.7,2490.3,1.39,-4.69,-18.13
2017-12-27,349.37,32871.0,2490.25,0.0,-4.16,-14.96
2017-12-28,391.24,32779.4,2490.22,0.0,-5.39,-16.27
2017-12-29,355.59,32666.5,2490.17,0.0,-8.11,-21.58
2017-12-30,348.65,32549.3,2490.13,0.0,-8.44,-20.99
2017-12-31,351.86,32434.1,2490.08,0.0,-7.22,-20.46
2018-01-01,464.53,32386.5,2490.06,0.0,-10.11,-18.57
2018-01-02,517.86,32370.9,2490.06,7.21,-8.42,-19.76
2018-01-03,482.24,32334.0,2490.04,0.0,-9.81,-20.33
2018-01-04,460.24,32283.8,2490.03,0.0,-14.73,-23.9
2018-01-05,461.31,32234.2,2490.01,0.0,-10.72,-22.53
2018-01-06,430.18,32166.0,2489.98,0.0,-9.51,-20.56
2018-01-07,451.3,32110.5,2489.96,0.0,-9.85,-18.94
2018-01-08,407.75,32028.8,2489.93,0.0,-5.33,-18.9
2018-01-09,394.83,31939.4,2489.89,0.0,-7.99,-18.23
2018-01-10,369.69,31834.9,2489.85,0.0,-7.14,-16.84
2018-01-11,389.7,31742.4,2489.82,0.9,-6.86,-18.69
2018-01-12,410.34,31662.3,2489.78,0.0,-10.27,-23.89
2018-01-13,429.36,31593.6,2489.76,0.0,-13.28,-24.51
2018-01-14,422.41,31520.7,2489.73,0.0,-11.09,-25.06
2018-01-15,402.97,31436.2,2489.7,0.0,-9.36,-21.38
2018-01-16,394.43,31346.5,2489.66,0.0,-3.81,-16.1
2018-01-17,390.32,31254.4,2489.63,0.0,-8.66,-19.44
2018-01-18,376.16,31153.8,2489.59,1.31,-4.43,-16.42
2018-01-19,385.26,31058.6,2489.55,0.0,-6.68,-18.3
2018-01-20,415.95,30981.8,2489.52,0.0,-4.35,-14.98
2018-01-21,406.71,30899.6,2489.49,0.0,-1.34,-12.89
2018-01-22,383.05,30803.1,2489.45,0.0,-6.69,-15.92
2018-01-23,423.88,30731.1,2489.42,0.0,-8.98,-18.65
2018-01-24,478.91,30692.1,2489.41,0.0,-0.44,-11.34
2018-01-25,470.41,30648.0,2489.39,0.0,1.47,-10.68
2018-01-26,433.17,30581.6,2489.37,0.0,-1.03,-12.98
2018-01-27,471.39,30538.1,2489.35,0.0,-4.46,-17.65
2018-01-28,456.18,30485.5,2489.33,0.0,-7.88,-17.72
2018-01-29,458.25,30434.2,2489.31,0.0,-2.91,-14.65
2018-01-30,494.53,30404.6,2489.3,0.65,-8.79,-18.83
2018-01-31,452.81,30349.9,2489.28,0.0,-13.48,-21.63
2018-02-01,441.56,30288.5,2489.25,0.0,-8.48,-17.41
2018-02-02,424.98,30217.2,2489.22,0.0,-4.9,-13.76
2018-02-03,447.95,30159.7,2489.2,0.0,-3.05,-16.42
2018-02-04,565.56,30172.7,2489.21,19.47,-5.29,-14.53
2018-02-05,522.58,30159.9,2489.2,0.0,-7.66,-19.72
2018-02-06,475.36,30118.8,2489.19,0.0,-9.04,-20.17
2018-02-07,494.32,30089.1,2489.18,0.0,-4.23,-13.07
2018-02-08,504.0,30065.1,2489.17,0.0,-0.76,-12.1
2018-02-09,498.8,30038.1,2489.16,5.93,-2.6,-12.82
2018-02-10,711.23,30138.5,2489.19,19.54,-0.17,-10.38
2018-02-11,650.66,30202.6,2489.22,0.0,0.3,-12.44
2018-02-12,640.47,30260.6,2489.24,0.0,2.33,-10.35
2018-02-13,560.45,30270.5,2489.25,0.0,-0.7,-11.29
2018-02-14,524.04,30258.6,2489.24,0.0,-3.54,-16.36
2018-02-15,510.64,30238.7,2489.23,0.0,-0.14,-14.83
2018-02-16,487.16,30204.7,2489.22,0.0,-1.29,-12.65
2018-02-17,482.68,30168.0,2489.21,0.0,-1.79,-11.89
2018-02-18,444.34,30108.3,2489.18,0.0,-7.53,-18.31
2018-02-19,431.75,30041.0,2489.16,0.82,-3.52,-13.73
2018-02-20,477.48,30001.2,2489.14,0.0,-1.71,-13.35
2018-02-21,428.3,29931.8,2489.11,0.0,-2.4,-14.3
2018-02-22,372.12,29828.8,2489.07,0.0,-2.37,-14.26
2018-02-23,414.46,29751.1,2489.04,0.0,-0.32,-11.42
2018-02-24,441.98,29690.0,2489.02,0.0,0.7,-10.27
2018-02-25,383.93,29594.0,2488.98,0.0,-0.42,-13.52
2018-02-26,413.9,29516.1,2488.95,0.0,2.43,-7.89
2018-02-27,439.2,29453.3,2488.93,0.0,1.04,-11.72
2018-02-28,497.18,29425.2,2488.92,0.0,0.19,-8.97
2018-03-01,550.27,29429.1,2488.92,0.0,-0.56,-12.46
2018-03-02,533.43,29422.8,2488.92,0.0,0.2,-10.76
2018-03-03,475.69,29381.9,2488.9,0.0,-3.16,-12.07
2018-03-04,435.32,29316.8,2488.88,0.0,-2.75,-11.85
2018-03-05,491.34,29285.3,2488.86,0.0,3.36,-7.02
2018-03-06,523.76,29273.2,2488.86,0.0,2.99,-10.84
2018-03-07,503.96,29249.3,2488.85,0.0,3.67,-10.21
2018-03-08,487.33,29215.4,2488.84,1.9,3.55,-7.12
2018-03-09,474.16,29173.5,2488.82,0.0,0.77,-11.55
2018-03-10,449.2,29116.7,2488.8,0.0,5.03,-7.34
2018-03-11,433.17,29050.3,2488.77,0.0,2.09,-9.34
2018-03-12,413.83,28972.3,2488.74,0.0,-3.18,-13.49
2018-03-13,369.2,28867.5,2488.7,0.0,-2.12,-13.61
2018-03-14,359.56,28756.9,2488.66,0.0,-5.58,-15.11
2018-03-15,340.56,28634.9,2488.61,0.0,-2.72,-14.32
2018-03-16,345.52,28515.9,2488.57,0.0,-1.06,-13.95
2018-03-17,340.81,28394.1,2488.52,0.2,0.59,-12.48
2018-03-18,438.16,28330.7,2488.49,15.48,-0.57,-12.03
2018-03-19,341.98,28209.6,2488.45,0.0,0.35,-10.32
2018-03-20,349.93,28093.2,2488.4,1.38,0.37,-9.17
2018-03-21,344.94,27973.8,2488.36,4.05,-2.4,-16.3
2018-03-22,289.51,27821.2,2488.3,0.39,3.5,-8.1
2018-03-23,273.06,27658.7,2488.23,0.0,6.65,-3.88
2018-03-24,248.64,27481.6,2488.17,0.0,5.64,-4.81
2018-03-25,229.45,27293.0,2488.09,0.06,0.03,-8.62
2018-03-26,205.91,27090.2,2488.01,0.0,3.45,-4.86
2018-03-27,230.23,26902.0,2487.94,0.0,-3.25,-12.61
2018-03-28,219.48,26707.4,2487.87,0.0,0.16,-11.71
2018-03-29,232.21,26520.4,2487.79,0.0,-4.94,-11.92
2018-03-30,224.51,26328.8,2487.72,0.0,3.53,-8.6
2018-03-31,245.9,26150.0,2487.65,1.14,8.97,-2.42
2018-04-01,239.89,25967.6,2487.58,0.0,6.05,-4.37
2018-04-02,234.16,25781.8,2487.51,0.26,9.57,-1.6
2018-04-03,216.24,25585.2,2487.43,0.0,10.8,-2.23
2018-04-04,220.84,25391.4,2487.36,0.0,6.67,-6.27
2018-04-05,232.87,25204.8,2487.28,0.0,7.04,-1.34
2018-04-06,286.8,25050.6,2487.22,11.44,6.22,-3.93
2018-04-07,322.37,24917.7,2487.17,6.43,10.69,-3.27
2018-04-08,280.98,24759.9,2487.11,0.0,8.02,-3.8
2018-04-09,264.18,24592.1,2487.05,0.0,3.45,-8.81
2018-04-10,255.72,24419.2,2486.98,0.0,4.8,-4.08
2018-04-11,267.36,24253.3,2486.91,0.0,9.07,-3.62
2018-04-12,293.84,24103.3,2486.86,1.79,10.9,0.92
2018-04-13,256.51,23930.9,2486.79,0.0,12.95,1.01
2018-04-14,263.59,23762.7,2486.72,0.0,11.96,-1.71
2018-04-15,296.99,23614.6,2486.67,4.33,6.87,-2.83
2018-04-16,323.22,23482.2,2486.62,3.84,6.3,-4.6
2018-04-17,350.6,23366.3,2486.57,5.31,6.33,-3.66
2018-04-18,359.93,23255.9,2486.53,0.0,5.9,-3.64
2018-04-19,399.94,23169.6,2486.5,0.0,9.61,-1.32
2018-04-20,398.79,23082.5,2486.46,0.0,3.37,-7.04
2018-04-21,452.44,23027.7,2486.44,0.0,5.96,-3.25
2018-04-22,445.25,22968.5,2486.42,0.0,7.35,-3.71
2018-04-23,499.69,22942.0,2486.41,6.55,10.84,0.57
2018-04-24,545.86,22943.2,2486.41,8.03,10.14,-0.92
2018-04-25,542.96,22942.6,2486.41,0.0,11.99,0.54
2018-04-26,453.28,22888.3,2486.39,0.06,13.24,3.57
2018-04-27,415.03,22811.0,2486.36,0.47,18.71,7.82
2018-04-28,396.81,22722.8,2486.32,0.0,16.45,9.31
2018-04-29,382.86,22626.2,2486.28,4.28,9.24,-1.1
2018-04-30,371.95,22523.0,2486.24,0.0,8.96,-2.95
2018-05-01,420.41,22448.9,2486.22,2.27,8.36,-1.6
2018-05-02,445.26,22389.8,2486.19,0.0,7.65,-3.97
2018-05-03,468.26,22344.4,2486.18,0.0,7.08,-3.6
2018-05-04,416.39,22267.9,2486.15,0.0,9.85,-0.72
2018-05-05,404.87,22184.5,2486.11,1.1,11.8,1.55
2018-05-06,376.69,22084.2,2486.07,0.0,9.61,-0.83
2018-05-07,394.98,21994.9,2486.04,3.33,13.08,2.83
2018-05-08,425.45,21923.9,2486.01,2.3,12.75,0.15
2018-05-09,445.97,21865.1,2485.99,0.42,15.61,7.78
2018-05-10,482.0,21828.0,2485.98,0.0,13.17,0.36
2018-05-11,575.13,21846.8,2485.98,10.06,14.54,2.05
2018-05-12,599.87,21880.4,2486.0,1.49,15.11,4.28
2018-05-13,565.15,21893.1,2486.0,0.0,9.84,-0.53
2018-05-14,533.73,21887.0,2486.0,0.0,12.48,0.98
2018-05-15,556.09,21894.4,2486.0,0.0,17.37,5.47
2018-05-16,561.19,21904.8,2486.01,0.0,15.83,6.02
2018-05-17,521.37,21891.3,2486.0,0.01,13.55,4.24
2018-05-18,548.81,21894.2,2486.0,0.0,12.98,2.93
2018-05-19,578.09,21914.8,2486.01,3.99,12.33,2.43
2018-05-20,613.79,21956.7,2486.03,0.0,10.91,0.6
2018-05-21,636.32,22012.2,2486.05,0.0,14.81,2.24
2018-05-22,724.83,22120.8,2486.09,0.0,19.65,6.74
2018-05-23,718.5,22225.6,2486.13,0.0,18.87,6.62
2018-05-24,853.61,22411.4,2486.2,0.0,16.75,5.85
2018-05-25,781.93,22554.3,2486.26,0.0,20.44,8.82
2018-05-26,694.3,22644.5,2486.29,0.0,18.1,10.63
2018-05-27,774.31,22782.8,2486.35,8.39,23.1,13.78
2018-05-28,765.01,22915.5,2486.4,4.52,16.85,7.12
2018-05-29,759.63,23044.9,2486.45,0.0,14.88,3.75
2018-05-30,668.9,23119.9,2486.48,0.0,18.6,5.99
2018-05-31,704.49,23216.3,2486.51,0.0,18.1,5.73
2018-06-01,691.96,23305.2,2486.55,0.0,13.75,6.32
2018-06-02,783.79,23449.1,2486.6,0.0,16.21,6.2
2018-06-03,987.2,23715.1,2486.71,6.85,16.6,5.26
2018-06-04,996.93,23987.0,2486.81,0.0,15.89,2.46
2018-06-05,846.85,24168.8,2486.88,0.0,20.69,8.05
2018-06-06,875.62,24367.8,2486.96,0.0,13.82,2.25
2018-06-07,907.71,24586.1,2487.04,0.0,16.14,6.36
2018-06-08,1448.83,25129.1,2487.25,21.53,14.14,4.31
2018-06-09,1346.55,25610.7,2487.44,6.56,19.29,8.95
2018-06-10,1436.58,26146.4,2487.65,13.46,18.72,6.84
2018-06-11,1479.32,26707.6,2487.87,0.0,17.34,4.66
2018-06-12,1437.34,27243.7,2488.07,0.82,16.36,4.63
2018-06-13,1405.88,27760.9,2488.27,0.52,16.94,6.25
2018-06-14,1568.53,28375.7,2488.51,3.96,19.81,7.44
2018-06-15,1584.29,29000.0,2488.75,0.54,15.34,2.1
2018-06-16,1530.54,29592.0,2488.98,0.0,16.67,5.77
2018-06-17,1361.75,30082.7,2489.17,0.0,16.99,6.2
2018-06-18,1365.12,30575.5,2489.36,0.0,15.26,5.4
2018-06-19,1299.35,31028.8,2489.54,0.0,16.21,5.97
2018-06-20,1188.77,31415.7,2489.69,0.0,15.1,5.52
2018-06-21,1096.77,31747.4,2489.82,1.9,14.66,4.09
2018-06-22,892.06,31956.4,2489.9,0.0,16.45,3.94
2018-06-23,810.24,32116.2,2489.96,0.0,9.68,-1.65
2018-06-24,766.92,32250.0,2490.01,0.0,17.93,7.42
2018-06-25,798.58,32402.9,2490.07,0.0,17.99,8.94
2018-06-26,693.08,32492.4,2490.11,3.09,21.01,10.93
2018-06-27,704.59,32588.8,2490.14,2.77,19.56,9.08
2018-06-28,616.66,32632.5,2490.16,0.0,23.61,12.0
2018-06-29,605.11,32669.2,2490.17,0.0,22.43,12.61
2018-06-30,668.84,32744.2,2490.2,0.31,29.49,17.13
2018-07-01,673.41,32822.0,2490.23,0.0,26.44,16.81
2018-07-02,630.13,32873.7,2490.25,0.0,28.52,16.97
2018-07-03,602.65,32909.0,2490.27,0.0,27.13,17.36
2018-07-04,590.62,32937.0,2490.28,0.0,24.45,11.56
2018-07-05,725.47,33046.0,2490.32,13.99,26.26,15.41
2018-07-06,664.01,33118.1,2490.35,0.0,22.98,9.59
2018-07-07,648.21,33180.7,2490.37,0.0,22.75,14.27
2018-07-08,683.79,33264.7,2490.41,0.0,24.54,14.39
2018-07-09,752.11,33389.6,2490.45,0.0,20.88,10.86
2018-07-10,724.18,33497.8,2490.5,0.0,20.69,11.82
2018-07-11,767.81,33632.2,2490.55,0.0,24.88,11.41
2018-07-12,810.43,33792.1,2490.61,0.0,28.76,14.0
2018-07-13,731.79,33904.9,2490.65,0.0,27.52,14.85
2018-07-14,701.2,33999.3,2490.69,0.0,20.41,9.68
2018-07-15,833.88,34173.3,2490.76,0.0,16.81,4.64
2018-07-16,764.81,34305.8,2490.81,0.0,14.43,5.28
2018-07-17,792.32,34454.9,2490.87,3.14,15.61,2.98
2018-07-18,985.71,34720.0,2490.97,13.1,21.41,12.52
2018-07-19,1030.85,35012.2,2491.08,0.0,19.5,8.1
2018-07-20,981.72,35274.9,2491.18,0.0,21.34,11.24
2018-07-21,1114.95,35617.6,2491.32,7.15,23.44,14.73
2018-07-22,1206.2,36015.0,2491.47,0.0,24.28,12.05
2018-07-23,1043.54,36314.8,2491.59,0.0,24.44,14.11
2018-07-24,1082.97,36638.2,2491.71,0.0,32.99,18.1
2018-07-25,1023.85,36926.2,2491.82,0.0,29.16,18.1
2018-07-26,870.18,37122.0,2491.9,0.0,31.94,17.53
2018-07-27,869.88,37317.6,2491.97,0.0,27.97,15.72
2018-07-28,837.98,37494.1,2492.04,0.0,25.64,14.23
2018-07-29,752.86,37619.5,2492.09,0.0,24.38,13.89
2018-07-30,666.6,37693.1,2492.12,0.0,25.03,13.36
2018-07-31,728.87,37804.1,2492.16,4.88,23.91,14.53
2018-08-01,728.82,37915.1,2492.21,0.0,20.16,7.02
2018-08-02,714.48,38017.5,2492.25,0.58,25.93,13.66
2018-08-03,632.18,38070.5,2492.27,0.0,21.55,12.6
2018-08-04,673.65,38148.3,2492.3,0.0,24.76,12.43
2018-08-05,662.67,38219.6,2492.32,0.0,23.2,11.29
2018-08-06,560.2,38229.4,2492.33,0.0,24.4,13.49
2018-08-07,561.69,38240.1,2492.33,0.0,22.1,10.33
2018-08-08,583.22,38263.7,2492.34,5.09,22.67,11.11
2018-08-09,563.18,38275.3,2492.35,0.0,21.58,13.45
2018-08-10,550.47,38279.3,2492.35,0.0,21.94,12.96
2018-08-11,521.58,38265.9,2492.34,0.0,22.61,11.51
2018-08-12,499.1,38239.1,2492.33,0.0,26.86,15.02
2018-08-13,499.95,38212.7,2492.32,3.84,24.86,15.26
2018-08-14,492.44,38181.9,2492.31,0.0,24.03,12.6
2018-08-15,459.97,38131.5,2492.29,0.51,23.34,12.19
2018-08-16,450.63,38075.6,2492.27,0.0,18.2,8.1
2018-08-17,405.76,37992.7,2492.24,0.0,19.57,8.66
2018-08-18,410.1,37912.5,2492.21,0.0,21.99,10.71
2018-08-19,340.46,37790.4,2492.16,0.0,22.04,12.23
2018-08-20,318.2,37655.0,2492.11,0.0,20.8,10.27
2018-08-21,304.99,37511.7,2492.05,0.0,24.24,13.19
2018-08-22,305.48,37368.7,2491.99,0.0,20.3,8.76
2018-08-23,302.82,37224.0,2491.94,0.0,21.37,7.61
2018-08-24,329.05,37095.2,2491.89,0.0,25.23,12.05
2018-08-25,342.93,36974.6,2491.84,0.0,25.42,15.04
2018-08-26,340.45,36852.6,2491.79,0.0,22.13,11.12
2018-08-27,354.98,36739.2,2491.75,0.0,18.61,7.03
2018-08-28,361.28,36629.7,2491.71,0.0,17.72,6.34
2018-08-29,370.25,36525.5,2491.67,0.0,12.25,2.03
2018-08-30,377.65,36425.8,2491.63,0.28,17.86,8.36
2018-08-31,369.64,36321.2,2491.59,0.0,15.15,7.29
2018-09-01,388.12,36227.8,2491.55,0.0,12.96,3.79
2018-09-02,354.28,36114.0,2491.51,0.0,19.63,6.77
2018-09-03,341.82,35992.8,2491.46,0.0,21.32,10.51
2018-09-04,383.21,35896.4,2491.42,0.0,18.71,7.37
2018-09-05,433.53,35830.2,2491.4,3.4,14.94,5.39
2018-09-06,437.1,35766.2,2491.37,0.0,12.96,3.08
2018-09-07,464.18,35718.4,2491.36,0.0,13.18,3.73
2018-09-08,456.39,35665.9,2491.34,0.0,13.17,1.25
2018-09-09,481.18,35628.3,2491.32,0.0,11.15,1.09
2018-09-10,452.37,35573.4,2491.3,0.0,11.33,2.82
2018-09-11,393.23,35483.0,2491.26,0.0,13.81,4.55
2018-09-12,391.69,35391.7,2491.23,0.0,19.75,9.1
2018-09-13,388.86,35298.7,2491.19,0.0,18.13,8.45
2018-09-14,402.23,35213.7,2491.16,1.26,16.07,4.75
2018-09-15,436.38,35149.2,2491.13,0.0,10.81,0.44
2018-09-16,392.1,35058.1,2491.1,0.0,14.58,2.59
2018-09-17,376.35,34957.6,2491.06,0.0,15.75,2.92
2018-09-18,409.31,34876.9,2491.03,0.0,14.71,3.25
2018-09-19,438.45,34813.7,2491.0,0.0,14.24,3.94
2018-09-20,490.71,34781.8,2490.99,0.0,17.98,5.2
2018-09-21,470.35,34737.7,2490.98,0.0,21.1,10.5
2018-09-22,445.09,34678.4,2490.95,0.0,25.88,12.5
2018-09-23,462.07,34629.3,2490.93,0.0,18.15,7.69
2018-09-24,445.43,34570.3,2490.91,0.0,10.19,1.38
2018-09-25,473.3,34527.9,2490.89,3.09,7.74,-0.74
2018-09-26,462.31,34479.0,2490.88,0.0,9.71,-0.52
2018-09-27,464.59,34431.4,2490.86,0.0,14.35,0.09
2018-09-28,470.28,34387.3,2490.84,0.47,12.35,2.22
2018-09-29,472.11,34344.2,2490.82,0.0,12.33,1.55
2018-09-30,472.96,34301.7,2490.81,0.0,8.98,-2.5
2018-10-01,471.0,34257.9,2490.79,0.0,10.98,-1.17
2018-10-02,493.0,34227.4,2490.78,4.38,6.64,-4.49
2018-10-03,469.24,34182.7,2490.76,0.0,7.98,-1.47
2018-10-04,436.14,34118.0,2490.74,0.0,4.84,-4.85
2018-10-05,468.6,34072.9,2490.72,0.0,5.95,-6.26
2018-10-06,445.76,34014.0,2490.7,0.0,8.16,-3.43
2018-10-07,481.38,33976.5,2490.68,7.06,0.52,-7.8
2018-10-08,613.97,34018.6,2490.7,14.51,7.08,-3.14
2018-10-09,524.99,34007.3,2490.69,0.0,13.83,0.34
2018-10-10,485.49,33972.2,2490.68,0.0,10.67,-0.76
2018-10-11,498.18,33944.8,2490.67,0.0,9.27,-0.24
2018-10-12,468.77,33899.8,2490.65,0.0,5.96,-5.44
2018-10-13,428.42,33830.5,2490.62,0.0,5.19,-5.37
2018-10-14,451.96,33775.4,2490.6,2.81,5.78,-5.81
2018-10-15,570.93,33791.6,2490.61,11.32,8.01,-0.9
2018-10-16,546.15,33793.0,2490.61,0.0,7.76,-1.22
2018-10-17,632.82,33846.3,2490.63,0.0,11.44,-1.76
2018-10-18,636.23,33901.8,2490.65,0.0,8.25,-3.41
2018-10-19,577.79,33922.1,2490.66,0.0,6.82,-3.12
2018-10-20,544.06,33922.2,2490.66,0.0,12.78,3.24
2018-10-21,570.62,33938.3,2490.67,0.0,13.63,2.19
2018-10-22,724.87,34046.9,2490.71,7.11,10.83,1.72
2018-10-23,716.94,34150.7,2490.75,0.0,7.3,-0.64
2018-10-24,585.9,34176.0,2490.76,0.0,3.46,-6.12
2018-10-25,592.21,34205.0,2490.77,7.37,2.19,-10.06
2018-10-26,524.18,34193.1,2490.76,0.0,7.44,-4.59
2018-10-27,532.84,34186.5,2490.76,0.0,5.86,-2.86
2018-10-28,500.71,34160.6,2490.75,0.0,8.72,-2.64
2018-10-29,553.3,34166.3,2490.75,0.0,5.88,-5.09
2018-10-30,619.23,34211.5,2490.77,0.0,-1.27,-11.38
2018-10-31,554.86,34218.1,2490.77,0.0,3.2,-9.59
2018-11-01,498.59,34191.0,2490.76,0.0,4.25,-6.26
2018-11-02,478.15,34151.5,2490.75,0.0,2.91,-9.76
2018-11-03,476.25,34111.0,2490.73,0.0,6.41,-4.07
2018-11-04,472.44,34068.1,2490.72,0.0,4.67,-6.22
2018-11-05,445.44,34009.1,2490.69,0.0,6.35,-1.84
2018-11-06,446.36,33950.6,2490.67,0.0,4.69,-5.03
2018-11-07,405.4,33867.5,2490.64,0.0,3.05,-8.3
2018-11-08,396.64,33779.1,2490.6,0.0,1.14,-8.2
2018-11-09,339.76,33656.7,2490.56,0.0,4.12,-5.25
2018-11-10,353.61,33542.5,2490.51,0.0,1.24,-8.62
2018-11-11,318.99,33407.6,2490.46,0.0,2.95,-6.7
2018-11-12,356.03,33294.9,2490.42,0.0,6.22,-3.77
2018-11-13,338.0,33171.4,2490.37,0.0,8.32,-2.7
2018-11-14,298.67,33024.3,2490.31,0.0,4.91,-6.42
2018-11-15,267.05,32858.2,2490.25,0.0,2.61,-10.35
2018-11-16,263.33,32689.9,2490.18,0.0,2.5,-8.9
2018-11-17,259.59,32519.3,2490.12,0.0,4.33,-6.87
2018-11-18,235.79,32334.4,2490.04,0.0,-5.92,-14.44
2018-11-19,251.16,32158.8,2489.98,0.0,-2.47,-14.92
2018-11-20,264.59,31991.3,2489.91,0.0,-4.57,-15.18
2018-11-21,312.34,31852.4,2489.86,0.0,-5.55,-17.39
2018-11-22,333.82,31726.3,2489.81,0.0,-0.24,-12.7
2018-11-23,352.94,31611.8,2489.76,0.0,1.89,-9.22
2018-11-24,348.11,31494.3,2489.72,0.34,-0.17,-11.01
2018-11-25,381.32,31396.8,2489.68,0.0,1.24,-7.23
2018-11-26,366.37,31290.3,2489.64,0.0,2.52,-6.7
2018-11-27,366.74,31184.0,2489.6,0.0,-4.71,-14.06
2018-11-28,362.75,31075.4,2489.56,0.0,-3.11,-15.34
2018-11-29,357.66,30963.6,2489.51,0.0,-6.52,-16.77
2018-11-30,362.7,30854.9,2489.47,0.0,-3.15,-14.79
2018-12-01,339.27,30732.2,2489.42,0.0,-2.3,-15.33
2018-12-02,322.2,30599.2,2489.37,0.0,-4.0,-16.62
2018-12-03,347.02,30481.1,2489.33,0.0,-4.83,-14.34
2018-12-04,354.55,30367.5,2489.28,0.0,-5.64,-15.01
2018-12-05,358.7,30256.4,2489.24,0.0,-2.14,-14.58
2018-12-06,386.53,30162.0,2489.2,0.0,-4.67,-14.67
2018-12-07,405.98,30079.3,2489.17,1.24,-0.39,-12.86
2018-12-08,392.53,29988.5,2489.14,0.0,-3.09,-12.4
2018-12-09,451.98,29933.3,2489.11,0.0,-0.03,-13.47
2018-12-10,556.41,29940.8,2489.12,13.85,-4.38,-15.6
2018-12-11,558.86,29949.8,2489.12,0.0,-4.22,-15.88
2018-12-12,568.75,29964.8,2489.13,0.0,-2.01,-13.61
2018-12-13,575.31,29983.6,2489.13,2.49,0.0,-13.09
2018-12-14,501.55,29958.3,2489.12,4.31,-0.35,-15.11
2018-12-15,479.83,29919.8,2489.11,0.0,1.73,-11.41
2018-12-16,445.49,29860.8,2489.09,0.0,-0.1,-11.35
2018-12-17,422.57,29788.0,2489.06,0.0,2.86,-7.25
2018-12-18,386.07,29693.4,2489.02,0.0,1.08,-9.15
2018-12-19,363.69,29585.3,2488.98,0.0,1.06,-9.46
2018-12-20,371.37,29481.8,2488.94,0.0,0.48,-11.79
2018-12-21,415.84,29404.9,2488.91,0.0,-4.9,-17.52
2018-12-22,367.62,29299.2,2488.87,0.0,-0.2,-11.72
2018-12-23,387.77,29205.5,2488.83,0.0,1.84,-7.52
2018-12-24,377.15,29105.5,2488.79,0.0,-1.67,-14.32
2018-12-25,369.56,29000.9,2488.75,0.0,1.65,-10.54
2018-12-26,384.46,28905.3,2488.72,0.0,3.0,-9.72
2018-12-27,424.67,28833.8,2488.69,0.31,-1.48,-10.76
2018-12-28,341.0,28712.0,2488.64,0.0,-3.87,-15.64
2018-12-29,358.62,28600.9,2488.6,0.0,-1.06,-11.4
2018-12-30,380.19,28502.7,2488.56,0.0,0.68,-11.75
2018-12-31,374.97,28401.4,2488.52,0.0,-5.89,-16.2
2019-01-01,356.3,28288.8,2488.48,0.0,-9.42,-20.8
2019-01-02,312.34,28149.9,2488.42,0.0,-4.23,-14.25
2019-01-03,348.79,28032.9,2488.38,0.0,-10.05,-20.5
2019-01-04,347.25,27914.9,2488.33,0.0,-9.64,-21.26
2019-01-05,405.45,27831.9,2488.3,0.0,-9.78,-20.59
2019-01-06,406.21,27749.3,2488.27,0.0,-9.73,-21.59
2019-01-07,406.29,27666.7,2488.24,0.0,-11.66,-22.97
2019-01-08,369.74,27562.2,2488.2,0.0,-13.52,-24.1
2019-01-09,348.67,27445.1,2488.15,0.0,-11.5,-21.18
2019-01-10,347.48,27327.3,2488.11,0.0,-5.9,-17.28
2019-01-11,302.58,27182.5,2488.05,0.0,-6.03,-18.92
2019-01-12,270.71,27018.6,2487.99,0.0,-4.94,-18.18
2019-01-13,275.43,26857.6,2487.92,0.0,-8.79,-18.68
2019-01-14,290.09,26705.3,2487.86,0.0,-3.63,-15.63
2019-01-15,276.86,26545.1,2487.8,1.94,-2.18,-15.92
2019-01-16,233.31,26358.8,2487.73,1.42,-5.88,-16.77
2019-01-17,228.94,26169.8,2487.66,0.0,-8.47,-18.22
2019-01-18,238.64,25986.7,2487.59,0.0,-9.03,-20.26
2019-01-19,249.21,25809.9,2487.52,0.0,-7.7,-17.03
2019-01-20,221.57,25616.5,2487.44,0.0,-10.07,-20.52
2019-01-21,214.66,25419.0,2487.37,0.0,-12.57,-24.54
2019-01-22,222.31,25226.1,2487.29,1.07,-10.82,-19.4
2019-01-23,225.47,25035.0,2487.22,2.25,-13.23,-22.92
2019-01-24,217.31,24839.1,2487.14,0.0,-11.37,-23.19
2019-01-25,181.9,24621.9,2487.06,0.0,-10.44,-21.32
2019-01-26,169.63,24397.4,2486.97,0.0,-10.5,-19.63
2019-01-27,186.85,24183.2,2486.89,0.0,-9.96,-18.98
2019-01-28,213.4,23984.9,2486.81,0.0,-5.62,-15.45
2019-01-29,230.12,23796.6,2486.74,0.0,-11.7,-22.75
2019-01-30,241.92,23615.5,2486.67,0.0,-9.48,-19.88
2019-01-31,213.82,23417.4,2486.59,0.0,-9.29,-20.12
2019-02-01,226.79,23227.2,2486.52,0.0,-6.23,-19.4
2019-02-02,230.6,23039.2,2486.44,0.0,-11.27,-22.19
2019-02-03,213.81,22841.2,2486.37,0.0,-9.01,-19.61
2019-02-04,177.4,22621.3,2486.28,0.0,-6.43,-15.89
2019-02-05,185.46,22406.3,2486.2,0.0,-9.18,-19.33
2019-02-06,153.33,22172.0,2486.11,0.0,-7.7,-19.55
2019-02-07,155.8,21939.1,2486.02,0.0,-3.21,-11.15
2019-02-08,173.8,21717.1,2485.93,0.0,-0.77,-12.87
2019-02-09,182.3,21500.2,2485.85,0.0,-1.02,-11.89
2019-02-10,190.06,21287.9,2485.77,0.0,-1.1,-11.53
2019-02-11,212.69,21089.2,2485.69,0.0,-3.82,-14.88
2019-02-12,206.05,20886.5,2485.61,0.0,-3.65,-12.57
2019-02-13,212.95,20687.9,2485.53,0.0,-1.5,-12.49
2019-02-14,201.13,20482.3,2485.45,0.0,-2.28,-15.36
2019-02-15,210.29,20282.1,2485.38,6.69,-0.85,-12.88
2019-02-16,247.16,20104.1,2485.31,0.0,-0.36,-9.88
2019-02-17,251.08,19928.5,2485.24,3.76,0.79,-10.76
2019-02-18,237.32,19744.5,2485.17,0.0,0.5,-10.28
2019-02-19,265.85,19577.7,2485.1,0.0,-1.5,-11.48
2019-02-20,292.82,19427.1,2485.05,0.0,-4.45,-14.75
2019-02-21,322.82,19294.5,2484.99,0.0,-4.89,-14.71
2019-02-22,357.87,19182.9,2484.95,0.0,-3.79,-12.91
2019-02-23,302.38,19038.0,2484.89,0.0,-5.28,-14.81
2019-02-24,312.31,18899.0,2484.84,0.0,3.97,-6.68
2019-02-25,392.47,18808.2,2484.81,12.58,9.95,-2.88
2019-02-26,456.91,18756.0,2484.79,0.0,5.69,-4.7
2019-02-27,492.69,18725.3,2484.77,9.27,2.03,-8.47
2019-02-28,430.71,18657.4,2484.75,0.0,1.65,-8.21
2019-03-01,356.89,18545.3,2484.7,0.0,9.18,-2.27
2019-03-02,385.98,18450.5,2484.67,0.0,1.44,-9.72
2019-03-03,398.75,18363.5,2484.63,0.0,1.48,-10.02
2019-03-04,341.26,18241.9,2484.59,0.0,-0.32,-13.51
2019-03-05,355.1,18128.6,2484.54,0.0,-2.82,-11.39
2019-03-06,353.99,18014.7,2484.5,4.26,-7.3,-20.68
2019-03-07,355.53,17901.7,2484.45,0.0,-5.86,-15.82
2019-03-08,336.25,17777.1,2484.41,0.0,-6.08,-20.23
2019-03-09,321.32,17643.6,2484.35,0.0,-5.52,-16.58
2019-03-10,329.0,17514.7,2484.3,0.0,-4.68,-15.39
2019-03-11,374.46,17413.1,2484.27,5.75,-3.94,-13.38
2019-03-12,403.91,17329.1,2484.23,0.0,-0.94,-11.22
2019-03-13,400.06,17242.8,2484.2,0.06,-6.0,-14.47
2019-03-14,372.12,17139.8,2484.16,0.0,-4.81,-15.67
2019-03-15,328.89,17010.8,2484.11,0.0,-2.06,-12.77
2019-03-16,317.76,16875.1,2484.06,0.0,-0.16,-11.58
2019-03-17,289.86,16722.7,2484.0,0.0,-1.63,-13.53
2019-03-18,302.82,16578.1,2483.94,0.0,6.95,-2.95
2019-03-19,272.97,16415.6,2483.88,0.0,4.3,-2.21
2019-03-20,326.77,16285.3,2483.83,4.96,8.96,-2.27
2019-03-21,318.28,16149.9,2483.78,0.0,7.22,-1.29
2019-03-22,324.08,16018.1,2483.73,4.49,6.34,-5.55
2019-03-23,294.24,15868.3,2483.67,0.0,11.97,-0.18
2019-03-24,288.65,15715.2,2483.61,0.0,8.06,-3.62
2019-03-25,263.11,15546.7,2483.54,2.86,3.23,-7.55
2019-03-26,250.1,15370.5,2483.47,0.0,7.23,-2.95
2019-03-27,273.0,15207.9,2483.41,0.0,3.83,-3.4
2019-03-28,276.18,15047.3,2483.35,0.0,7.94,-2.16
2019-03-29,312.6,14908.6,2483.3,0.0,7.55,-5.02
2019-03-30,392.62,14817.8,2483.26,11.42,3.92,-8.06
2019-03-31,359.85,14707.4,2483.22,0.0,6.3,-5.52
2019-04-01,340.05,14585.1,2483.17,3.05,6.35,-4.55
2019-04-02,347.95,14467.6,2483.12,0.0,6.99,-6.52
2019-04-03,357.07,14355.5,2483.08,0.0,6.41,-5.49
2019-04-04,357.19,14243.5,2483.04,0.0,4.26,-7.29
2019-04-05,381.98,14146.4,2483.0,0.0,4.15,-6.08
2019-04-06,322.17,14013.4,2482.95,0.0,1.4,-7.82
2019-04-07,345.2,13894.2,2482.9,0.13,-0.52,-12.64
2019-04-08,327.01,13764.0,2482.85,0.28,4.08,-6.85
2019-04-09,301.43,13618.6,2482.8,0.0,5.28,-5.13
2019-04-10,301.71,13473.3,2482.74,0.0,5.1,-3.09
2019-04-11,298.24,13325.9,2482.68,0.0,1.94,-5.86
2019-04-12,312.19,13186.9,2482.63,3.17,2.76,-7.44
2019-04-13,272.77,13024.3,2482.57,0.0,4.84,-8.75
2019-04-14,231.09,12836.6,2482.49,0.0,5.67,-7.8
2019-04-15,216.37,12640.1,2482.42,0.0,3.93,-6.69
2019-04-16,239.29,12457.4,2482.35,0.0,8.75,-2.66
2019-04-17,285.08,12302.1,2482.29,1.64,9.4,0.74
2019-04-18,303.47,12157.9,2482.23,0.0,13.37,3.07
2019-04-19,309.9,12017.5,2482.18,0.0,12.53,3.44
2019-04-20,307.62,11875.7,2482.12,0.0,14.76,5.65
2019-04-21,320.13,11741.5,2482.07,6.67,16.37,6.15
2019-04-22,309.13,11600.6,2482.01,0.62,10.23,-1.16
2019-04-23,296.87,11452.4,2481.96,0.28,7.74,-4.52
2019-04-24,306.41,11310.0,2481.9,0.0,7.62,-3.67
2019-04-25,337.6,11186.2,2481.85,1.78,8.38,-2.56
2019-04-26,335.01,11060.9,2481.81,0.0,3.14,-7.6
2019-04-27,275.6,10899.9,2481.74,0.0,3.48,-7.77
2019-04-28,306.77,10757.7,2481.69,2.33,5.08,-4.13
2019-04-29,355.3,10644.5,2481.64,0.14,10.42,-0.81
2019-04-30,375.5,10543.5,2481.6,0.0,11.31,1.92
2019-05-01,407.72,10461.8,2481.57,0.0,10.99,-1.52
2019-05-02,448.48,10404.6,2481.55,0.0,9.48,-2.08
2019-05-03,511.81,10385.4,2481.54,4.23,8.15,-4.83
2019-05-04,558.73,10394.3,2481.55,0.0,9.36,-0.84
2019-05-05,578.61,10415.1,2481.56,0.0,10.49,0.38
2019-05-06,609.87,10454.7,2481.57,0.0,14.83,2.78
2019-05-07,607.56,10493.0,2481.59,0.0,14.53,4.41
2019-05-08,636.9,10548.8,2481.61,0.0,15.5,4.85
2019-05-09,678.18,10629.4,2481.64,0.0,15.39,4.46
2019-05-10,704.48,10725.7,2481.68,0.0,17.27,5.22
2019-05-11,769.8,10861.3,2481.73,0.0,18.29,4.21
2019-05-12,968.94,11116.3,2481.83,0.0,20.3,7.89
2019-05-13,944.18,11356.5,2481.92,0.0,16.44,7.43
2019-05-14,890.37,11564.4,2482.0,0.0,17.05,5.76
2019-05-15,979.58,11825.9,2482.1,0.0,15.02,4.12
2019-05-16,1095.93,12157.1,2482.23,2.91,12.68,1.75
2019-05-17,1012.49,12438.3,2482.34,0.0,9.94,-0.74
2019-05-18,1024.51,12726.7,2482.45,0.0,8.76,-2.23
2019-05-19,929.29,12957.9,2482.54,0.0,8.47,-1.25
2019-05-20,908.34,13176.6,2482.62,0.0,12.95,0.15
2019-05-21,809.31,13335.9,2482.69,0.0,13.77,3.28
2019-05-22,773.51,13473.7,2482.74,2.37,14.77,3.21
2019-05-23,817.81,13638.0,2482.8,1.52,10.69,0.94
2019-05-24,800.91,13792.3,2482.86,0.0,11.96,3.28
2019-05-25,922.14,14019.2,2482.95,0.03,12.56,-0.7
2019-05-26,864.71,14211.7,2483.03,0.0,13.22,3.2
2019-05-27,934.08,14445.9,2483.12,11.31,10.65,2.48
2019-05-28,964.62,14698.3,2483.21,0.0,9.09,-3.04
2019-05-29,912.09,14919.3,2483.3,0.0,9.32,0.44
2019-05-30,812.18,15080.3,2483.36,0.0,15.17,5.27
2019-05-31,931.47,15312.8,2483.45,1.09,13.52,3.92
2019-06-01,957.9,15561.2,2483.55,0.79,17.51,5.06
2019-06-02,858.48,15750.0,2483.62,0.0,15.6,4.67
2019-06-03,964.73,16002.5,2483.72,3.31,13.91,2.61
2019-06-04,875.31,16201.4,2483.8,1.06,18.09,8.99
2019-06-05,871.7,16398.1,2483.87,0.0,17.96,6.76
2019-06-06,943.41,16637.8,2483.97,0.0,15.75,3.97
2019-06-07,967.08,16891.7,2484.06,0.0,12.76,-1.07
2019-06-08,1005.69,17168.8,2484.17,0.0,16.37,1.77
2019-06-09,1129.31,17520.1,2484.31,0.0,17.63,4.22
2019-06-10,1248.99,17943.2,2484.47,0.0,9.84,-3.05
2019-06-11,1299.12,18396.3,2484.65,0.0,11.22,-1.23
2019-06-12,1272.85,18833.7,2484.82,0.0,13.08,2.33
2019-06-13,1309.72,19293.2,2484.99,4.21,12.61,0.86
2019-06-14,1372.84,19790.6,2485.19,0.0,13.55,6.28
2019-06-15,1440.92,20328.9,2485.39,1.09,22.01,10.74
2019-06-16,1614.46,20971.2,2485.64,0.0,28.75,17.74
2019-06-17,1550.4,21575.2,2485.88,0.0,25.41,14.64
2019-06-18,1564.15,22187.3,2486.11,7.53,22.35,11.75
2019-06-19,1534.37,22781.6,2486.34,0.0,19.37,8.79
2019-06-20,1405.28,23298.5,2486.55,0.0,15.86,6.18
2019-06-21,1592.55,23927.7,2486.79,0.0,14.35,3.41
2019-06-22,1649.67,24591.2,2487.05,6.33,18.07,5.92
2019-06-23,1568.91,25206.2,2487.28,0.43,18.54,7.22
2019-06-24,1895.91,26017.4,2487.6,23.98,19.81,10.65
2019-06-25,1678.27,26698.1,2487.86,0.0,23.94,12.04
2019-06-26,1564.95,27310.7,2488.1,0.0,24.92,13.61
2019-06-27,1339.06,27787.8,2488.28,0.0,26.49,13.96
2019-06-28,1321.53,28254.4,2488.46,4.54,27.76,16.92
2019-06-29,1303.18,28710.0,2488.64,0.0,23.61,13.16
2019-06-30,1247.55,29132.2,2488.8,0.0,23.55,10.75
2019-07-01,1433.22,29665.9,2489.01,0.0,22.29,10.03
2019-07-02,1420.62,30191.9,2489.21,0.0,22.68,12.89
2019-07-03,1345.62,30673.0,2489.4,0.4,24.79,15.4
2019-07-04,1272.21,31110.0,2489.57,0.0,24.85,12.45
2019-07-05,1307.75,31568.3,2489.75,0.0,22.62,13.52
2019-07-06,1085.0,31893.0,2489.87,0.0,24.12,13.66
2019-07-07,1114.19,32235.2,2490.01,7.45,26.96,14.07
2019-07-08,915.12,32457.9,2490.09,2.83,24.63,14.27
2019-07-09,1156.64,32825.6,2490.23,18.66,24.94,14.08
2019-07-10,1047.18,33127.6,2490.35,0.0,25.11,14.47
2019-07-11,1063.05,33439.1,2490.47,1.41,23.35,13.01
2019-07-12,1056.44,33746.6,2490.59,0.0,21.77,9.6
2019-07-13,1102.81,34082.0,2490.72,0.0,22.18,13.4
2019-07-14,959.01,34331.1,2490.82,0.05,19.32,8.11
2019-07-15,952.99,34576.6,2490.91,0.0,18.56,8.21
2019-07-16,856.1,34763.9,2490.99,0.0,15.59,3.99
2019-07-17,737.01,34879.8,2491.03,0.0,17.3,8.8
2019-07-18,812.05,35040.7,2491.09,0.0,16.24,4.31
2019-07-19,775.57,35179.7,2491.15,1.96,20.64,9.66
2019-07-20,771.63,35316.4,2491.2,0.0,19.74,7.78
2019-07-21,704.27,35412.6,2491.24,0.0,19.8,8.63
2019-07-22,647.31,35474.7,2491.26,0.0,15.62,4.42
2019-07-23,708.72,35573.6,2491.3,0.0,18.68,10.0
2019-07-24,677.82,35654.0,2491.33,0.0,14.34,5.19
2019-07-25,698.33,35746.7,2491.37,0.0,16.44,5.95
2019-07-26,659.65,35816.1,2491.39,0.0,22.29,11.17
2019-07-27,663.38,35887.9,2491.42,0.0,20.46,5.46
2019-07-28,644.22,35948.1,2491.44,3.1,15.48,4.39
2019-07-29,706.64,36045.7,2491.48,6.05,14.83,2.79
2019-07-30,788.46,36192.5,2491.54,0.0,17.07,7.26
2019-07-31,687.2,36278.5,2491.57,0.0,15.57,5.86
2019-08-01,636.39,36334.0,2491.59,0.0,22.19,11.04
2019-08-02,593.94,36364.1,2491.61,0.0,21.28,12.1
2019-08-03,531.41,36356.6,2491.6,0.0,15.91,4.67
2019-08-04,607.84,36395.0,2491.62,0.0,16.05,7.12
2019-08-05,613.57,36436.8,2491.63,0.0,15.43,7.88
2019-08-06,585.71,36461.9,2491.64,0.0,16.91,6.9
2019-08-07,586.64,36487.6,2491.65,0.5,16.37,8.57
2019-08-08,523.85,36475.6,2491.65,0.0,20.5,9.16
2019-08-09,560.04,36485.3,2491.65,1.52,19.95,7.84
2019-08-10,445.04,36426.0,2491.63,0.0,19.64,6.96
2019-08-11,456.65,36373.6,2491.61,0.0,21.21,9.86
2019-08-12,391.68,36282.3,2491.57,0.0,16.43,5.41
2019-08-13,458.59,36231.2,2491.55,11.84,13.29,0.49
2019-08-14,410.67,36151.3,2491.52,0.0,10.97,-1.08
2019-08-15,382.42,36054.4,2491.49,0.0,16.56,5.96
2019-08-16,372.58,35951.6,2491.45,0.19,18.51,8.58
2019-08-17,373.42,35849.3,2491.41,0.0,17.09,7.77
2019-08-18,355.63,35736.4,2491.36,0.0,18.75,8.74
2019-08-19,352.3,35621.5,2491.32,0.0,20.92,11.46
2019-08-20,346.46,35503.0,2491.27,0.0,21.68,10.59
2019-08-21,382.84,35406.4,2491.23,0.0,23.9,14.07
2019-08-22,351.6,35291.1,2491.19,2.86,24.29,14.08
2019-08-23,370.55,35187.1,2491.15,0.01,23.1,13.13
2019-08-24,397.97,35099.5,2491.12,0.0,22.49,9.59
2019-08-25,370.18,34995.3,2491.08,0.76,17.36,7.56
2019-08-26,445.94,34936.6,2491.05,10.82,15.25,4.85
2019-08-27,401.7,34851.3,2491.02,0.0,18.5,7.39
2019-08-28,408.16,34769.9,2490.99,0.0,21.49,9.54
2019-08-29,378.18,34670.4,2490.95,0.43,20.62,11.27
2019-08-30,359.16,34559.6,2490.91,0.0,15.3,2.58
2019-08-31,427.85,34490.0,2490.88,0.0,19.03,5.89
2019-09-01,369.44,34385.4,2490.84,0.0,14.84,3.23
2019-09-02,386.87,34291.2,2490.8,0.0,17.66,5.94
2019-09-03,360.93,34181.4,2490.76,0.0,12.58,1.78
2019-09-04,375.84,34080.6,2490.72,0.0,11.77,1.57
2019-09-05,389.85,33988.2,2490.69,0.0,10.52,-0.04
2019-09-06,385.26,33893.0,2490.65,0.0,12.58,1.09
2019-09-07,422.39,33820.1,2490.62,0.0,10.12,0.47
2019-09-08,458.16,33768.7,2490.6,0.0,12.42,0.09
2019-09-09,453.37,33714.4,2490.58,0.0,14.63,1.84
2019-09-10,411.64,33635.1,2490.55,0.0,18.97,7.58
2019-09-11,445.57,33576.1,2490.53,0.0,16.63,6.35
2019-09-12,449.79,33519.7,2490.5,0.0,10.5,0.09
2019-09-13,434.48,33454.0,2490.48,0.0,12.02,0.25
2019-09-14,582.37,33477.1,2490.49,9.35,9.37,-3.78
2019-09-15,625.24,33526.0,2490.51,1.02,9.57,-1.84
2019-09-16,535.32,33520.8,2490.5,0.0,10.77,0.01
2019-09-17,611.08,33561.2,2490.52,4.07,13.14,2.27
2019-09-18,619.36,33606.5,2490.54,0.0,17.39,6.05
2019-09-19,643.89,33666.5,2490.56,0.0,14.19,1.59
2019-09-20,656.45,33734.0,2490.59,0.0,12.67,3.42
2019-09-21,658.17,33802.6,2490.61,0.0,14.48,3.31
2019-09-22,616.62,33846.3,2490.63,4.0,17.35,3.06
2019-09-23,578.97,33867.3,2490.64,0.0,12.68,-0.43
2019-09-24,561.83,33878.1,2490.64,0.0,13.52,-0.06
2019-09-25,484.74,33842.6,2490.63,0.0,13.07,0.44
2019-09-26,427.07,33772.6,2490.6,0.0,16.14,5.44
2019-09-27,468.21,33727.2,2490.58,0.0,10.96,-2.36
2019-09-28,466.77,33680.9,2490.57,0.0,7.52,-2.32
2019-09-29,445.94,33622.1,2490.54,0.0,12.02,-0.66
2019-09-30,404.61,33538.6,2490.51,0.0,15.36,1.48
2019-10-01,409.34,33457.9,2490.48,0.0,17.36,6.57
2019-10-02,368.2,33352.5,2490.44,0.0,19.26,6.76
2019-10-03,398.73,33265.4,2490.41,0.0,15.9,6.95
2019-10-04,434.88,33200.0,2490.38,0.0,6.81,-1.98
2019-10-05,419.45,33125.4,2490.35,0.0,8.36,-4.54
2019-10-06,411.82,33046.1,2490.32,0.0,8.66,-2.45
2019-10-07,616.63,33089.8,2490.34,17.28,9.2,-0.81
2019-10-08,542.2,33088.8,2490.34,0.0,9.49,-1.66
2019-10-09,492.65,33058.1,2490.33,0.0,3.33,-7.8
2019-10-10,539.78,33055.6,2490.32,0.0,3.91,-9.5
2019-10-11,556.51,33063.2,2490.33,5.42,3.76,-8.01
2019-10-12,496.72,33034.9,2490.32,0.0,1.85,-6.86
2019-10-13,452.42,32980.0,2490.29,0.0,4.97,-6.83
2019-10-14,481.84,32942.8,2490.28,0.05,-0.01,-11.9
2019-10-15,470.37,32898.7,2490.26,0.0,3.13,-8.8
2019-10-16,481.45,32861.3,2490.25,0.0,2.96,-7.77
2019-10-17,465.72,32814.4,2490.23,0.0,3.27,-6.97
2019-10-18,425.23,32743.2,2490.2,0.0,4.2,-8.01
2019-10-19,456.8,32691.0,2490.18,0.0,-4.04,-16.54
2019-10-20,449.5,32634.4,2490.16,0.0,1.36,-10.19
2019-10-21,500.94,32608.6,2490.15,1.74,2.89,-6.79
2019-10-22,456.18,32556.0,2490.13,0.0,4.69,-5.09
2019-10-23,503.15,32531.6,2490.12,0.0,8.26,-2.73
2019-10-24,487.98,32498.0,2490.11,0.0,4.2,-6.48
2019-10-25,421.01,32424.3,2490.08,0.0,3.26,-8.4
2019-10-26,407.28,32342.4,2490.05,0.0,2.28,-9.42
2019-10-27,428.85,32273.4,2490.02,2.75,6.67,-5.57
2019-10-28,408.5,32192.1,2489.99,0.0,3.79,-6.89
2019-10-29,427.28,32122.2,2489.96,0.0,4.05,-8.0
2019-10-30,389.14,32029.4,2489.93,0.0,3.35,-9.69
2019-10-31,373.71,31927.3,2489.89,0.0,0.52,-8.14
2019-11-01,356.35,31814.8,2489.84,0.0,-7.23,-19.16
2019-11-02,376.56,31714.4,2489.8,0.0,-5.66,-15.46
2019-11-03,354.31,31600.7,2489.76,0.0,-4.83,-13.74
2019-11-04,337.27,31476.7,2489.71,0.0,-2.43,-11.16
2019-11-05,324.16,31344.9,2489.66,0.0,1.9,-6.8
2019-11-06,322.41,31212.0,2489.61,0.0,4.27,-7.77
2019-11-07,315.49,31075.0,2489.56,0.0,6.38,-4.71
2019-11-08,337.44,30951.1,2489.51,0.0,4.49,-6.66
2019-11-09,303.32,30806.8,2489.45,0.0,9.8,-4.2
2019-11-10,273.54,30644.6,2489.39,0.0,6.65,-3.58
2019-11-11,274.72,30483.1,2489.33,0.0,1.89,-6.75
2019-11-12,254.68,30309.6,2489.26,0.0,-0.97,-12.29
2019-11-13,240.45,30127.6,2489.19,0.0,-3.84,-14.83
2019-11-14,250.26,29951.4,2489.12,0.0,-3.64,-14.53
2019-11-15,263.9,29783.4,2489.06,0.0,-0.38,-9.76
2019-11-16,274.09,29621.6,2488.99,0.0,0.35,-10.33
2019-11-17,278.72,29462.5,2488.93,0.0,-4.54,-12.04
2019-11-18,267.5,29296.7,2488.87,0.0,-3.52,-12.88
2019-11-19,270.46,29132.6,2488.8,0.0,-1.24,-8.67
2019-11-20,306.17,28990.0,2488.75,0.0,-0.38,-11.73
2019-11-21,283.57,28833.8,2488.69,0.0,-0.09,-11.18
2019-11-22,285.5,28678.8,2488.63,0.0,-1.34,-10.57
2019-11-23,273.15,28516.4,2488.57,0.0,1.12,-10.57
2019-11-24,286.93,28362.2,2488.51,0.0,-1.64,-12.77
2019-11-25,272.47,28199.4,2488.44,0.0,-0.46,-9.81
2019-11-26,292.99,28048.9,2488.38,0.0,1.1,-10.46
2019-11-27,287.93,27895.3,2488.33,0.0,-0.66,-11.26
2019-11-28,295.5,27746.3,2488.27,0.0,-7.29,-19.13
2019-11-29,274.99,27584.9,2488.21,0.0,-3.98,-14.08
2019-11-30,272.31,27422.0,2488.14,0.0,-3.58,-12.96
2019-12-01,312.74,27283.3,2488.09,15.92,-3.03,-13.7
2019-12-02,308.47,27142.1,2488.03,0.0,-3.52,-10.91
2019-12-03,297.29,26994.2,2487.98,0.0,-4.66,-15.69
2019-12-04,284.13,26838.3,2487.92,0.0,-0.43,-9.75
2019-12-05,303.96,26694.4,2487.86,0.0,-2.08,-12.52
2019-12-06,291.75,26543.1,2487.8,0.0,-1.84,-10.66
2019-12-07,274.28,26381.4,2487.74,0.0,2.59,-10.44
2019-12-08,289.09,26228.5,2487.68,0.0,1.54,-11.9
2019-12-09,295.05,26079.2,2487.62,0.0,0.22,-10.03
2019-12-10,298.66,25932.1,2487.57,0.0,-3.02,-13.62
2019-12-11,273.27,25769.7,2487.5,0.88,-2.14,-12.83
2019-12-12,305.91,25627.0,2487.45,0.0,-4.0,-15.19
2019-12-13,326.95,25496.8,2487.4,0.0,-3.82,-17.12
2019-12-14,309.21,25356.0,2487.34,0.0,-1.88,-12.91
2019-12-15,311.2,25216.4,2487.29,0.0,-2.3,-13.72
2019-12-16,276.8,25056.2,2487.23,0.0,-2.68,-13.9
2019-12-17,272.63,24893.4,2487.16,0.0,-1.41,-13.91
2019-12-18,253.98,24719.5,2487.1,0.0,-2.14,-14.92
2019-12-19,234.19,24533.7,2487.02,0.0,-5.76,-16.59
2019-12-20,253.95,24359.8,2486.96,0.0,-7.35,-18.01
2019-12-21,302.89,24215.2,2486.9,0.0,-7.42,-17.19
2019-12-22,324.47,24083.5,2486.85,0.0,-4.54,-16.38
2019-12-23,329.06,23954.6,2486.8,0.0,-10.37,-20.05
2019-12-24,336.95,23830.5,2486.75,5.01,-10.38,-21.47
2019-12-25,339.5,23707.9,2486.7,0.0,-12.66,-25.41
2019-12-26,282.51,23551.1,2486.64,0.0,-6.75,-17.74
2019-12-27,286.5,23396.6,2486.58,0.0,-1.1,-14.13
2019-12-28,324.06,23264.8,2486.53,0.0,-4.87,-15.85
2019-12-29,298.35,23117.5,2486.47,0.0,-4.08,-14.78
2019-12-30,303.9,22973.5,2486.42,5.95,-2.41,-15.0
2019-12-31,286.13,22818.8,2486.36,2.12,-4.48,-14.13
2020-01-01,258.88,22647.8,2486.29,0.0,-9.89,-20.91
2020-01-02,215.61,22450.9,2486.22,0.0,-13.7,-24.68
2020-01-03,198.8,22243.9,2486.14,0.0,-17.63,-29.56
2020-01-04,209.43,22043.2,2486.06,0.0,-11.79,-23.13
2020-01-05,241.56,21861.8,2485.99,0.0,-4.29,-18.29
2020-01-06,248.24,21684.4,2485.92,6.27,-1.03,-11.98
2020-01-07,243.43,21504.2,2485.85,0.0,0.09,-9.58
2020-01-08,280.91,21346.4,2485.79,2.07,-5.49,-14.94
2020-01-09,242.66,21165.7,2485.72,0.0,-8.47,-17.74
2020-01-10,223.28,20973.3,2485.64,0.0,-7.79,-18.9
2020-01-11,240.94,20791.6,2485.57,0.0,-8.89,-19.42
2020-01-12,240.14,20609.3,2485.5,0.0,-12.81,-23.96
2020-01-13,257.49,20437.5,2485.44,0.0,-8.73,-22.8
2020-01-14,268.36,20272.2,2485.37,0.0,-11.99,-24.69
2020-01-15,264.96,20104.9,2485.31,0.0,-15.43,-25.52
2020-01-16,264.29,19937.1,2485.24,0.0,-11.65,-22.73
2020-01-17,244.55,19757.5,2485.17,0.0,-8.62,-19.33
2020-01-18,217.51,19561.7,2485.1,0.0,-8.53,-21.54
2020-01-19,221.78,19368.5,2485.02,0.0,-8.94,-20.9
2020-01-20,223.15,19176.0,2484.95,0.0,-7.49,-17.52
2020-01-21,233.56,18989.9,2484.88,0.23,-2.36,-13.69
2020-01-22,224.3,18798.1,2484.8,0.0,-0.32,-10.07
2020-01-23,242.21,18617.1,2484.73,0.0,1.94,-8.17
2020-01-24,265.3,18450.0,2484.67,0.0,-0.46,-10.48
2020-01-25,250.39,18273.9,2484.6,0.0,-0.66,-10.12
2020-01-26,382.18,18176.9,2484.56,28.56,0.05,-10.04
2020-01-27,394.45,18087.3,2484.53,0.0,-4.27,-17.14
2020-01-28,367.14,17981.2,2484.49,0.0,-5.03,-16.41
2020-01-29,324.1,17849.4,2484.43,0.48,-4.96,-17.32
2020-01-30,267.58,17683.6,2484.37,0.0,-6.4,-16.76
2020-01-31,251.84,17508.4,2484.3,0.0,-4.79,-16.17
2020-02-01,217.1,17312.3,2484.23,0.0,-5.13,-17.66
2020-02-02,237.46,17128.5,2484.16,0.0,-2.15,-10.99
2020-02-03,225.29,16937.3,2484.08,0.0,0.2,-10.76
2020-02-04,210.66,16737.4,2484.0,0.0,-1.13,-11.04
2020-02-05,179.94,16519.1,2483.92,0.0,-1.46,-9.67
2020-02-06,196.98,16310.9,2483.84,0.0,4.27,-8.02
2020-02-07,198.37,16103.6,2483.76,0.0,6.44,-5.0
2020-02-08,197.35,15895.7,2483.68,0.0,-0.83,-10.08
2020-02-09,213.32,15697.4,2483.6,0.01,2.07,-9.6
2020-02-10,228.69,15508.3,2483.53,0.0,5.44,-6.84
2020-02-11,247.5,15330.5,2483.46,0.0,-0.72,-12.16
2020-02-12,223.1,15138.0,2483.38,1.54,1.06,-9.12
2020-02-13,242.18,14957.0,2483.31,0.0,0.27,-9.42
2020-02-14,247.29,14779.1,2483.25,0.0,-1.02,-9.68
2020-02-15,254.01,14605.1,2483.18,0.0,-3.29,-13.08
2020-02-16,245.82,14426.3,2483.11,0.0,-1.95,-10.6
2020-02-17,264.74,14258.8,2483.04,0.0,-0.13,-10.5
2020-02-18,261.46,14089.4,2482.98,0.0,-2.33,-12.61
2020-02-19,289.47,13936.8,2482.92,0.0,-2.7,-9.88
2020-02-20,333.8,13810.7,2482.87,0.0,0.82,-9.13
2020-02-21,338.7,13687.6,2482.82,0.0,7.23,-4.47
2020-02-22,334.98,13562.3,2482.77,0.05,4.57,-6.56
2020-02-23,301.79,13417.0,2482.72,0.0,0.42,-8.82
2020-02-24,304.29,13273.3,2482.66,0.0,3.14,-5.73
2020-02-25,300.61,13127.3,2482.61,1.45,0.53,-12.22
2020-02-26,298.16,12979.9,2482.55,0.0,-2.07,-12.6
2020-02-27,259.78,12809.5,2482.48,0.0,-4.02,-15.21
2020-02-28,247.56,12631.7,2482.41,0.0,-4.69,-17.32
2020-02-29,276.9,12471.5,2482.35,0.0,-4.3,-15.03
2020-03-01,263.93,12303.5,2482.29,0.0,-4.27,-14.83
2020-03-02,265.37,12136.5,2482.22,0.0,-1.78,-12.98
2020-03-03,268.39,11971.2,2482.16,0.0,-1.9,-12.28
2020-03-04,268.44,11805.9,2482.09,1.44,-1.19,-12.2
2020-03-05,320.79,11672.1,2482.04,0.0,-0.43,-9.7
2020-03-06,300.74,11526.2,2481.99,0.0,1.63,-9.86
2020-03-07,286.14,11371.6,2481.93,0.0,5.92,-6.1
2020-03-08,280.45,11213.5,2481.86,0.0,6.36,-6.32
2020-03-09,290.51,11061.5,2481.81,0.0,1.49,-9.31
2020-03-10,293.61,10911.3,2481.75,0.0,1.31,-11.51
2020-03-11,268.95,10746.4,2481.68,0.0,1.2,-8.77
2020-03-12,295.88,10597.6,2481.63,0.0,-3.66,-14.86
2020-03-13,301.17,10452.0,2481.57,0.0,-0.43,-10.58
2020-03-14,305.93,10309.2,2481.51,7.75,1.68,-7.58
2020-03-15,313.12,10170.8,2481.46,0.0,7.47,-2.24
2020-03-16,339.81,10048.4,2481.41,0.0,5.69,-3.43
2020-03-17,397.56,9960.6,2481.38,0.0,4.11,-7.17
2020-03-18,355.82,9847.7,2481.34,1.29,1.53,-11.43
2020-03-19,314.71,9710.3,2481.28,0.0,-2.91,-14.31
2020-03-20,423.77,9638.2,2481.25,16.78,-0.57,-11.82
2020-03-21,390.61,9546.2,2481.22,0.0,0.91,-11.93
2020-03-22,395.34,9457.1,2481.18,0.63,2.92,-8.34
2020-03-23,364.55,9349.5,2481.14,0.0,1.99,-10.82
2020-03-24,339.98,9227.2,2481.1,0.0,6.49,-6.37
2020-03-25,332.9,9100.6,2481.05,0.0,5.55,-7.62
2020-03-26,314.47,8963.0,2480.99,0.0,7.02,-2.62
2020-03-27,311.18,8823.4,2480.94,0.0,3.92,-7.54
2020-03-28,307.13,8681.3,2480.88,0.0,5.41,-4.13
2020-03-29,336.54,8556.9,2480.84,0.0,-1.52,-7.31
2020-03-30,325.31,8425.8,2480.78,0.0,-1.03,-8.64
2020-03-31,319.62,8291.3,2480.73,1.7,-1.44,-12.25
2020-04-01,370.81,8187.4,2480.69,12.58,-5.3,-14.98
2020-04-02,299.62,8040.9,2480.64,0.0,-5.47,-16.0
2020-04-03,278.69,7881.8,2480.57,0.0,0.54,-8.08
2020-04-04,288.76,7728.7,2480.51,0.0,8.68,-1.3
2020-04-05,280.4,7570.6,2480.45,0.0,4.33,-5.33
2020-04-06,302.85,7426.0,2480.4,0.0,4.61,-7.54
2020-04-07,297.49,7278.2,2480.34,4.24,3.61,-6.71
2020-04-08,307.71,7136.5,2480.29,2.99,1.97,-8.48
2020-04-09,310.63,6996.6,2480.23,0.0,5.56,-5.5
2020-04-10,306.26,6854.0,2480.18,0.0,3.95,-7.87
2020-04-11,287.16,6700.0,2480.12,0.0,5.46,-6.48
2020-04-12,284.4,6544.3,2480.06,0.0,3.22,-5.56
2020-04-13,280.32,6400.0,2480.0,0.0,3.88,-9.5
2020-04-14,298.5,6400.0,2480.0,0.34,6.38,-4.86
2020-04-15,312.64,6400.0,2480.0,0.0,3.3,-5.63
2020-04-16,351.38,6400.0,2480.0,0.0,2.72,-10.46
2020-04-17,331.18,6400.0,2480.0,0.0,5.51,-5.22
2020-04-18,355.85,6400.0,2480.0,0.0,4.9,-5.35
2020-04-19,388.57,6400.0,2480.0,0.0,9.14,-0.8
2020-04-20,424.72,6400.0,2480.0,6.15,10.25,-1.32
2020-04-21,405.27,6400.0,2480.0,7.48,8.61,-2.45
2020-04-22,398.47,6400.0,2480.0,0.0,5.76,-3.87
2020-04-23,416.21,6400.0,2480.0,2.92,6.24,-2.92
2020-04-24,368.24,6400.0,2480.0,0.0,8.11,-1.01
2020-04-25,370.94,6400.0,2480.0,0.0,14.37,5.69
2020-04-26,371.19,6400.0,2480.0,0.0,20.11,8.97
2020-04-27,378.37,6400.0,2480.0,0.0,15.68,3.29
2020-04-28,381.49,6400.0,2480.0,0.0,13.36,-1.14
2020-04-29,508.44,6400.0,2480.0,15.41,9.16,-1.69
2020-04-30,496.98,6400.0,2480.0,0.0,8.89,-3.27
2020-05-01,499.75,6400.0,2480.0,7.33,7.12,-3.56
2020-05-02,504.83,6400.0,2480.0,0.0,8.47,-3.41
2020-05-03,486.21,6400.0,2480.0,0.36,9.67,-2.01
2020-05-04,491.21,6400.0,2480.0,0.0,10.23,0.62
2020-05-05,436.46,6400.0,2480.0,0.0,7.1,-5.43
2020-05-06,469.09,6400.0,2480.0,3.3,11.09,0.44
2020-05-07,489.59,6400.0,2480.0,0.0,12.49,3.89
2020-05-08,432.49,6400.0,2480.0,0.0,10.56,0.34
2020-05-09,575.73,6419.1,2480.01,13.34,14.22,1.94
2020-05-10,657.67,6487.4,2480.03,3.62,12.22,-1.3
2020-05-11,638.0,6543.9,2480.06,3.8,12.73,2.73
2020-05-12,623.19,6591.5,2480.07,0.0,9.77,-1.03
2020-05-13,644.09,6651.6,2480.1,0.0,13.1,0.05
2020-05-14,649.78,6715.2,2480.12,0.0,8.52,-0.56
2020-05-15,710.28,6815.0,2480.16,0.0,11.79,1.73
2020-05-16,660.45,6885.0,2480.19,0.0,9.95,0.53
2020-05-17,655.57,6952.0,2480.21,0.19,13.98,3.39
2020-05-18,671.96,7028.9,2480.24,0.0,14.66,1.53
2020-05-19,808.05,7187.4,2480.3,12.63,8.14,-2.48
2020-05-20,783.41,7331.1,2480.36,0.0,12.92,0.2
2020-05-21,693.04,7420.6,2480.4,0.0,16.52,6.7
2020-05-22,656.91,7488.4,2480.42,0.0,18.31,7.6
2020-05-23,644.26,7548.7,2480.44,0.0,19.56,8.65
2020-05-24,737.07,7664.6,2480.49,0.0,16.91,7.76
2020-05-25,765.41,7797.5,2480.54,6.94,15.5,7.05
2020-05-26,851.47,7982.1,2480.61,11.23,14.26,2.74
2020-05-27,782.14,8125.0,2480.67,0.08,19.62,6.37
2020-05-28,751.89,8249.9,2480.72,0.0,18.52,8.74
2020-05-29,804.35,8406.1,2480.78,0.0,18.24,8.92
2020-05-30,852.24,8591.2,2480.85,0.0,17.09,5.87
2020-05-31,850.31,8775.0,2480.92,0.06,16.08,5.04
2020-06-01,807.2,8933.0,2480.98,0.0,20.88,10.68
2020-06-02,895.49,9144.0,2481.06,2.18,21.28,10.3
2020-06-03,883.23,9347.6,2481.14,0.0,25.8,13.39
2020-06-04,925.49,9576.6,2481.23,0.0,24.53,11.75
2020-06-05,874.65,9775.1,2481.31,0.0,20.67,10.02
2020-06-06,1097.16,10107.1,2481.44,4.84,20.66,9.26
2020-06-07,1078.3,10427.7,2481.56,0.0,13.61,3.04
2020-06-08,1064.31,10740.0,2481.68,0.0,12.9,1.71
2020-06-09,961.05,10990.3,2481.78,0.0,14.8,5.64
2020-06-10,955.17,11237.1,2481.87,0.0,13.14,5.08
2020-06-11,842.73,11416.4,2481.94,0.0,16.99,8.1
2020-06-12,904.57,11632.8,2482.03,0.0,13.22,2.96
2020-06-13,1168.92,12007.9,2482.17,12.87,14.46,4.8
2020-06-14,1062.48,12319.0,2482.29,0.0,15.72,2.2
2020-06-15,987.88,12585.4,2482.4,0.0,18.18,8.38
2020-06-16,912.04,12806.4,2482.48,0.0,23.42,11.1
2020-06-17,975.62,13065.4,2482.58,6.51,18.74,9.4
2020-06-18,1016.39,13348.9,2482.69,0.42,19.07,9.71
2020-06-19,986.16,13614.3,2482.79,0.0,19.25,8.65
2020-06-20,1003.06,13889.8,2482.9,0.91,19.98,10.33
2020-06-21,1033.89,14183.8,2483.01,1.43,16.88,4.8
2020-06-22,1209.35,14583.1,2483.17,0.0,17.42,4.81
2020-06-23,1191.08,14971.4,2483.32,2.31,17.3,6.7
2020-06-24,1090.01,15299.1,2483.45,0.0,14.51,3.36
2020-06-25,1174.01,15677.2,2483.59,0.37,18.06,9.1
2020-06-26,1075.95,15996.5,2483.72,0.0,24.17,12.92
2020-06-27,878.41,16197.2,2483.79,0.0,24.19,13.55
2020-06-28,922.9,16424.6,2483.88,0.0,26.59,14.84
2020-06-29,893.68,16634.5,2483.96,0.0,24.06,13.44
2020-06-30,783.85,16778.5,2484.02,0.0,18.02,8.86
2020-07-01,986.83,17044.3,2484.12,18.2,21.14,8.45
2020-07-02,894.69,17254.8,2484.2,5.17,21.75,10.4
2020-07-03,821.46,17421.3,2484.27,0.0,17.37,6.94
2020-07-04,913.23,17643.0,2484.35,0.0,15.01,4.08
2020-07-05,913.98,17865.0,2484.44,0.0,11.72,0.99
2020-07-06,899.22,18078.2,2484.52,0.0,17.17,8.48
2020-07-07,932.77,18311.6,2484.61,0.0,21.0,8.2
2020-07-08,1007.03,18589.5,2484.72,0.0,16.93,3.33
2020-07-09,1038.31,18886.2,2484.84,0.0,16.1,5.46
2020-07-10,1219.51,19291.5,2484.99,0.0,18.8,8.64
2020-07-11,1285.26,19736.4,2485.17,3.88,21.21,8.25
2020-07-12,1197.87,20128.8,2485.32,0.5,27.97,19.24
2020-07-13,1285.58,20573.8,2485.49,0.0,26.06,13.12
2020-07-14,1199.47,20967.2,2485.64,0.0,25.36,13.93
2020-07-15,1386.31,21472.7,2485.84,0.52,23.8,13.29
2020-07-16,1404.99,21989.3,2486.04,0.0,21.92,8.61
2020-07-17,1300.61,22443.4,2486.21,0.0,24.03,12.34
2020-07-18,1384.64,22947.8,2486.41,0.0,25.17,13.3
2020-07-19,1630.38,23599.8,2486.66,4.07,28.72,17.8
2020-07-20,1553.29,24205.4,2486.9,0.0,28.06,17.55
2020-07-21,1458.09,24753.9,2487.11,0.0,28.76,17.24
2020-07-22,1619.63,25399.4,2487.36,0.0,24.86,13.12
2020-07-23,1690.86,26087.6,2487.63,0.0,27.87,14.65
2020-07-24,1735.22,26802.4,2487.9,0.0,28.29,15.69
2020-07-25,1722.17,27509.4,2488.18,0.0,26.88,16.51
2020-07-26,1838.13,28286.0,2488.48,0.0,27.25,14.47
2020-07-27,1917.42,29110.1,2488.8,0.0,29.35,15.76
2020-07-28,1733.15,29823.7,2489.07,0.0,27.73,17.62
2020-07-29,1607.29,30461.7,2489.32,0.31,27.22,16.06
2020-07-30,1578.6,31082.6,2489.56,0.0,28.05,16.74
2020-07-31,1711.16,31782.9,2489.83,11.75,23.18,11.33
2020-08-01,2009.29,32662.2,2490.17,5.05,26.71,15.12
2020-08-02,1714.56,33364.6,2490.44,0.0,22.22,9.68
2020-08-03,1455.66,33911.7,2490.66,0.0,25.33,15.67
2020-08-04,1350.5,34395.7,2490.84,0.0,27.18,17.22
2020-08-05,1288.74,34842.6,2491.02,1.3,24.51,15.19
2020-08-06,1334.12,35316.7,2491.2,8.61,26.75,18.4
2020-08-07,1246.66,35738.4,2491.36,0.0,27.63,16.92
2020-08-08,1174.54,36116.8,2491.51,0.0,24.83,12.75
2020-08-09,1455.8,36664.0,2491.72,5.29,23.21,15.46
2020-08-10,1490.29,37231.8,2491.94,0.0,22.79,12.5
2020-08-11,1327.05,37701.8,2492.12,0.0,20.17,9.05
2020-08-12,1168.38,38076.5,2492.27,0.0,14.32,2.16
2020-08-13,1219.48,38481.8,2492.43,0.0,13.14,-1.05
2020-08-14,1203.66,38877.7,2492.58,0.0,16.72,8.04
2020-08-15,1153.86,39243.7,2492.72,0.0,17.8,3.53
2020-08-16,1042.02,39542.6,2492.84,0.0,21.79,9.92
2020-08-17,887.85,39749.0,2492.92,0.0,22.49,11.43
2020-08-18,759.66,39878.5,2492.97,0.0,17.8,7.2
2020-08-19,740.97,39996.7,2493.01,0.0,17.5,6.4
2020-08-20,689.4,40084.1,2493.05,0.0,20.02,8.17
2020-08-21,642.16,40143.0,2493.07,0.0,15.2,6.61
2020-08-22,539.77,40140.6,2493.07,0.0,21.96,15.02
2020-08-23,549.9,40144.2,2493.07,0.0,17.51,6.36
2020-08-24,510.84,40124.4,2493.06,0.0,15.96,5.98
2020-08-25,445.41,40065.3,2493.04,0.16,20.46,9.66
2020-08-26,450.0,40009.0,2493.02,0.0,16.62,7.44
2020-08-27,496.15,39980.4,2493.01,0.0,13.9,6.73
2020-08-28,497.53,39952.6,2493.0,0.0,13.76,4.26
2020-08-29,441.9,39891.4,2492.97,0.0,16.45,8.06
2020-08-30,390.59,39799.4,2492.94,0.0,18.27,9.45
2020-08-31,387.81,39705.8,2492.9,0.0,15.77,6.33
2020-09-01,406.25,39623.2,2492.87,0.0,17.27,6.29
2020-09-02,483.94,39587.3,2492.85,0.0,20.05,9.18
2020-09-03,490.87,39555.5,2492.84,0.0,17.82,6.13
2020-09-04,508.31,39534.1,2492.83,0.0,15.53,3.52
2020-09-05,514.59,39516.6,2492.83,0.0,14.75,2.6
2020-09-06,441.4,39455.1,2492.8,0.0,14.7,3.39
2020-09-07,430.66,39387.2,2492.78,0.0,15.26,3.25
2020-09-08,406.89,39305.0,2492.74,0.0,14.09,1.68
2020-09-09,386.76,39210.7,2492.71,0.0,12.26,1.35
2020-09-10,355.9,39098.0,2492.66,0.0,17.91,8.41
2020-09-11,329.98,38969.6,2492.61,0.0,16.41,7.14
2020-09-12,328.16,38840.2,2492.56,0.0,16.97,5.95
2020-09-13,331.16,38712.6,2492.52,0.0,14.25,2.78
2020-09-14,334.66,38587.1,2492.47,0.0,14.85,3.97
2020-09-15,331.68,38459.8,2492.42,0.0,10.57,3.1
2020-09-16,311.36,38320.2,2492.36,0.0,16.88,5.01
2020-09-17,309.72,38179.8,2492.31,0.0,17.46,7.95
2020-09-18,377.6,38080.0,2492.27,0.0,24.4,10.07
2020-09-19,385.6,37985.0,2492.23,0.0,23.55,10.96
2020-09-20,348.65,37867.9,2492.19,0.0,19.09,8.62
2020-09-21,340.0,37745.6,2492.14,0.0,17.43,6.64
2020-09-22,391.69,37654.3,2492.11,0.0,9.92,0.54
2020-09-23,397.36,37566.4,2492.07,0.0,6.53,-1.94
2020-09-24,400.95,37480.6,2492.04,2.05,4.98,-6.16
2020-09-25,437.57,37416.9,2492.01,0.2,4.65,-5.79
2020-09-26,443.09,37356.4,2491.99,0.0,10.15,-2.8
2020-09-27,469.39,37311.7,2491.97,0.0,12.31,3.04
2020-09-28,394.33,37222.0,2491.94,0.0,11.19,0.16
2020-09-29,365.78,37115.1,2491.9,0.0,10.56,0.58
2020-09-30,375.62,37014.2,2491.86,0.0,14.88,5.07
2020-10-01,406.45,36931.8,2491.83,0.0,15.82,2.79
2020-10-02,388.21,36838.4,2491.79,0.0,12.68,5.56
2020-10-03,398.5,36751.1,2491.76,0.0,12.72,1.88
2020-10-04,396.5,36662.7,2491.72,0.0,13.77,4.33
2020-10-05,473.64,36620.6,2491.7,5.46,7.38,0.52
2020-10-06,430.62,36552.6,2491.68,0.0,14.56,0.68
2020-10-07,399.51,36466.0,2491.64,0.0,10.01,-0.85
2020-10-08,386.72,36371.7,2491.61,0.0,12.18,3.23
2020-10-09,407.12,36289.7,2491.58,0.0,14.58,1.74
2020-10-10,460.44,36239.6,2491.56,0.0,13.15,2.19
2020-10-11,446.35,36181.1,2491.53,0.0,13.42,5.26
2020-10-12,505.48,36158.1,2491.53,0.0,15.49,5.38
2020-10-13,507.32,36136.2,2491.52,0.0,12.36,3.89
2020-10-14,488.02,36102.7,2491.5,0.0,15.81,4.69
2020-10-15,517.89,36087.1,2491.5,0.0,16.26,6.39
2020-10-16,477.24,36047.1,2491.48,0.0,16.29,3.45
2020-10-17,469.49,36002.5,2491.47,0.0,14.45,4.92
2020-10-18,476.65,35962.2,2491.45,1.42,17.66,5.47
2020-10-19,568.24,35976.8,2491.46,4.89,13.49,1.95
2020-10-20,593.84,36006.8,2491.47,0.0,5.48,-4.0
2020-10-21,620.63,36052.8,2491.48,0.0,2.19,-7.87
2020-10-22,598.44,36085.6,2491.5,0.0,1.94,-7.48
2020-10-23,595.77,36116.7,2491.51,0.0,5.98,-5.19
2020-10-24,564.6,36129.2,2491.51,0.0,5.93,-3.02
2020-10-25,511.07,36109.5,2491.51,0.0,7.89,-2.44
2020-10-26,527.75,36099.8,2491.5,0.0,7.62,-3.74
2020-10-27,446.55,36041.4,2491.48,0.0,6.74,-7.43
2020-10-28,507.09,36019.4,2491.47,0.0,6.35,-3.79
2020-10-29,495.59,35990.4,2491.46,0.0,3.74,-6.73
2020-10-30,435.87,35925.6,2491.44,0.0,4.28,-7.46
2020-10-31,462.91,35877.0,2491.42,2.24,1.01,-10.23
2020-11-01,469.53,35832.4,2491.4,0.0,1.82,-10.25
2020-11-02,450.81,35776.6,2491.38,0.0,2.22,-8.51
2020-11-03,402.88,35692.0,2491.35,0.0,2.3,-6.93
2020-11-04,388.3,35598.7,2491.31,0.0,4.88,-4.34
2020-11-05,376.85,35498.5,2491.27,0.0,3.3,-6.62
2020-11-06,346.22,35379.9,2491.22,0.0,8.58,-1.17
2020-11-07,304.21,35236.1,2491.17,0.0,4.74,-6.99
2020-11-08,287.93,35082.5,2491.11,0.0,4.06,-5.84
2020-11-09,272.07,34919.5,2491.05,0.0,2.62,-7.33
2020-11-10,277.84,34759.8,2490.98,0.0,1.42,-7.18
2020-11-11,275.95,34599.1,2490.92,0.0,5.09,-5.36
2020-11-12,266.94,34432.9,2490.86,0.0,8.27,-2.02
2020-11-13,280.98,34275.2,2490.8,0.0,6.91,-2.31
2020-11-14,300.92,34129.4,2490.74,0.0,-0.55,-9.8
2020-11-15,337.85,34005.8,2490.69,0.0,1.19,-10.01
2020-11-16,285.76,33851.0,2490.63,0.0,0.83,-10.33
2020-11-17,279.22,33692.2,2490.57,0.0,0.75,-10.3
2020-11-18,274.5,33530.6,2490.51,0.0,-0.94,-11.08
2020-11-19,296.72,33382.3,2490.45,0.0,-3.02,-11.16
2020-11-20,286.76,33228.0,2490.39,0.0,-6.39,-16.57
2020-11-21,310.77,33088.2,2490.34,0.0,-6.65,-16.97
2020-11-22,305.53,32945.2,2490.28,0.0,-2.97,-13.45
2020-11-23,330.09,32816.9,2490.23,0.0,-1.61,-10.67
2020-11-24,352.21,32701.9,2490.19,0.0,-0.48,-12.19
2020-11-25,390.02,32609.6,2490.15,0.0,-2.06,-13.14
2020-11-26,361.37,32500.1,2490.11,0.0,-4.95,-14.41
2020-11-27,363.06,32391.6,2490.07,0.0,-4.65,-15.46
2020-11-28,322.94,32259.1,2490.02,0.0,-2.09,-12.51
2020-11-29,313.4,32120.8,2489.96,0.0,0.31,-8.05
2020-11-30,386.83,32026.6,2489.93,6.38,7.57,-5.6
2020-12-01,418.33,31951.2,2489.9,0.0,2.37,-10.39
2020-12-02,429.8,31882.8,2489.87,8.03,0.22,-11.56
2020-12-03,387.21,31788.8,2489.83,2.64,-3.16,-14.88
2020-12-04,330.3,31660.7,2489.78,0.64,-5.3,-17.81
2020-12-05,343.54,31540.5,2489.74,0.77,3.47,-7.08
2020-12-06,310.15,31400.3,2489.68,0.0,0.29,-10.46
2020-12-07,357.75,31288.6,2489.64,9.97,4.5,-8.18
2020-12-08,341.11,31166.9,2489.59,0.0,2.05,-8.32
2020-12-09,353.48,31052.7,2489.55,0.0,-4.54,-17.86
2020-12-10,319.43,30918.0,2489.5,0.0,-3.39,-13.43
2020-12-11,315.48,30781.0,2489.44,0.0,-2.85,-14.81
2020-12-12,308.19,30639.6,2489.39,0.0,0.56,-10.95
2020-12-13,324.54,30508.0,2489.34,0.0,-2.32,-14.15
2020-12-14,276.9,30347.8,2489.28,0.0,-4.24,-17.47
2020-12-15,300.49,30201.8,2489.22,6.78,-5.46,-16.11
2020-12-16,299.86,30055.4,2489.16,0.0,-1.14,-13.82
2020-12-17,325.77,29924.6,2489.11,0.0,-4.46,-16.37
2020-12-18,337.27,29800.6,2489.06,0.0,-6.25,-14.99
2020-12-19,332.34,29673.7,2489.01,0.0,-5.71,-17.74
2020-12-20,334.81,29548.2,2488.97,0.0,-1.08,-10.83
2020-12-21,327.92,29418.7,2488.92,2.38,-2.38,-13.89
2020-12-22,313.33,29280.4,2488.86,0.0,0.82,-11.45
2020-12-23,301.92,29135.2,2488.81,0.0,-2.85,-13.8
2020-12-24,265.42,28968.1,2488.74,0.0,-5.26,-14.26
2020-12-25,261.87,28798.9,2488.68,0.0,-1.26,-14.22
2020-12-26,268.4,28633.7,2488.61,0.0,-5.56,-16.31
2020-12-27,259.88,28463.3,2488.55,0.0,-5.42,-15.7
2020-12-28,268.22,28297.9,2488.48,0.0,-6.02,-17.66
2020-12-29,288.12,28144.4,2488.42,0.0,-9.54,-21.34
2020-12-30,293.08,27994.0,2488.36,0.0,-11.38,-20.64
2020-12-31,326.15,27863.3,2488.31,0.0,-6.42,-18.66
2021-01-01,324.13,27731.5,2488.26,0.0,-6.01,-15.6
2021-01-02,345.62,27612.5,2488.22,0.0,-0.42,-13.25
2021-01-03,292.93,27462.0,2488.16,0.0,0.87,-11.88
2021-01-04,320.37,27327.9,2488.11,0.0,-3.72,-15.77
2021-01-05,330.91,27200.1,2488.06,0.0,-6.1,-15.15
2021-01-06,319.11,27065.3,2488.0,0.0,-3.92,-12.55
2021-01-07,293.93,26915.3,2487.95,0.0,-5.43,-15.65
2021-01-08,295.99,26766.6,2487.89,0.0,-4.53,-13.73
2021-01-09,313.59,26628.4,2487.83,0.0,-3.82,-17.52
2021-01-10,278.5,26469.2,2487.77,0.0,-5.15,-18.23
2021-01-11,252.92,26294.6,2487.71,0.0,-8.59,-20.66
2021-01-12,292.51,26143.8,2487.65,0.0,-9.5,-18.99
2021-01-13,282.34,25986.9,2487.59,0.0,-11.67,-22.17
2021-01-14,280.31,25828.8,2487.53,0.0,-5.75,-15.17
2021-01-15,286.93,25674.6,2487.47,0.0,-7.45,-17.93
2021-01-16,294.15,25524.8,2487.41,0.0,-8.17,-19.25
2021-01-17,274.38,25363.1,2487.34,0.0,-16.32,-25.91
2021-01-18,249.3,25186.4,2487.28,0.0,-13.03,-24.17
2021-01-19,254.8,25012.9,2487.21,0.0,-16.69,-28.68
2021-01-20,208.63,24811.8,2487.13,0.0,-16.03,-27.9
2021-01-21,254.86,24638.4,2487.06,8.33,-8.64,-22.44
2021-01-22,236.11,24453.7,2486.99,0.0,-9.13,-23.65
2021-01-23,203.01,24249.2,2486.91,0.0,-9.17,-17.73
2021-01-24,189.17,24036.4,2486.83,0.0,-7.38,-17.63
2021-01-25,193.02,23825.9,2486.75,0.0,-6.44,-18.27
2021-01-26,201.67,23620.6,2486.67,0.0,-6.76,-18.62
2021-01-27,232.76,23433.9,2486.6,0.0,-7.05,-17.75
2021-01-28,259.99,23263.6,2486.53,0.0,-10.44,-20.9
2021-01-29,234.32,23077.9,2486.46,0.0,-9.43,-21.43
2021-01-30,239.01,22894.9,2486.39,0.0,-14.71,-26.19
2021-01-31,250.7,22719.0,2486.32,0.0,-9.52,-22.14
2021-02-01,239.87,22536.6,2486.25,0.0,-5.03,-14.03
2021-02-02,287.07,22382.6,2486.19,4.43,-3.67,-16.73
2021-02-03,245.79,22203.7,2486.12,0.0,-1.82,-12.89
2021-02-04,219.01,22008.8,2486.05,3.83,-0.57,-10.29
2021-02-05,233.61,21822.7,2485.97,0.0,1.64,-8.88
2021-02-06,285.18,21667.5,2485.91,1.52,-1.77,-14.0
2021-02-07,325.76,21536.6,2485.86,0.0,-2.68,-13.54
2021-02-08,355.92,21423.8,2485.82,5.44,-3.79,-13.79
2021-02-09,315.48,21286.8,2485.77,0.0,-2.83,-11.85
2021-02-10,282.17,21129.8,2485.71,0.0,-5.1,-17.1
2021-02-11,266.61,20963.4,2485.64,0.0,-6.9,-17.7
2021-02-12,304.73,20819.9,2485.59,0.0,-8.69,-19.76
2021-02-13,279.21,20661.2,2485.52,0.0,-1.82,-14.36
2021-02-14,290.14,20508.9,2485.46,0.0,-4.64,-13.14
2021-02-15,312.91,20370.3,2485.41,0.0,-0.96,-11.77
2021-02-16,268.15,20204.9,2485.35,0.0,1.56,-10.34
2021-02-17,282.23,20047.9,2485.29,0.0,-1.52,-14.59
2021-02-18,332.99,19921.4,2485.24,0.0,-3.88,-15.5
2021-02-19,342.55,19800.6,2485.19,0.0,-0.68,-10.06
2021-02-20,306.02,19657.9,2485.13,0.0,1.7,-9.79
2021-02-21,275.12,19496.7,2485.07,2.04,1.95,-8.53
2021-02-22,210.82,19296.8,2485.0,0.0,-0.14,-9.2
2021-02-23,215.76,19100.0,2484.92,0.0,-3.06,-11.58
2021-02-24,220.75,18906.1,2484.84,0.0,-2.13,-12.67
2021-02-25,224.82,18714.7,2484.77,0.0,1.31,-11.68
2021-02-26,247.35,18536.8,2484.7,0.0,-0.37,-9.33
2021-02-27,252.66,18362.1,2484.63,0.0,1.64,-7.24
2021-02-28,282.82,18205.4,2484.57,1.07,3.76,-5.78
2021-03-01,312.14,18066.4,2484.52,0.0,2.57,-6.83
2021-03-02,278.54,17907.2,2484.46,0.0,-0.79,-11.29
2021-03-03,392.53,17816.4,2484.42,13.85,2.69,-8.37
2021-03-04,419.42,17741.7,2484.39,0.0,-5.04,-16.03
2021-03-05,434.97,17676.4,2484.37,0.0,-4.05,-12.12
2021-03-06,428.16,17607.0,2484.34,0.0,-3.34,-14.97
2021-03-07,394.02,17517.1,2484.31,0.0,-1.88,-14.92
2021-03-08,397.92,17429.5,2484.27,4.88,2.13,-8.84
2021-03-09,394.84,17340.1,2484.24,0.0,-2.43,-9.43
2021-03-10,443.93,17280.1,2484.21,9.59,2.15,-8.98
2021-03-11,413.39,17201.8,2484.18,0.0,-0.31,-11.15
2021-03-12,460.29,17151.7,2484.16,0.0,-4.17,-14.44
2021-03-13,431.66,17084.4,2484.14,0.0,-4.79,-13.63
2021-03-14,408.01,17002.9,2484.11,0.0,-1.12,-15.23
2021-03-15,465.75,16956.0,2484.09,0.0,0.48,-10.19
2021-03-16,442.63,16895.3,2484.06,0.0,0.44,-11.05
2021-03-17,416.83,16819.0,2484.04,0.0,4.55,-5.3
2021-03-18,418.19,16743.6,2484.01,0.0,7.18,-3.71
2021-03-19,430.81,16675.8,2483.98,0.0,9.27,-4.22
2021-03-20,418.07,16600.3,2483.95,2.51,2.8,-9.5
2021-03-21,409.92,16519.9,2483.92,0.0,1.53,-6.98
2021-03-22,461.33,16470.4,2483.9,0.0,-0.22,-9.92
2021-03-23,407.35,16388.5,2483.87,0.0,3.07,-8.62
2021-03-24,399.89,16302.1,2483.84,0.0,5.27,-6.67
2021-03-25,534.59,16296.6,2483.83,18.16,8.44,-2.58
2021-03-26,557.15,16304.5,2483.84,7.83,11.55,-3.91
2021-03-27,555.02,16311.2,2483.84,2.08,12.89,1.14
2021-03-28,604.11,16347.4,2483.85,0.2,12.27,1.25
2021-03-29,564.26,16359.6,2483.86,8.39,9.43,-0.1
2021-03-30,545.15,16360.4,2483.86,0.0,9.07,-1.16
2021-03-31,579.31,16381.7,2483.87,0.0,9.48,-1.39
2021-04-01,547.38,16383.8,2483.87,0.0,11.74,0.76
2021-04-02,479.13,16344.9,2483.85,0.0,9.25,-0.89
2021-04-03,442.66,16284.2,2483.83,0.0,5.95,-5.9
2021-04-04,436.37,16219.7,2483.8,4.67,5.82,-5.35
2021-04-05,445.5,16160.7,2483.78,1.42,7.64,-1.74
2021-04-06,420.91,16086.9,2483.75,14.73,7.53,-0.27
2021-04-07,390.55,15994.9,2483.72,0.0,13.23,0.72
2021-04-08,359.97,15884.6,2483.67,0.0,17.06,4.21
2021-04-09,318.22,15749.2,2483.62,0.0,16.6,5.68
2021-04-10,344.83,15629.8,2483.57,2.22,14.06,4.37
2021-04-11,345.49,15510.8,2483.53,3.2,11.44,-1.78
2021-04-12,369.63,15406.2,2483.49,5.41,5.78,-5.32
2021-04-13,321.98,15273.1,2483.44,0.0,5.09,-5.06
2021-04-14,357.46,15161.2,2483.39,3.23,-0.42,-10.28
2021-04-15,442.64,15100.5,2483.37,0.0,3.39,-7.79
2021-04-16,434.23,15034.7,2483.34,0.0,7.98,-1.35
2021-04-17,403.31,14950.4,2483.31,0.0,4.42,-4.42
2021-04-18,419.22,14875.6,2483.28,0.0,4.25,-5.14
2021-04-19,487.08,14841.5,2483.27,0.89,3.08,-5.96
2021-04-20,466.34,14795.0,2483.25,2.32,9.12,-1.76
2021-04-21,548.53,14797.8,2483.25,5.34,10.7,-1.74
2021-04-22,532.07,14790.7,2483.25,1.29,10.63,-0.42
2021-04-23,478.9,14751.8,2483.23,0.0,11.01,0.33
2021-04-24,447.68,14694.1,2483.21,0.0,11.09,-0.71
2021-04-25,460.63,14644.1,2483.19,5.39,14.5,3.58
2021-04-26,558.41,14652.8,2483.2,7.22,16.36,5.12
2021-04-27,582.68,14676.1,2483.21,0.0,15.92,6.55
2021-04-28,490.78,14644.3,2483.19,0.0,12.54,0.3
2021-04-29,562.13,14655.2,2483.2,1.76,14.25,1.34
2021-04-30,724.85,14763.8,2483.24,0.88,13.06,1.74
2021-05-01,618.66,14808.7,2483.26,0.0,13.69,1.41
2021-05-02,629.52,14860.1,2483.28,0.0,8.99,-1.0
2021-05-03,664.59,14932.5,2483.3,0.0,9.91,0.05
2021-05-04,715.62,15035.6,2483.34,0.05,7.07,-4.45
2021-05-05,694.7,15126.1,2483.38,0.0,10.63,0.71
2021-05-06,786.18,15271.5,2483.44,0.0,11.22,-0.93
2021-05-07,821.26,15437.9,2483.5,0.0,8.52,-2.47
2021-05-08,704.28,15534.2,2483.54,0.55,6.39,-4.06
2021-05-09,770.61,15670.2,2483.59,0.0,11.53,0.03
2021-05-10,890.58,15878.2,2483.67,0.0,11.17,2.29
2021-05-11,967.2,16132.3,2483.77,1.1,10.26,-0.59
2021-05-12,1200.37,16526.2,2483.92,16.21,10.95,-2.16
2021-05-13,1117.71,16870.5,2484.06,0.0,11.25,-0.92
2021-05-14,1043.85,17170.5,2484.17,0.15,15.0,4.58
2021-05-15,1047.64,17472.7,2484.29,0.0,13.58,2.51
2021-05-16,982.14,17735.7,2484.39,0.93,19.33,9.84
2021-05-17,904.32,17952.0,2484.47,0.0,17.19,6.39
2021-05-18,898.47,18164.7,2484.56,0.0,11.29,-0.38
2021-05-19,1038.39,18461.4,2484.67,0.0,15.14,3.72
2021-05-20,1076.83,18781.2,2484.8,0.0,14.14,2.48
2021-05-21,1115.39,19124.1,2484.93,0.0,16.56,4.82
2021-05-22,1001.32,19398.6,2485.03,0.0,13.27,2.56
2021-05-23,964.92,19651.2,2485.13,0.0,11.74,-0.42
2021-05-24,931.67,19883.9,2485.22,0.0,10.06,-0.93
2021-05-25,975.39,20142.8,2485.32,0.0,10.19,-1.7
2021-05-26,891.75,20351.6,2485.4,0.0,15.29,2.55
2021-05-27,886.96,20557.4,2485.48,0.0,15.75,5.93
2021-05-28,839.63,20734.9,2485.55,0.0,17.67,7.51
2021-05-29,876.04,20934.2,2485.63,0.0,19.45,12.67
2021-05-30,931.01,21166.5,2485.72,0.0,19.74,7.2
2021-05-31,1045.27,21467.3,2485.84,6.92,21.85,11.43
2021-06-01,999.67,21740.8,2485.94,0.0,25.82,13.58
2021-06-02,961.03,21991.1,2486.04,0.0,20.66,10.6
2021-06-03,1163.83,22363.1,2486.18,5.96,22.89,9.22
2021-06-04,1301.55,22817.7,2486.36,3.81,17.25,9.52
2021-06-05,1329.79,23289.3,2486.54,0.0,18.2,9.57
2021-06-06,1477.01,23849.1,2486.76,0.0,14.92,6.2
2021-06-07,1605.95,24486.4,2487.01,4.04,16.15,6.62
2021-06-08,1484.58,25050.8,2487.22,0.0,15.67,3.92
2021-06-09,1485.69,25615.9,2487.44,0.0,16.21,7.86
2021-06-10,1265.41,26048.9,2487.61,0.0,19.08,9.97
2021-06-11,1251.64,26473.5,2487.77,0.0,16.29,5.73
2021-06-12,1279.0,26914.6,2487.95,0.0,18.55,7.45
2021-06-13,1804.68,27671.1,2488.24,13.83,21.24,10.54
2021-06-14,1848.67,28454.0,2488.54,0.0,23.81,14.29
2021-06-15,1623.95,29102.0,2488.79,0.0,25.74,18.01
2021-06-16,1797.49,29854.2,2489.08,0.0,26.55,15.55
2021-06-17,1734.15,30568.4,2489.36,0.0,17.98,10.23
2021-06-18,2134.51,31522.8,2489.73,15.33,23.53,10.94
2021-06-19,1906.87,32340.6,2490.05,0.0,21.39,10.51
2021-06-20,1899.36,33153.9,2490.36,0.0,17.42,7.68
2021-06-21,1746.15,33875.2,2490.64,0.0,17.52,4.6
2021-06-22,1577.91,34495.7,2490.88,0.0,11.79,1.62
2021-06-23,1444.61,35036.1,2491.09,2.44,14.09,3.79
2021-06-24,1624.29,35684.4,2491.34,0.0,13.92,4.57
2021-06-25,1593.72,36314.3,2491.59,0.0,17.77,4.72
2021-06-26,1477.06,36874.2,2491.8,3.3,17.95,4.26
2021-06-27,1422.8,37401.5,2492.01,0.0,13.66,2.51
2021-06-28,1595.51,38032.5,2492.25,0.0,14.8,4.95
2021-06-29,1589.82,38660.1,2492.49,0.0,19.42,8.37
2021-06-30,1436.44,39195.7,2492.7,0.0,24.41,12.09
2021-07-01,1349.61,39679.1,2492.89,0.0,27.7,17.59
2021-07-02,1276.91,40118.9,2493.06,0.0,20.79,12.27
2021-07-03,1328.33,40589.6,2493.24,0.0,18.78,9.28
2021-07-04,1253.5,41015.4,2493.41,0.0,17.21,5.4
2021-07-05,1130.62,41367.4,2493.54,0.0,20.05,8.02
2021-07-06,1069.71,41683.0,2493.67,0.0,20.66,7.37
2021-07-07,1397.61,42195.2,2493.86,17.86,21.48,11.18
2021-07-08,1406.28,42712.6,2494.06,0.0,22.06,10.84
2021-07-09,1316.87,43176.4,2494.24,0.0,18.27,8.23
2021-07-10,1307.54,43634.7,2494.42,0.0,15.92,5.47
2021-07-11,1236.7,44050.4,2494.58,0.0,22.02,8.31
2021-07-12,1224.8,44458.9,2494.74,0.0,16.96,5.7
2021-07-13,1232.57,44872.1,2494.9,0.0,20.53,9.29
2021-07-14,1250.09,45295.9,2495.06,0.0,20.59,7.37
2021-07-15,1255.07,45722.6,2495.23,0.0,21.01,11.5
2021-07-16,1480.32,46284.5,2495.45,9.31,19.43,9.02
2021-07-17,1444.46,46824.8,2495.66,0.0,20.06,8.91
2021-07-18,1236.3,47240.3,2495.82,0.0,21.17,9.55
2021-07-19,1169.23,47615.5,2495.96,0.0,22.0,11.0
2021-07-20,990.16,47883.3,2496.07,0.0,20.67,7.57
2021-07-21,984.29,48147.5,2496.17,0.0,20.46,8.13
2021-07-22,990.73,48415.7,2496.27,0.0,22.62,11.39
2021-07-23,875.32,48614.5,2496.35,0.0,25.51,13.65
2021-07-24,959.42,48863.9,2496.45,6.96,19.91,8.1
2021-07-25,1032.48,49157.0,2496.56,17.43,21.77,9.73
2021-07-26,965.4,49410.0,2496.66,0.0,21.87,10.01
2021-07-27,968.39,49664.7,2496.76,0.0,21.04,9.71
2021-07-28,797.72,49817.0,2496.82,0.0,21.77,9.66
2021-07-29,835.26,49991.8,2496.88,0.0,20.48,10.19
2021-07-30,760.65,50121.9,2496.93,0.0,21.06,10.32
2021-07-31,751.76,50246.6,2496.98,0.0,20.21,10.39
2021-08-01,703.16,50342.2,2497.02,0.0,24.71,13.18
2021-08-02,678.38,50422.9,2497.05,0.0,25.13,12.83
2021-08-03,603.49,50458.7,2497.06,0.0,25.94,14.95
2021-08-04,517.9,50443.1,2497.06,0.0,23.42,13.23
2021-08-05,528.04,50433.6,2497.05,0.0,25.0,13.76
2021-08-06,485.57,50398.7,2497.04,0.0,22.68,13.66
2021-08-07,493.1,50368.2,2497.03,0.0,21.92,10.07
2021-08-08,528.1,50358.7,2497.03,0.0,17.54,8.78
2021-08-09,538.79,50355.7,2497.02,0.0,18.73,6.98
2021-08-10,562.5,50366.9,2497.03,0.0,16.88,4.59
2021-08-11,568.76,50381.8,2497.03,0.0,21.21,9.78
2021-08-12,576.23,50401.2,2497.04,0.0,16.11,5.44
2021-08-13,579.27,50422.5,2497.05,0.0,20.3,7.84
2021-08-14,471.73,50379.2,2497.03,0.0,17.94,8.56
2021-08-15,359.1,50268.3,2496.99,0.0,17.0,4.11
2021-08-16,359.14,50157.5,2496.95,0.0,18.18,6.84
2021-08-17,367.36,50051.6,2496.91,0.0,21.5,10.24
2021-08-18,321.08,49917.9,2496.86,0.0,19.95,10.56
2021-08-19,304.22,49774.1,2496.8,0.0,22.57,10.8
2021-08-20,289.62,49621.6,2496.74,0.0,21.9,8.99
2021-08-21,278.12,49462.2,2496.68,8.15,15.75,5.32
2021-08-22,258.8,49291.1,2496.61,0.0,13.79,2.63
2021-08-23,255.16,49117.9,2496.55,0.0,11.97,1.28
2021-08-24,278.71,48958.8,2496.48,0.0,13.25,3.09
2021-08-25,251.9,48783.6,2496.42,0.0,12.73,2.19
2021-08-26,266.23,48617.0,2496.35,0.0,19.34,7.12
2021-08-27,249.41,48440.4,2496.28,0.0,14.62,4.24
2021-08-28,295.63,48291.4,2496.23,0.0,17.69,7.3
2021-08-29,282.72,48134.7,2496.16,0.0,17.81,7.6
2021-08-30,265.57,47967.8,2496.1,0.0,15.91,6.17
2021-08-31,241.61,47786.4,2496.03,0.0,22.21,9.92
2021-09-01,262.71,47617.7,2495.96,0.0,13.38,3.68
2021-09-02,269.94,47453.4,2495.9,0.0,12.91,6.22
2021-09-03,269.82,47288.9,2495.84,0.0,16.79,6.53
2021-09-04,261.69,47119.6,2495.77,0.0,17.22,6.35
2021-09-05,260.97,46949.9,2495.71,0.0,16.07,5.52
2021-09-06,267.76,46784.2,2495.64,0.0,13.03,4.75
2021-09-07,251.17,46608.6,2495.57,0.0,9.07,-1.82
2021-09-08,270.2,46444.4,2495.51,0.0,9.52,-1.24
2021-09-09,268.89,46279.4,2495.45,0.0,14.71,4.59
2021-09-10,260.51,46109.4,2495.38,0.0,16.5,5.13
2021-09-11,263.12,45941.0,2495.31,0.0,15.96,6.23
2021-09-12,281.82,45783.8,2495.25,0.0,18.23,4.04
2021-09-13,294.71,45634.3,2495.2,0.0,16.9,3.41
2021-09-14,265.12,45467.0,2495.13,0.0,12.81,2.42
2021-09-15,275.83,45306.2,2495.07,0.0,11.43,0.03
2021-09-16,264.19,45138.4,2495.0,0.0,13.38,4.42
2021-09-17,255.43,44965.3,2494.94,0.0,11.07,-1.64
2021-09-18,248.84,44788.3,2494.87,0.0,7.83,-3.09
2021-09-19,280.48,44630.3,2494.81,3.21,8.19,-3.3
2021-09-20,267.01,44464.2,2494.74,0.0,9.69,0.56
2021-09-21,250.1,44287.9,2494.67,0.0,12.3,0.41
2021-09-22,260.45,44117.9,2494.61,0.0,14.35,2.87
2021-09-23,267.33,43951.9,2494.54,0.0,11.68,-0.29
2021-09-24,286.63,43797.6,2494.48,0.0,13.08,4.37
2021-09-25,291.51,43646.2,2494.43,0.0,10.21,0.89
2021-09-26,468.63,43601.1,2494.41,27.99,9.1,-3.53
2021-09-27,414.92,43523.7,2494.38,0.0,11.03,-0.79
2021-09-28,365.24,43416.5,2494.34,0.0,8.61,-2.34
2021-09-29,393.02,43326.0,2494.3,0.0,9.84,-2.68
2021-09-30,365.51,43219.0,2494.26,0.0,8.67,-2.62
2021-10-01,317.65,43083.3,2494.21,0.0,2.85,-7.98
2021-10-02,276.32,42922.7,2494.15,0.0,6.44,-6.07
2021-10-03,255.1,42749.5,2494.08,0.0,8.38,-3.51
2021-10-04,224.66,42558.0,2494.0,0.0,7.61,-3.97
2021-10-05,198.11,42350.5,2493.92,0.0,13.93,-0.48
2021-10-06,179.04,42131.6,2493.84,0.0,11.97,-0.11
2021-10-07,183.58,41915.4,2493.76,0.0,5.31,-3.63
2021-10-08,187.47,41701.6,2493.67,0.0,5.74,-4.95
2021-10-09,208.83,41500.6,2493.59,8.31,8.64,-3.66
2021-10-10,237.34,41316.7,2493.52,0.0,9.16,-2.53
2021-10-11,237.73,41133.0,2493.45,0.0,7.81,-3.23
2021-10-12,231.18,40945.4,2493.38,0.0,5.45,-3.73
2021-10-13,201.94,40740.2,2493.3,0.0,8.91,-3.32
2021-10-14,202.74,40535.5,2493.22,0.0,8.05,-0.74
2021-10-15,227.57,40345.8,2493.15,0.0,6.97,-3.58
2021-10-16,260.54,40175.8,2493.08,0.0,6.77,-3.99
2021-10-17,259.67,40005.3,2493.02,0.0,8.9,-3.08
2021-10-18,276.53,39844.9,2492.95,0.0,6.57,-3.79
2021-10-19,287.15,39690.8,2492.89,0.26,8.19,-1.55
2021-10-20,287.4,39536.9,2492.83,0.0,10.83,1.6
2021-10-21,244.6,39357.4,2492.76,0.0,8.26,-4.25
2021-10-22,229.56,39168.8,2492.69,0.0,4.71,-8.83
2021-10-23,262.93,39000.2,2492.63,0.0,-1.84,-13.14
2021-10-24,244.36,38820.5,2492.56,0.0,6.3,-4.39
2021-10-25,275.87,38659.7,2492.49,0.0,3.84,-5.12
2021-10-26,329.7,38531.2,2492.44,0.0,6.24,-5.71
2021-10-27,382.26,38434.3,2492.41,5.12,8.41,-1.91
2021-10-28,402.51,38349.5,2492.37,0.0,6.51,-6.26
2021-10-29,426.29,38278.9,2492.35,0.0,5.65,-5.23
2021-10-30,419.22,38204.1,2492.32,0.0,5.57,-5.62
2021-10-31,361.22,38094.6,2492.28,0.0,5.69,-4.33
2021-11-01,311.63,37955.2,2492.22,0.0,2.45,-8.79
2021-11-02,335.2,37830.0,2492.17,0.0,-3.26,-12.7
2021-11-03,316.19,37693.4,2492.12,0.0,-1.9,-13.42
2021-11-04,305.94,37550.7,2492.07,0.0,-0.31,-10.66
2021-11-05,276.85,37390.4,2492.0,0.0,0.12,-10.38
2021-11-06,338.09,37267.0,2491.96,2.1,0.14,-10.97
2021-11-07,352.42,37152.1,2491.91,0.0,10.34,-0.71
2021-11-08,356.03,37039.4,2491.87,0.0,10.17,3.18
2021-11-09,415.29,36962.3,2491.84,6.19,7.41,-0.24
2021-11-10,370.44,36858.2,2491.8,0.0,7.6,-2.02
2021-11-11,361.91,36749.0,2491.75,0.0,9.53,-3.05
2021-11-12,381.53,36651.6,2491.72,0.13,0.44,-8.69
2021-11-13,329.6,36523.1,2491.67,0.0,-1.54,-13.72
2021-11-14,341.19,36401.5,2491.62,0.0,-3.69,-13.0
2021-11-15,319.83,36267.1,2491.57,0.0,-7.82,-20.75
2021-11-16,308.68,36125.9,2491.51,0.0,-1.18,-14.59
2021-11-17,316.18,35989.3,2491.46,0.0,-7.03,-15.35
2021-11-18,317.27,35853.4,2491.41,0.0,-0.51,-12.1
2021-11-19,342.04,35732.3,2491.36,0.0,2.54,-6.95
2021-11-20,364.49,35624.7,2491.32,0.0,1.36,-10.22
2021-11-21,358.58,35513.5,2491.28,0.0,6.59,-6.17
2021-11-22,370.22,35409.3,2491.24,0.0,-1.05,-10.32
2021-11-23,410.29,35329.2,2491.2,0.0,-1.45,-12.34
2021-11-24,448.21,35271.8,2491.18,8.46,-1.5,-12.53
2021-11-25,398.86,35184.8,2491.15,0.0,0.95,-10.05
2021-11-26,374.45,35083.1,2491.11,0.0,-2.58,-10.52
2021-11-27,375.27,34982.0,2491.07,0.0,-0.83,-11.4
2021-11-28,366.71,34875.7,2491.03,0.0,-2.8,-11.11
2021-11-29,312.02,34736.6,2490.98,0.0,-1.17,-11.86
2021-11-30,359.55,34626.0,2490.93,3.57,-5.15,-18.27
2021-12-01,364.97,34518.6,2490.89,0.0,-4.4,-13.62
2021-12-02,362.45,34409.8,2490.85,0.99,-1.21,-14.84
2021-12-03,371.56,34306.4,2490.81,0.0,-1.61,-15.43
2021-12-04,359.13,34195.6,2490.77,0.0,-3.09,-12.63
2021-12-05,313.21,34057.2,2490.71,0.0,-1.5,-10.5
2021-12-06,301.35,33911.7,2490.66,0.0,1.69,-11.53
2021-12-07,321.29,33778.1,2490.6,0.0,-2.89,-15.72
2021-12-08,307.92,33636.6,2490.55,0.0,-2.9,-14.89
2021-12-09,330.33,33508.4,2490.5,0.0,-6.79,-15.88
2021-12-10,326.42,33378.0,2490.45,0.0,-2.97,-13.1
2021-12-11,345.93,33259.2,2490.4,0.0,3.78,-6.92
2021-12-12,373.32,33156.9,2490.36,0.0,2.0,-9.61
2021-12-13,349.45,33040.2,2490.32,0.0,-0.71,-10.2
2021-12-14,365.4,32933.2,2490.28,0.0,-0.2,-10.92
2021-12-15,366.39,32826.7,2490.24,9.28,-0.85,-9.41
2021-12-16,399.73,32740.2,2490.2,0.0,1.61,-9.04
2021-12-17,357.39,32628.3,2490.16,0.0,-3.73,-13.09
2021-12-18,355.73,32515.4,2490.11,0.0,-8.45,-21.26
2021-12-19,417.52,32439.6,2490.09,0.0,-6.45,-17.98
2021-12-20,399.3,32352.9,2490.05,0.0,-6.4,-16.05
2021-12-21,390.06,32260.6,2490.02,0.0,-6.3,-14.72
2021-12-22,396.75,32172.3,2489.98,0.0,-2.31,-18.31
2021-12-23,299.06,32025.4,2489.93,0.0,-7.07,-17.1
2021-12-24,290.96,31873.7,2489.87,0.0,-4.78,-16.08
2021-12-25,336.06,31749.0,2489.82,0.0,-2.57,-13.5
2021-12-26,312.46,31610.2,2489.76,0.0,-3.15,-15.08
2021-12-27,292.22,31459.2,2489.71,0.0,-1.39,-11.22
2021-12-28,293.22,31308.8,2489.65,0.0,-3.44,-11.36
2021-12-29,294.81,31159.4,2489.59,0.0,-1.94,-12.15
2021-12-30,290.67,31007.5,2489.53,0.0,-4.35,-13.67
2021-12-31,340.15,30885.2,2489.48,5.12,-1.49,-12.87
